Date,Rolling_21D,EWMA_94,GARCH_WalkForward
2005-01-04,,0.19517189141013871,
2005-01-05,,0.19517189141013871,
2005-01-06,,0.19113237828907137,
2005-01-07,,0.1863560694429872,
2005-01-10,,0.18076496643819073,
2005-01-11,,0.1762154539035986,
2005-01-12,,0.17295033480205174,
2005-01-13,,0.16817041312136394,
2005-01-14,,0.16602067191413178,
2005-01-17,,0.16225604908531052,
2005-01-18,,0.157313076178963,
2005-01-19,,0.1577398256907587,
2005-01-20,,0.15830916611590767,
2005-01-21,,0.1553136079553398,
2005-01-24,,0.15246711542112504,
2005-01-25,,0.14802091509232293,
2005-01-26,,0.14393198693989892,
2005-01-27,,0.14003077637843803,
2005-01-28,,0.13592654777815089,
2005-01-31,,0.13178567755045606,
2005-02-01,0.09969010139345336,0.13002373679957907,
2005-02-02,0.09067245207013903,0.12844094532855407,
2005-02-03,0.08759143489281772,0.12508163283051135,
2005-02-04,0.0932589384177184,0.12169266464704658,
2005-02-07,0.09323077850011366,0.1250025176215075,
2005-02-08,0.09208352491348662,0.12130500780741206,
2005-02-09,0.09271123714344284,0.11769674020694479,
2005-02-10,0.09283400185486457,0.11779280344328301,
2005-02-11,0.09146525886484706,0.11505808372624485,
2005-02-14,0.09051725903331367,0.11641858749973197,
2005-02-15,0.09093058179226952,0.11290921813842074,
2005-02-16,0.08455103415053938,0.11042201359621995,
2005-02-17,0.08087054487936118,0.10708884402087926,
2005-02-18,0.0768663970137025,0.10851877217253032,
2005-02-21,0.0723223292980066,0.10533984385503492,
2005-02-22,0.09155592455968291,0.10213076784788681,
2005-02-23,0.09393007165323572,0.11488040697544165,
2005-02-24,0.09568655848149232,0.11478959427211971,
2005-02-25,0.10026865699515988,0.11420619757840378,
2005-02-28,0.10413354170967765,0.11716190178616226,
2005-03-01,0.1034843963359577,0.11646424633288584,
2005-03-02,0.10193022350686043,0.11455295986474905,
2005-03-03,0.10164482747012146,0.11107989226933178,
2005-03-04,0.10840212128926599,0.1077078760694587,
2005-03-07,0.10320285775299283,0.11498714369032621,
2005-03-08,0.1042292883722113,0.11150041548411212,
2005-03-09,0.11227735240602417,0.1090846071700655,
2005-03-10,0.1087505687043461,0.11434680532920617,
2005-03-11,0.11146403691452583,0.1112017570867321,
2005-03-14,0.10953447003974151,0.11123109720090506,
2005-03-15,0.11335789061480207,0.11051317075384236,
2005-03-16,0.11591173932101535,0.11188911329306986,
2005-03-17,0.11622019233426611,0.11343367317178933,
2005-03-18,0.11343399371456057,0.11025604098002197,
2005-03-21,0.11376267174690276,0.10752058993243306,
2005-03-22,0.11834759211953835,0.10524330706231703,
2005-03-23,0.1073414537275386,0.1094919960614123,
2005-03-24,0.10395946485101742,0.10620847207277148,
2005-03-25,0.1005511571846529,0.10307786292436877,
2005-03-28,0.09299981428220302,0.09993769596879679,
2005-03-29,0.09304276598165888,0.09705713520015469,
2005-03-30,0.10546326932954299,0.09761042037367094,
2005-03-31,0.10548284325585514,0.10929326812933199,
2005-04-01,0.10597279918541988,0.10621112008457974,
2005-04-04,0.09439597406549735,0.10445346541664939,
2005-04-05,0.09683898340610396,0.10148730573598207,
2005-04-06,0.09806576365026522,0.10011350212946603,
2005-04-07,0.09370138677876634,0.0979935817270711,
2005-04-08,0.09918789750936191,0.09728545933923194,
2005-04-11,0.09696473799704003,0.1027083070303975,
2005-04-12,0.09607531082009528,0.0996235728097642,
2005-04-13,0.10030097526971068,0.09864432457819378,
2005-04-14,0.1057977823544142,0.10618491044917357,
2005-04-15,0.11407510702421111,0.11491392739376259,
2005-04-18,0.11529439278609359,0.12415884395945098,
2005-04-19,0.11962890840657914,0.12096366344623256,
2005-04-20,0.12397095453985249,0.12125106408890561,
2005-04-21,0.14286627000754082,0.1296292977870938,
2005-04-22,0.1432088431858299,0.1462493219306293,
2005-04-25,0.14536335747202742,0.14256175489827788,
2005-04-26,0.14878121262176733,0.14054918979637437,
2005-04-27,0.14808697217612837,0.14145516284161688,
2005-04-28,0.1441361306268815,0.13798105778372888,
2005-04-29,0.15333328695996765,0.1424903969469591,
2005-05-02,0.1543333512517666,0.14776128326931423,
2005-05-03,0.15433603270128626,0.14490525009536315,
2005-05-04,0.15590455166026623,0.14064940671295012,
2005-05-05,0.15530975400471253,0.13960398206259347,
2005-05-06,0.15407457349648976,0.13535757336705098,
2005-05-09,0.1518090490241475,0.1318062551541953,
2005-05-10,0.15591146226600475,0.13005624599991414,
2005-05-11,0.15606489588729747,0.13243050669929118,
2005-05-12,0.15535940972654305,0.1301481657734194,
2005-05-13,0.148641943820665,0.13331600929161375,
2005-05-16,0.14270154539997523,0.1294849934751338,
2005-05-17,0.14386488209237833,0.13063359013365494,
2005-05-18,0.14543417756284252,0.12927134462842263,
2005-05-19,0.1343679886221953,0.1315043680749982,
2005-05-20,0.11971299157693312,0.12853999766593668,
2005-05-23,0.11910359172186243,0.12474741034158353,
2005-05-24,0.11852305430531558,0.12284019746487994,
2005-05-25,0.1118702855558384,0.11944504346860789,
2005-05-26,0.11233827851059741,0.11584333409355237,
2005-05-27,0.09943130576135094,0.11422117200390591,
2005-05-30,0.09122820314495102,0.11093057140964949,
2005-05-31,0.09439760761181033,0.10755117931884829,
2005-06-01,0.09769315788071449,0.1072244663566187,
2005-06-02,0.09517162861657921,0.10908584499032377,
2005-06-03,0.09757591460398646,0.10609432564904846,
2005-06-06,0.09665582451457957,0.10473027721254535,
2005-06-07,0.09491021081999244,0.10160221506572524,
2005-06-08,0.08626296566126176,0.09855009963718807,
2005-06-09,0.08585720826057931,0.0958134326932146,
2005-06-10,0.07460312057549057,0.09470744411589584,
2005-06-13,0.07350867057938379,0.0922670194951214,
2005-06-14,0.0685490407768528,0.09029427100594348,
2005-06-15,0.06608858380897216,0.0880071388169088,
2005-06-16,0.05800871064274392,0.08564556694824542,
2005-06-17,0.05768888001380952,0.08362968915728063,
2005-06-20,0.057071847981205195,0.08234742058497363,
2005-06-21,0.05475939733479525,0.07984904626277087,
2005-06-22,0.053513239888905426,0.07744901202490757,
2005-06-23,0.07495516586129966,0.07515773681069479,
2005-06-24,0.07722933943045206,0.09134504301584977,
2005-06-27,0.07716023363482301,0.09308246684896918,
2005-06-28,0.08272639061245746,0.09041740454266485,
2005-06-29,0.07994062582678375,0.09349281411678766,
2005-06-30,0.07650210753273215,0.09123587527844058,
2005-07-01,0.07686675743219124,0.09094958756096802,
2005-07-04,0.07488454123312283,0.08891298634201901,
2005-07-05,0.079799079738503,0.08620433859058774,
2005-07-06,0.08537361367179866,0.08917822430855432,
2005-07-07,0.0861988767696522,0.09244967293222499,
2005-07-08,0.09333380580042758,0.09092383333357533,
2005-07-11,0.09401864330211913,0.09859715685646307,
2005-07-12,0.09387309006140163,0.09762677120248023,
2005-07-13,0.09374485910004786,0.09519958679331424,
2005-07-14,0.09429833500173496,0.09245752849047445,
2005-07-15,0.09422888926830794,0.09092298659625446,
2005-07-18,0.09496661694093608,0.08818089482895478,
2005-07-19,0.09657773110464604,0.08689615228978086,
2005-07-20,0.09705459656981107,0.08688408866347566,
2005-07-21,0.09972127913180896,0.08527353005799627,
2005-07-22,0.08648212193272754,0.08574777698223006,
2005-07-25,0.08197307467214085,0.08707506758055208,
2005-07-26,0.08198368702400888,0.085140201896099,
2005-07-27,0.07867990535872751,0.08268211239289303,
2005-07-28,0.07892777382421585,0.08140383856075974,
2005-07-29,0.08048049720809064,0.08261748047470781,
2005-08-01,0.08082269763246924,0.08421340178516194,
2005-08-02,0.08195667680099357,0.08169692084306894,
2005-08-03,0.07897991363790006,0.08253624761023927,
2005-08-04,0.07839882672955073,0.08068246852955453,
2005-08-05,0.08316963825231963,0.08425573313204979,
2005-08-08,0.07492892248435006,0.08587701314440169,
2005-08-09,0.07569940561671806,0.08357909675598037,
2005-08-10,0.07539982126418006,0.08434156644127311,
2005-08-11,0.07634127784238293,0.08179405121154426,
2005-08-12,0.07866550056101522,0.08078725668696726,
2005-08-15,0.08139287230258109,0.08190309881378802,
2005-08-16,0.09283824528235578,0.08293830322871695,
2005-08-17,0.09064862717452304,0.09516362606750747,
2005-08-18,0.08964126002394528,0.09226510425468695,
2005-08-19,0.08792063930936958,0.0894549003250504,
2005-08-22,0.08442950263010465,0.08718508447118584,
2005-08-23,0.08414797530697925,0.08452907557162176,
2005-08-24,0.08897413287788115,0.08227928548373237,
2005-08-25,0.08896405976457097,0.08704404616490058,
2005-08-26,0.08730687145273215,0.08556142502923,
2005-08-29,0.09062225569048368,0.08712549544355658,
2005-08-30,0.09193771673199361,0.08958393762925249,
2005-08-31,0.10066663287680948,0.08924221356002499,
2005-09-01,0.09992846946324946,0.09935609317464196,
2005-09-02,0.09654899881322428,0.09637168327951245,
2005-09-05,0.09383725794025302,0.09369685190410465,
2005-09-06,0.10215619121015115,0.09084246833576978,
2005-09-07,0.10024553745101443,0.09900174245841231,
2005-09-08,0.10096556221578314,0.09621213445156485,
2005-09-09,0.1047101410246236,0.0941670392435733,
2005-09-12,0.1024493538027943,0.09759276495028972,
2005-09-13,0.10233569661384999,0.09494158329221203,
2005-09-14,0.09188472399011667,0.09455781722103282,
2005-09-15,0.09192159168597185,0.09276667313212733,
2005-09-16,0.09478762057212789,0.08996058260802513,
2005-09-19,0.09560141631072314,0.09146848453097983,
2005-09-20,0.10048913842653782,0.0896200302465515,
2005-09-21,0.10553051989587629,0.09294198142171874,
2005-09-22,0.10144572310702556,0.09721861939192836,
2005-09-23,0.10074247470357052,0.09526230079822562,
2005-09-26,0.0975054021090922,0.09241574851537224,
2005-09-27,0.09398695452978048,0.08971229394447669,
2005-09-28,0.09191686021563149,0.08698459378416745,
2005-09-29,0.08559539280015585,0.08442195829480482,
2005-09-30,0.0860756004004822,0.08770660197309604,
2005-10-03,0.08687227246832893,0.08588103834965401,
2005-10-04,0.09580561013402153,0.08442196009618765,
2005-10-05,0.09576841631049991,0.09293457960135462,
2005-10-06,0.09537395118840289,0.10370459916968833,
2005-10-07,0.09673898318878417,0.10151544032397247,
2005-10-10,0.09227819489798116,0.09932433676811837,
2005-10-11,0.09231053507239895,0.10178710267476135,
2005-10-12,0.09373976504742808,0.09884377766153599,
2005-10-13,0.09375515895760628,0.1006167202668481,
2005-10-14,0.10335672876846913,0.09757905578594035,
2005-10-17,0.10041118893393013,0.10304742853007544,
2005-10-18,0.10523482931745472,0.10093921039250905,
2005-10-19,0.1205601905604356,0.10663216626019272,
2005-10-20,0.13104906639166813,0.1216725412261119,
2005-10-21,0.13121847241472806,0.1367181481386059,
2005-10-24,0.14327728641522994,0.13341857786351669,
2005-10-25,0.14321250184872383,0.14249760664136457,
2005-10-26,0.14339848097316027,0.13837595413131942,
2005-10-27,0.14716257624965834,0.1346424732354112,
2005-10-28,0.1536267694980382,0.1370065433373461,
2005-10-31,0.1535129956848375,0.14398953285943927,
2005-11-01,0.15388370372122526,0.14001225226537628,
2005-11-02,0.15361922118132307,0.13624445818974523,
2005-11-03,0.146138903127961,0.13814956081809257,
2005-11-04,0.14543620326281165,0.13496227966253926,
2005-11-07,0.1451986174465752,0.13094985876567333,
2005-11-08,0.14111343303912582,0.1270180627072136,
2005-11-09,0.14072987622241195,0.12314858082276071,
2005-11-10,0.13788543515794152,0.11950527541091761,
2005-11-11,0.13751862347493773,0.1197024684997092,
2005-11-14,0.1347182704365277,0.11680608678824643,
2005-11-15,0.13592875442393734,0.11326908980990283,
2005-11-16,0.12808501683341333,0.11072905675306381,
2005-11-17,0.12014484265177174,0.1076446084465952,
2005-11-18,0.09659658223792907,0.1104139455479984,
2005-11-21,0.09681672372567032,0.10813192460686633,
2005-11-22,0.08594329275400635,0.10664100403941874,
2005-11-23,0.08507659356009886,0.10472620882217276,
2005-11-24,0.0831668199431747,0.10397943949686604,
2005-11-25,0.06742973047849792,0.10081180688687948,
2005-11-28,0.06500784054916624,0.09778854758600865,
2005-11-29,0.066177655446969,0.09875187152040156,
2005-11-30,0.07128029859386165,0.09584074023250719,
2005-12-01,0.0709111872685692,0.0952704892850088,
2005-12-02,0.07040869491504667,0.10045456056071614,
2005-12-05,0.07091375747585071,0.09751780346980587,
2005-12-06,0.07086589146008741,0.0949092167614952,
2005-12-07,0.07544440640543412,0.092312255196922,
2005-12-08,0.07579842104471597,0.09234777265210824,
2005-12-09,0.07239466839003315,0.08956847629221197,
2005-12-12,0.071927540738921,0.08743321342322832,
2005-12-13,0.07434003959632031,0.08485008403770745,
2005-12-14,0.07250183009956666,0.08638322417005116,
2005-12-15,0.07423803923953835,0.08512740202427799,
2005-12-16,0.07027076057050975,0.08330018895477244,
2005-12-19,0.07236499049143043,0.08172939830082687,
2005-12-20,0.07048994336132025,0.0817381633757314,
2005-12-21,0.06916507739687305,0.07933488057077163,
2005-12-22,0.0686364785517302,0.07716546156257803,
2005-12-23,0.06865057275326668,0.07752284841969014,
2005-12-26,0.06861277013517524,0.07519189148448091,
2005-12-27,0.07343823975516368,0.07290124355807051,
2005-12-28,0.07373311759984238,0.08110310064813164,
2005-12-29,0.07290836880778341,0.07910859754337307,
2005-12-30,0.06565153207485694,0.0786374959197795,
2006-01-02,0.0653516250458761,0.07912882669051167,
2006-01-03,0.09015269114891154,0.07671824385771621,
2006-01-04,0.09131023209020335,0.10064388216538747,
2006-01-05,0.08840416991767686,0.09929216767061154,
2006-01-06,0.0919858207060975,0.09629831626761715,
2006-01-09,0.09197616566820695,0.09876937670387331,
2006-01-10,0.09197466563182548,0.09627876998936731,
2006-01-11,0.09003138052139671,0.09342819166084901,
2006-01-12,0.09093294209712077,0.09141963540041818,
2006-01-13,0.09022678584743633,0.08995669371004077,
2006-01-16,0.0891392698122281,0.08729155200712836,
2006-01-17,0.08744925777757821,0.0846322996775132,
2006-01-18,0.08912518459681573,0.08273452919281676,
2006-01-19,0.08972654378239986,0.08169511304329662,
2006-01-20,0.1102213103656794,0.0805917089492594,
2006-01-23,0.11099650970678578,0.10595878990124366,
2006-01-24,0.11106855242315045,0.10366214482081261,
2006-01-25,0.10476444406963639,0.10058365544308602,
2006-01-26,0.10607563390085935,0.09757794829441668,
2006-01-27,0.10840430112753106,0.09700206056239677,
2006-01-30,0.10594483732047723,0.10065247237420515,
2006-01-31,0.11020774627335836,0.09763307084985423,
2006-02-01,0.09569440152449489,0.09887439500592748,
2006-02-02,0.10340448193835383,0.09960516832147373,
2006-02-03,0.10468807039757155,0.10670620596405482,
2006-02-06,0.10050422210806148,0.10524998119749487,
2006-02-07,0.10361514768469986,0.10254706269759982,
2006-02-08,0.10938331841898592,0.10525616868487374,
2006-02-09,0.10841958430106409,0.10793929749460061,
2006-02-10,0.10833636868408214,0.10484992910248134,
2006-02-13,0.10839289045979825,0.10190130947341001,
2006-02-14,0.1153627864315988,0.09904960352076114,
2006-02-15,0.11576650021926671,0.10441953732924132,
2006-02-16,0.11763813547692029,0.10215771771345121,
2006-02-17,0.11748708901781614,0.10320663879611805,
2006-02-20,0.09615496271683469,0.10061734277785832,
2006-02-21,0.09645477608077724,0.09755213317819561,
2006-02-22,0.09817661777481075,0.09507362570918382,
2006-02-23,0.0985536154707957,0.0951338955769203,
2006-02-24,0.0973355238177796,0.09241287804379945,
2006-02-27,0.09234079972287829,0.09014612188110625,
2006-02-28,0.09847001373587237,0.08741280221287544,
2006-03-01,0.09938736773055053,0.09252253523929131,
2006-03-02,0.09675460030408123,0.09607897318680977,
2006-03-03,0.08845231800018712,0.09315250552280206,
2006-03-06,0.08815119177254288,0.09210607417822522,
2006-03-07,0.08820362815381291,0.09106801798775864,
2006-03-08,0.0814027791914018,0.08850241065529257,
2006-03-09,0.0801796172413591,0.08619679991435777,
2006-03-10,0.08582703665104839,0.08757079113884944,
2006-03-13,0.08583410423705055,0.09251982298287949,
2006-03-14,0.09139600579136778,0.08999397107836567,
2006-03-15,0.08598800274538498,0.09620817271606716,
2006-03-16,0.08562188520379221,0.09486530023444541,
2006-03-17,0.08237617651807642,0.09232447930103974,
2006-03-20,0.08188284384655341,0.08957073063178586,
2006-03-21,0.0854728565414559,0.08706720658934042,
2006-03-22,0.08686837937993516,0.08790511992277295,
2006-03-23,0.0853241303007933,0.0884424006781445,
2006-03-24,0.08502536194495783,0.08612609178368444,
2006-03-27,0.08500273632789836,0.0835557897029657,
2006-03-28,0.08801105975608095,0.0812091702920022,
2006-03-29,0.08306596917920307,0.08231128292999404,
2006-03-30,0.07818575154448976,0.08342072568820455,
2006-03-31,0.07817196393590473,0.08117174951902459,
2006-04-03,0.07616852622274414,0.07870405427577105,
2006-04-04,0.07632259874289923,0.07636522358928029,
2006-04-05,0.07611730847390186,0.0780813391634359,
2006-04-06,0.07649110572750788,0.07687634774557373,
2006-04-07,0.08178765912814642,0.07465038267266946,
2006-04-10,0.07584722233174962,0.08255784064719589,
2006-04-11,0.08196468796152238,0.0802671698595227,
2006-04-12,0.07331066151750909,0.08457246447862098,
2006-04-13,0.07131279874069313,0.08231590549862142,
2006-04-14,0.07071098574334113,0.07997317336867868,
2006-04-17,0.07051148975392457,0.07753686833460151,
2006-04-18,0.09050845410866355,0.07518997000563436,
2006-04-19,0.08760225013475702,0.09516479652398198,
2006-04-20,0.08531263343604191,0.09256446912133533,
2006-04-21,0.08488880426163789,0.08990329144795504,
2006-04-24,0.08521565824371566,0.08716648734654654,
2006-04-25,0.08638900373805307,0.08481053026397285,
2006-04-26,0.08329799615730296,0.08378327846470092,
2006-04-27,0.0821804659402128,0.08123584436533188,
2006-04-28,0.08241921733667841,0.08096009896624241,
2006-05-01,0.08786525948270653,0.0795688993417228,
2006-05-02,0.09129541545807313,0.08343345918197909,
2006-05-03,0.08994646306697043,0.08597153983053968,
2006-05-04,0.09001428947856663,0.0846095659827839,
2006-05-05,0.09472211417034283,0.0832076470501244,
2006-05-08,0.08655654234849396,0.08761829834744692,
2006-05-09,0.0866003333694831,0.08507891984187807,
2006-05-10,0.07962968728410137,0.08283918888304315,
2006-05-11,0.09241673978008247,0.08034181318878683,
2006-05-12,0.10410670620182846,0.09108967376715082,
2006-05-15,0.10429178322255066,0.10203932169412867,
2006-05-16,0.10444752057080187,0.09923904816504571,
2006-05-17,0.10916957960430598,0.09638517206545964,
2006-05-18,0.1091566048824274,0.11962668850619296,
2006-05-19,0.11289150299409602,0.11763831943762951,
2006-05-22,0.1146925651770414,0.11728175818551839,
2006-05-23,0.11642758186348248,0.11754610693501727,
2006-05-24,0.12124673800632318,0.1177741596014094,
2006-05-25,0.1303437119058943,0.11830439375355041,
2006-05-26,0.1304905128008037,0.12425584167069086,
2006-05-29,0.12960405857404136,0.12207675088105306,
2006-05-30,0.1402371475069613,0.11835780126098241,
2006-05-31,0.1437226436407959,0.1342504851566743,
2006-06-01,0.14830023537968276,0.13715409969191886,
2006-06-02,0.14783557641174436,0.1380345425355466,
2006-06-05,0.1508506410831095,0.13407732389442112,
2006-06-06,0.1508315335511744,0.14197604573385444,
2006-06-07,0.15123734039220124,0.13797793600222416,
2006-06-08,0.15118547193647794,0.1369326055116945,
2006-06-09,0.14712149223578427,0.13280459110277448,
2006-06-12,0.14519416614851066,0.12935345604656592,
2006-06-13,0.14817590499315,0.13239231438384108,
2006-06-14,0.15244008170647547,0.1361597494435201,
2006-06-15,0.15934453548158434,0.1353836676272137,
2006-06-16,0.16038582020965655,0.15457189093571694,
2006-06-19,0.16002885395183075,0.15253756192841028,
2006-06-20,0.15888866635318777,0.15104202389548246,
2006-06-21,0.1589861542728466,0.1470328492949873,
2006-06-22,0.15709383676188513,0.14541866784634844,
2006-06-23,0.1501501010914009,0.14202753093279422,
2006-06-26,0.149826141588457,0.137702213100014,
2006-06-27,0.1520491191105534,0.13460412445314382,
2006-06-28,0.1421324298151612,0.1347961461454834,
2006-06-29,0.15396028146378746,0.13330417839798586,
2006-06-30,0.1501215914576528,0.15083550356305633,
2006-07-03,0.1506809000518603,0.14624076168287806,
2006-07-04,0.1412319834348948,0.142669409762517,
2006-07-05,0.14253678388179492,0.13832312479504605,
2006-07-06,0.13987415006928616,0.13594633016939248,
2006-07-07,0.1420864092614221,0.13228882200102704,
2006-07-10,0.14149878420589074,0.13075102545699338,
2006-07-11,0.13537583230318617,0.12698139848581502,
2006-07-12,0.1342447462164056,0.12429903246319592,
2006-07-13,0.14577911980693836,0.1275327843651274,
2006-07-14,0.12557590456363446,0.13911826424492615,
2006-07-17,0.12335685186646031,0.13572087077506584,
2006-07-18,0.12174708160667308,0.1317082912943981,
2006-07-19,0.13028729683630186,0.12922338241019057,
2006-07-20,0.13030114116790872,0.1362622880865663,
2006-07-21,0.13173887774812082,0.13478154786169644,
2006-07-24,0.14614728534930388,0.13353974760860812,
2006-07-25,0.14590247416398208,0.14730730091534097,
2006-07-26,0.1419202500574081,0.14348856504101778,
2006-07-27,0.140560265686127,0.13921511457488625,
2006-07-28,0.12687816054781087,0.1350242563599664,
2006-07-31,0.12695511320297753,0.13653410453338494,
2006-08-01,0.12733866955814915,0.1324337316520324,
2006-08-02,0.1296017693693813,0.12982802355861017,
2006-08-03,0.12809214441234984,0.12857032259463544,
2006-08-04,0.12799970363996893,0.12507900338618885,
2006-08-07,0.1259948744767801,0.12145172253628905,
2006-08-08,0.1267485668775019,0.11810368703282868,
2006-08-09,0.1263703403299824,0.11547442496288055,
2006-08-10,0.12074165187951279,0.11272570677955597,
2006-08-11,0.10493727116144447,0.10994020449887332,
2006-08-14,0.10335715899384475,0.10715768579184125,
2006-08-15,0.10895291076928941,0.10393828400409313,
2006-08-16,0.11064163163928961,0.11086717280478743,
2006-08-17,0.1022950862093112,0.11221265518244893,
2006-08-18,0.0980920152678252,0.10924205050457024,
2006-08-21,0.09521556837020942,0.10772816530764527,
2006-08-22,0.07625112152324579,0.10577246687867137,
2006-08-23,0.07719501615026388,0.10255065199840922,
2006-08-24,0.0774990236803515,0.1000085207619638,
2006-08-25,0.07715950545424363,0.09701787933735197,
2006-08-28,0.0715621641797243,0.09418453856552299,
2006-08-29,0.07122267115359097,0.09317556306256579,
2006-08-30,0.06790193527836728,0.09044762924160817,
2006-08-31,0.06504738021917439,0.08772456425552827,
2006-09-01,0.06711320682742732,0.0850542145623966,
2006-09-04,0.06646702771661968,0.08565042228326082,
2006-09-05,0.06524641580944271,0.08304116537635324,
2006-09-06,0.07223308746842895,0.08084977686638078,
2006-09-07,0.07331893021333939,0.08560590263946842,
2006-09-08,0.07324718570165296,0.0849100912806958,
2006-09-11,0.07186228240569295,0.08306282462291055,
2006-09-12,0.07762318523304595,0.0806257079629076,
2006-09-13,0.06888639996540769,0.08690760515555238,
2006-09-14,0.06412042287387358,0.08569538839761505,
2006-09-15,0.06406142061847209,0.08308528139146465,
2006-09-18,0.06229756606924311,0.08106853910707905,
2006-09-19,0.06076446002893012,0.07877727993578325,
2006-09-20,0.06258879921387367,0.0769937260363491,
2006-09-21,0.06457193458742298,0.0774370465648175,
2006-09-22,0.06578623150755863,0.07740227162238106,
2006-09-25,0.06986241286245465,0.07596842644727436,
2006-09-26,0.07310843705330658,0.07943903037322886,
2006-09-27,0.07310701770508554,0.08346120429611863,
2006-09-28,0.07331173499158118,0.08105248956226427,
2006-09-29,0.07351543594370882,0.0785967960532937,
2006-10-02,0.0734098427485803,0.07626957720127864,
2006-10-03,0.07347999873846082,0.0753706127709962,
2006-10-04,0.08233328941876099,0.07353041484356052,
2006-10-05,0.07346613322947831,0.08442281517199786,
2006-10-06,0.07059719093075867,0.08219248196800023,
2006-10-09,0.07070591067951391,0.07983857292991993,
2006-10-10,0.0706594996044905,0.0774406535362819,
2006-10-11,0.065383091297253,0.07525980112595371,
2006-10-12,0.06949637662997721,0.07311221513385101,
2006-10-13,0.06932098469763615,0.07841423568664903,
2006-10-16,0.06929276231394486,0.0766769350851626,
2006-10-17,0.07132485368687615,0.07458054173683851,
2006-10-18,0.06982746366646479,0.07333692156891855,
2006-10-19,0.06858941631482982,0.07128746343546147,
2006-10-20,0.06481117869267705,0.06939865238191562,
2006-10-23,0.06305787200137905,0.06728986836156356,
2006-10-24,0.05989392447537158,0.06764067150875355,
2006-10-25,0.055594324752766947,0.066594780957272,
2006-10-26,0.055781542589712095,0.06590788252634977,
2006-10-27,0.0620456949884114,0.06502938329540332,
2006-10-30,0.062000801150381944,0.0676244182162646,
2006-10-31,0.05936690121862073,0.06562488267247493,
2006-11-01,0.06610427819011665,0.06362818949153033,
2006-11-02,0.054407790522488966,0.06707536685970104,
2006-11-03,0.05481558079363811,0.06507174849889323,
2006-11-06,0.0657774913913707,0.06345802707696063,
2006-11-07,0.06643423032340914,0.0754148333940788,
2006-11-08,0.06651333881230613,0.07461942590162761,
2006-11-09,0.06983099011985885,0.07283321235320626,
2006-11-10,0.06420685469114891,0.07352698222119988,
2006-11-13,0.0641677167716054,0.07130704087703926,
2006-11-14,0.06833709445572343,0.0697914251849212,
2006-11-15,0.06694464380759736,0.07364689224045479,
2006-11-16,0.067101994222313,0.07226451776180522,
2006-11-17,0.0671827732197919,0.07077115897645768,
2006-11-20,0.06712655204391765,0.06862408581566527,
2006-11-21,0.0660212826010006,0.06657036188757574,
2006-11-22,0.06575238005101514,0.06465836188274697,
2006-11-23,0.06526547865332245,0.06316405865990733,
2006-11-24,0.06687734268101078,0.06123982697565925,
2006-11-27,0.08036098575023132,0.06143042396033428,
2006-11-28,0.08154343646510447,0.08028894737184757,
2006-11-29,0.08848034321320378,0.07963933674600376,
2006-11-30,0.0839979325355303,0.08711863530822286,
2006-12-01,0.08463326838940236,0.0844810163906297,
2006-12-04,0.08672137402844123,0.08235643370585849,
2006-12-05,0.0801512073349043,0.08514362453569231,
2006-12-06,0.07992705699382235,0.0842323369373672,
2006-12-07,0.08199590925366561,0.08173247464231886,
2006-12-08,0.07904896340988825,0.08105433005844064,
2006-12-11,0.07924578079751268,0.07891014194102766,
2006-12-12,0.07940168458425449,0.07733001564141498,
2006-12-13,0.07590913785525515,0.07503491378678137,
2006-12-14,0.08058733497357004,0.07286523296687208,
2006-12-15,0.08045323574048448,0.07844938203835013,
2006-12-18,0.08143475300721303,0.07606032743747664,
2006-12-19,0.08152176287893552,0.07451094620968604,
2006-12-20,0.08166387059282533,0.07261806791591344,
2006-12-21,0.08293908088382147,0.07043983078668388,
2006-12-22,0.08609428238049945,0.06976514127943689,
2006-12-25,0.08470072420108998,0.07175802901283182,
2006-12-26,0.06900379499662669,0.06957199037068026,
2006-12-27,0.07062510456371893,0.07122165145891701,
2006-12-28,0.06362794403355795,0.07359521698433769,
2006-12-29,0.06595224784382327,0.07182211014211148,
2007-01-01,0.06519277479051273,0.07148607625820297,
2007-01-02,0.06023759638914986,0.06930832239252366,
2007-01-03,0.05890188665858925,0.06719691168271079,
2007-01-04,0.05920587170687973,0.06551113753133538,
2007-01-05,0.0639095925143439,0.06404834288517411,
2007-01-08,0.06558676690086367,0.06946872575084942,
2007-01-09,0.0649181091946948,0.06970167307021138,
2007-01-10,0.06584167052321413,0.06765906508218071,
2007-01-11,0.06736596499105199,0.06686030455716342,
2007-01-12,0.06557729409763755,0.06701499233731463,
2007-01-15,0.06558179905537714,0.0713273558537887,
2007-01-16,0.06517685706108066,0.06915443725103564,
2007-01-17,0.0649308236683594,0.06747789674537054,
2007-01-18,0.0660951424882202,0.06544256149196069,
2007-01-19,0.06488341509689978,0.06478158421142949,
2007-01-22,0.06176263921062651,0.0632699681564245,
2007-01-23,0.062273964904889866,0.06250503753246156,
2007-01-24,0.06490926468171926,0.06167381954302305,
2007-01-25,0.07479326688677322,0.06744040410707532,
2007-01-26,0.07450013602423573,0.0799010618280285,
2007-01-29,0.07301468666650249,0.07754841426065397,
2007-01-30,0.07507402114234621,0.07521781501063048,
2007-01-31,0.07815883547553731,0.07567250245486079,
2007-02-01,0.07964574271886146,0.07785692264625306,
2007-02-02,0.0795651159980456,0.07896862144128794,
2007-02-05,0.07255510296232943,0.07675122646358924,
2007-02-06,0.07171375323430515,0.07442079576354792,
2007-02-07,0.07137658909477719,0.0721616184833039,
2007-02-08,0.07158799215555517,0.0704873968720053,
2007-02-09,0.07648009249357302,0.06852938305119419,
2007-02-12,0.07325073014443083,0.07252138870175202,
2007-02-13,0.07872494715829204,0.07155176231691518,
2007-02-14,0.08090261011058258,0.07667679727893098,
2007-02-15,0.08089792911978924,0.07857732347230934,
2007-02-16,0.07958274116565488,0.07635211857777414,
2007-02-19,0.0795908121477296,0.07404965367608782,
2007-02-20,0.0782890980680095,0.07179380291484519,
2007-02-21,0.0782141756394896,0.07009514815932365,
2007-02-22,0.07415999356077138,0.06797855633002536,
2007-02-23,0.06142061688175421,0.06597287529311795,
2007-02-26,0.06141332023524539,0.06574948452140596,
2007-02-27,0.1543986883013407,0.06384147413290531,
2007-02-28,0.15780776450583106,0.16682508788224903,
2007-03-01,0.1556955406494233,0.16653392023708002,
2007-03-02,0.15886529083746537,0.16187740061494998,
2007-03-05,0.16044915849022529,0.16510320666872727,
2007-03-06,0.17395835841740087,0.1643372315716064,
2007-03-07,0.17382948222707256,0.17244714034411032,
2007-03-08,0.17693174627695687,0.16723916760106644,
2007-03-09,0.17703822900562674,0.16541663630639628,
2007-03-12,0.1758905550945397,0.16038119262203962,
2007-03-13,0.18730518204870836,0.15560328482833777,
2007-03-14,0.18666679215816245,0.1690657228862307,
2007-03-15,0.1845975707790181,0.16643692207614832,
2007-03-16,0.18420476321230664,0.16145365679778131,
2007-03-19,0.1906576822297455,0.15691444330471585,
2007-03-20,0.19219417816259843,0.15910989872535258,
2007-03-21,0.20153533540679558,0.15572604285612995,
2007-03-22,0.20153230592578902,0.16378145564474508,
2007-03-23,0.20167612020630832,0.15882008685855795,
2007-03-26,0.20134364723188367,0.1540872169075355,
2007-03-27,0.20144526872256013,0.14948207323831178,
2007-03-28,0.1452235763007861,0.14522270067374887,
2007-03-29,0.14130656967404356,0.14363632306030508,
2007-03-30,0.14073480844511818,0.13932121106041942,
2007-04-02,0.13138176876634428,0.1350794334833273,
2007-04-03,0.1288602181106325,0.13103757488503306,
2007-04-04,0.11737582995364947,0.13369067986826827,
2007-04-05,0.11704941810746998,0.1296901405314868,
2007-04-06,0.11462142007763268,0.1261793239370707,
2007-04-09,0.11455489127997007,0.12233539341442953,
2007-04-10,0.11455729321312946,0.1187307807122323,
2007-04-11,0.08825947166038964,0.11520467216559427,
2007-04-12,0.08659533244541096,0.11282091715272928,
2007-04-13,0.08700659762337841,0.11073450148262351,
2007-04-16,0.08856671203065812,0.10881038824349358,
2007-04-17,0.08193178341462594,0.11171429548234288,
2007-04-18,0.08116479089404621,0.10880185792654766,
2007-04-19,0.0627434902641248,0.10559443380576468,
2007-04-20,0.06818401961317445,0.10238305910958115,
2007-04-23,0.0708495136855477,0.10577563914655147,
2007-04-24,0.07022222170894656,0.10359877675261388,
2007-04-25,0.07325317324797509,0.10045513168071903,
2007-04-26,0.06486896468172329,0.10367618821914723,
2007-04-27,0.06572545330822216,0.10061493496296382,
2007-04-30,0.07537150851216042,0.09759966003465796,
2007-05-01,0.07531032233346903,0.10001311679343858,
2007-05-02,0.07003011221911246,0.09747558596015778,
2007-05-03,0.07099186514897815,0.09719144994823296,
2007-05-04,0.07120486220025944,0.09654316950941773,
2007-05-07,0.07113248082277437,0.09475189705157586,
2007-05-08,0.07212015991206407,0.09186860966552711,
2007-05-09,0.07208618591373993,0.08921900698178642,
2007-05-10,0.08181322205828012,0.08714345319729867,
2007-05-11,0.08464457235592492,0.09384939389016181,
2007-05-14,0.08530102533433254,0.096835060741216,
2007-05-15,0.08055540995820917,0.09427035168537198,
2007-05-16,0.0827372811799625,0.09140433826133297,
2007-05-17,0.08358225812794365,0.09249922833623667,
2007-05-18,0.08716366212021735,0.0900114588646847,
2007-05-21,0.08280927584901149,0.09357847669949833,
2007-05-22,0.08115938089984917,0.09075061901241731,
2007-05-23,0.08120658822813982,0.08803918287391103,
2007-05-24,0.08374742766319751,0.08535867510278783,
2007-05-25,0.08468730179119491,0.08999682461280789,
2007-05-28,0.08456009981402739,0.08874323213147664,
2007-05-29,0.07842523794335204,0.08603975577715618,
2007-05-30,0.08187505174647754,0.08459762098835429,
2007-05-31,0.0807630902781296,0.08787722177548421,
2007-06-01,0.08047737762991657,0.08529661841078082,
2007-06-04,0.07997376038331529,0.0849033439077968,
2007-06-05,0.08177577033449843,0.08231839888292186,
2007-06-06,0.09095602164011529,0.0812868574238646,
2007-06-07,0.11079897694662093,0.08931643952058732,
2007-06-08,0.1142245337425836,0.1118598130735665,
2007-06-11,0.11054961124481676,0.11953490518591531,
2007-06-12,0.11687705426913916,0.11608619420703668,
2007-06-13,0.1281230412752675,0.1203553771541554,
2007-06-14,0.127848151566871,0.13020667282942275,
2007-06-15,0.12880297150488887,0.12864380167705974,
2007-06-18,0.12564643073238166,0.1266613175038776,
2007-06-19,0.1258326914893404,0.12288792408845872,
2007-06-20,0.13539882187429164,0.11953452576912442,
2007-06-21,0.13685370265376576,0.12803254956450263,
2007-06-22,0.1371615544164976,0.12598907027198794,
2007-06-25,0.1372820621123201,0.1275617559301932,
2007-06-26,0.14151908937565094,0.1250726066814948,
2007-06-27,0.1501436530091147,0.12774399710360107,
2007-06-28,0.14695433805089325,0.13549028275444597,
2007-06-29,0.1469989643640356,0.1313637201252734,
2007-07-02,0.14961023589700168,0.12736839364287092,
2007-07-03,0.15028373605104145,0.12835180289669756,
2007-07-04,0.14970566123470883,0.1252338989220339,
2007-07-05,0.14468700666441608,0.12141876985401126,
2007-07-06,0.1287962061179321,0.11779072615930615,
2007-07-09,0.12181600322788334,0.11600771345833076,
2007-07-10,0.1325999239246682,0.11251498956317071,
2007-07-11,0.12830822074767712,0.12251547657145206,
2007-07-12,0.12944004715072893,0.12191865792365017,
2007-07-13,0.12819017616276387,0.13297910036797883,
2007-07-16,0.12699241475394304,0.12944607563685978,
2007-07-17,0.1269002735915972,0.12550363108406148,
2007-07-18,0.12695899936867003,0.12169688748942814,
2007-07-19,0.1161095978314773,0.11819934288385277,
2007-07-20,0.12138877807800671,0.11558566002091765,
2007-07-23,0.1161195670353832,0.11884567032787752,
2007-07-24,0.13151224525978344,0.11583687446806133,
2007-07-25,0.1255640121849248,0.13130108543702404,
2007-07-26,0.14362571154404116,0.12754956641247753,
2007-07-27,0.15806534788287355,0.15484065248790618,
2007-07-30,0.16891138697736682,0.16881356847668838,
2007-07-31,0.16846206792431642,0.1744456505336693,
2007-08-01,0.1690334095801792,0.17477257493421305,
2007-08-02,0.17236661485230892,0.1704990777269522,
2007-08-03,0.192205207659961,0.1681767869019399,
2007-08-06,0.2019230377619546,0.192022851593925,
2007-08-07,0.2065436061612583,0.1970718122489629,
2007-08-08,0.20785956581343684,0.19547406075025672,
2007-08-09,0.22984344574586527,0.19701697159647918,
2007-08-10,0.2206339117040523,0.22398576992796573,
2007-08-13,0.22085569348213602,0.21792588306545063,
2007-08-14,0.22461358037432136,0.21174691435157836,
2007-08-15,0.2269201034389687,0.21385608535360348,
2007-08-16,0.23052356799339058,0.21424223561433792,
2007-08-17,0.24173825013107422,0.20974627425608997,
2007-08-20,0.24058955344622318,0.21531990284393634,
2007-08-21,0.24029195237448248,0.20876886635141506,
2007-08-22,0.23926986959169466,0.20255874813374222,
2007-08-23,0.23893969086432845,0.20167445679111706,
2007-08-24,0.22902628294112182,0.1955610600996468,
2007-08-27,0.22021316235390062,0.19552205127630465,
2007-08-28,0.22671056113936283,0.19301863803863747,
2007-08-29,0.23430522360676875,0.20613000691141067,
2007-08-30,0.23389622003359056,0.2136565308770644,
2007-08-31,0.23478253621991377,0.2074067219134635,
2007-09-03,0.21481345826105536,0.2046705400457305,
2007-09-04,0.21003529611379723,0.19843545087724196,
2007-09-05,0.2094612285667311,0.19631537738276075,
2007-09-06,0.203585943521275,0.19331152119843645,
2007-09-07,0.18050223825497963,0.18763527463479374,
2007-09-10,0.1798067059696634,0.18989458755963065,
2007-09-11,0.18371672452509952,0.18426068847870666,
2007-09-12,0.17412162198322056,0.1842470442285839,
2007-09-13,0.16557128682898836,0.17891415011181125,
2007-09-14,0.16481954723953865,0.17559149949269232,
2007-09-17,0.15603353559173463,0.1702424756375519,
2007-09-18,0.18332719134407258,0.16638017755284534,
2007-09-19,0.18368574839133256,0.19685004340064724,
2007-09-20,0.18352793413061605,0.1922206998870554,
2007-09-21,0.1832879461865818,0.1883801156537463,
2007-09-24,0.1797701160424696,0.18294168746837297,
2007-09-25,0.17604933958363825,0.17751344111057266,
2007-09-26,0.15338681955552141,0.17227777271543002,
2007-09-27,0.14179256528568143,0.16828233057457648,
2007-09-28,0.1421081936527101,0.1647586305478252,
2007-10-01,0.14312580404394717,0.16026550748932367,
2007-10-02,0.14348410917062623,0.16138116166206654,
2007-10-03,0.14132313061140248,0.15655449149170514,
2007-10-04,0.13619157491584455,0.15198695292504327,
2007-10-05,0.14021280392092117,0.14748154401272304,
2007-10-08,0.1300969636767852,0.15018326051451722,
2007-10-09,0.13053560042554688,0.14708093546709322,
2007-10-10,0.12836056288548825,0.14718513316109386,
2007-10-11,0.13116288066704332,0.14284770603480174,
2007-10-12,0.13063327697247662,0.13975450660511557,
2007-10-15,0.13589404301228633,0.1371841170159792,
2007-10-16,0.13797155270891517,0.13703104685794293,
2007-10-17,0.0972723941264134,0.13641959333257703,
2007-10-18,0.09656650401068702,0.13279473359953606,
2007-10-19,0.1322152311116898,0.1295236030267469,
2007-10-22,0.13361703884298054,0.16245399828209087,
2007-10-23,0.13669326376772747,0.15910902554224055,
2007-10-24,0.13666949583307145,0.15742236273840385,
2007-10-25,0.1356336924073199,0.1527955076008364,
2007-10-26,0.1402358112420621,0.1484279967872223,
2007-10-29,0.14003609190277544,0.15087378889343228,
2007-10-30,0.13660407568008573,0.1468443569450266,
2007-10-31,0.14147166847835765,0.1449255667258155,
2007-11-01,0.16384275374768154,0.14614425509233991,
2007-11-02,0.16376879385193396,0.16899454816456547,
2007-11-05,0.15855230327284447,0.16390466038589757,
2007-11-06,0.16635535826448192,0.16166061568762985,
2007-11-07,0.18595374689037072,0.16513550225934648,
2007-11-08,0.18609499441421212,0.1930445305866893,
2007-11-09,0.18987361587962115,0.1882045459783229,
2007-11-12,0.18841354179620465,0.19022135977520563,
2007-11-13,0.2212585483925011,0.18845783144605702,
2007-11-14,0.22027600511714068,0.21683167208724935,
2007-11-15,0.22365861339877294,0.21050242907442193,
2007-11-16,0.22416470258426616,0.2117645434178708,
2007-11-19,0.2111227459621216,0.20542177927141983,
2007-11-20,0.21126674925228905,0.20649209603627897,
2007-11-21,0.2175426065629666,0.20160294798246375,
2007-11-22,0.21778908207766812,0.2113522784230156,
2007-11-23,0.22829725272900267,0.2049136365860601,
2007-11-26,0.2320855143539021,0.20955883924318106,
2007-11-27,0.23700033505184076,0.22092119122047202,
2007-11-28,0.2660026240508147,0.21875172175968108,0.1972297709669849
2007-11-29,0.2624484762784101,0.24488504501547698,0.2477020541627652
2007-11-30,0.253756316935142,0.23742853084318924,0.22539386257571725
2007-12-03,0.2544496803773621,0.2334598963810725,0.21247539879661315
2007-12-04,0.2549252091222333,0.2278039983234216,0.19728891352868355
2007-12-05,0.2574812474106035,0.22360642359068525,0.18694038756511272
2007-12-06,0.24327489326370813,0.22620096212806157,0.19334226896152143
2007-12-07,0.24233116015016748,0.22616534007090813,0.1929218281652746
2007-12-10,0.23693850761159624,0.21927679984218634,0.17670999338966034
2007-12-11,0.255803917322664,0.21470746795067935,0.16762178254894397
2007-12-12,0.2361095516355174,0.23456577219542663,0.21508712063299473
2007-12-13,0.2360036256290667,0.2306051683029617,0.2033699783308884
2007-12-14,0.2346657454404883,0.22372593815414318,0.18630145258278796
2007-12-17,0.2401938671660191,0.22251334536410727,0.1841609667420074
2007-12-18,0.23556856805369047,0.22285518830394538,0.18585147511204755
2007-12-19,0.23475126687350054,0.21714817697767097,0.17307029828130185
2007-12-20,0.22250042069142908,0.21053296872186636,0.15916489598432856
2007-12-21,0.22661633944400222,0.2055777388447673,0.15077802023836276
2007-12-24,0.22105737884775878,0.2069393042800103,0.15945055476044964
2007-12-25,0.20303504577258735,0.20268709438901278,0.1524777751470957
2007-12-26,0.20069609887081283,0.19651242896557186,0.14105712818187172
2007-12-27,0.17733843462794946,0.1907078355490573,0.15474018543308699
2007-12-28,0.17763023147846146,0.1913299041924965,0.1585999074505192
2007-12-31,0.17587431474405626,0.18575750302780322,0.14699862973006889
2008-01-01,0.17448289213557863,0.18239970489589935,0.14203508562158887
2008-01-02,0.17436680611145286,0.17684307508450678,0.13186140321069867
2008-01-03,0.16329819738756868,0.17483159458272424,0.1319275154727071
2008-01-04,0.17306803693641257,0.16951592860289394,0.12308583239336578
2008-01-07,0.17295532875759578,0.19057719309856436,0.17730266984786855
2008-01-08,0.17432886814937534,0.18480099298618033,0.16289888253090284
2008-01-09,0.15832122658350264,0.19002572265697873,0.17419774908284524
2008-01-10,0.15554843429979487,0.1886695609453363,0.169847689763138
2008-01-11,0.156787534458147,0.18467706874668716,0.1602291338267809
2008-01-14,0.15649087771582643,0.18180079648111624,0.15419459721504747
2008-01-15,0.16660073538277081,0.17900674360269175,0.1490121777505417
2008-01-16,0.16566688717172978,0.19393822262386137,0.18334782194069565
2008-01-17,0.18412650302498804,0.19101474789119516,0.17459682123655418
2008-01-18,0.18140827076275085,0.21147670773811708,0.21456354853800405
2008-01-21,0.16875543688991324,0.2089247396958031,0.20367466059298156
2008-01-22,0.16275318548415363,0.20256005046785888,0.18616484552753595
2008-01-23,0.19241096952773235,0.20035326976119547,0.1794070179751959
2008-01-24,0.1965912070132129,0.21506291458117976,0.20906315629271732
2008-01-25,0.19764511398902243,0.21105783533577102,0.1927188250726594
2008-01-28,0.21101324802351484,0.21230623290546236,0.19436865761509944
2008-01-29,0.2128739544503088,0.21549196995217051,0.1998084178350391
2008-01-30,0.21289060917168764,0.20980909684821533,0.1866324512176087
2008-01-31,0.22499400195952987,0.20543442720238994,0.17728717528285431
2008-02-01,0.2339312466906099,0.21120628806271907,0.19038095864726987
2008-02-04,0.22236892957908835,0.21396991299528623,0.1955551847590704
2008-02-05,0.2398234590170258,0.21323908054604152,0.1930591978769633
2008-02-06,0.23550697628693493,0.23211781282585153,0.2294616023302248
2008-02-07,0.23329144008290906,0.22723183579853806,0.2158795369961308
2008-02-08,0.23146901875994744,0.22179589060517665,0.20233923686427435
2008-02-11,0.23221340902786625,0.21649303336358194,0.19016084506019434
2008-02-12,0.2329162748806931,0.21083127075653008,0.17814702855263548
2008-02-13,0.22461544789524412,0.20753433673764773,0.17236518833755063
2008-02-14,0.22470125766848353,0.2050620336931174,0.16891822454841518
2008-02-15,0.20448146594777422,0.201763687740575,0.16382687773700805
2008-02-18,0.2006214669679119,0.19561905606286598,0.15241197197402706
2008-02-19,0.20066366241131953,0.18965971156055017,0.14218373908215187
2008-02-20,0.19634941083253568,0.18420580031134823,0.13388066569795376
2008-02-21,0.1822535083993314,0.17896145488082507,0.126625927119291
2008-02-22,0.18115344420681592,0.1765204636119903,0.12717665596411482
2008-02-25,0.1775833283949871,0.1727997516640166,0.14659918770050592
2008-02-26,0.17071056743087076,0.1744767849281327,0.15231392996555423
2008-02-27,0.1702615075844243,0.17163840314285905,0.14724512351625393
2008-02-28,0.1719332672872618,0.1664561723783762,0.13725733772168366
2008-02-29,0.17765050601102195,0.16583609063692956,0.1387486242881029
2008-03-03,0.1662634334926639,0.18311378684859028,0.17750666192331355
2008-03-04,0.16194339140391667,0.1777793187790568,0.16460909975699495
2008-03-05,0.13492906629421844,0.1730048663911569,0.15397561489427844
2008-03-06,0.15086702015636466,0.1695121928191554,0.14708250945314327
2008-03-07,0.15193846088162918,0.1833700183840454,0.1773061316812909
2008-03-10,0.15649663354128202,0.18228578633554002,0.17313533363642175
2008-03-11,0.20181982144718855,0.18411234134271395,0.1753953572848205
2008-03-12,0.20092115566638447,0.2251922452327548,0.24982177696968697
2008-03-13,0.1970493778644313,0.22136736386330647,0.23456397999775214
2008-03-14,0.2015020483616413,0.21479482670100114,0.21563452082230805
2008-03-17,0.20332897722098175,0.21692449222804294,0.21535582365145775
2008-03-18,0.25251108567389047,0.2139935567917311,0.20543839485052284
2008-03-19,0.26598270592170936,0.2609543123839412,0.28938762106581023
2008-03-20,0.27470463929903227,0.27115275013453494,0.29716999461989907
2008-03-21,0.2734596934684021,0.2724070443305526,0.2891683775449461
2008-03-24,0.28174515187174604,0.2641084283639073,0.2645516268265491
2008-03-25,0.27804604343218087,0.2673762897948769,0.25448452109967407
2008-03-26,0.2792233566597505,0.25925805095851,0.23465623188808538
2008-03-27,0.2792678628323957,0.2558779615693407,0.22694245540467453
2008-03-28,0.27919386379586003,0.2483866888830895,0.21029130775068808
2008-03-31,0.26905497430594033,0.2437020685469576,0.20154051829509648
2008-04-01,0.2948611799165233,0.23666770839967682,0.18752414772806705
2008-04-02,0.29428103404345235,0.2659054047640573,0.2577787966094307
2008-04-03,0.2938013189075111,0.2578175892980573,0.23761982670550588
2008-04-04,0.2826757459559967,0.25014990535761367,0.2196933909515959
2008-04-07,0.27902565500998266,0.24256672533447435,0.20308131716180658
2008-04-08,0.2732899519525447,0.23518557605411708,0.1879521041802977
2008-04-09,0.24942771127681146,0.2280555519550721,0.17432825211481276
2008-04-10,0.246335175876479,0.22290403096976327,0.16679634825029593
2008-04-11,0.25732521201647374,0.21618185510853757,0.1553269028259106
2008-04-14,0.25086473857449093,0.2230224256909585,0.1806222008530834
2008-04-15,0.24729449181817398,0.21662733751582433,0.168642882449755
2008-04-16,0.22334287101460173,0.21022329531965972,0.15732470446447427
2008-04-17,0.20160217373051126,0.22879631558747274,0.20778441629515462
2008-04-18,0.1955699293734661,0.22189896812198773,0.19236082520711226
2008-04-21,0.19550436848109945,0.2188925365554848,0.18717098889845488
2008-04-22,0.1859296710315032,0.2122332925080209,0.17355323515761584
2008-04-23,0.18616886075281644,0.20648207874177651,0.18228907225475535
2008-04-24,0.17999928047016814,0.20028794922403292,0.16984270954314937
2008-04-25,0.1808076944835362,0.19492072759676723,0.16005800093442143
2008-04-28,0.17572639473428175,0.19234680643430924,0.15746406448306646
2008-04-29,0.17726830561316553,0.18648902007806775,0.14715733257141053
2008-04-30,0.13558987877170192,0.18145803615789,0.13947386068785314
2008-05-01,0.15211916615536253,0.1774262125714371,0.13473257711500988
2008-05-02,0.15214426511396045,0.18955177141068003,0.16772688682239276
2008-05-05,0.1534930514807772,0.1840901695065344,0.15713172981965162
2008-05-06,0.1554945282681617,0.1794620698921418,0.14911237478005865
2008-05-07,0.16971909290637682,0.17719843534065569,0.14709759261716296
2008-05-08,0.16763432898335687,0.18546863358980376,0.1682234380564885
2008-05-09,0.1679563046266711,0.180098850967283,0.1574931534694344
2008-05-12,0.15361991638721798,0.17476374710186232,0.14752135659858703
2008-05-13,0.15241179613764452,0.1749170595158626,0.15063334530194258
2008-05-14,0.1524212561856938,0.16958927777589672,0.14098994584357308
2008-05-15,0.13036078621786898,0.16461838224411976,0.1327647939080535
2008-05-16,0.13039993483275186,0.16675602135749518,0.14161113466681924
2008-05-19,0.12678176669009072,0.16171479721250617,0.1329510525732929
2008-05-20,0.1311403221672972,0.15714733006830417,0.1259362999783481
2008-05-21,0.14451483882391358,0.15561477190571507,0.1265831653212756
2008-05-22,0.14431762221117436,0.16481181460045496,0.15008992765494228
2008-05-23,0.1515572567007334,0.159791952747431,0.14049721427966977
2008-05-26,0.14763189574504654,0.16356972603749712,0.15030234085769326
2008-05-27,0.15024079953593678,0.1585867332390164,0.14068651832138737
2008-05-28,0.15056854320775706,0.15641307263998874,0.1378051642523899
2008-05-29,0.1498483345459609,0.15270172333112797,0.13176464005078906
2008-05-30,0.131631235185355,0.14932712437119686,0.12688729592431788
2008-06-02,0.1356459262893261,0.14510321267150564,0.12040273263992272
2008-06-03,0.13606904179295606,0.1463637884715595,0.12667862965560026
2008-06-04,0.13158685536086176,0.14371568632620504,0.12349609748503988
2008-06-05,0.13650643432922496,0.1393514823868406,0.11666155860850563
2008-06-06,0.17769608207504636,0.15550393755459352,0.15303178201052
2008-06-09,0.17804973310909025,0.19651016182953,0.22473722181967173
2008-06-10,0.17310697081711632,0.19075557138700647,0.208576320404136
2008-06-11,0.1789192533864636,0.1859592966357967,0.1953002517654129
2008-06-12,0.17954967681082137,0.18928185910053033,0.19795170628944575
2008-06-13,0.17969353674643967,0.1841095906228077,0.1849344042726499
2008-06-16,0.1796268048364578,0.1850666421465715,0.18464806527272068
2008-06-17,0.1789263173636223,0.1794433096364878,0.17177049831635374
2008-06-18,0.1796612690396626,0.1749985760943567,0.1621665632664085
2008-06-19,0.17218413704552435,0.17388113186407814,0.16017054531573288
2008-06-20,0.179233291337953,0.16865588002652365,0.1598008779988807
2008-06-23,0.17479061214840855,0.17546333459547286,0.17260825039674005
2008-06-24,0.17464629008455831,0.17016146791149217,0.1616340544083155
2008-06-25,0.1730680169412925,0.16515719001387763,0.15190897696015507
2008-06-26,0.19198321676783314,0.16117197942086345,0.14482952161113594
2008-06-27,0.18940276467318365,0.1894261247327669,0.1982932700554707
2008-06-30,0.18989241938956175,0.18488462352726184,0.18720851585343168
2008-07-01,0.19007356430203406,0.1797746871314975,0.17584262133519202
2008-07-02,0.19588431466569808,0.17471994179285708,0.16530848513713378
2008-07-03,0.19630724994859483,0.18224416297283094,0.17935631821015582
2008-07-04,0.17712563859865263,0.17673765168228317,0.16779257766551892
2008-07-07,0.14805051282604367,0.17135351082145345,0.15716274668465563
2008-07-08,0.1645972155114243,0.17086182273537895,0.15695944535585646
2008-07-09,0.17398051483292282,0.179238595581066,0.17370904884449553
2008-07-10,0.17124367100168061,0.1895115257446184,0.19174699323572936
2008-07-11,0.1719877678108962,0.1844215421328467,0.18028845989486159
2008-07-14,0.1623062272887924,0.1845203605580521,0.17936002660535166
2008-07-15,0.16429708075734292,0.18235370175888385,0.17431212358528014
2008-07-16,0.1938237696404309,0.1852171111122837,0.17921509537464692
2008-07-17,0.19843980592984306,0.20282788044083655,0.2101729726522122
2008-07-18,0.200534383777092,0.20042168354778667,0.20267805564937016
2008-07-21,0.19464610906720098,0.19581104259554002,0.18664403272379507
2008-07-22,0.20004998531448742,0.1898581280734964,0.17508209145436782
2008-07-23,0.20143650865203738,0.18922837060366077,0.1744285354221404
2008-07-24,0.21148211145520598,0.184660692458842,0.16618645986139058
2008-07-25,0.190601465799698,0.19673297531386877,0.19006523969334924
2008-07-28,0.19597752746596814,0.19074195539690125,0.17820855804420196
2008-07-29,0.2105791739788631,0.19364660602661585,0.18384263545201562
2008-07-30,0.21967517612045173,0.20493444540606653,0.20402785315288108
2008-07-31,0.2161277954879214,0.21022379740374336,0.21165992512432188
2008-08-01,0.21694792209882457,0.2102921302197226,0.20965096906207265
2008-08-04,0.2193053531308135,0.20492357562841057,0.19812500371135788
2008-08-05,0.23523358167671354,0.2019569963505805,0.19174009297205638
2008-08-08,0.2290347646413322,0.22145406691512595,0.22614578614146905
2008-08-11,0.2188794498719007,0.21685981075323482,0.21526586813890605
2008-08-12,0.22306665918201052,0.21403749689644255,0.20830143465556764
2008-08-13,0.21966536856198546,0.21146485021847167,0.20231493322299726
2008-08-26,0.21975016865398217,0.20636728041132268,0.19202721416750088
2008-08-27,0.21335425815998119,0.2032673386508261,0.186185790756547
2008-08-28,0.20186095003457746,0.2006424058215804,0.18164528288198728
2008-08-29,0.2047817251338786,0.2000977254236589,0.18145156506162038
2008-09-01,0.20405164470665227,0.198504978108841,0.17918667290089912
2008-09-02,0.20560732492105613,0.19245771679501958,0.18047104037119313
2008-09-03,0.20202577914819939,0.18816105711121803,0.17247019788655862
2008-09-04,0.2271132432168515,0.18245957675203167,0.16215323305089446
2008-09-05,0.21624975339899097,0.21312678234380464,0.21954050985817702
2008-09-08,0.22801325888545892,0.2069944262268128,0.2060663737264011
2008-09-09,0.2465017385109113,0.21586175598786614,0.21997999578773228
2008-09-10,0.23473553988420723,0.23986033073287175,0.2580160481947555
2008-09-11,0.23169659630284264,0.23308569239729743,0.24186189094490712
2008-09-12,0.22811429262578756,0.23278548427623935,0.23788513025452562
2008-09-15,0.28318613245917723,0.22640474683049797,0.22362902876805674
2008-09-16,0.2893141689824319,0.2900408497683463,0.3272810215640849
2008-09-17,0.3102420055674241,0.28851725347815665,0.31685199699752675
2008-09-18,0.32930171387965596,0.3320377699890519,0.37902491464559473
2008-09-19,0.35816813182100654,0.3414108440730632,0.3839049861884681
2008-09-22,0.364327062726301,0.36400665974499513,0.41016236126140576
2008-09-23,0.37092520131382445,0.3639771438048975,0.39972803041844873
2008-09-24,0.3710447268922869,0.3640595673451222,0.39067860949422967
2008-09-25,0.374093689380524,0.3531881783763724,0.3641602354931992
2008-09-26,0.37046715162624666,0.34770448835957884,0.34853961776783815
2008-09-29,0.4591680856742181,0.3371175430184858,0.32474539686089415
2008-09-30,0.4871968461492112,0.45553563793607615,0.5187392608846136
2008-10-01,0.4875031041932286,0.46896893217307745,0.4826792135926563
2008-10-02,0.5000826607279293,0.4546882985150561,0.44490454648900973
2008-10-03,0.4930256827016408,0.4636579770052346,0.4628788158321939
2008-10-06,0.5178293938866398,0.45262945761225837,0.43392997078762885
2008-10-07,0.5229252241546075,0.4836332892543306,0.5021731399346487
2008-10-08,0.5210458354954285,0.501608059573834,0.5338019072707447
2008-10-09,0.559356239297761,0.49634436574778856,0.513698666537472
2008-10-10,0.5502158576856427,0.5575185354926321,0.6330501320078964
2008-10-13,0.7601209919370635,0.5489019985895337,0.600300257522515
2008-10-14,0.7473847682835819,0.7490928410277267,0.9619263198165742
2008-10-15,0.8099215873475107,0.7285832244346974,0.8898638901052239
2008-10-16,0.822754226371146,0.8132543643582691,1.0165169551461093
2008-10-17,0.8104859860221548,0.8042915095224079,0.9653944007689277
2008-10-20,0.8283726863930563,0.7801372800459714,0.8895140749018134
2008-10-21,0.8301256667638929,0.7896618286025442,0.8862968440506038
2008-10-22,0.8437820586667775,0.7746239510695075,0.8348194977650175
2008-10-23,0.8462554248662976,0.7819493739379741,0.834612334217429
2008-10-24,0.8505382785832266,0.7594497437650648,0.7714224759994589
2008-10-27,0.8512699060154846,0.7636189486558669,0.7719754976603433
2008-10-28,0.9254733646973708,0.753579731769636,0.7412251103100087
2008-10-29,0.9083971760825331,0.8476346046787163,0.9368004536993064
2008-10-30,0.9208176583175839,0.822299461652227,0.8457243764603537
2008-10-31,0.9162462985499263,0.8081419805739642,0.8006339291067391
2008-11-03,0.9165005292640618,0.7838133465777357,0.731685840291989
2008-11-04,0.9101309666866185,0.7600181733613771,0.6682594406532286
2008-11-05,0.9084352503882667,0.748234449336074,0.6448330994979298
2008-11-06,0.9251607919099448,0.7444044828946835,0.6469167135029759
2008-11-07,0.8974777374829228,0.7549993134247263,0.6895529693293637
2008-11-10,0.8941574124600145,0.7428175327984972,0.6614255652873348
2008-11-11,0.7567848856172021,0.7220125428656332,0.6095434104384092
2008-11-12,0.7684472152116676,0.7105607235827353,0.5900628952749913
2008-11-13,0.7175771673123575,0.7107871040534521,0.6076662129035473
2008-11-14,0.7233774876395359,0.728148316608759,0.6710852717563559
2008-11-17,0.7241126735035595,0.7334956775532058,0.691029320385261
2008-11-18,0.6933713948805169,0.7130469801303995,0.6364368348863535
2008-11-19,0.7198802356439475,0.6951225833506824,0.5927312433827678
2008-11-20,0.74114917337847,0.721467073779217,0.6810270598131172
2008-11-21,0.768394660531504,0.7610783961710371,0.7863219965599244
2008-11-24,0.7903757810399266,0.7656514311333171,0.7891462335716829
2008-11-25,0.7803852827096106,0.7867101882464687,0.8329060410001299
2008-11-26,0.6868851581682384,0.7632836819129638,0.7617057860208276
2008-11-27,0.686709487007389,0.7545727354308055,0.7345256299113395
2008-11-28,0.6764071130343754,0.7315854101006912,0.700433694800421
2008-12-01,0.7428933032791429,0.7109645789099984,0.6448206870772714
2008-12-02,0.7588973504710027,0.7779543303348581,0.8230822075985187
2008-12-03,0.7532610013371507,0.7684154546441893,0.7876254401639295
2008-12-04,0.7443927529315602,0.7507115124140786,0.7346140895477199
2008-12-05,0.7299393262913842,0.7335096405119047,0.6868170403499901
2008-12-08,0.7310441360330133,0.7209000929909559,0.655297917322103
2008-12-09,0.7318329505627401,0.7115639537742628,0.635564458253152
2008-12-10,0.7242011417494648,0.6929074939363233,0.5900042233197501
2008-12-11,0.7114017690954969,0.6723176598064741,0.5410215705483208
2008-12-12,0.6795546280167685,0.6586915901173207,0.5172294824489786
2008-12-15,0.6568887156304128,0.6402907803559094,0.47867871387612065
2008-12-16,0.672953464707988,0.6231781968370997,0.44638651391454
2008-12-17,0.6720510613626302,0.6301046794846838,0.49794577240976423
2008-12-18,0.6301055481208597,0.612080534221268,0.4593859902258759
2008-12-19,0.5578031877506493,0.5979485144290709,0.4361880938709898
2008-12-22,0.5373794782889827,0.5799748883723248,0.3999960411504165
2008-12-23,0.4890336006781843,0.5645379788232895,0.37473149566347935
2008-12-24,0.4888030198987289,0.5488293277552077,0.3490858872667556
2008-12-25,0.46994683874091997,0.5325852143546272,0.32174532827134383
2008-12-26,0.4705029703992273,0.5163605231969368,0.2948529668270714
2008-12-29,0.4681162376502997,0.5011297062814839,0.38072431189335965
2008-12-30,0.3368085114426447,0.48599162954369646,0.34542019886007536
2008-12-31,0.3164950467429743,0.4799105238817032,0.3470464061404307
2009-01-01,0.3075141146727051,0.46854319723821936,0.3273772407699174
2009-01-02,0.307362155518245,0.45426948391623245,0.2969245539376807
2009-01-05,0.2929759336726858,0.45531683715985094,0.32956358896716004
2009-01-06,0.27049849196309866,0.4414700560643719,0.29898659350161044
2009-01-07,0.28601858168141,0.4288026582719183,0.27470677750227357
2009-01-08,0.28547971191168003,0.432233104921672,0.3162426814206529
2009-01-09,0.282585002647186,0.4193645881166654,0.28808744659611846
2009-01-12,0.29267299905728494,0.4152143753802499,0.29589256632842426
2009-01-13,0.2887138898992691,0.4135181122542928,0.3102570897168808
2009-01-14,0.25690432945456126,0.40098442132575396,0.28177493226562733
2009-01-15,0.2562832036606292,0.4081485380996685,0.32733698759151253
2009-01-16,0.2523550678568695,0.3957171096110114,0.29689704881518447
2009-01-19,0.25228359098259984,0.3848555573076802,0.27407274906546397
2009-01-20,0.3094991956236,0.3731313066350354,0.24902147861161916
2009-01-21,0.3466853544018603,0.4187364472567049,0.4137979923032055
2009-01-22,0.34917104221078016,0.4380125826206292,0.4618614773475897
2009-01-23,0.3498386442898772,0.4289727236894871,0.42971307683083526
2009-01-26,0.3501602685925381,0.41624691135136316,0.39004326961440305
2009-01-27,0.3526029900949678,0.4044405361770972,0.3591621332530981
2009-01-28,0.3628149947024351,0.3940841308490888,0.33306739801251417
2009-01-29,0.37483884100396936,0.4033915777909062,0.3685073625634266
2009-01-30,0.37942961444377593,0.4116613501668757,0.3945249102660399
2009-02-02,0.3591149189822424,0.40704311042798724,0.3814978037693895
2009-02-03,0.3652535415527416,0.3948179006074234,0.3476738649805131
2009-02-04,0.36282567522253434,0.38661377326879104,0.32848467734708303
2009-02-05,0.3574042506618804,0.3753214583438022,0.3007971048721871
2009-02-06,0.3730131055099339,0.36839247185759516,0.28949469276617396
2009-02-09,0.3663309715614747,0.3735078215509565,0.31765445326494485
2009-02-10,0.39183883672146086,0.3621689700763481,0.28955157802482895
2009-02-11,0.3926062105458077,0.3956557389071628,0.39579406084578633
2009-02-12,0.3771580289782103,0.3842828631699086,0.36198263230685956
2009-02-13,0.3788568306526047,0.3725865129549504,0.3295303717869154
2009-02-16,0.37755566154794906,0.3636762184706088,0.30776393773773064
2009-02-17,0.4050227729001581,0.3525971757802622,0.2804852046882238
2009-02-18,0.3603781756275735,0.38178671088311295,0.37552578770672085
2009-02-19,0.3254152712650933,0.3702736811455735,0.342084153766798
2009-02-20,0.32329719913930793,0.3614478706818932,0.31883915566382925
2009-02-23,0.34169380595515914,0.35248916687323856,0.29691471304862943
2009-02-24,0.3700949213180334,0.3699532003846216,0.35462088018973037
2009-02-25,0.3668949430691392,0.3867650869937042,0.37398394407861396
2009-02-26,0.34191571068270094,0.3762399413134003,0.34508266305778396
2009-02-27,0.3336711368593107,0.3703073099939738,0.33139250553953853
2009-03-02,0.3581530282109447,0.36962722763075373,0.33391399479830974
2009-03-03,0.35776604076039825,0.4006786692002931,0.418653388719765
2009-03-04,0.3664216853275284,0.3895758582616798,0.3850120426687586
2009-03-05,0.38500482967871985,0.3885260295899832,0.3805381543504373
2009-03-06,0.3773866191684059,0.41011471605584093,0.4336190453708996
2009-03-09,0.3513890794396163,0.3976787037069882,0.39590014752427877
2009-03-10,0.4246901426328915,0.38829474088330235,0.3688745399060556
2009-03-11,0.4043789003050565,0.43865223259814234,0.49310335234479363
2009-03-12,0.4318840367091994,0.4260374944274307,0.4516401106061072
2009-03-13,0.4337222558111589,0.4395060784162701,0.4769888323356732
2009-03-16,0.43313561725907673,0.42719060632614914,0.4378632680087833
2009-03-17,0.4490465116474917,0.4143438718526403,0.40005268841792035
2009-03-18,0.43085347486324244,0.4184502594188021,0.4104811322316807
2009-03-19,0.4330889784017337,0.4147341613130542,0.39920860544907644
2009-03-20,0.4380032440197783,0.40500933346758405,0.372628183130414
2009-03-23,0.4986389986386098,0.40149200090333076,0.3657075940635295
2009-03-24,0.485185693451705,0.4735801870617794,0.5455726449151154
2009-03-25,0.47075052519934696,0.4656277984960025,0.5127108659399728
2009-03-26,0.4728118154947352,0.453282008962651,0.4529491944451912
2009-03-27,0.4738437302130859,0.4464210284286164,0.43285602683501173
2009-03-30,0.4845971276529793,0.43857747562859684,0.41184714955500684
2009-03-31,0.4501194728346631,0.44666201014929047,0.4355720614351492
2009-04-01,0.4495069743696349,0.4345371708082747,0.40257887459199915
2009-04-02,0.4523321650597669,0.42785065078484086,0.38719860548464224
2009-04-03,0.41536388966629145,0.42968567505949207,0.3970340328232853
2009-04-06,0.41908452544958685,0.41837050305357937,0.368531072049784
2009-04-07,0.4285280928526281,0.4067763122603602,0.3409194307972046
2009-04-08,0.3900987305807174,0.4049213864455202,0.3449527143524618
2009-04-09,0.40576481578737905,0.3947927938694723,0.3228722990140284
2009-04-10,0.39116744486547955,0.4116745459987154,0.3822365964937378
2009-04-13,0.3917135520816937,0.3991332808897969,0.3498859024722761
2009-04-14,0.3990131477925317,0.38697513226419633,0.32042764425070264
2009-04-15,0.3893830707595191,0.3812334193592143,0.3128510899751281
2009-04-16,0.38591720304553806,0.371916070904187,0.2941953058512703
2009-04-17,0.3812337583671898,0.3650013828101946,0.28449342899053554
2009-04-20,0.40622841466974,0.35483471529170546,0.26420649091695925
2009-04-21,0.33563295356781986,0.38219848844997173,0.35988937066704274
2009-04-22,0.3278087261395075,0.3781159299860604,0.35075884864773255
2009-04-23,0.327590528249205,0.36737143569334346,0.32346834243980316
2009-04-24,0.3244943559166853,0.35819993050452553,0.33000429913634055
2009-04-27,0.3190190970337076,0.3521502937504995,0.3162516223838385
2009-04-28,0.28941376687913684,0.3434182202805684,0.29578234169607254
2009-04-29,0.2949822194271063,0.3331815549364064,0.2719865423639718
2009-04-30,0.29034562707670675,0.3332364096621423,0.28135244223816663
2009-05-01,0.2756713018048967,0.32308744714236426,0.2581778358259772
2009-05-04,0.2950537426669486,0.3139379355265233,0.2393988189493617
2009-05-05,0.2932728827738066,0.33100726957489657,0.30158517581797467
2009-05-06,0.2789158998886625,0.3211983176753887,0.2773721434847309
2009-05-07,0.2864076878791985,0.31850269808807397,0.27571620906052585
2009-05-08,0.2669782779694693,0.31355427897383786,0.2673357261734517
2009-05-11,0.2781710445238081,0.31695510637985563,0.28363626099325323
2009-05-12,0.27877992112887556,0.3159571181663218,0.28511313388326937
2009-05-13,0.2874421292146321,0.30654838185803074,0.2622256732101924
2009-05-14,0.2867816612316146,0.31330829280320555,0.2875388990849836
2009-05-15,0.28534107114857177,0.3055707440656308,0.2689889929821609
2009-05-18,0.2997068194957415,0.297970699315386,0.25204482998063177
2009-05-19,0.2517472275815929,0.3087434265994496,0.2888321428031476
2009-05-20,0.24814951503226185,0.29937462468988774,0.26507524233619584
2009-05-21,0.2536164224769613,0.29142715542496966,0.24687025724596323
2009-05-22,0.2527031795642777,0.2880949291734487,0.243738340642497
2009-05-25,0.2482804826456124,0.2794414158834316,0.25092134368036206
2009-05-26,0.25829182438840925,0.27092850462120216,0.23032976843206684
2009-05-27,0.2676683505371483,0.2804798263373664,0.26285933004419415
2009-05-28,0.262399561520659,0.28081298996156134,0.26549343499355527
2009-05-29,0.2678407512072071,0.27752893862491584,0.2580651777837335
2009-06-01,0.27769447252657936,0.27759590594705547,0.2603509651496211
2009-06-02,0.2556024633605588,0.28475853435631265,0.2807142769885597
2009-06-03,0.26010392847557,0.27610312657922337,0.25742524865301925
2009-06-04,0.25556274896562525,0.2722316926523139,0.24892284312023494
2009-06-05,0.24957902281102542,0.26643215976827966,0.23567485793385579
2009-06-08,0.2380288296909172,0.2583168783446078,0.21650842403253318
2009-06-09,0.22755017432334632,0.2509627607342628,0.2007648790050112
2009-06-10,0.2274444377544473,0.24411940908384283,0.1875348862261645
2009-06-11,0.20474786864756864,0.23688838188723674,0.17365042387534754
2009-06-12,0.2038234395030216,0.2303194931169065,0.16273361799498426
2009-06-15,0.22009658601783208,0.22355679418589489,0.15152826985473397
2009-06-16,0.20535865093735095,0.23476330380954682,0.20044935142329534
2009-06-17,0.20534056360036415,0.23372357867493748,0.20289298479502718
2009-06-18,0.2051080883248035,0.2266355943527464,0.1869203422459146
2009-06-19,0.19747786627413805,0.2215530587628886,0.17815018624241455
2009-06-22,0.22669593327307058,0.21527957553250704,0.16603053346324229
2009-06-23,0.22669445713153497,0.239957901440399,0.22835611084811383
2009-06-24,0.2104250045700947,0.23266778017749568,0.21026060347041287
2009-06-25,0.21315400051033973,0.22803392700881028,0.20075161402199934
2009-06-26,0.20875374991878895,0.23638744941180095,0.22706914078469562
2009-06-29,0.2022499848085446,0.22941073629632514,0.20964490479295653
2009-06-30,0.18492734436764968,0.22535532825088475,0.20144313879425615
2009-07-01,0.18572510754421562,0.2207618748291834,0.19230981115561235
2009-07-02,0.20392196486053824,0.2146366336415311,0.17930487948036275
2009-07-03,0.2000570797558014,0.23427153250979832,0.2367447472930152
2009-07-06,0.20001161124272465,0.2271346778627608,0.2178230433493078
2009-07-07,0.20885406425760747,0.22021567033296774,0.20064867382942447
2009-07-08,0.20701614438987354,0.22665796269924948,0.22031282688541357
2009-07-09,0.20777224749998052,0.21976902903585857,0.2029490542749295
2009-07-10,0.20603840801825662,0.21320609633968673,0.1875327438798988
2009-07-13,0.22614361065555788,0.20691877473141645,0.17381400105099393
2009-07-14,0.21431572722118372,0.2213207648818086,0.21774970165489818
2009-07-15,0.2322801404118196,0.2156980575515707,0.203522695290476
2009-07-16,0.2323613200099995,0.23727288068819372,0.25734857472286155
2009-07-17,0.2339068937299094,0.23012976366073265,0.23674992645003937
2009-07-20,0.23601803363061988,0.2271058453718344,0.22776775245086012
2009-07-21,0.2053452108470725,0.22398884622903617,0.21938338214005954
2009-07-22,0.20552370473710016,0.21790517998392955,0.209517117264187
2009-07-23,0.21482674025422327,0.21126847509789048,0.19343775302108893
2009-07-24,0.20500318352811694,0.22174312603938515,0.22234799286654428
2009-07-27,0.20398955543613959,0.2155746586815865,0.20658090782430955
2009-07-28,0.204517767791361,0.20932243519700106,0.1916004504154106
2009-07-29,0.20169776148804858,0.20376258382823453,0.17942311124133514
2009-07-30,0.2033526720221636,0.19778560794382405,0.1667916651630305
2009-07-31,0.17000849296247178,0.1959710149536448,0.1669783455062204
2009-08-03,0.17389752023830485,0.19008092386375186,0.15510227372088395
2009-08-04,0.17308377905011663,0.19496353292074642,0.17484386002972188
2009-08-05,0.15092575294672098,0.1892912382840061,0.16273531607876385
2009-08-06,0.15430704012054053,0.183866945006573,0.15203302838173247
2009-08-07,0.155373282538886,0.17940537265656975,0.14481244786896497
2009-08-10,0.15515422472469334,0.18116830366296446,0.15619830410209928
2009-08-11,0.1550518679491623,0.17583485859911788,0.14566720924461682
2009-08-12,0.15635500554474055,0.17733080854612063,0.15544204150835558
2009-08-13,0.13095646795602894,0.1768657720954556,0.15821057609134978
2009-08-14,0.13589758903384971,0.17401220246785098,0.15398263895977407
2009-08-17,0.1656183574716796,0.17135347993918765,0.15052929446999097
2009-08-18,0.1641460638145436,0.1923150445437639,0.20570130665352976
2009-08-19,0.16560860092074978,0.18897170391432608,0.19588987767711896
2009-08-20,0.16769154747086892,0.18634102679530515,0.18330556356669533
2009-08-21,0.16436767090038606,0.18500989669976742,0.18059773768285386
2009-08-24,0.1645044007851832,0.19461486335786873,0.20409167008635973
2009-08-25,0.16449286968983445,0.18868648904562105,0.1885781733319124
2009-08-26,0.162767498153443,0.18309397003519767,0.17488523054937777
2009-08-27,0.1617762075867646,0.17751658832249545,0.16208325246199715
2009-08-28,0.15959626517231468,0.17232636459998238,0.15109454019456814
2009-08-31,0.16421838025769198,0.16707829781494754,0.14057865419505333
2009-09-01,0.1750675702423688,0.16567580437420357,0.14172443630087334
2009-09-02,0.1752244212779562,0.18254690421229064,0.18843556926682933
2009-09-03,0.17749824481143842,0.17760150517482004,0.17586053027130086
2009-09-04,0.18256701207725895,0.17517583164037853,0.1704283226055872
2009-09-07,0.1772733428919604,0.178245848622492,0.17888765239660412
2009-09-08,0.1792310645990256,0.17281576200706691,0.16570806104278915
2009-09-09,0.1736825678320427,0.17084482878340984,0.16223952001166939
2009-09-10,0.17336858866458732,0.16828671716495175,0.1575211474360965
2009-09-11,0.1722043397858029,0.16788110799959027,0.15867009990003075
2009-09-14,0.1692341799846355,0.16276847290478613,0.1474179677767743
2009-09-15,0.1378769585228437,0.15893559389701065,0.140340367412945
2009-09-16,0.14288071756762327,0.15494479330733804,0.1332718183706442
2009-09-17,0.14281850765570542,0.16117964645693805,0.15392634753119225
2009-09-18,0.14080127771201323,0.15637711091111778,0.15105254495941395
2009-09-21,0.12824010032100605,0.15163350202046447,0.1406479827182873
2009-09-22,0.1287643774476684,0.14734373322944605,0.13209000715879107
2009-09-23,0.13375023993490048,0.1446289018696336,0.12832358592781828
2009-09-24,0.14075362977319414,0.1439304582653287,0.13012698138759735
2009-09-25,0.14240410168211007,0.1460451379873195,0.13867105215059627
2009-09-28,0.1540560797851878,0.14311487848412166,0.13334150520064308
2009-09-29,0.150288699543231,0.15496500496290552,0.1638173342796244
2009-09-30,0.12428877756812572,0.15070066208415725,0.1531991662613652
2009-10-01,0.15623689249430178,0.1468846414618799,0.14441208257343913
2009-10-02,0.15581137007574955,0.17270240366311546,0.20192758344808068
2009-10-05,0.15678025154539096,0.16842406498972165,0.18877895224306518
2009-10-06,0.16309981287041864,0.17316107724253438,0.19600550271222497
2009-10-07,0.161287042199726,0.17675976554952308,0.20033219314100092
2009-10-08,0.16127835640557253,0.17170695888248394,0.18597091908118699
2009-10-09,0.15912725761548674,0.16909706933438862,0.17816161072628606
2009-10-12,0.15926516665671217,0.1656406409881713,0.16908854178306382
2009-10-13,0.15924381400314,0.1613118965714714,0.15863865402541522
2009-10-14,0.1682849301901337,0.1565996675808053,0.14795622992957969
2009-10-15,0.16151742726263973,0.16570224823408183,0.17159529262030335
2009-10-16,0.1641355923522341,0.16128092410442674,0.1606687080375028
2009-10-19,0.16602769329073003,0.1590656609493672,0.15891124102266962
2009-10-20,0.16711441674257282,0.1575060553739286,0.15576266049856416
2009-10-21,0.16985175599246063,0.15409017451324145,0.14839117143138295
2009-10-22,0.16975567644291584,0.1534529597692186,0.14838493272378903
2009-10-23,0.17014984557573204,0.15388654917520866,0.15086737548938978
2009-10-26,0.1739437438657821,0.1557549670869672,0.15636350434458254
2009-10-27,0.16394894549678513,0.1568290482464381,0.15932305659762105
2009-10-28,0.17666157136524627,0.15309698417339362,0.15072647748727422
2009-10-29,0.19176652373416456,0.16592057632624857,0.18059862923825928
2009-10-30,0.1993794568817451,0.18080483729548164,0.20984808445217115
2009-11-02,0.19995619402402062,0.20928325847559887,0.2613990333738251
2009-11-03,0.19366844228859262,0.20489025042562348,0.24502596748401942
2009-11-04,0.18720445694398585,0.1990276969283223,0.22696185674775196
2009-11-05,0.19773086239437146,0.19322446062844456,0.210267148423513
2009-11-06,0.19620181556725172,0.2002983187530074,0.22273132398905715
2009-11-09,0.21014689761766808,0.19446285843562414,0.20643965268173822
2009-11-10,0.20989672442473506,0.20788268938339957,0.23338148193119485
2009-11-11,0.2101189802201969,0.20155099738778443,0.21556238391722066
2009-11-12,0.20532368721148914,0.19641337629779468,0.20161610492261295
2009-11-13,0.2058160102214464,0.19453205933620882,0.196292420581852
2009-11-16,0.20975605185562152,0.18976970077706237,0.18459714763626492
2009-11-17,0.20811028259036649,0.1923205488638034,0.1939370586971298
2009-11-18,0.20705035840883926,0.18651700756414022,0.17968115380543265
2009-11-19,0.20998981971041403,0.18085147424581452,0.16664157051163356
2009-11-20,0.20759073395936056,0.1826095594114705,0.1736102407208847
2009-11-23,0.20750835754549996,0.1775862858558821,0.16249865528871246
2009-11-24,0.20280776470595283,0.17903557476649168,0.16892590996165413
2009-11-25,0.2015357357490248,0.17368370465119792,0.15711541592382106
2009-11-26,0.18648085213342586,0.16894406670166834,0.1476598339490832
2009-11-27,0.185871438277313,0.16379734983593566,0.137610458425053
2009-11-30,0.14863572587846652,0.17110997859801874,0.1617843355632042
2009-12-01,0.15149624091460615,0.16641443998127162,0.15173128409801012
2009-12-02,0.15198867682955822,0.16827853974840878,0.15936042670885678
2009-12-03,0.15650418183009332,0.16316145759053033,0.14820988154048506
2009-12-04,0.14623273676540494,0.16110957992065533,0.14590793781858746
2009-12-07,0.14665329985582048,0.15776128461478486,0.14024323861551427
2009-12-08,0.13183760380871862,0.15307132544491334,0.13124279008551282
2009-12-09,0.13246608637518034,0.15462114418103665,0.13985854484202748
2009-12-10,0.13272234395175986,0.15061215034902284,0.1324789508963187
2009-12-11,0.12776214359050928,0.14764975100125602,0.12842845121195828
2009-12-14,0.12848439124738142,0.1440975160034761,0.12294510791622913
2009-12-15,0.12006500584960791,0.14219986778030835,0.12239375842584069
2009-12-16,0.1201129154470402,0.1390529786228232,0.13439941808071196
2009-12-17,0.1273059242740384,0.1349472727724874,0.1258877298427842
2009-12-18,0.1202098722547312,0.13902380504869896,0.13846075892814877
2009-12-21,0.12377683404095793,0.13656194024231363,0.1335684173730988
2009-12-22,0.11692358140377386,0.13811574093504345,0.13878492768903317
2009-12-23,0.11697484477550646,0.13463249713309058,0.13127301343882247
2009-12-24,0.11742177501907806,0.13075502273885048,0.1233146668741318
2009-12-25,0.11742177501907806,0.1280950299888883,0.11904228581664932
2009-12-28,0.09959619118596878,0.1241927393424549,0.11179663495880544
2009-12-29,0.0999084494602715,0.12069418934851103,0.10610816919065834
2009-12-30,0.09176967734814295,0.11714767185010716,0.10063814872423062
2009-12-31,0.0985899526991939,0.11358726974371906,0.09545182900619469
2010-01-01,0.09401981183835949,0.1163374312798882,0.10772885609774156
2010-01-04,0.10826604051291748,0.11279332445581408,0.10171559260058205
2010-01-05,0.10788403361047705,0.12741720126550593,0.13957586615981293
2010-01-06,0.09778298921013487,0.12396260995758918,0.13117023687278817
2010-01-07,0.09790360149680742,0.1202173978484065,0.12272842212809018
2010-01-08,0.09716215525624489,0.11770032224134389,0.11783718016360115
2010-01-11,0.09680492550589401,0.11484361290376345,0.11250230794230684
2010-01-12,0.10228254760827699,0.11147711698474895,0.10629297848083087
2010-01-13,0.10316920502115409,0.11405662826341166,0.11511742994060357
2010-01-14,0.10323391936220298,0.11531672943368855,0.11925227740887306
2010-01-15,0.1019155571694418,0.11229578564913141,0.1131106173311578
2010-01-18,0.10105618998010324,0.11738854115561592,0.12621595742852848
2010-01-19,0.1038228445288671,0.1138124132903134,0.11816684310199259
2010-01-20,0.11119763426851417,0.12044773104593243,0.1337054562544176
2010-01-21,0.1314656217927442,0.12335564230888603,0.13914933358750986
2010-01-22,0.15128351869563153,0.14143446077214236,0.17446327710830833
2010-01-25,0.15291068780483835,0.16275148053771712,0.21083722565935717
2010-01-26,0.15276561088250487,0.15904175750399005,0.19699844618008328
2010-01-27,0.15427309471749498,0.155058941675645,0.18376972978694409
2010-01-28,0.15834013149317827,0.15146360832284594,0.17241375571946427
2010-01-29,0.15921155574881118,0.15355064317181014,0.17414592289969444
2010-02-01,0.16997459931413236,0.1548189205354814,0.17417051730846797
2010-02-02,0.1643591434414842,0.16165162787199064,0.18607516939437854
2010-02-03,0.16420557801449343,0.16356002411542783,0.1866801229641362
2010-02-04,0.19343558374233472,0.1597625374121417,0.17526460155604573
2010-02-05,0.1925471543211025,0.19711599865923654,0.24861549898595153
2010-02-08,0.19148024569564692,0.19127957125717243,0.2292686111321423
2010-02-09,0.198941624204789,0.18758021552104945,0.21576851004658779
2010-02-10,0.197709395090868,0.188231150697368,0.21271509743057881
2010-02-11,0.19926340948462665,0.1826560235607884,0.19664693531654892
2010-02-12,0.19841402470227962,0.18166025454701748,0.1907563401443564
2010-02-15,0.19627468926984515,0.1761559051469676,0.17618234154208004
2010-02-16,0.20590170779800437,0.17078948662917925,0.1629410713946645
2010-02-17,0.20093861009877986,0.1763644195254201,0.17851898053262752
2010-02-18,0.20040736274424784,0.17197683676206485,0.1675502920507718
2010-02-19,0.18940377209847947,0.16829679203691397,0.15924155319589972
2010-02-22,0.1711654773979003,0.1633686248714153,0.14820788998749446
2010-02-23,0.17617332497159943,0.15839329685465106,0.1377495481003182
2010-02-24,0.17820811161442776,0.16074990957721713,0.1484293446421879
2010-02-25,0.17769513745539886,0.1598670912200503,0.14881854830608965
2010-02-26,0.17234530440648546,0.15508635239592114,0.1385403140715724
2010-03-01,0.1696082280764516,0.1503818903366447,0.12912877830364852
2010-03-02,0.1624518856247041,0.15123402211974654,0.1361145892553224
2010-03-03,0.157739817997299,0.1470209505021423,0.12801531181198897
2010-03-04,0.15645466539021008,0.14258417840618826,0.11977768671991326
2010-03-05,0.10957063566046583,0.13873928398571353,0.11381109871635281
2010-03-08,0.11004929312899128,0.14539366830501668,0.13763437497710448
2010-03-09,0.10344063803108314,0.14096602557557156,0.12826389509841674
2010-03-10,0.09847637648149014,0.13682427563379954,0.12030410974550583
2010-03-11,0.09660366282360873,0.13377754993288998,0.11599030089256249
2010-03-12,0.09403783317996947,0.13071010779884915,0.11186327837524665
2010-03-15,0.09353381848395753,0.1267286014489648,0.12202177017268206
2010-03-16,0.09417624138189751,0.12287207192840427,0.11420990639649639
2010-03-17,0.08396589925740747,0.12305948864999167,0.11771847891739982
2010-03-18,0.08463836495439925,0.12150348128407615,0.11613600053705561
2010-03-19,0.08812059337922803,0.11781881618297045,0.10901763754786246
2010-03-22,0.08872645067028984,0.11592165546280185,0.10725467695556895
2010-03-23,0.08964888991226648,0.11428652478233448,0.10623635722895755
2010-03-24,0.0768297216124188,0.11410704564979654,0.10898687945338989
2010-03-25,0.07527530515756461,0.11223745236485662,0.10686656438722114
2010-03-26,0.07481553546666893,0.1090020820006,0.10126210078486869
2010-03-29,0.07545654345629342,0.10570724534454094,0.09590622778768323
2010-03-30,0.07081454159217142,0.10539895080033466,0.09900191221719944
2010-03-31,0.07368274230921183,0.10222251680502803,0.09394306996903938
2010-04-01,0.07520757309585052,0.09999331784581213,0.0918205444378771
2010-04-02,0.07565654500753696,0.1005027975429841,0.09696448414066544
2010-04-05,0.06595701310243711,0.09744107745262306,0.09206351738269167
2010-04-06,0.0656118780195548,0.09960487714338115,0.10082443827489665
2010-04-07,0.07106344662144012,0.09700370469780419,0.09653028828427253
2010-04-08,0.07068004967828517,0.0966507361932658,0.0981412395173348
2010-04-09,0.0721724386640394,0.09466622790141388,0.09546421053707754
2010-04-12,0.0718952315240202,0.09524643969322008,0.09917696838475314
2010-04-13,0.07177130751019367,0.09255100406232808,0.09622404842192768
2010-04-14,0.07609874031301081,0.0897790874707025,0.09128348962020448
2010-04-15,0.07493091996224097,0.09748029828100128,0.11167523367612736
2010-04-16,0.09716024664356329,0.09456504535825491,0.10483205706843973
2010-04-19,0.0948439299827455,0.11088792170124745,0.1403206202878416
2010-04-20,0.09739904585525494,0.10850086717972346,0.13218112132881601
2010-04-21,0.09615415917144267,0.11073160866764399,0.13472272552157127
2010-04-22,0.09362209035136522,0.10759181020626775,0.12562359068125611
2010-04-23,0.09424635643101356,0.10495552905211106,0.11849056195996248
2010-04-26,0.0960076253812927,0.1048563540830528,0.11788166204678686
2010-04-27,0.12976129781658635,0.10272109854450312,0.11266588960700971
2010-04-28,0.13207536469708145,0.13630986863667963,0.1824872048306077
2010-04-29,0.13691508485238432,0.13539335472259362,0.17429557046173047
2010-04-30,0.14978922780814252,0.1397393627035382,0.17782734747390577
2010-05-03,0.15586931206056265,0.15093278363768822,0.1951832739157598
2010-05-04,0.17552455901817557,0.15466650803769585,0.19631199896273602
2010-05-05,0.17618786787123664,0.17620421679626985,0.23320979273258305
2010-05-06,0.20952013852297474,0.17240852262873446,0.21669406074833256
2010-05-07,0.2129234247207419,0.21258429762561742,0.2890727426897187
2010-05-10,0.2650744445659488,0.21418815385680173,0.27991962452584845
2010-05-11,0.2648959667799245,0.2668509334559784,0.37040926315360617
2010-05-12,0.2702093475391261,0.25895797051458974,0.2960909838326443
2010-05-13,0.2691973852122268,0.25681178318975595,0.283119510868121
2010-05-14,0.27466535253101154,0.2536944553853132,0.26926182200189114
2010-05-17,0.270720449149693,0.25602059722820036,0.27178506776341826
2010-05-18,0.2726169602861409,0.24822962310329877,0.24642169426420582
2010-05-19,0.2692361077705912,0.24648948988982214,0.24095447520064944
2010-05-20,0.2947123492786773,0.24000966219165154,0.22197899345892158
2010-05-21,0.30149865305849605,0.27667593317920486,0.3225770880868402
2010-05-24,0.29971434616184794,0.27410380160819636,0.30690380608417905
2010-05-25,0.3005941202606907,0.27045625030901477,0.29040047884297526
2010-05-26,0.2931636092017106,0.26224709858172257,0.263154477016806
2010-05-27,0.31870352729075085,0.2553428429383524,0.24192337283162973
2010-05-28,0.3147237401110171,0.27875270358509285,0.30765089527236544
2010-05-31,0.31183093135467405,0.27468592947870213,0.2905059286157819
2010-06-01,0.3086685601956156,0.2663178894899173,0.2631643617146792
2010-06-02,0.3188855484067078,0.266500032284099,0.2631897996511861
2010-06-03,0.31944832503052706,0.2770414600884187,0.2919137698585005
2010-06-04,0.3219656906888685,0.2689342722289661,0.26537940536906485
2010-06-07,0.32088997861770335,0.295519068185058,0.33554098883336614
2010-06-08,0.2798059274172354,0.290628532330727,0.3143969236455425
2010-06-09,0.27980160371321927,0.2848043625878684,0.29297708214095897
2010-06-10,0.29625098961845525,0.27691358482958367,0.2793090517146491
2010-06-11,0.2956928107258802,0.29091643541824447,0.3151907681524987
2010-06-14,0.2901947787215029,0.28268209333053945,0.2874444329231278
2010-06-15,0.3021965578662566,0.2741368303247965,0.26099765380630036
2010-06-16,0.2985471479958931,0.27979454205115334,0.2785124880650866
2010-06-17,0.29791678023405554,0.2712744329098051,0.25279920078080104
2010-06-18,0.26267971237293986,0.26308449600924655,0.22997215007541036
2010-06-21,0.25917507451245503,0.2551046879805702,0.2094150577107264
2010-06-22,0.26205252241755517,0.2475844477839124,0.1918280463545476
2010-06-23,0.2624465242807354,0.2486237562055056,0.20597365941182819
2010-06-24,0.26850377388760355,0.24135235067244315,0.18892999516317194
2010-06-25,0.2416255550700811,0.24285291773164427,0.20397316054737086
2010-06-28,0.23810002256608823,0.23601503156037568,0.18803492193236218
2010-06-29,0.2608344127236918,0.22915398457682942,0.17306773225262242
2010-06-30,0.256730812877544,0.2534412361338604,0.25825332899737796
2010-07-01,0.2366023891077725,0.24850827755641577,0.24269031029121796
2010-07-02,0.2354818786182941,0.2415626897619895,0.2225815132522473
2010-07-05,0.20443158319475047,0.23516580210923263,0.20577603975864225
2010-07-06,0.20257687939766048,0.2280017044076163,0.18767047572222648
2010-07-07,0.2279766804650443,0.22251153629390535,0.17670471903269733
2010-07-08,0.2295541113409487,0.2471449145778922,0.2584638111449266
2010-07-09,0.20747704225564403,0.2426555181441772,0.23648562012171118
2010-07-12,0.20667498672890358,0.23703427080855044,0.2207849511401686
2010-07-13,0.21343060526579893,0.2298270794189441,0.2015004821588137
2010-07-14,0.19759408901547268,0.23030893647821898,0.20787543834803057
2010-07-15,0.19762331365330188,0.22329307896152092,0.18989623139758502
2010-07-16,0.21854297529433342,0.21649328078012056,0.17382659200001957
2010-07-19,0.22007032330212303,0.23631380219454998,0.24023189242401433
2010-07-20,0.22454564921492806,0.23025633582502997,0.2221526803077665
2010-07-21,0.22178701618530927,0.2273247756964506,0.21475137861921503
2010-07-22,0.23563926636292837,0.22619502238250766,0.21336358268084832
2010-07-23,0.2291268681549729,0.23550716083924142,0.24110329725849733
2010-07-26,0.2310956603829403,0.23079180288765141,0.22660651525079065
2010-07-27,0.2305435340800178,0.22735956296404652,0.21716410958753907
2010-07-28,0.1995445475400355,0.22043354706340454,0.19821391883462616
2010-07-29,0.19650156446882464,0.21519654582010941,0.1859798367348949
2010-07-30,0.19496231154299498,0.20950349675350272,0.1731957491754037
2010-08-02,0.20273169244847566,0.2031223932237211,0.15892062610657778
2010-08-03,0.20479992881964504,0.215225155347242,0.20499267413205516
2010-08-04,0.20481652548082596,0.20950161519781274,0.18984477091363786
2010-08-05,0.18120392503850385,0.20476401958164003,0.1789794393553316
2010-08-06,0.1809321452839512,0.19856910762046945,0.16421535020139522
2010-08-09,0.18031850283973158,0.19317376956089577,0.17600043332760443
2010-08-10,0.1821755329689035,0.18842972539932548,0.16504835154506584
2010-08-11,0.2025369476176887,0.18389811124207317,0.15563871294073617
2010-08-12,0.20359677080750987,0.20848504974641294,0.22843625531361153
2010-08-13,0.20375954218865724,0.203543138534961,0.2120938123502331
2010-08-16,0.17793229137046224,0.19767542878160171,0.19467837096716972
2010-08-17,0.1815616404602425,0.19166186096220586,0.17819832406100217
2010-08-18,0.1779240335419195,0.191793143478473,0.18117307430266802
2010-08-19,0.18284770058602118,0.18608549215907108,0.1665174525967184
2010-08-20,0.1651346580023469,0.1928914575584644,0.1898328733030788
2010-08-23,0.1617198643452528,0.18744152236763895,0.17508163265711504
2010-08-24,0.1622178800810508,0.1823376043679228,0.16252340339700802
2010-08-25,0.1635821132347805,0.18610062552465031,0.177497565388231
2010-08-26,0.1636614581549548,0.18106025804010165,0.16470866812290444
2010-08-27,0.174572976336279,0.17748131683982585,0.15742828593251545
2010-08-30,0.18025893967966594,0.18215983990605336,0.17518417281811563
2010-08-31,0.1570945081112066,0.18552436078917162,0.18598203699239188
2010-09-01,0.19349343591291804,0.17987254137154138,0.17040191352779968
2010-09-02,0.1951047852701463,0.2086786853164634,0.2450913513342263
2010-09-03,0.20138188366411527,0.2055069499494657,0.23110224491940767
2010-09-06,0.20104814979188212,0.20545224880623292,0.2263642251976027
2010-09-07,0.20309426652026827,0.19919334563977265,0.1994180034981986
2010-09-08,0.2045751747566077,0.1980920506597786,0.19645066506672074
2010-09-09,0.18012741497698465,0.19397572988193515,0.18558693733323706
2010-09-10,0.17893144096736627,0.18891828246552117,0.1729583878167758
2010-09-13,0.18137059782039064,0.1842070140613422,0.1623299666612566
2010-09-14,0.18139751486580186,0.1837017118312257,0.1652209521044429
2010-09-15,0.17767286381933625,0.17812178593691794,0.15230426095270894
2010-09-16,0.1777712239722288,0.17332962865363652,0.14277424089425647
2010-09-17,0.16401665007440075,0.16805248199650985,0.13225266679072767
2010-09-20,0.16859125788299867,0.16293940263073897,0.12292507449301635
2010-09-21,0.16776847822678792,0.1686357432231782,0.14953343095174107
2010-09-22,0.15736110143453344,0.16368629358853434,0.13884405504119918
2010-09-23,0.1626017215020275,0.15985107689570904,0.13246589944539755
2010-09-24,0.16895976692215586,0.1581839170944353,0.1334391052296727
2010-09-27,0.16690487347026536,0.17268755208509057,0.1789964037071547
2010-09-28,0.15346567474462205,0.1684647471618833,0.16735808688693093
2010-09-29,0.1542005730359985,0.16389686148000357,0.1557406418920543
2010-09-30,0.12557121819086262,0.1590487929198131,0.14421285230053457
2010-10-01,0.12342896739352248,0.1546367964369053,0.13484103613551945
2010-10-04,0.12190827124328332,0.15081159836125757,0.12798153621090516
2010-10-05,0.13744898389586419,0.14912168256973696,0.12829671791736252
2010-10-06,0.12849964700863387,0.16404245640159562,0.16458995091609102
2010-10-07,0.1283873850222672,0.15904541809590556,0.15175828059935678
2010-10-08,0.12863021011154258,0.15427164304271143,0.14050792458543396
2010-10-11,0.12843777637962472,0.15114462357750102,0.13496051143761037
2010-10-12,0.12458426093148146,0.1465860950248997,0.12550171460493934
2010-10-13,0.12570540855524245,0.1426246393342595,0.11857973345424058
2010-10-14,0.12747009502996826,0.14152273126244033,0.12112246159416391
2010-10-15,0.1271891049619614,0.1380504912643933,0.1157590228842647
2010-10-18,0.12735220149326043,0.13408003413435418,0.10914572997447695
2010-10-19,0.12936458124553496,0.1313931100856336,0.10714182454501399
2010-10-20,0.13222760057384247,0.1373287054250539,0.13061324517367465
2010-10-21,0.13008503192740697,0.13840441999935424,0.13604001888087547
2010-10-22,0.12482549106954152,0.13446131417288068,0.12707826084789098
2010-10-25,0.10639707551790968,0.13056561436245037,0.1189547919805838
2010-10-26,0.10400537578086119,0.127107815046636,0.11274519466974658
2010-10-27,0.10504423684516978,0.12323734134951886,0.10574136970702037
2010-10-28,0.10450315497628362,0.12000234477781417,0.10121703351800908
2010-10-29,0.10323289414295804,0.1163484454878098,0.0956470735088155
2010-11-01,0.10296208609478923,0.11284265970980148,0.09091959780735827
2010-11-02,0.09953348353293986,0.10941291057398086,0.08672446536633718
2010-11-03,0.07674015334269053,0.110436975158336,0.09682438509426798
2010-11-04,0.09742273452745545,0.10820177457067709,0.10505672088391511
2010-11-05,0.0965625152859606,0.12847806614512905,0.15616402257167894
2010-11-08,0.09723328787157025,0.12541704537872667,0.14590282555895437
2010-11-09,0.10269064916346388,0.12181497350588923,0.1353505250482768
2010-11-10,0.10286874453082719,0.12138579400392617,0.13353669000556057
2010-11-11,0.10253964764958898,0.11872199119104802,0.12646404523175292
2010-11-12,0.11121383040352006,0.11603718788544982,0.12003085934714648
2010-11-15,0.11148886034896305,0.12165921622153995,0.13502445040476432
2010-11-16,0.12434534142976868,0.1180813929058417,0.12550646649170097
2010-11-17,0.11478986435527434,0.1297476020290878,0.15343521964453544
2010-11-18,0.12077992105157603,0.12581044380628706,0.1415569581861038
2010-11-19,0.12087198355378263,0.1345608383370679,0.16040836926312668
2010-11-22,0.12095169022183433,0.13089800720065062,0.14874956111865895
2010-11-23,0.13167787211115586,0.1269514746881129,0.13745624687573618
2010-11-24,0.1412779201627157,0.13551776853010505,0.15734867286181706
2010-11-25,0.14074173990500416,0.1432318929604922,0.1722419799776289
2010-11-26,0.14720791346851694,0.13886847248883794,0.1582801773109005
2010-11-29,0.14753298085242283,0.1421362710869612,0.16365016493701623
2010-11-30,0.14894343005533298,0.13830745893241334,0.1518317649916504
2010-12-01,0.16395089957781603,0.1358746923121088,0.14458146882278833
2010-12-02,0.16893422571072195,0.15508241165408876,0.18882922543255268
2010-12-03,0.15590864854975947,0.1582932497171427,0.1717433229052111
2010-12-06,0.15543400360752851,0.15382680345153066,0.15903366181636872
2010-12-07,0.1552898224582701,0.14919740901054673,0.14692843027071018
2010-12-08,0.15336706991046337,0.14466924122232405,0.13603949594505652
2010-12-09,0.1533304757762873,0.14098094822331028,0.1283996359927858
2010-12-10,0.15344225164597458,0.13751894918593674,0.12203088455738553
2010-12-13,0.14601632207337373,0.1352240655539886,0.11963641620173678
2010-12-14,0.14561551717165983,0.13112838061406323,0.11189195068938709
2010-12-15,0.1333481422659322,0.12718001689405586,0.10515659205251719
2010-12-16,0.13368933540502695,0.12458659649129745,0.10322416585299769
2010-12-17,0.1263723323978939,0.12286802619763111,0.10400712683488544
2010-12-20,0.12635072942329253,0.1191976910623293,0.0983398452088346
2010-12-21,0.1268122091786817,0.1159459177146843,0.09439929377590033
2010-12-22,0.11101925842442885,0.1150689834369046,0.09817407323272251
2010-12-23,0.10366618397292865,0.11221514607383326,0.09505931497632303
2010-12-24,0.10366618397292865,0.10893903679412761,0.09077384394414995
2010-12-27,0.09064298347473912,0.10562031487064576,0.08661927911659482
2010-12-28,0.09078744440577187,0.10241437019733954,0.08308018311062225
2010-12-29,0.08584131174909009,0.09945038592779702,0.08051543916993094
2010-12-30,0.05750891937284051,0.09646081371812083,0.07795058322976568
2010-12-31,0.04271112690824126,0.09372628063437674,0.07629854357737044
2011-01-03,0.052433218135025175,0.09087573915182617,0.09064034767536672
2011-01-04,0.052108750138450025,0.09675840771135735,0.1083003630890579
2011-01-05,0.05311221145531056,0.09383521801497263,0.10165225431294873
2011-01-06,0.05455454837043226,0.09318319778308407,0.1013262346241239
2011-01-07,0.0555072402575852,0.09066551400663464,0.09633410551481013
2011-01-10,0.05403577745942568,0.08823473297888258,0.09205149139484577
2011-01-11,0.054589406335951544,0.08568677751850251,0.08787084988066214
2011-01-12,0.06062474031322089,0.08420745737618233,0.08688082155476552
2011-01-13,0.05754446533128267,0.08880226928958249,0.10083755060021597
2011-01-14,0.0589729639826322,0.08633124996666951,0.09566589946374478
2011-01-17,0.05928509799195223,0.08828261947922242,0.10159857157917586
2011-01-18,0.0592557788518842,0.08559317524187539,0.09575935418406675
2011-01-19,0.06947013351447905,0.08324846723820707,0.09134483647250775
2011-01-20,0.06953340227472385,0.0893459190743664,0.10715793327544017
2011-01-21,0.06917368434236311,0.08677744439439136,0.10094897116863882
2011-01-24,0.07086894388235782,0.0845922442166305,0.09627726742461355
2011-01-25,0.07084729425294065,0.08492738981674022,0.09803161692871828
2011-01-26,0.07139609343720368,0.08236715068923892,0.09273135738636588
2011-01-27,0.07143219485240848,0.08125858483679728,0.09145604054455372
2011-01-28,0.09715522651980704,0.07936406007690192,0.08839512950497225
2011-01-31,0.09988081085111974,0.10302235577285325,0.14030156031574112
2011-02-01,0.10792596758673015,0.10404189170278759,0.12232256708951436
2011-02-02,0.1083330585823872,0.11827480020171664,0.15200706341732598
2011-02-03,0.10747664278632107,0.11491290618656431,0.1407525473189779
2011-02-04,0.1070049142572603,0.11174608418914521,0.13100660866193406
2011-02-07,0.1075384387389551,0.10889726744618718,0.12294440751144481
2011-02-08,0.10735147850104336,0.10832618879172869,0.12114407086289196
2011-02-09,0.10821799760942494,0.10649697045969322,0.11654640902944507
2011-02-10,0.10505467474942429,0.1036277644069517,0.10985706893298244
2011-02-11,0.1056110578475922,0.10048158860380062,0.10309116624125277
2011-02-14,0.10375659786042099,0.10013239445222194,0.1042227348941928
2011-02-15,0.10489807145081333,0.09752984928197699,0.0993229427308093
2011-02-16,0.1062916589248259,0.09534983191093803,0.09599618888082777
2011-02-17,0.09788306612874109,0.09563148332059583,0.09936650706147342
2011-02-18,0.09705449596655581,0.09344121503429713,0.0958169342086309
2011-02-21,0.09739301762662053,0.09095606217968812,0.09181709616142658
2011-02-22,0.12375163189710062,0.08818517410767626,0.08741584525287707
2011-02-23,0.1262174676660741,0.11629551816499654,0.15321551771414388
2011-02-24,0.12575357623407535,0.11527175415820645,0.14659394732160078
2011-02-25,0.13049090087323004,0.1117920299220647,0.1354959727222957
2011-02-28,0.1129106280975817,0.11600875499520522,0.1425172176443554
2011-03-01,0.1283116930958209,0.11501094544838392,0.13749418193656635
2011-03-02,0.11625774111045743,0.12925970150609326,0.14664411637884137
2011-03-03,0.12979306411869984,0.12559690571495227,0.13631205890711728
2011-03-04,0.13305546976935967,0.13870027982265926,0.16593423033933816
2011-03-07,0.13594914589621349,0.1376177145164249,0.1599627225107318
2011-03-08,0.1376185060035312,0.1369001410573893,0.1555969283609775
2011-03-09,0.136810611970548,0.13698419355855032,0.15370027725816315
2011-03-10,0.15119612156780213,0.1329280698777275,0.14220374103740427
2011-03-11,0.15353256653901115,0.14793617962535294,0.17648245455883027
2011-03-14,0.1527720771811135,0.1459185736952269,0.16793106493991172
2011-03-15,0.15631646087017553,0.1434198186432958,0.1592144440469987
2011-03-16,0.16694673571654456,0.1460917798755617,0.1637340032055418
2011-03-17,0.17307568390488046,0.1591902806147691,0.1912186412109197
2011-03-18,0.17333335998750907,0.16258775205976678,0.19391388863304426
2011-03-21,0.18326224500878638,0.15826555729914468,0.1792752428399268
2011-03-22,0.1832943494097848,0.16468468373449785,0.19101351741827935
2011-03-23,0.17082824687581008,0.16023823179809416,0.17657582729750684
2011-03-24,0.17299797928798077,0.15575359809279396,0.16330038039144248
2011-03-25,0.1732511295131819,0.15547793514975594,0.1619325128145857
2011-03-28,0.169337963762322,0.1512076979958283,0.15047359785914768
2011-03-29,0.16959663478105655,0.14690808575525668,0.13989374302854574
2011-03-30,0.16004363460178814,0.14479300188019778,0.13632905988106248
2011-03-31,0.1601530715532523,0.14290664722921298,0.14644878508182108
2011-04-01,0.14942303745806856,0.13865354402248425,0.135725443902481
2011-04-04,0.14684024435403423,0.13542492033087844,0.1287210595717312
2011-04-05,0.14369518869650358,0.13133859048893107,0.11988523657200856
2011-04-06,0.14113307837669548,0.1273388221265943,0.11199899337847849
2011-04-07,0.1413868879363318,0.12406463592957387,0.10693276023717631
2011-04-08,0.12409088476604115,0.12069209977715299,0.10192642483855748
2011-04-11,0.12316621581857944,0.11778485121618926,0.09872884472860118
2011-04-12,0.12427644760568907,0.11479682646586249,0.09543362866984498
2011-04-13,0.11612172812094222,0.1150594256180648,0.10223553765184597
2011-04-14,0.09079386516016481,0.11155463963846561,0.09657143933902301
2011-04-15,0.08187822590820298,0.10819664999468964,0.0917860103405713
2011-04-18,0.09305790680236516,0.1058519749505352,0.09048431452908907
2011-04-19,0.07929941032296181,0.11159483694813953,0.11180419018953881
2011-04-20,0.08959360860075023,0.11046385288010169,0.1109326629723493
2011-04-21,0.09038979248798469,0.11934034891084684,0.13457070181255537
2011-04-22,0.08562580816832446,0.11738926959598235,0.12898832391932977
2011-04-25,0.08558753209132951,0.11381311953945175,0.12000824070799218
2011-04-26,0.08870796647539379,0.11042098419991173,0.11229655895123726
2011-04-27,0.08856730824339666,0.11212137415211883,0.11834250295202463
2011-04-28,0.08658377566058253,0.11161175977523138,0.11797728943078427
2011-04-29,0.08616456370532007,0.10894176748785081,0.11317629548366297
2011-05-02,0.08606801370480625,0.10601686669440924,0.10703431480971579
2011-05-03,0.08759072174541567,0.10296154289115052,0.10111578078280978
2011-05-04,0.0913646619120699,0.10080363470817603,0.09818703373253265
2011-05-05,0.09668504929706548,0.10109864843654447,0.1020434639081776
2011-05-06,0.09739082402514428,0.10419611657145098,0.11214741035442596
2011-05-09,0.09712297128527965,0.10246422957055544,0.10872901378214721
2011-05-10,0.09978456329124918,0.10047465602959692,0.10500673096505908
2011-05-11,0.10366491916269774,0.10286774808597297,0.11253677643026573
2011-05-12,0.10434206130991917,0.10788624444501511,0.12486332531030357
2011-05-13,0.10893217486967371,0.10621756609046817,0.12005523150087886
2011-05-16,0.11123495517803332,0.10727780151984721,0.12221127085962748
2011-05-17,0.1028721531346905,0.10691099359059686,0.12080142239752781
2011-05-18,0.10528654208704032,0.10365569808354863,0.11267850226179124
2011-05-19,0.09528563989923013,0.10628511511519097,0.11960983762997104
2011-05-20,0.09816498449235357,0.10346150569137838,0.112637788354515
2011-05-23,0.10607766520104188,0.10499518636620793,0.11695597252173008
2011-05-24,0.10606931757749084,0.11145079954876205,0.13186405988422276
2011-05-25,0.10182773889899908,0.10810413933853696,0.12251485588820167
2011-05-26,0.1002906999698856,0.10560724373126759,0.11610100132956955
2011-05-27,0.10062069054727465,0.10393856438292329,0.1123786201022527
2011-05-30,0.09998699035237432,0.1018652621882387,0.11282098550457356
2011-05-31,0.10743871588582242,0.0987620359360716,0.10569502231053977
2011-06-01,0.1320581387938212,0.10387805728013882,0.11898539532322441
2011-06-02,0.13065476552015734,0.13396319432814272,0.18122204668958064
2011-06-03,0.13138706196905994,0.12994778243960453,0.16639147746742827
2011-06-06,0.13368518717247813,0.13184676269154214,0.1654923210430145
2011-06-07,0.13215466943517876,0.13435573361895237,0.16634394720315415
2011-06-08,0.12654651955472523,0.13028504727311674,0.15304282260242977
2011-06-09,0.1279208517781338,0.1273655144084609,0.14362286507412877
2011-06-10,0.13221456251343502,0.12697417088757912,0.14119236753353764
2011-06-13,0.13143112714171007,0.13461772494139507,0.15769369639465314
2011-06-14,0.14019163911060029,0.1305522748106037,0.14538189423087455
2011-06-15,0.1512993265197429,0.1357358295755855,0.15610575991004058
2011-06-16,0.146794351215432,0.14895656748539932,0.18301940105945794
2011-06-17,0.1470642300988799,0.14467227870186555,0.16843384144388246
2011-06-20,0.14795084230985758,0.14074273303080925,0.15598863366480423
2011-06-21,0.15279774127968773,0.1378902950067015,0.14733615568577463
2011-06-22,0.15391047749670614,0.14378494423100682,0.16088418382530062
2011-06-23,0.15323010992735764,0.1413715413922359,0.15295326557913178
2011-06-24,0.15574717006186992,0.13752156153111356,0.14225030579272246
2011-06-27,0.15908339019847623,0.14085693624773765,0.150794180018338
2011-06-28,0.16706901112881875,0.1408553187664184,0.1513907119376889
2011-06-29,0.16559119278678733,0.14557764190557593,0.16188652498712874
2011-06-30,0.1498735893200329,0.14498546151677574,0.15848298136073347
2011-07-01,0.15780549382321998,0.14535841615317616,0.15789667244822678
2011-07-04,0.15273170645381598,0.1520338786366917,0.17238688444232628
2011-07-05,0.1465664774162621,0.1474023142223938,0.15846208163350298
2011-07-06,0.14629780282215302,0.1429475631623267,0.146158010754714
2011-07-07,0.14712896661147504,0.13867072744874964,0.13535505640956594
2011-07-08,0.1498132165453032,0.14030904750542073,0.14140603285298936
2011-07-11,0.15612029119714574,0.13882114124613568,0.13839293574932715
2011-07-12,0.1575537229599488,0.15214696263422703,0.17219405807736968
2011-07-13,0.15258617194860388,0.14846925104430972,0.16061953175415408
2011-07-14,0.13941251668414956,0.14453215668295638,0.1494742674321897
2011-07-15,0.1401334586385753,0.1426939463170946,0.1448082363248027
2011-07-18,0.14431679171968295,0.14016548973762905,0.13881802259661752
2011-07-19,0.1527369041956571,0.13961711433095222,0.13870349441559268
2011-07-20,0.14675341586610574,0.14914199329522063,0.16371164037412078
2011-07-21,0.15050291022705975,0.14461755176747026,0.15078326878263754
2011-07-22,0.14952021101371749,0.1500961526171313,0.16405078562167758
2011-07-25,0.14373132698887603,0.1455468443521372,0.15109590501849585
2011-07-26,0.14340054691502757,0.142776050304844,0.14389187058096972
2011-07-27,0.15755700930922809,0.13918959456676364,0.14236484379641226
2011-07-28,0.15505119755114158,0.15710683805415013,0.1850022800128495
2011-07-29,0.15249924685355007,0.15274157562305932,0.17078683565124336
2011-08-01,0.1417746051996296,0.15047035422384433,0.16289816131863452
2011-08-02,0.16407853093763416,0.14682459960667552,0.15244772277457688
2011-08-03,0.1665644969367997,0.1743296425708335,0.21489160542279712
2011-08-04,0.22760723152780402,0.17032016244252135,0.19947032196647282
2011-08-05,0.22107889168355402,0.2491322591587116,0.35208573460283077
2011-08-08,0.30747871459909776,0.24161291914325508,0.32021581500283
2011-08-09,0.35735284726450683,0.3513398057461614,0.5131500774529456
2011-08-10,0.38273300169304,0.38375415245480776,0.5459497053850707
2011-08-11,0.4210642725164251,0.4114593373806812,0.5706175801832368
2011-08-12,0.42314831728321733,0.4339210663406482,0.5862766407505798
2011-08-15,0.4311546140054568,0.42151050753616265,0.5333815238902901
2011-08-16,0.4311965996701731,0.4167053358212021,0.5013997045304246
2011-08-17,0.4253166106279548,0.4053846480477114,0.45813257726664025
2011-08-18,0.4459038727621298,0.3930436054932113,0.4158746553153382
2011-08-19,0.4404199950120439,0.41783713666259925,0.46806443267501147
2011-08-22,0.4404540420416378,0.4101361454196875,0.43720541148414244
2011-08-23,0.46262797569466857,0.3976538650937713,0.39697435708408324
2011-08-24,0.46806585003168677,0.40557913811821517,0.4138766496037347
2011-08-25,0.46628912532733563,0.3969665795699513,0.4076530254010176
2011-08-26,0.47135809081835944,0.3894809365028479,0.38071863584728954
2011-08-29,0.484900072215197,0.3817612654990313,0.3558609041427469
2011-08-30,0.48526730669837653,0.38617772004557954,0.3720987904069931
2011-08-31,0.478334471240397,0.3745531778535583,0.3353131246456792
2011-09-01,0.47872283252373254,0.3635508132704309,0.30344974516841
2011-09-02,0.45765301462723196,0.35484532345354874,0.2824782386061637
2011-09-05,0.45766040796737584,0.3584525121753717,0.30801257260319126
2011-09-06,0.39010254319677995,0.34753260462256613,0.2776464190787972
2011-09-07,0.36957828024260264,0.33814692558408205,0.2553160690115673
2011-09-08,0.3324616497881705,0.345227992235086,0.2962596120203224
2011-09-09,0.31158684655431157,0.3371666237228619,0.2761342191504732
2011-09-12,0.3115111162852826,0.3428200871684995,0.30595630100810756
2011-09-13,0.3038146977930346,0.3333210424723576,0.2791584556240371
2011-09-14,0.30676861918955184,0.3251106166928063,0.2592081727324076
2011-09-15,0.3125124072917928,0.3197082622657359,0.2515422472706825
2011-09-16,0.266928078204777,0.31702804689501435,0.2544714075198744
2011-09-19,0.2618604916184118,0.3082254713213352,0.23330798067973907
2011-09-20,0.2621926318320835,0.3013582716428714,0.2214719690877962
2011-09-21,0.26388264561857594,0.2922127670499421,0.20078021914015975
2011-09-22,0.2825559917138314,0.30624096423635633,0.2704534303454485
2011-09-23,0.2794142771771967,0.3232347653218318,0.3091506699355032
2011-09-26,0.2873371606964613,0.31425688561546444,0.2815858795311781
2011-09-27,0.27135122874552364,0.3180934462845772,0.29848085516897
2011-09-28,0.2789856719203962,0.3114202670694886,0.27921646114202575
2011-09-29,0.28029742685784587,0.31240750228157643,0.28705456780458505
2011-09-30,0.2903120496516622,0.3044332130001823,0.26428053331687906
2011-10-03,0.2934586491703774,0.31113029559840094,0.292232703477137
2011-10-04,0.30567602700920354,0.32186486020483934,0.32630432839783224
2011-10-05,0.3129269726584858,0.32325254328970693,0.3275889903639204
2011-10-06,0.3032543544010979,0.3214212094770554,0.3194667300403476
2011-10-07,0.3021079485470619,0.31933303654278455,0.3117096144794448
2011-10-10,0.30911777619344694,0.3107051613833734,0.2845525971302076
2011-10-11,0.30864464204065184,0.32727670320349816,0.33755751947350293
2011-10-12,0.30852392152128,0.3173305091731002,0.3041539681122079
2011-10-13,0.3054187062844143,0.3095320128794485,0.2803726805340573
2011-10-14,0.3053106505255976,0.30020212262925905,0.2534207191898496
2011-10-17,0.3122742316195228,0.2984253493071174,0.25537562940911285
2011-10-18,0.31754298113826807,0.29888466612063,0.2641096831417287
2011-10-19,0.3205811506162404,0.29939562075651394,0.2711883078357637
2011-10-20,0.3011897649218593,0.29393957530149883,0.25739524765984373
2011-10-21,0.2781186197967412,0.285490178314341,0.23442338461472742
2011-10-24,0.2793695283603747,0.28629309646557155,0.26251942872899214
2011-10-25,0.2828588133923956,0.28158703463472523,0.2506645263950561
2011-10-26,0.2825005347863263,0.28348378247511413,0.261558282150285
2011-10-27,0.2893593395247481,0.2776435964905126,0.24572295908939804
2011-10-28,0.28980474062521905,0.30031420041551876,0.3181410954486097
2011-10-31,0.2886306772706983,0.29116682647888464,0.2868022095786407
2011-11-01,0.28777131163951697,0.29781573518631993,0.30547149641730964
2011-11-02,0.28435042501991237,0.30898044041731076,0.3335407867812115
2011-11-03,0.2841812557638223,0.30610283086264145,0.31920946784179444
2011-11-04,0.28226253163603277,0.30497612772834976,0.3117999829366292
2011-11-07,0.27988377119107294,0.29664061812480375,0.28406568009565253
2011-11-08,0.26193878465035303,0.2886112454177966,0.2596948996699368
2011-11-09,0.2977158110933499,0.28417640873604993,0.2495322050120123
2011-11-10,0.2979240763575211,0.3119225627776792,0.33677790316543527
2011-11-11,0.303501632675207,0.30460914265377353,0.30976728726553604
2011-11-14,0.3013236561386198,0.30410075614467624,0.3055966423572729
2011-11-15,0.29221938577668494,0.2971511980358681,0.28277729796514783
2011-11-16,0.29181821978551886,0.28873574275777447,0.25735402008743236
2011-11-17,0.2943654973259881,0.28676125787599005,0.25575036945868906
2011-11-18,0.294040791540464,0.284905492240455,0.2544945697112033
2011-11-21,0.2930889856860267,0.27625716150257223,0.23018007439918556
2011-11-22,0.288764051841308,0.27805443135302954,0.2615477244645562
2011-11-23,0.2909125386797928,0.2700177595495581,0.23805356938840647
2011-11-24,0.28744452640886775,0.275794417931309,0.26145660812857263
2011-11-25,0.2536245581961746,0.2673926089186935,0.23654115155055724
2011-11-28,0.2785148042844249,0.2593507961646523,0.21470901539453977
2011-11-29,0.2684507531490437,0.2748740099445409,0.27159146098186454
2011-11-30,0.2886268829093083,0.266728358691799,0.24629694462681062
2011-12-01,0.2834111705698466,0.3024272481758787,0.3479491136142519
2011-12-02,0.27601470153552154,0.2932147562492693,0.31379680651105935
2011-12-05,0.27792818152839727,0.2843028637801594,0.2833228105596351
2011-12-06,0.27709619583019135,0.27884202004837344,0.2659094700334837
2011-12-07,0.27360438671964393,0.2703501713084273,0.24052081742586953
2011-12-08,0.2515198443098467,0.26251218785620034,0.21927266957160138
2011-12-09,0.2561666335613082,0.26873192662428486,0.24733500051146431
2011-12-12,0.2526858367842304,0.26861056379329834,0.25007398280140863
2011-12-13,0.25262778788209955,0.26663086159576677,0.24645452096995055
2011-12-14,0.253865275274861,0.26107023835527476,0.23166195802281242
2011-12-15,0.24896471673164855,0.2565158088937461,0.22164314463899712
2011-12-16,0.242742424039089,0.24909664754085173,0.20250532463346152
2011-12-19,0.2456277646934189,0.24157682613493722,0.18435360200159562
2011-12-20,0.2566951662594446,0.2379175446124568,0.1824657389465986
2011-12-21,0.25579723291342543,0.25815951726616715,0.24961164856495546
2011-12-22,0.2404007409475022,0.25040791733146034,0.22670045498190125
2011-12-23,0.24063658122748563,0.24518993452004173,0.21392848339372028
2011-12-26,0.24012702415321438,0.24022678641991235,0.20315458915048545
2011-12-27,0.22339113525070334,0.23290851074793273,0.1849427725388878
2011-12-28,0.2302805682885024,0.22583411456150726,0.1688471540023358
2011-12-29,0.1869916985144261,0.22489906275848434,0.17728132435311983
2011-12-30,0.18800432397196185,0.22168215180216122,0.17553456965691233
2012-01-02,0.18794745392668255,0.21578142909061318,0.16367196221935223
2012-01-03,0.1921252711214012,0.20920785748141507,0.1499318182360493
2012-01-04,0.19213599251472044,0.2119470227403796,0.17267076521649063
2012-01-05,0.1919714905577266,0.20558063129850296,0.1582278183813573
2012-01-06,0.1735417491327781,0.19958573776918223,0.14617445581000502
2012-01-09,0.16472675080932309,0.19376552403216113,0.13556954433188045
2012-01-10,0.1562411549603231,0.18809902085151567,0.12620056360371665
2012-01-11,0.15069382587449748,0.18543280519682834,0.13005383626048242
2012-01-12,0.14271834032024347,0.17979613086919008,0.12041100810950121
2012-01-13,0.14565986773455428,0.17456768533148753,0.1130470003082925
2012-01-16,0.14592262554678992,0.17044717969946338,0.11092439692208633
2012-01-17,0.1374121901794605,0.165254671956502,0.10370366765601725
2012-01-18,0.1031150955802289,0.1609266429484456,0.10074449172379224
2012-01-19,0.10350516685233864,0.16177631800048395,0.13437535594819944
2012-01-20,0.1011981282703618,0.15817718845400824,0.1286882947543483
2012-01-23,0.09981658100707684,0.15403936677049215,0.12143391140145585
2012-01-24,0.10017160356205264,0.14968329458544544,0.11389360261521714
2012-01-25,0.10252467965564978,0.1451910880561025,0.10635124158774319
2012-01-26,0.09029361157497834,0.14444911189832085,0.11401241052632531
2012-01-27,0.08638507898294351,0.14146921346301797,0.11156771997020612
2012-01-30,0.08498431383771547,0.1371709013667028,0.1041217878687102
2012-01-31,0.08511716851614237,0.1336552694484703,0.10031013271539936
2012-02-01,0.07354344395992747,0.1295920303721832,0.09447126229595075
2012-02-02,0.07354275811681966,0.13013783468546752,0.10666005793648431
2012-02-03,0.08466580246282567,0.12632350816656707,0.10041952349262337
2012-02-06,0.08351216441021773,0.13390500491550125,0.13239681909806614
2012-02-07,0.0835125222978678,0.12985179827206014,0.12218491655181402
2012-02-08,0.08048094771466768,0.12627841018881672,0.11448228482529078
2012-02-09,0.08033516432170679,0.12297247951791593,0.10839787937946363
2012-02-10,0.08697614745910248,0.11932638242054057,0.10169947619054669
2012-02-13,0.08524916581036085,0.11923030392885671,0.10761768294684647
2012-02-14,0.08579534851682111,0.11913991949954611,0.1121404792818877
2012-02-15,0.08886014849255891,0.11561379614549783,0.10490482474838288
2012-02-16,0.08888187825064178,0.11355344221790145,0.1031605468208659
2012-02-17,0.08808713647095705,0.11812852919549761,0.11640869648467474
2012-02-20,0.0879866142001982,0.11498970430406369,0.10953156712345619
2012-02-21,0.08680013803565233,0.11148665467301384,0.10218556505213175
2012-02-22,0.08796354577520786,0.10810386474784901,0.09596090257080718
2012-02-23,0.08519810559094013,0.1055602620877128,0.09319017197371965
2012-02-24,0.08177733424220926,0.10376580719393874,0.09310539386218916
2012-02-27,0.08137252391585384,0.10096544339595434,0.08944338910011126
2012-02-28,0.07908978385719498,0.09810688983793864,0.08588643537751553
2012-02-29,0.08146795859222125,0.09578972389867521,0.08445953169709199
2012-03-01,0.07867175732511451,0.09412250132883156,0.08517098263597005
2012-03-02,0.08049226647530783,0.09344206910314552,0.08863842347438984
2012-03-05,0.06923933123330034,0.09137062218033945,0.0869209920080573
2012-03-06,0.08763471174809664,0.09000089285330376,0.08744317961302309
2012-03-07,0.09046973098205846,0.10438521685745422,0.12938949727058488
2012-03-08,0.09604527197480332,0.10475285833373227,0.1280900225419012
2012-03-09,0.09667490120227948,0.108611974357494,0.1355609645622977
2012-03-12,0.0920548656695641,0.1063677671139614,0.12731070591268823
2012-03-13,0.10695881541805763,0.10312776425771035,0.11749514646184975
2012-03-14,0.10689775221236024,0.12174943782265278,0.16204113863113814
2012-03-15,0.10524575906981597,0.11811396644305495,0.14792706788753912
2012-03-16,0.10017155243058348,0.11669514834422558,0.14084528523151318
2012-03-19,0.1004228861294397,0.11326795642168372,0.1243358449726646
2012-03-20,0.10155836524153651,0.11086637445726626,0.11788170815540003
2012-03-21,0.10211007988035369,0.10808505833265593,0.11109251630055404
2012-03-22,0.10533201687383555,0.10498598326395367,0.10411011185940325
2012-03-23,0.10497501254410263,0.10559864900029406,0.10894577859037288
2012-03-26,0.11381699937366037,0.10314801965161309,0.1039684099687545
2012-03-27,0.11508864207960037,0.11374679462143901,0.1350236146047201
2012-03-28,0.11716048170002616,0.11094351391256724,0.12592181592048338
2012-03-29,0.11618081870203582,0.10928668365024005,0.12097825495424826
2012-03-30,0.115800642324834,0.10616570285338955,0.11261131660749675
2012-04-02,0.11648413058518414,0.10417525432315719,0.10842317419579103
2012-04-03,0.11649102977442581,0.10490194620943583,0.11242325028445892
2012-04-04,0.10890609645472844,0.10294653441543766,0.10821555937565155
2012-04-05,0.10767283847536006,0.10706146118850865,0.12114524772989041
2012-04-06,0.10346687963498295,0.10381818738837342,0.11222038195323364
2012-04-09,0.1114811506072358,0.10065546716721835,0.10449494466442746
2012-04-10,0.12668988126083053,0.10701627411035668,0.12377294653727663
2012-04-11,0.11268111375292787,0.12287308059599275,0.1611917013330138
2012-04-12,0.12241748963136583,0.12318521567365649,0.15662909545635523
2012-04-13,0.12689217101045844,0.12966092609533425,0.16742280853545638
2012-04-16,0.12660198326634783,0.13403657859225176,0.17227054455979832
2012-04-17,0.13708636317818126,0.12997836930499765,0.1489906744202291
2012-04-18,0.13719568617277061,0.1383813989187638,0.16822988486569151
2012-04-19,0.13864439703459608,0.13480963908155735,0.15487395502492157
2012-04-20,0.13690344897320797,0.1330815437546574,0.14794501506629681
2012-04-23,0.13893025865051878,0.12919034491887044,0.13591833479539256
2012-04-24,0.12931255174414719,0.12948668890571524,0.1371954259416591
2012-04-25,0.13921381959445642,0.12640589872112148,0.12863402931003323
2012-04-26,0.14068995516305516,0.13347558087981712,0.1496116508401999
2012-04-27,0.14068706339873108,0.13219714057793225,0.14460348493215677
2012-04-30,0.14044764616238725,0.128328317896123,0.13299866916645267
2012-05-01,0.13975438712571317,0.1252527911424999,0.12495147466857032
2012-05-02,0.13943423940186717,0.12380745522324624,0.1227297626179113
2012-05-03,0.13764236139285868,0.12059693089355425,0.11531723586854269
2012-05-04,0.14850421354113233,0.12065207660140342,0.11881895863550986
2012-05-07,0.14858514739390227,0.133025853671151,0.155096617554606
2012-05-08,0.14426247466897146,0.12900456139746788,0.1417880232887094
2012-05-09,0.13317313722832225,0.12604758352274473,0.13285095455148213
2012-05-10,0.13015223565883519,0.12437800119474987,0.12865564340759467
2012-05-11,0.12099503755155,0.12085486084208899,0.11948927057983232
2012-05-14,0.12008069561278578,0.11775962021661425,0.11260232813376139
2012-05-15,0.1211582418688419,0.12208983899009337,0.12863601064475094
2012-05-16,0.10641373577322473,0.12046947999508147,0.13110087993814318
2012-05-17,0.11521634505864722,0.11774611164758295,0.12354677254929376
2012-05-18,0.1163247432024199,0.12809365729937575,0.1516319448975133
2012-05-21,0.13459305246470366,0.1286108773475382,0.15013235979016393
2012-05-22,0.1331711148943738,0.14120816374682602,0.178324277371877
2012-05-23,0.13197183989953973,0.137073797773303,0.1626005509119583
2012-05-24,0.12054813867794345,0.13291389742072712,0.14841479846070932
2012-05-25,0.11573668941599242,0.12909088505933647,0.1365846403431054
2012-05-28,0.11507818599775244,0.1257945031171055,0.1274959124039623
2012-05-29,0.12608348840593178,0.12196229578689757,0.11775120882073348
2012-05-30,0.1292954198966706,0.12717552578661745,0.1356192786793642
2012-05-31,0.1293355763182069,0.13576888048010055,0.1583280917071615
2012-06-01,0.1503196407447964,0.13191135586712968,0.145372026177781
2012-06-04,0.14380757096669158,0.16182632315811535,0.2160089439054582
2012-06-05,0.14802826069155298,0.15690700462224097,0.1954618503361319
2012-06-06,0.17151274000500974,0.15492935922263756,0.18427939586187853
2012-06-07,0.1709323640397682,0.17328470012658795,0.2235368877965112
2012-06-08,0.17357401357850857,0.1680222901771994,0.20213791785691854
2012-06-11,0.17821133019105156,0.16578919067375877,0.1906344744904426
2012-06-12,0.1799757095119754,0.1682434477154835,0.19285827762051605
2012-06-13,0.18023506490342808,0.16905937623074516,0.1908426168355383
2012-06-14,0.18368907375818933,0.16579618637902233,0.17770179722283047
2012-06-15,0.1780721239043791,0.16589211306647872,0.176325590308077
2012-06-18,0.17430181135763778,0.16563315320194374,0.17424068480825022
2012-06-19,0.16797710304622301,0.1607637100589853,0.15916083284624966
2012-06-20,0.16833858993208323,0.16029822528232585,0.1589553314598426
2012-06-21,0.18795495888458696,0.15554296292072844,0.14562108337002613
2012-06-22,0.189621588619611,0.17472594619236514,0.20191048559344396
2012-06-25,0.19800016819335828,0.17200976565696954,0.1900462654978418
2012-06-26,0.19877172576530505,0.17822172319002844,0.20349059934852343
2012-06-27,0.1967466980144416,0.17388850436263173,0.18742664837953166
2012-06-28,0.18979097566834116,0.17216598963572513,0.18047124859170963
2012-06-29,0.2067572820292639,0.16729040861260874,0.16522058226851621
2012-07-02,0.18116714358405892,0.18834103622768386,0.22294255915752698
2012-07-03,0.18098699750199632,0.18297768067741854,0.20261501239788235
2012-07-04,0.1807954044167384,0.1792342345049247,0.1888061657551906
2012-07-05,0.16873107454474287,0.17377403767379165,0.17145929425234666
2012-07-06,0.1733572378822267,0.16939540867891806,0.1590789789987381
2012-07-09,0.17196440793302392,0.1683800178874931,0.1586807727877225
2012-07-10,0.16842359030910975,0.16332344311086464,0.14521908085973567
2012-07-11,0.16429851740373672,0.16196924415160566,0.14546220702041568
2012-07-12,0.16353664251447048,0.15703608043352618,0.13342075975237525
2012-07-13,0.1693877104956753,0.15341881726358314,0.1492859413413981
2012-07-16,0.1664216462242378,0.16220674667553756,0.1759344984693194
2012-07-17,0.16783388665152227,0.15753282231409124,0.1609798698851542
2012-07-18,0.1665013068828153,0.15503455974936434,0.15394517067287627
2012-07-19,0.16644154944709652,0.15302604289950575,0.1491987525607768
2012-07-20,0.14799130574411493,0.14871290334515164,0.13785406169950482
2012-07-23,0.15136739989813944,0.14854528651228432,0.14079258269307465
2012-07-24,0.1428738552792312,0.14934419052614573,0.14598310069808015
2012-07-25,0.14211344011686147,0.14862737651680127,0.14569278459996657
2012-07-26,0.14963268836269822,0.1441022328717313,0.13369613536327873
2012-07-27,0.16018195996119322,0.15351813975617468,0.16436170483066756
2012-07-30,0.13761884169723154,0.16491810952186395,0.1930046117542961
2012-07-31,0.14004052578928253,0.15989403953046397,0.1752604901469955
2012-08-01,0.13828142281168437,0.1574073644724177,0.16629900784114582
2012-08-02,0.14038733103686976,0.15264975765455704,0.15185170999069347
2012-08-03,0.1553165066519376,0.15043122688487093,0.14649831921728118
2012-08-06,0.15062144423641968,0.16463097420520748,0.18735130377599163
2012-08-07,0.15077521822631476,0.15979302990530567,0.17075804237316874
2012-08-08,0.14591540951626283,0.15614069628531452,0.1591693125473518
2012-08-09,0.1458108382237467,0.15145715253484143,0.14570571894115494
2012-08-10,0.1435487277520342,0.1468807001340291,0.1338195454367259
2012-08-13,0.1343277468972245,0.14254787454451295,0.13868699102469656
2012-08-14,0.13364580896089048,0.1382188123149567,0.12766968790723301
2012-08-15,0.13241473781095697,0.13400925664313348,0.11804702428140482
2012-08-16,0.13239933067367007,0.13000181480729356,0.1099716080408711
2012-08-17,0.13234663138045175,0.12924245769168205,0.11372373948691407
2012-08-20,0.12667519563583085,0.12541300027933497,0.10635627583693055
2012-08-21,0.12032653875894843,0.12159272255630008,0.09966167520022551
2012-08-22,0.1138910881071029,0.11847529498409277,0.09606484475821388
2012-08-23,0.11982176265783512,0.11487783919465666,0.09093216635513697
2012-08-24,0.1094639288141955,0.11586603611076716,0.1022383664845408
2012-08-27,0.09174514861923685,0.11475298958188777,0.10410078966094821
2012-08-28,0.09194098524897873,0.11126019608593996,0.09774120870103807
2012-08-29,0.0873027844685323,0.10793931662917648,0.09254425736246549
2012-08-30,0.09195224673344347,0.10469471070725175,0.08806009943296401
2012-08-31,0.08809808274721583,0.10533135095954485,0.09683323017579201
2012-09-03,0.05862734077986359,0.10378499667854506,0.09681901888032166
2012-09-04,0.05865149221730151,0.10062328758012068,0.09152875936164473
2012-09-05,0.056427239555915165,0.09762366806993181,0.08726592336870256
2012-09-06,0.0891284720173895,0.09470753667815246,0.08365625121015197
2012-09-07,0.08964142673343495,0.12056592370985009,0.15556996215432903
2012-09-10,0.09278188148564093,0.11786638353497356,0.14470083715214785
2012-09-11,0.09285787571193732,0.11640360649824984,0.1253631354902913
2012-09-12,0.09312129401859913,0.11337522699621976,0.11750496584079329
2012-09-13,0.10485832244358453,0.11068141971322078,0.11146399956629623
2012-09-14,0.10340988333887964,0.12236258169196904,0.14439749090324136
2012-09-17,0.10492759859589028,0.11987577997826986,0.13579878767003145
2012-09-18,0.10512549310079745,0.11697392713739484,0.12711937662799525
2012-09-19,0.10392449077403759,0.11345506608854003,0.11769734899221593
2012-09-20,0.10398367774405688,0.11001919249148394,0.10948748955141384
2012-09-21,0.0980377127503374,0.10666789649328906,0.102370605153458
2012-09-24,0.09759944437633021,0.10343112068250944,0.09632593548038142
2012-09-25,0.10650435588696133,0.10045179313218869,0.09169633168147891
2012-09-26,0.10884821184289693,0.10590492008144645,0.1123712596863852
2012-09-27,0.1127474650553653,0.10499214476520126,0.11128769917360332
2012-09-28,0.11061444648757669,0.10812758282934223,0.12104585555863115
2012-10-01,0.1100501050007334,0.10637699766004219,0.11644799036515023
2012-10-02,0.10995219997758365,0.1036445531056,0.10974803866137556
2012-10-03,0.11000416641846339,0.10056817478355941,0.10282292775585647
2012-10-04,0.11123328641563207,0.09878368180032643,0.10036555924074196
2012-10-05,0.08970520674503803,0.09971947224376909,0.10573904907458911
2012-10-08,0.09034783489860662,0.09668197832367506,0.09916201965925053
2012-10-09,0.09518377603386745,0.09467919101282492,0.0962678668250239
2012-10-10,0.09766997926192697,0.09959478614331228,0.11056281778218852
2012-10-11,0.09696458398375127,0.09971639094591869,0.1115848067448823
2012-10-12,0.08008237675441769,0.09670298601719407,0.10424034145034018
2012-10-15,0.08436922157442232,0.09462256030642695,0.10024417221715626
2012-10-16,0.0917009877373249,0.09724281532385003,0.10915245661265616
2012-10-17,0.0930588923266245,0.10210692881900753,0.1218233008879466
2012-10-18,0.09351403518105612,0.1005475174713637,0.11687947731637399
2012-10-19,0.11008333601084405,0.09800823246289339,0.11008155527183962
2012-10-22,0.1101270066360777,0.1153226713529729,0.1512039265688845
2012-10-23,0.1192143417264301,0.11181080217491733,0.1386036014961685
2012-10-24,0.11450745909031199,0.12126031148478096,0.15737888245240386
2012-10-25,0.11399757564050582,0.11808098745176478,0.14521870692548974
2012-10-26,0.10805663461282931,0.11503900723097299,0.1347307206000287
2012-10-29,0.10733056802798863,0.11155615553870736,0.12426968141026404
2012-10-30,0.10663020471291043,0.10815770563515893,0.11512646860457261
2012-10-31,0.10644063770728449,0.10486278620638492,0.10722427761657131
2012-11-01,0.11238777247660435,0.1016682432970494,0.10043206881723915
2012-11-02,0.11196229115048019,0.10656791387963975,0.11692404417584745
2012-11-05,0.11252261848433859,0.10900185594671731,0.12369211459819446
2012-11-06,0.11663853311206102,0.10598037071274621,0.1154175052716079
2012-11-07,0.1363509966598491,0.10712877359454334,0.11913135045806662
2012-11-08,0.14029985776523685,0.13687249791545822,0.15941698686477526
2012-11-09,0.14036897093761716,0.14079285130628325,0.16621788719925726
2012-11-12,0.14052210985434854,0.1365455049336399,0.1519613540417151
2012-11-13,0.13595895622379559,0.1324219680423368,0.13944114456996332
2012-11-14,0.13389167786254533,0.12909797379064944,0.13042491804382686
2012-11-15,0.13104306517509284,0.1358642249744761,0.15014618709357647
2012-11-16,0.13428245923628057,0.13188967304043422,0.1382036804902559
2012-11-19,0.14724082080727777,0.12929785093025106,0.13138601657173427
2012-11-20,0.14728357719808297,0.14759839359794866,0.17930126475633712
2012-11-21,0.14033203964377505,0.14311178059154206,0.16339610121125217
2012-11-22,0.14012445705669666,0.13894159408121803,0.14987844570889208
2012-11-23,0.14802437460570234,0.1347088733969673,0.13751871376795502
2012-11-26,0.14819424864042838,0.14080746216581644,0.1549270193333942
2012-11-27,0.1492073063027141,0.1367676166965138,0.1426292007096231
2012-11-28,0.15200167634060033,0.13408623169680375,0.13544213638748392
2012-11-29,0.15284038607535425,0.13369018838618457,0.13562348266075858
2012-11-30,0.14831629740936408,0.13087516429287283,0.12877353274419295
2012-12-03,0.14598970050483354,0.12689081887325634,0.11912202286671636
2012-12-04,0.14585960501302025,0.12451364736986958,0.11542767492210544
2012-12-05,0.14316576166358985,0.12084571582272388,0.10796950684566839
2012-12-06,0.11801666010043298,0.11736583154413743,0.10182373585853391
2012-12-07,0.10849419813136699,0.11454980753245356,0.11666255716496234
2012-12-10,0.10853726934731617,0.11168092552819929,0.11044024938120386
2012-12-11,0.11004650676599532,0.10829104468916917,0.10332072623306639
2012-12-12,0.10852077445446388,0.10825702360196438,0.10689759325172658
2012-12-13,0.09762109657431207,0.10497620822663217,0.10029432533627688
2012-12-14,0.09890940904744594,0.1045509957734987,0.10285084736351673
2012-12-17,0.10390509686174192,0.1023942667362964,0.0998157836819214
2012-12-18,0.0883265051321582,0.10917640952884265,0.12144860759974033
2012-12-19,0.0942229846605512,0.1142652424933829,0.13414118136242362
2012-12-20,0.0952500828365699,0.11451658939048949,0.13312113146177657
2012-12-21,0.1025016085213029,0.11324625093241669,0.12854666732904627
2012-12-24,0.09362846207024929,0.11538003574117726,0.13313877603681332
2012-12-25,0.09311670346966866,0.11250689640241253,0.12458466340322337
2012-12-26,0.09245283005941571,0.10907948310208018,0.11549617436384324
2012-12-27,0.08887935201365174,0.10702408610132819,0.11114741068243171
2012-12-28,0.0954712665339007,0.10389469161362266,0.10426383693894345
2012-12-31,0.11261296768129855,0.10923397952274198,0.1211883507450526
2013-01-01,0.11093840663745445,0.12454258739153366,0.15779301967460185
2013-01-02,0.13957017601197858,0.12074851845769013,0.14448584198829034
2013-01-03,0.1403254585077405,0.15293462363741048,0.21264853112429333
2013-01-04,0.14051487438942173,0.14853614220021222,0.19346502384497863
2013-01-07,0.14129050509148602,0.1450155104078189,0.1616456507389212
2013-01-08,0.14207286711948403,0.1409998452642674,0.14888238167345524
2013-01-09,0.14078313918757115,0.13716281304931116,0.13792097483670998
2013-01-10,0.1426815132073515,0.13335007333888912,0.12813921119021832
2013-01-11,0.14010053888923923,0.13290395392223028,0.12952672601751175
2013-01-14,0.1389824288737822,0.1288554374521087,0.1197457292360967
2013-01-15,0.13441569086916808,0.12495798563673072,0.11136980977983343
2013-01-16,0.12980406822153112,0.1211801391441667,0.10416551609379018
2013-01-17,0.12745749782545676,0.11748968515402813,0.0979060703943884
2013-01-18,0.12658041308853601,0.11662966021804486,0.10184276324788424
2013-01-21,0.12086435527545081,0.11340786325702334,0.097039035910555
2013-01-22,0.12009619162915511,0.1099530028767395,0.09184025975883478
2013-01-23,0.11985133158355606,0.1086359073981553,0.09436284787935188
2013-01-24,0.1177664491188644,0.10551181756591108,0.09020035148539612
2013-01-25,0.11736510241374798,0.1023027965806387,0.0860850392008021
2013-01-28,0.10750516295592985,0.10155370532438901,0.09050694924096749
2013-01-29,0.09563729602262892,0.0985702252926854,0.08668563302523243
2013-01-30,0.09796108833170838,0.09677752312095171,0.08705070293959379
2013-01-31,0.05372932065709688,0.09506156251909277,0.08734243592619535
2013-02-01,0.06065901632420503,0.09266409714200569,0.08523688257029981
2013-02-04,0.07482463269784966,0.09826178059206514,0.10612013253320292
2013-02-05,0.07968400757801422,0.10492025407592488,0.11431561908767948
2013-02-06,0.07807444526456922,0.1089681649720695,0.12548086801871028
2013-02-07,0.07875813831951183,0.10568644442828688,0.11623945813254896
2013-02-08,0.07677172113375767,0.10259603279158754,0.1085189683666913
2013-02-11,0.07680647057919336,0.10178394980732988,0.10794897179939648
2013-02-12,0.07639683615915738,0.0986861996279789,0.10106199094116336
2013-02-13,0.07637245658461796,0.09589359587129254,0.095798605165333
2013-02-14,0.0761545793865484,0.09303173978602898,0.09089313854448272
2013-02-15,0.0747002089679411,0.0902684150555159,0.08679434577318433
2013-02-18,0.07475189944267305,0.08763922174161914,0.08351209878067599
2013-02-19,0.0776622936548429,0.08496937799129806,0.08040975461636389
2013-02-20,0.09032098472126143,0.08734774967549631,0.09213662066536882
2013-02-21,0.09324244588820793,0.09772522319796734,0.12056516874783972
2013-02-22,0.09875144406134509,0.0976696034502589,0.11891553761705577
2013-02-25,0.11885486994478958,0.1019662289409047,0.12777772476383145
2013-02-26,0.12139474091392675,0.12390804645165494,0.17332714202336078
2013-02-27,0.12836158734632755,0.12302767400990591,0.16420942535562832
2013-02-28,0.1277120619434068,0.12883136562833955,0.17118477573113916
2013-03-01,0.1275917224505189,0.12514287619926281,0.1565723767010331
2013-03-04,0.12407647025950594,0.12200388429096044,0.1448529166652802
2013-03-05,0.11947226869578126,0.12007664598936765,0.13751867261276696
2013-03-06,0.11535038800842255,0.1214744996187606,0.13620882106755358
2013-03-07,0.11537028922796629,0.11789255828924401,0.12574616416513185
2013-03-08,0.11549549178250133,0.1145177982086237,0.1169713996013235
2013-03-11,0.1148565300576437,0.11225492787115311,0.11236806516539559
2013-03-12,0.11541286931402221,0.10982789187777545,0.1077886239546649
2013-03-13,0.11540462845704705,0.10683966465280594,0.10200458162501563
2013-03-14,0.11626533860691003,0.10373037903618736,0.09644159042058523
2013-03-15,0.11664356051978395,0.10266784524927779,0.09779114175296644
2013-03-18,0.11876750921915723,0.09967271820231423,0.09282646418550125
2013-03-19,0.11931057382762293,0.09900290222666204,0.09550872823357007
2013-03-20,0.1189765832887044,0.09641199492987511,0.09178215556501276
2013-03-21,0.1139962769246279,0.09731464646603176,0.09872705836158413
2013-03-22,0.11315805587470389,0.10007368406269689,0.10910789688892629
2013-03-25,0.11116217323591783,0.10189154780473536,0.11494243732563954
2013-03-26,0.08525867821525572,0.10011991637077773,0.11056720414786789
2013-03-27,0.08412361836811945,0.10189827876329555,0.11596121484968097
2013-03-28,0.07532841958469146,0.09879404669324438,0.10792184127101452
2013-03-29,0.07442510156324932,0.09652461515881561,0.10304822436958434
2013-04-01,0.07677018480011114,0.09358408653005064,0.09687605079452034
2013-04-02,0.07653386635572448,0.09203410820847586,0.09531685417696993
2013-04-03,0.0813876553505147,0.09126029209302768,0.09600720981989773
2013-04-04,0.08227462808425495,0.09694901579440739,0.10918890175546143
2013-04-05,0.0840193560387123,0.09530618570690316,0.1055098471309541
2013-04-08,0.08590751211026658,0.09404630096419078,0.10328923873350845
2013-04-09,0.08574955861965927,0.09487843024917186,0.10676158804478007
2013-04-10,0.09421107334042517,0.09296153097057737,0.10255081861732149
2013-04-11,0.09450413698429293,0.10180558911475016,0.12552460904692234
2013-04-12,0.09408135861404053,0.09952057343678321,0.11811367246904624
2013-04-15,0.12620803701160246,0.09695898636568161,0.1109141763569044
2013-04-16,0.13459073209706382,0.13095426478820218,0.1862690208356159
2013-04-17,0.14462561625157985,0.13916615453098966,0.1949411212808086
2013-04-18,0.14404206108917447,0.1465641608483937,0.20181579895116872
2013-04-19,0.14419976566125575,0.14417767210508173,0.18756031880812815
2013-04-22,0.14232802323774635,0.14378068602283314,0.17969374901525062
2013-04-23,0.14551046435365106,0.14045983739151052,0.16602976416833187
2013-04-24,0.1431950753512469,0.14190038545738223,0.1658894414025382
2013-04-25,0.1436974912547689,0.13759959708699906,0.15136666250034778
2013-04-26,0.14367184504958294,0.13433194764331463,0.14114578924904103
2013-04-29,0.14524656676457554,0.13042086754457413,0.13020315279101788
2013-04-30,0.14428768916847548,0.12908500431888165,0.1280041549035362
2013-05-01,0.14750040468827366,0.1254948916665231,0.11930826595886765
2013-05-02,0.14519518320922759,0.12639792756504115,0.12509288338674274
2013-05-03,0.14808006108772012,0.1277101108481593,0.13656367366746702
2013-05-06,0.14639082793237446,0.12988652764169806,0.142300944821871
2013-05-07,0.1458153356890244,0.1263156120307019,0.13178660572094994
2013-05-08,0.1460093235127491,0.12403563582507189,0.12608989136169987
2013-05-09,0.1419770701409369,0.12154635392337493,0.12045180360242162
2013-05-10,0.14197294508111466,0.11835264593177125,0.11333529225178308
2013-05-13,0.14135124458520826,0.11544029379135705,0.10783526306968935
2013-05-14,0.11185824318954833,0.11196625028940718,0.10111035737696264
2013-05-15,0.1040267091867749,0.11568181366059938,0.11697792634848427
2013-05-16,0.08754157301998622,0.11408635057531655,0.11444547751387767
2013-05-17,0.08346055547995616,0.11211464495565229,0.1110705888437566
2013-05-20,0.08252534398223342,0.11496922586117,0.12169072980615708
2013-05-21,0.08269871938294068,0.11146704648429687,0.11286214847588268
2013-05-22,0.08642870659818772,0.1082156433280554,0.10570036162863283
2013-05-23,0.08818491071708746,0.1088397417078831,0.11067857106700515
2013-05-24,0.08854355143914841,0.1061238011794525,0.10515993678824882
2013-05-27,0.08780527400904625,0.10294345890331927,0.09885072951393557
2013-05-28,0.08737333373045557,0.0998073864356773,0.09333469497183394
2013-05-29,0.09224493443350326,0.09951341206351065,0.09705475245042866
2013-05-30,0.08425199643267549,0.09975264926753305,0.10140146606752659
2013-05-31,0.09820007449124026,0.09776958457473214,0.09855037422200706
2013-06-03,0.09409672013257735,0.11020584474199088,0.12218334394729762
2013-06-04,0.09588873394629835,0.10896136966278362,0.1189225629601286
2013-06-05,0.10681228545194764,0.10729053043129275,0.11494241643785073
2013-06-06,0.11047445876917279,0.11758627849549942,0.14187608867602475
2013-06-07,0.11850534034176713,0.119269061229286,0.14326400987989926
2013-06-10,0.11810971329774175,0.1256476679248449,0.15577985215865478
2013-06-11,0.12383609564724865,0.12181993378612128,0.14243133571375532
2013-06-12,0.12085796464196377,0.12480142966869741,0.14764061760800967
2013-06-13,0.1315502795377331,0.1252415447740077,0.14604102189829474
2013-06-14,0.1322943331359738,0.1348677185459132,0.16696997536184927
2013-06-17,0.13055966875323569,0.13302889436565854,0.15779520409748754
2013-06-18,0.13391412490507273,0.13239922470515025,0.15288238439738244
2013-06-19,0.14167928227273782,0.13196726155054422,0.14925682573267
2013-06-20,0.1632269833562133,0.13891538209428078,0.1647515221154956
2013-06-21,0.16412913758216327,0.16630617221507618,0.22371364127576615
2013-06-24,0.1685153241526263,0.16172074686516685,0.20329436927070496
2013-06-25,0.173272034576703,0.16440646247133692,0.20241201499478337
2013-06-26,0.1759470385267222,0.16368238394726375,0.1939678280738049
2013-06-27,0.1767601226100064,0.16325494451228292,0.1875924349377036
2013-06-28,0.17624153318411206,0.1599091192469597,0.1746621888472536
2013-07-01,0.17114315919754486,0.15585737548276268,0.16126453567516905
2013-07-02,0.16981655398701087,0.15280742560590124,0.1619717812741922
2013-07-03,0.1691723560157013,0.14819642699950883,0.14790230952116737
2013-07-04,0.161688797617641,0.14369169491009795,0.13552990322902456
2013-07-05,0.16296570979502575,0.13931426701873886,0.1247532336180353
2013-07-08,0.15805812036152625,0.14136804578940418,0.13561684391912743
2013-07-09,0.15999572236540122,0.1388350347035755,0.1304069229722799
2013-07-10,0.15518601754660732,0.13746380710517891,0.12938120010635246
2013-07-11,0.1573538044430464,0.13328358136211796,0.11945762342755968
2013-07-12,0.1498806264013114,0.13952103313022934,0.14264400424352786
2013-07-15,0.1475868446875135,0.13528043050862892,0.1309553843357826
2013-07-16,0.14703671178189598,0.13199462508276863,0.12341312414029801
2013-07-17,0.14510772348154677,0.12880309566422457,0.11696538198362236
2013-07-18,0.1354146324224382,0.12527635359421516,0.11006403737235668
2013-07-19,0.09375615234329877,0.12330360406624427,0.10903440815842261
2013-07-22,0.09383669142376244,0.11974634189743827,0.10263612750763486
2013-07-23,0.07713807576564659,0.1163454106302829,0.09737836589972008
2013-07-24,0.07770996666858983,0.11310358639533134,0.09314308981984966
2013-07-25,0.07347871503896983,0.11058383809604146,0.09179630467474126
2013-07-26,0.07262977110381649,0.10763049973914061,0.08885016465934584
2013-07-29,0.07156614108109409,0.10443376463528359,0.08520599672234111
2013-07-30,0.07084785075219187,0.10195804591619533,0.08438960783681615
2013-07-31,0.07019210786568195,0.09885199309789386,0.09524533707255846
2013-08-01,0.07688865038423669,0.09588051108758697,0.09024712461241846
2013-08-02,0.07636290171357779,0.10314251302785162,0.1153188575624779
2013-08-05,0.07190428802027057,0.1002179423362042,0.10771848627181851
2013-08-06,0.07565019332504175,0.09733121653815476,0.10112152346597776
2013-08-07,0.07467081877522946,0.09693313448190773,0.1024251461487889
2013-08-08,0.07510252554926362,0.0948241359547328,0.09858643025668304
2013-08-09,0.06180582634457551,0.09302959913605052,0.09609732652867782
2013-08-12,0.06208989636878566,0.0908928596283856,0.09287097055508782
2013-08-13,0.0615722748309659,0.08824369597058741,0.08848817822478616
2013-08-14,0.06292928759488951,0.08632209025094223,0.08675990039185642
2013-08-15,0.07972188091359883,0.08604801864193971,0.08989280637676252
2013-08-16,0.07728231459281933,0.09979744982648127,0.1273427667189241
2013-08-19,0.07894528984071202,0.0976098493683397,0.11949534152833793
2013-08-20,0.08109099266767338,0.09786665106247219,0.11871478084994345
2013-08-21,0.08292304738125353,0.0967824014185131,0.11480941946494704
2013-08-22,0.08981178246967067,0.09686144756122901,0.11441374897109403
2013-08-23,0.09028077461592353,0.10032018316348697,0.12245437579302246
2013-08-26,0.09065583251869071,0.0981412157293268,0.11544457252751028
2013-08-27,0.10495608263052128,0.09624938825557364,0.11008848894958273
2013-08-28,0.10630790122020488,0.1126214580230389,0.14936162083451085
2013-08-29,0.10656297980610495,0.1100570135617497,0.13013801152870633
2013-08-30,0.09596526476640174,0.10688202435534752,0.12038470231327958
2013-09-02,0.09531983826185378,0.10435760844701955,0.11352361718247891
2013-09-03,0.09801455841920538,0.10117845528735135,0.10566825176541744
2013-09-04,0.10279274373252588,0.09965255984170829,0.10345527590622135
2013-09-05,0.10281068919586094,0.10178968890289194,0.1115686989858027
2013-09-06,0.10161201458351185,0.09881151750394762,0.10434352044592428
2013-09-09,0.10772887190099853,0.09581964458441976,0.09791681773777944
2013-09-10,0.11104373280399868,0.10001985706272193,0.11216992491749284
2013-09-11,0.11110775055053738,0.10111853827892525,0.11548593409700157
2013-09-12,0.1100040124375833,0.09879245852778755,0.10935782896200733
2013-09-13,0.0973676716815967,0.09633977370812098,0.10364799306071953
2013-09-16,0.09757550685956666,0.09381246983180662,0.0984214912948596
2013-09-17,0.09399015742568446,0.09368192325585269,0.10051819421160679
2013-09-18,0.09937828292528161,0.09246343248267318,0.09917717953410886
2013-09-19,0.09581114677460516,0.10019274277232361,0.12094251757448114
2013-09-20,0.0977046158331625,0.09735896648146578,0.11257068621100806
2013-09-23,0.09974230534131301,0.09825660362744142,0.11481495525781119
2013-09-24,0.09900456573705119,0.09695549081345058,0.1111576749394694
2013-09-25,0.07793603388212363,0.09444754637793412,0.10483554835762736
2013-09-26,0.0780222141585045,0.09225937762640206,0.10015717294252424
2013-09-27,0.08120294913432102,0.0906853297750755,0.10319291145706348
2013-09-30,0.08313097476518894,0.08972933411912305,0.10157374203042456
2013-10-01,0.08580260231535386,0.08944206387033468,0.10186340561280183
2013-10-02,0.08575939486326775,0.09197838382706577,0.10911474085935899
2013-10-03,0.0900123489135207,0.08925211799411681,0.10208282497457653
2013-10-04,0.0930322971126871,0.09373105913117705,0.1139468620089954
2013-10-07,0.09898188792698795,0.09549792420252408,0.11726590830132282
2013-10-08,0.10221459058825272,0.09855157342492615,0.12318019191096448
2013-10-09,0.09838415339154648,0.10585267072080434,0.13795840503384685
2013-10-10,0.12413554456514261,0.10266669659570277,0.12678470934160313
2013-10-11,0.12550917826265837,0.12956148936203754,0.1837288942977468
2013-10-14,0.12594076542589053,0.12807316370661453,0.17200026251208936
2013-10-15,0.12740286412310073,0.12513518595736536,0.1585762145939109
2013-10-16,0.13541679347282365,0.12458231459543756,0.15248793482385925
2013-10-17,0.1314399629130368,0.1322794525372578,0.16700328376764642
2013-10-18,0.1330811291226067,0.1308390760991453,0.15828633994498098
2013-10-21,0.1301512899325213,0.12952545141692515,0.15112963981839286
2013-10-22,0.12944873659080453,0.12557978299172634,0.13813259121987842
2013-10-23,0.1306401578123535,0.1238076678600116,0.13251429501590162
2013-10-24,0.12983994188918752,0.12147877705631029,0.12607890141098474
2013-10-25,0.13001347742485325,0.1184822201482995,0.11849435443493714
2013-10-28,0.12796659227730645,0.11623137873145678,0.12350320703499627
2013-10-29,0.12554427429736564,0.1128599368397298,0.11469733977560892
2013-10-30,0.12653309450851022,0.11136025842884888,0.11237700936722891
2013-10-31,0.1272410712508277,0.10969041201687096,0.10979421016176473
2013-11-01,0.12067943826231013,0.10692069798207542,0.1042059096946795
2013-11-04,0.11930357509877501,0.10407798132662367,0.09901344369850013
2013-11-05,0.11440419575140981,0.10182742536767656,0.09622278059648064
2013-11-06,0.10236508781152394,0.09949278811441631,0.09340883731354964
2013-11-07,0.11621196839927889,0.09847372885571232,0.09488578276101318
2013-11-08,0.10256696479388633,0.10753308671664591,0.12343984116172609
2013-11-11,0.10163128710465974,0.11655474253333187,0.1448216007199458
2013-11-12,0.1022371666399879,0.11300593493793866,0.13262984373732314
2013-11-13,0.09907110999021705,0.10984789738404593,0.12281681252616206
2013-11-14,0.09048990849202149,0.11094298779998092,0.12543533656757494
2013-11-15,0.08931817291947212,0.109290410964817,0.12050473400657404
2013-11-18,0.08929630906928322,0.10729748385687699,0.11530785784801745
2013-11-19,0.09003707135605671,0.10491799887965318,0.10968981899423101
2013-11-20,0.08968053440620596,0.10207309604614695,0.10340861572469638
2013-11-21,0.09055766165145125,0.09971053276692673,0.09926893243888207
2013-11-22,0.09117902161421938,0.101598013273954,0.1077475720661844
2013-11-25,0.09087290957099893,0.10039570840068295,0.10606329418036793
2013-11-26,0.09092486353874853,0.09741425956431035,0.10423633018566525
2013-11-27,0.08981449758563305,0.0944527626736033,0.09773671118848927
2013-11-28,0.08722124854618345,0.09206248779930373,0.09363384143828965
2013-11-29,0.08624365948905499,0.08925789354566425,0.08878124755190618
2013-12-02,0.087242455707603,0.08657710176838218,0.08484193814002466
2013-12-03,0.08878678123739686,0.08454631777902365,0.08326994636473926
2013-12-04,0.08769670314602061,0.08368212504599193,0.08516704680846095
2013-12-05,0.08818067998532077,0.08113398587754508,0.08172980310589331
2013-12-06,0.0816520850953815,0.08050577821600817,0.08414553808633012
2013-12-09,0.06967732539666019,0.08922073668627675,0.10953686750387981
2013-12-10,0.07149713122653,0.0870642085435258,0.10360553144194856
2013-12-11,0.08263483678264344,0.08555822115573311,0.10007020042313129
2013-12-12,0.07886112303602999,0.09385995430273175,0.12044291409696013
2013-12-13,0.07670075277117526,0.09190464274644841,0.11368986344893217
2013-12-16,0.07838546180468318,0.08910592031911387,0.10576678745005612
2013-12-17,0.07822403109092024,0.08970537134162442,0.10728050004299136
2013-12-18,0.09772301544833026,0.08785008262138755,0.10251248564750938
2013-12-19,0.09698210362820349,0.10764570362818286,0.1480631207219662
2013-12-20,0.09517189836665829,0.10446327791078316,0.13562550167312343
2013-12-23,0.09537160085807897,0.10376164534221305,0.13045055100248806
2013-12-24,0.0952923892695864,0.10271221666482722,0.12526564992674494
2013-12-25,0.09531856894065292,0.09994615350004209,0.1140927992697402
2013-12-26,0.09630469893619278,0.0969013910296789,0.10610379294070381
2013-12-27,0.09631179243830741,0.0959964248079176,0.10485246100372056
2013-12-30,0.09622055990368601,0.09307222641494112,0.09823649313651917
2013-12-31,0.09611746177845182,0.09023910008182817,0.09264824841433603
2014-01-01,0.09404547500547338,0.08939589387771046,0.0933702699164285
2014-01-02,0.10163688833691109,0.08667253481734095,0.08855261588494122
2014-01-03,0.09978969356620826,0.09199780024705674,0.10599278665907047
2014-01-06,0.09406312749069357,0.0891974514156763,0.0992095177074716
2014-01-07,0.09578298691636505,0.08721330415064919,0.09542847529085804
2014-01-08,0.09448315491542923,0.0878441296697535,0.0990121063737429
2014-01-09,0.08332984329718592,0.08517227788745989,0.09330704790959
2014-01-10,0.08149783267751552,0.08261668893534983,0.08860601109020212
2014-01-13,0.09701339317454585,0.08079450566012118,0.08647861345971394
2014-01-14,0.10125302320123485,0.0940675653992319,0.12152261511974399
2014-01-15,0.10068192914826424,0.10046945770346333,0.13352784870218257
2014-01-16,0.08479473725734935,0.09962600783148845,0.1278926751492574
2014-01-17,0.08642284508192509,0.09672324627128406,0.11826368503722215
2014-01-20,0.08452512904016411,0.09521389552424696,0.1132268978653219
2014-01-21,0.08321421826701451,0.09231329669580694,0.10536409830267025
2014-01-22,0.08297460688917467,0.09022611121177192,0.10057729521611361
2014-01-23,0.08815168068441961,0.08751417801468682,0.10117995983069973
2014-01-24,0.1133897517452267,0.09067888631615356,0.10956531545250361
2014-01-27,0.11396897285184804,0.12149986857824326,0.1754012730784743
2014-01-28,0.11681917101968697,0.1193487436895271,0.16266551023931405
2014-01-29,0.11816928696043272,0.11799346416799134,0.15332472485279106
2014-01-30,0.12574339482589242,0.12039747847456744,0.15390193843293673
2014-01-31,0.12330723566498135,0.12372148645047679,0.15689056199172513
2014-02-03,0.14392458792290477,0.1221090944082956,0.14834802916298823
2014-02-04,0.14745463964427083,0.1478174784872114,0.20259642429038657
2014-02-05,0.14461224150470894,0.1458620869003912,0.18897887008724426
2014-02-06,0.15392143048413107,0.14150277262370373,0.1714862168005285
2014-02-07,0.16119984597675568,0.14634534978224667,0.1783572972368585
2014-02-10,0.16096925494698677,0.14975486673579283,0.18126599197552437
2014-02-11,0.15953250763340698,0.14536798104846999,0.16495883936935385
2014-02-12,0.15469005372666336,0.14715750109153924,0.16655568277873195
2014-02-13,0.15458543546931228,0.1426874188473666,0.15165762446069955
2014-02-14,0.15589278394621497,0.13978214988409812,0.14272865492926676
2014-02-17,0.15516595499048497,0.13720329653796454,0.13580465115185025
2014-02-18,0.15521160759216523,0.13302353139964204,0.12483689429427662
2014-02-19,0.15659076463588803,0.12905476473750868,0.11562815210076274
2014-02-20,0.15803387479053377,0.12776244432748224,0.11606566974652265
2014-02-21,0.15529762938393946,0.1259651932225045,0.12920881375815696
2014-02-24,0.13418812669919014,0.12220840823253402,0.11938611292976634
2014-02-25,0.13232029635958745,0.1204221670146475,0.11660646541786447
2014-02-26,0.13156585948126587,0.11676291673793766,0.10835039549974997
2014-02-27,0.12562098750154224,0.11320604486754472,0.10127862807280719
2014-02-28,0.12194413321468531,0.11162821490211193,0.10139181861652997
2014-03-03,0.12294991190692253,0.10867226381887563,0.09683436450415575
2014-03-04,0.09264767683173122,0.10887613163147711,0.10277662735278466
2014-03-05,0.09218738543579146,0.11869412527158538,0.13366334037158434
2014-03-06,0.09081581396346011,0.11513214019011446,0.12313682562810882
2014-03-07,0.0841453933756853,0.11197877691317287,0.11492429226479431
2014-03-10,0.0773436103532669,0.10858000349763255,0.10691976578592477
2014-03-11,0.0812219309178196,0.10529247053082502,0.10012393527944463
2014-03-12,0.07442110901776994,0.10388695184435442,0.09985345790578887
2014-03-13,0.08637129094942148,0.1007274767715305,0.09409648890639938
2014-03-14,0.08572810497130395,0.10705102235058542,0.11636379374628152
2014-03-17,0.08912885824152414,0.10436420803211494,0.10970590604687243
2014-03-18,0.09189372494115254,0.10707023911578914,0.11852188040675159
2014-03-19,0.09441478056313601,0.10742895105868198,0.11962399547403794
2014-03-20,0.0921771138067465,0.10620789348892626,0.11641325848153597
2014-03-21,0.09215510709039887,0.10543166581750577,0.11482336581837571
2014-03-24,0.09350880383070806,0.10333039812896365,0.1110202955227219
2014-03-25,0.09301928144476694,0.10147038734840554,0.10708949159484299
2014-03-26,0.09683642207721319,0.10008706031599955,0.10496316181800802
2014-03-27,0.09717947226924038,0.10101590275345897,0.10937163853718615
2014-03-28,0.09697689647847903,0.0982818706806295,0.10305950781094611
2014-03-31,0.10063076076877324,0.09718790793021717,0.1020897193760978
2014-04-01,0.09900441806208429,0.09942750771697527,0.11011806787453
2014-04-02,0.08774771793344192,0.09976484803772925,0.11168118128403573
2014-04-03,0.08797000576414797,0.09759435549932743,0.1064013238552461
2014-04-04,0.09741037368073027,0.09476134235979336,0.09996839165224403
2014-04-07,0.1043646758840718,0.10285685497027575,0.12276056407884706
2014-04-08,0.10574254459262204,0.10868261947612004,0.13533009979906152
2014-04-09,0.11131657254810173,0.10657910701350626,0.12733332828920044
2014-04-10,0.13373992341166313,0.1113852764579851,0.13719290717866453
2014-04-11,0.13176007366832457,0.1359297263995672,0.1888268122044582
2014-04-14,0.13479081939202492,0.13640569199032093,0.18121484821955838
2014-04-15,0.13313658533279424,0.1357248851104468,0.17236618769843168
2014-04-16,0.13593615152016994,0.13426962869280384,0.16306461656462412
2014-04-17,0.1347102554783777,0.13634306372680555,0.1637461690672373
2014-04-18,0.13311671837904254,0.13230083280002225,0.1493535640902885
2014-04-21,0.13294836536379373,0.12827041645681467,0.13653503752387464
2014-04-22,0.13276252162118332,0.12509717127071485,0.1352420580943992
2014-04-23,0.1322670796299473,0.12256126918323908,0.12788470030439772
2014-04-24,0.12950209645067623,0.11917678449724253,0.11897583113600035
2014-04-25,0.13288681598550894,0.11581419232484273,0.11112358737756144
2014-04-28,0.13227894392702963,0.11676032664530457,0.1171158825354394
2014-04-29,0.13020900225045148,0.11386921550024809,0.11072261417799309
2014-04-30,0.1285503446840203,0.11186774271379282,0.10776171250702794
2014-05-01,0.1279828528776662,0.10907651860147768,0.10266685689990616
2014-05-02,0.12799621772270156,0.1057544077670982,0.0964352471452908
2014-05-05,0.12075889861507369,0.10268428739149717,0.0916794091002564
2014-05-06,0.11813377377945246,0.09983334794573777,0.08812171518087716
2014-05-07,0.11894177280657975,0.10258725085472903,0.10226946127106636
2014-05-08,0.11334853822355649,0.1020489027528388,0.10368923770175843
2014-05-09,0.08247108472716282,0.09902670495497755,0.0975530494315687
2014-05-12,0.07848613072692616,0.09618487484131087,0.09265263647207587
2014-05-13,0.07574552684635619,0.10057753714528699,0.10898224741351815
2014-05-14,0.07662710811280367,0.09757563749081437,0.10195738413155718
2014-05-15,0.07656448348739273,0.09638834024872038,0.10087712968748531
2014-05-16,0.0772610108325954,0.09954656148221763,0.11150245672101075
2014-05-19,0.07804654613681977,0.09744888883903025,0.10643639850328293
2014-05-20,0.08082310913028354,0.09554752521526362,0.10254259186813314
2014-05-21,0.08448987638863847,0.09584580631327126,0.10568533773838377
2014-05-22,0.0842155229480855,0.09848535630246072,0.11351822495249751
2014-05-23,0.0849292899005561,0.09595103144666565,0.10680169863116798
2014-05-26,0.07865517378965003,0.09431960688179482,0.10333697812741398
2014-05-27,0.08032302905800896,0.09144625168806066,0.09693315939486197
2014-05-28,0.07954610056470358,0.09180666314329643,0.10016898274817505
2014-05-29,0.08061150414306828,0.0890552292415658,0.09438425709644932
2014-05-30,0.08056597926240847,0.08864229313366596,0.09573601076732674
2014-06-02,0.08004253582590866,0.08616970214039725,0.09116203932502791
2014-06-03,0.08021658622594224,0.08366236546715387,0.08703905280958239
2014-06-04,0.07181219200126292,0.08113872894184343,0.083352907390148
2014-06-05,0.072314355539475,0.07905830688296583,0.0813495304970901
2014-06-06,0.07239332551818552,0.08071055591734191,0.0896570857128093
2014-06-09,0.07244597675511917,0.08042152565467509,0.09113710088625028
2014-06-10,0.06684123157817258,0.07807296953212932,0.08695363605880896
2014-06-11,0.06897388982105039,0.07569559350410349,0.08321378956336087
2014-06-12,0.07196408642807055,0.07462863766588167,0.08339030525778743
2014-06-13,0.06242985890241648,0.07744999439465769,0.09309694479363022
2014-06-16,0.062148865224735936,0.07601749388510821,0.09060522398583085
2014-06-17,0.061844925158812646,0.07377136677911636,0.08641826608863494
2014-06-18,0.05799375984396991,0.07233351249138122,0.08479303696273227
2014-06-19,0.05344696898907549,0.07567561857899681,0.09146944014682297
2014-06-20,0.05340706086950628,0.07349941271715697,0.08711141539087892
2014-06-23,0.05325117659771798,0.07169553859543114,0.08425270997289092
2014-06-24,0.05929660107156944,0.06952160954388444,0.08082056681190748
2014-06-25,0.05788558285849191,0.07138107752942416,0.08773888377315112
2014-06-26,0.05787926962252932,0.0713932390226303,0.08890925143341136
2014-06-27,0.05617329643842406,0.06927429417802067,0.0847910883160805
2014-06-30,0.05639835565048682,0.06758734103819163,0.08226357962403469
2014-07-01,0.05975970221469057,0.06555848077819099,0.07922692834651958
2014-07-02,0.05942751874716644,0.06865145636724636,0.08860526642282265
2014-07-03,0.06068986533245171,0.06667673203384894,0.08467364257384911
2014-07-04,0.057986454329535565,0.06740161687197352,0.08747432106991869
2014-07-07,0.05851951816850068,0.06534829209351173,0.08346386620272568
2014-07-08,0.06357845433903508,0.06479245037816608,0.08344090727858655
2014-07-09,0.06511603496566068,0.06764102297000758,0.09091458709091682
2014-07-10,0.06551695211710397,0.06784888419112076,0.09132612222228055
2014-07-11,0.059284116873655715,0.06756464194765845,0.0906053205442844
2014-07-14,0.060536456351680173,0.06572399040005118,0.08655545191490649
2014-07-15,0.061390975149635936,0.0666475098432591,0.08920987336488206
2014-07-16,0.061817880444584763,0.06502688551224331,0.08581981946247302
2014-07-17,0.07105835860515666,0.06466204287969551,0.08569982515194197
2014-07-18,0.07915453144382707,0.07685091686058976,0.09995545557075995
2014-07-21,0.07937415115630564,0.08434867728106715,0.1156768928130668
2014-07-22,0.08052667300938358,0.08210271338526534,0.10793710049850264
2014-07-23,0.07699915352627427,0.08137745483763127,0.1046830412781545
2014-07-24,0.07594708388806287,0.07936815998974805,0.0989442962553587
2014-07-25,0.07812675868022384,0.07695053520584469,0.09297775090553821
2014-07-28,0.07796340532469265,0.07680528289736134,0.09333166233144688
2014-07-29,0.07966091317883553,0.0744820975009804,0.08829178650664884
2014-07-30,0.07621577903867399,0.07412924880123029,0.08878500229045959
2014-07-31,0.10265749628357497,0.0718734116938386,0.08445121140211975
2014-08-01,0.10056049600939435,0.10426419570336067,0.15539848718209598
2014-08-04,0.10481197727510043,0.10178596241510297,0.1430250257247528
2014-08-05,0.10881139144390224,0.1025742000997005,0.13929309752178773
2014-08-06,0.10732484905928394,0.10642153476229471,0.14309934416890294
2014-08-07,0.10641284379543804,0.1031866530211609,0.1308886807353068
2014-08-08,0.1150284211178488,0.1022464066966075,0.12560719529216088
2014-08-11,0.11550264208730335,0.10875419423105956,0.13876038163273277
2014-08-12,0.1136307165849246,0.10603971324252455,0.1285594239839125
2014-08-13,0.11666956983306792,0.10295210073976703,0.11865272109776584
2014-08-14,0.11719078647964169,0.10320503265624749,0.11858942942301999
2014-08-15,0.11028454174107583,0.10172397176730401,0.11410200266834976
2014-08-18,0.10833099970338557,0.09862825846485154,0.11289567373404312
2014-08-19,0.10962595681009357,0.10097846429040452,0.11858018870890102
2014-08-20,0.10898761909256426,0.0999729907003771,0.11510539480090866
2014-08-21,0.10917805531474865,0.09748098084835144,0.10830659711238586
2014-08-22,0.109348328320184,0.09518701801711066,0.10286798965439364
2014-08-25,0.10914684291697568,0.09248509032250511,0.09697264725071753
2014-08-26,0.1091447949164812,0.09179849131562724,0.097358592887177
2014-08-27,0.10775974199541256,0.08903773381629101,0.09186513887906156
2014-08-28,0.1078395686382444,0.08633924396381773,0.08718431085252924
2014-08-29,0.07727727886882271,0.08373626981117477,0.08331171962584215
2014-09-01,0.07553803776016921,0.08193507904281608,0.08219514620492352
2014-09-02,0.07353193037582113,0.07943900645833486,0.07909247022951797
2014-09-03,0.06154611933530255,0.07704337966094682,0.07660632039754951
2014-09-04,0.062470745408565904,0.07472675346845092,0.07458532376144367
2014-09-05,0.056849553794036375,0.07266853440249892,0.07347366351199529
2014-09-08,0.04898726921270977,0.07258151453975066,0.07781474167545442
2014-09-09,0.05626096486872884,0.07108711731938903,0.07740314843970461
2014-09-10,0.05593815347791708,0.0732121544819365,0.08608104493423198
2014-09-11,0.052694679378040565,0.07246860921336251,0.08597696503730198
2014-09-12,0.05668328866749364,0.07040268411315985,0.08257735893408791
2014-09-15,0.05683909368621653,0.07195851619513646,0.08834780860076573
2014-09-16,0.055499118414519766,0.06982786265336606,0.0863283063620851
2014-09-17,0.0531529542022539,0.07373034182161166,0.09629156638055629
2014-09-18,0.05522483623458537,0.07167559956955734,0.09110698920262292
2014-09-19,0.05486983038552637,0.07250072299032582,0.0932710641426128
2014-09-22,0.06159434630483641,0.07037935665123776,0.08832822013169649
2014-09-23,0.06224760021142013,0.07459843707265938,0.09855640265754272
2014-09-24,0.06825865456739537,0.07569251642247332,0.10014395524646313
2014-09-25,0.08863323294376227,0.0794035168763945,0.10729003565057423
2014-09-26,0.09354778715531764,0.09963775139957129,0.14732932968003648
2014-09-29,0.09295753755460183,0.10138579030778082,0.14442550900532045
2014-09-30,0.09321393858348997,0.09855193640091774,0.13252054572309357
2014-10-01,0.10348308998069984,0.09609751370691277,0.12290577646951086
2014-10-02,0.10357490465205661,0.10721807000313428,0.1452163331200071
2014-10-03,0.11185470778433552,0.10395350589273598,0.1326565273410438
2014-10-06,0.11027891327707263,0.10941029398856464,0.1418865522198066
2014-10-07,0.12132894235373533,0.10617488390034857,0.12999514912744406
2014-10-08,0.13634269099607915,0.11939946104691722,0.15805618209443986
2014-10-09,0.15124503010285573,0.1339637190050709,0.18435998434090486
2014-10-10,0.1546877490352836,0.15144985501777747,0.21351915739034838
2014-10-13,0.1621796120551559,0.1534712548240158,0.20705558065126653
2014-10-14,0.16271621302336453,0.16213739632111251,0.2168487216731745
2014-10-15,0.15906795685694405,0.15731299476969474,0.18468574835866716
2014-10-16,0.15844961593741025,0.15478837454112482,0.1729036154335776
2014-10-17,0.16432860266063773,0.1501100045487635,0.15656858563383863
2014-10-20,0.17003443615833094,0.15253037125297902,0.1627755765676908
2014-10-21,0.1852054782049781,0.15258255620725308,0.16136630996743068
2014-10-22,0.18569594415123372,0.16644189019713568,0.19726097203290255
2014-10-23,0.18845254454471272,0.1637396096574235,0.1841268398814829
2014-10-24,0.18234881185306442,0.16499004820221017,0.18359068682633464
2014-10-27,0.180108425395492,0.16271736234298498,0.17364642426656565
2014-10-28,0.1845843278694665,0.15785097552300886,0.15738228224824122
2014-10-29,0.18440732691749315,0.1593380478017381,0.162307228534512
2014-10-30,0.17832880991920314,0.1545960067164026,0.147591030448191
2014-10-31,0.1816881531461595,0.15193181035743758,0.1411969972386687
2014-11-03,0.17859974035096757,0.15379606772916793,0.14999114950618478
2014-11-04,0.17917175929526316,0.14912591163367372,0.13659950288017578
2014-11-05,0.1692185697621355,0.1452131788227094,0.12715260160464972
2014-11-06,0.16023896734243195,0.14290223687601444,0.12431571237813603
2014-11-07,0.1398141267240507,0.13941710071482538,0.11754384709825434
2014-11-10,0.13017004056862289,0.13521875406002387,0.10881107960263944
2014-11-11,0.10899446797435428,0.13166764018319604,0.1033910088374445
2014-11-12,0.11013664847697924,0.12771340658296457,0.09683980659149917
2014-11-13,0.10362693079058731,0.12389368034417605,0.11309538890844184
2014-11-14,0.1029990517658348,0.12019929202202244,0.10505315472260912
2014-11-17,0.10015070601377758,0.11654143243653242,0.09798447344031808
2014-11-18,0.09819228907175716,0.11301819951366648,0.09212859364899181
2014-11-19,0.0807381420770176,0.11183868033038276,0.09541227036198445
2014-11-20,0.07261188558757882,0.10861150764835079,0.09052927474556483
2014-11-21,0.06639587862327409,0.1055230244789902,0.08662331153768922
2014-11-24,0.06398695341131759,0.10439163244861005,0.09009332991127353
2014-11-25,0.06352070258433876,0.10179637384456582,0.08751871498311092
2014-11-26,0.054846125558620354,0.09873538394407727,0.08346198175140888
2014-11-27,0.05380791110124673,0.09624192772281269,0.0818165072789609
2014-11-28,0.053608703783653275,0.09331001089215946,0.07862861868607136
2014-12-01,0.0500265482285733,0.09084254599670623,0.07736304785921459
2014-12-02,0.05346624743476649,0.09215570840330857,0.08854793051502306
2014-12-03,0.0513082564751688,0.09279418744312702,0.09474011376650371
2014-12-04,0.049111326879977525,0.09120780199986771,0.09302978686036009
2014-12-05,0.048110935756277916,0.08853393639827407,0.08820750981784599
2014-12-08,0.05523917919146319,0.08607224525891491,0.08461190329137493
2014-12-09,0.054745979082410565,0.0874279816478067,0.0927171104516681
2014-12-10,0.07968158726141805,0.0848055622573938,0.08774963859131239
2014-12-11,0.08167619806386621,0.10348667721391971,0.13737678624043
2014-12-12,0.09920451485374193,0.10224269234368359,0.11872537028445096
2014-12-15,0.10133762708974717,0.11764536478509492,0.1559504448438835
2014-12-16,0.10388229525934574,0.11716830774956843,0.14887369852354843
2014-12-17,0.12465202012853235,0.11783461283471303,0.14588988985158796
2014-12-18,0.1522966092953941,0.13693632444296636,0.18742699221428324
2014-12-19,0.15282774032610177,0.1632444653357539,0.23702505686891212
2014-12-22,0.15255029987391547,0.1591301573798201,0.21375457756355154
2014-12-23,0.1523500512620534,0.1553112351346577,0.19399515799328682
2014-12-24,0.15230201923704287,0.15067107034709548,0.17447368953483533
2014-12-25,0.15210630826394453,0.14608150332343692,0.1572740328255102
2014-12-26,0.15243698221010632,0.14163127224042432,0.14239100553175563
2014-12-29,0.15217425921570987,0.13788611637528067,0.1314235759208457
2014-12-30,0.15127081353618263,0.1337874135124298,0.12052554237143676
2014-12-31,0.1540618378323963,0.1313881184625121,0.11680928018306337
2015-01-01,0.15339344246788283,0.13315708121244996,0.12742731047358533
2015-01-02,0.1533673587912674,0.1291005800931888,0.1167649033501889
2015-01-05,0.1652574131332658,0.12518496523651437,0.10776121399093933
2015-01-06,0.16668582433861953,0.14054535571303933,0.15963540967885437
2015-01-07,0.1733377235118403,0.1411450416177251,0.1582080156481199
2015-01-08,0.17484674245440582,0.14507086206260614,0.16627159322646523
2015-01-09,0.17680231454879236,0.15639946735313207,0.1922376387263138
2015-01-12,0.16909166905503142,0.15482891048014402,0.1690031911778269
2015-01-13,0.16737305133398653,0.15319531682086973,0.1616492680510357
2015-01-14,0.16617031543503683,0.14893169505739665,0.14726179626918617
2015-01-15,0.15535668265376595,0.14630174043383473,0.13994845426790975
2015-01-16,0.1362503153058685,0.14628899241231438,0.14220766421913864
2015-01-19,0.1350026800156254,0.15060866434083225,0.15730345586408723
2015-01-20,0.1339520230118661,0.14602051769548588,0.1422371327280871
2015-01-21,0.13545654293881715,0.14181434183884017,0.13012581506887502
2015-01-22,0.146167349764267,0.13888128191526328,0.12389402395870115
2015-01-23,0.14722206390146633,0.1463738593818351,0.15241091550697491
2015-01-26,0.14696207213986578,0.14351574261914882,0.14311535633646322
2015-01-27,0.15301933262760534,0.13944057481344302,0.13104154915492286
2015-01-28,0.15764754332296887,0.14471655883353554,0.15059805180525324
2015-01-29,0.15902153588205123,0.14901436349844524,0.16281335402843092
2015-01-30,0.16414947853983827,0.14883914385839866,0.1600352001837169
2015-02-02,0.17092306008906027,0.15246422362865436,0.16877549567316086
2015-02-03,0.1663247582768463,0.15537385271811757,0.1741048989617487
2015-02-04,0.16308184620304386,0.16065310586242418,0.18526150532741117
2015-02-05,0.16121440470707665,0.15646371916259103,0.16845313827303346
2015-02-06,0.14965126747724875,0.15664435799750182,0.16683374359159078
2015-02-09,0.14776000501234884,0.1522535371427272,0.15165499817810266
2015-02-10,0.1490737608994274,0.1486423262396695,0.14956564305181785
2015-02-11,0.1484503166278686,0.14988917274968153,0.15389127549202505
2015-02-12,0.1487900301020498,0.1453404374464953,0.13941832797056206
2015-02-13,0.1433501913043878,0.14574445823050872,0.14291071095882552
2015-02-16,0.13831796655606068,0.1422044885739699,0.13295001770991377
2015-02-17,0.13815486289386392,0.13787236697884486,0.12140897447600904
2015-02-18,0.13830334742788283,0.13381189321926398,0.11210943340745036
2015-02-19,0.1380765088401229,0.12973597312811042,0.10373140046015607
2015-02-20,0.13067668335484695,0.12581434510540837,0.09682165219155685
2015-02-23,0.12853137389809338,0.1241802217223933,0.0997734659948365
2015-02-24,0.12858739663182148,0.12039846009988002,0.09340040320685412
2015-02-25,0.1173667975253434,0.1172506751298412,0.09023230906295303
2015-02-26,0.10491474317280908,0.11372682517836236,0.08569607211277847
2015-02-27,0.10401252667768356,0.11035799373088387,0.08218001069441784
2015-03-02,0.090159869631629,0.10781551057153155,0.08231403445272593
2015-03-03,0.08644637584426355,0.10735777102158492,0.09004968094278835
2015-03-04,0.07672556224034424,0.10530858869890786,0.08988900021189782
2015-03-05,0.07450554173845478,0.10341347397076418,0.09000752580116454
2015-03-06,0.08575114669754597,0.10035318329858207,0.08564150999423119
2015-03-09,0.0859552764629031,0.11180328366213985,0.12696753351607756
2015-03-10,0.10302448758472342,0.10958399118381018,0.11972162887743773
2015-03-11,0.0958875776225355,0.12382505577028902,0.13759346759940058
2015-03-12,0.1061917190067706,0.12039841199922373,0.1262642282244778
2015-03-13,0.10230568703601635,0.1266470143885148,0.14475394900033922
2015-03-16,0.11219094912944634,0.12509689578252986,0.13802316981570492
2015-03-17,0.11257294386279555,0.13180931155265824,0.15541000275199662
2015-03-18,0.12035215521612501,0.1283170891366952,0.14196708209213557
2015-03-19,0.12142545922909816,0.13280217759765844,0.15304462006729824
2015-03-20,0.12526334363169378,0.1299779549852128,0.14198952715906538
2015-03-23,0.12374140594349131,0.13056938945972732,0.14250948960609172
2015-03-24,0.1252366443011823,0.12681875506294354,0.1301192695996758
2015-03-25,0.13415074209261996,0.12489245831601678,0.12505441998692635
2015-03-26,0.1342102164356026,0.13400410395991763,0.15326668781394395
2015-03-27,0.13476625267690776,0.13025216712058565,0.1396065320435234
2015-03-30,0.14193111042981776,0.126596895086018,0.1279185919272997
2015-03-31,0.14266192197885902,0.13148597802430187,0.14381316493965854
2015-04-01,0.14252143402682613,0.1319712595232766,0.14389354161708962
2015-04-02,0.1428827983997475,0.12869018545441888,0.13287062226564017
2015-04-03,0.14276445065953364,0.1255487754751809,0.12370640993561811
2015-04-06,0.13612965544727643,0.12172405399886392,0.11342301365576497
2015-04-07,0.13574163984698648,0.12086612972437084,0.11451701791326824
2015-04-08,0.1224038069432795,0.11763628259997203,0.10723677535269657
2015-04-09,0.12238286991666729,0.11480356218543096,0.11606320000338308
2015-04-10,0.11632140231042153,0.11262162746465547,0.11121256712882416
2015-04-13,0.11521820369974148,0.11122241125341502,0.10950784385605049
2015-04-14,0.10629799689746731,0.109265371283466,0.10616213083305105
2015-04-15,0.10643313342334274,0.10619713210817221,0.0995483699529632
2015-04-16,0.0983805960079644,0.1044231482978495,0.09812874204451065
2015-04-17,0.10538805151464985,0.10124806156017868,0.09201140893432451
2015-04-20,0.10572119074986792,0.10798289121506129,0.11789118642603272
2015-04-21,0.10558888930316009,0.11050604408696639,0.12528148957220295
2015-04-22,0.10492468111336167,0.10723982101124759,0.11506911989231627
2015-04-23,0.08935928799153546,0.10570567967423694,0.11137846223525998
2015-04-24,0.08844041374603508,0.10295032649395151,0.10448575090544354
2015-04-27,0.09047969560306932,0.10022012712655096,0.09857485896089468
2015-04-28,0.08168278701967643,0.09850839101530168,0.09670795342272144
2015-04-29,0.07627202940055072,0.09630152664412646,0.09340386889386881
2015-04-30,0.08406710053270645,0.09473450635160803,0.09254479995626465
2015-05-01,0.09068527212458626,0.09984847906518507,0.11152670053890772
2015-05-04,0.09083399007297976,0.10549721311033869,0.12708256954103683
2015-05-05,0.09831896593870916,0.10287911423309104,0.11793819387983144
2015-05-06,0.09899677358985237,0.10933839504171775,0.13441850494146843
2015-05-07,0.09926733009572875,0.10721441412807318,0.1257873453606614
2015-05-08,0.10805015695523489,0.10509495654784196,0.1179538689383299
2015-05-11,0.108101997196323,0.11388232446742429,0.14098225146659454
2015-05-12,0.10739544539356034,0.11196912844224856,0.13229558649432893
2015-05-13,0.10721565372646417,0.10918137207455814,0.12247725385852425
2015-05-14,0.11207106371151974,0.10585785634659696,0.11240625673021673
2015-05-15,0.11206573427100901,0.11027570693179638,0.12602794183777175
2015-05-18,0.10340005042070514,0.1069991739371862,0.11564714674734476
2015-05-19,0.09936747220548696,0.10443849058048776,0.10874297973234764
2015-05-20,0.09926373341827895,0.10126493498776934,0.10085594493627514
2015-05-21,0.09844714533651473,0.09821818137372719,0.09437281871998984
2015-05-22,0.09873983005250991,0.095895137633776,0.09110125878478248
2015-05-25,0.098501978209083,0.09343774677627956,0.08774245818874667
2015-05-26,0.10478618136772451,0.09059125659394758,0.08343724850742858
2015-05-27,0.10934672412621667,0.0973717012971325,0.10914661447776582
2015-05-28,0.10831338246977704,0.10130102758203621,0.1202249095897795
2015-05-29,0.1043706842299986,0.09831299222448432,0.11076580079934388
2015-06-01,0.09781856898699051,0.09835055910055378,0.11112056005064051
2015-06-02,0.09741019147624773,0.09568197000102123,0.10377128488195304
2015-06-03,0.08821487061442072,0.0928474630164717,0.09691634513320262
2015-06-04,0.09239973306856669,0.09060506939059644,0.09278230355575595
2015-06-05,0.09178149069256912,0.09383330979567192,0.10521254471678357
2015-06-08,0.08139133130661472,0.09121869382360774,0.10314498933855744
2015-06-09,0.0800421947464697,0.09163497045927199,0.10504016833435605
2015-06-10,0.09019726695050913,0.08884516180540888,0.09774199891605209
2015-06-11,0.09079291817577652,0.09782073684728591,0.1227963790742843
2015-06-12,0.08718496694404156,0.09566283182036103,0.11482876178828556
2015-06-15,0.0879445185601465,0.09744298194588859,0.11832445144431016
2015-06-16,0.08959057986270812,0.09593910886973499,0.11281361933928422
2015-06-17,0.08992854733401719,0.09538889310806571,0.11071827958775708
2015-06-18,0.09751400440143662,0.0926960824360649,0.10309219433273728
2015-06-19,0.0980570590840422,0.0984648241847313,0.11943864614499519
2015-06-22,0.0995430848712996,0.09701998089551493,0.11400134388675676
2015-06-23,0.0995746541351867,0.09614012264521798,0.11093226986504671
2015-06-24,0.09541038682353634,0.09325191573494301,0.10279004217720114
2015-06-25,0.08977884147283523,0.09474989179601992,0.10809741500853157
2015-06-26,0.08974290103075908,0.09262336730507205,0.10244489701864616
2015-06-29,0.11380648516556631,0.08980474931055504,0.09557939266105767
2015-06-30,0.11382602818098757,0.11988352668156105,0.17081397834289327
2015-07-01,0.11807492127777443,0.11651532952948258,0.1544983664603277
2015-07-02,0.11746650585834065,0.11715382514064286,0.15010259553435237
2015-07-03,0.11411857854126345,0.11364067335903957,0.13614058733573284
2015-07-06,0.11434940401956306,0.11017872064516891,0.12404215305276403
2015-07-07,0.11465093512647741,0.10739553764909322,0.12168727761248022
2015-07-08,0.12898080806986567,0.10693909039425264,0.11976285937338131
2015-07-09,0.12105146180121894,0.12279392468037462,0.15943531867505442
2015-07-10,0.1292838444515991,0.11926047143340582,0.14475339115879027
2015-07-13,0.1327189751399287,0.12544721234300124,0.15674626277714726
2015-07-14,0.132419906235016,0.12889754098567383,0.16037251429615745
2015-07-15,0.1312606108605972,0.1260993103229492,0.1479997591042043
2015-07-16,0.13389063744431173,0.12226465378755444,0.13440393675174028
2015-07-17,0.1291530715520301,0.12254615460455655,0.13424717315584894
2015-07-20,0.1280592971078278,0.1188586061536559,0.12273625842142971
2015-07-21,0.1277098979279556,0.11525525807491024,0.11285143228394175
2015-07-22,0.12782182247727045,0.1127995640566902,0.10785246215506285
2015-07-23,0.1267878178150631,0.10958607244384436,0.10096970026867358
2015-07-24,0.13146057959659974,0.10849180203445459,0.10198172393203277
2015-07-27,0.1327814586670616,0.11272940742562448,0.11882434090640336
2015-07-28,0.11731663586324322,0.11162487474882309,0.11645739681531503
2015-07-29,0.11907520276194929,0.1181774946067513,0.13584530955419066
2015-07-30,0.11644764956695075,0.11763771244059984,0.13245597131018022
2015-07-31,0.11657540207300662,0.11405772039041719,0.12108184224672235
2015-08-03,0.11742539740042039,0.11074068748967275,0.11187135371652603
2015-08-04,0.11713818119641937,0.10816789334394816,0.10612766634431772
2015-08-05,0.11577107132276693,0.10514811713240922,0.11072765178047592
2015-08-06,0.10246836057847677,0.10274434755543536,0.10506381965360248
2015-08-07,0.10285712899100645,0.10461858557386174,0.11271020743903698
2015-08-10,0.10286840680632245,0.10170635556002672,0.10514397141980919
2015-08-11,0.10106177700485393,0.10997185307707961,0.12973341572972508
2015-08-12,0.09984885194222409,0.11229610751269478,0.13378045940981145
2015-08-13,0.09989117998959948,0.10897461939341249,0.12249620925455976
2015-08-14,0.09633216417937598,0.10576569291466265,0.11293010197627976
2015-08-17,0.09862062993183075,0.10351341016453658,0.10739346490762787
2015-08-18,0.0989193621684079,0.1026718476216414,0.10678774719105193
2015-08-19,0.10155182103712328,0.10018122749464613,0.10128375544090464
2015-08-20,0.12361668370990814,0.10191428839150811,0.10900588434822073
2015-08-21,0.15878382276638184,0.1284385905925792,0.17546835578184108
2015-08-24,0.2101302778573947,0.17213932437254856,0.2609686774487827
2015-08-25,0.21165732612294103,0.23629553256607638,0.37351730060327604
2015-08-26,0.25188645425646145,0.23367550148631985,0.3410912430571124
2015-08-27,0.267854667360644,0.26979571522460805,0.3965820010023405
2015-08-28,0.26782986593123526,0.27829750738610776,0.3889588327133503
2015-08-31,0.2684426986748348,0.2698195146398271,0.3450638863601058
2015-09-01,0.28464058728785085,0.2634946817410381,0.3113733100628986
2015-09-02,0.2956439686963889,0.28133038675939304,0.34498634633206887
2015-09-03,0.295056327013682,0.2823890068193102,0.31906364738491005
2015-09-04,0.29749591487720084,0.2738004682305947,0.2814628211804307
2015-09-07,0.2977187523657298,0.27200400414186493,0.27091456906184297
2015-09-08,0.30897467602687934,0.26371766640302124,0.23955526704323218
2015-09-09,0.31042222186648766,0.2732928165853298,0.27503100714821177
2015-09-10,0.3115343273303079,0.2700884556959434,0.260955343390104
2015-09-11,0.3126036184849881,0.262709423438674,0.23405201100939885
2015-09-14,0.3117325114327689,0.2553155602240025,0.21003522975590985
2015-09-15,0.3150335095018381,0.24795923860312746,0.18865949108556246
2015-09-16,0.31752062748821996,0.24520987314848353,0.18977671446883576
2015-09-17,0.31685360180351657,0.24009594282806587,0.17994686789340605
2015-09-18,0.3137305432732541,0.23294601778702712,0.16170882306764925
2015-09-21,0.2963640737569427,0.23476127668082425,0.18594501663347915
2015-09-22,0.25727303527590656,0.22849022515841677,0.17000271030335848
2015-09-23,0.2530747286953225,0.22727981032754555,0.17801698376584474
2015-09-24,0.21727499460801405,0.22044379593835917,0.1596725425979256
2015-09-25,0.19808014949632527,0.21419175436383814,0.14581801581142503
2015-09-28,0.21481215518289168,0.20766905857081921,0.13178134487339233
2015-09-29,0.21407343677431767,0.22429202606879095,0.21541394972914807
2015-09-30,0.19932802600002422,0.2174710703712067,0.19152326714173673
2015-10-01,0.18786094329000833,0.2227630589491395,0.21481414007428049
2015-10-02,0.19528169301726844,0.21621429985082438,0.19768799321510416
2015-10-05,0.1959105073622002,0.21741222619901485,0.20461571390270264
2015-10-06,0.19664040012258796,0.221665844106777,0.22017804444054012
2015-10-07,0.1794806675348671,0.21532687785257434,0.1972530600257554
2015-10-08,0.1738863235914157,0.21116282072496065,0.185008385080106
2015-10-09,0.17341817450671468,0.20769034945237536,0.1769838475589522
2015-10-12,0.17308841105254236,0.20137660262021084,0.15859511748430694
2015-10-13,0.17428807382065784,0.1952763265903521,0.14293860797515498
2015-10-14,0.17057119027999018,0.19091684541950074,0.13679609091371964
2015-10-15,0.1760156562356345,0.1860414077927308,0.12870419764794216
2015-10-16,0.17612306894804197,0.18985642028247723,0.158587689018652
2015-10-19,0.16421210241493683,0.18491584585059517,0.1462654353250698
2015-10-20,0.16411366053851625,0.17929274825395716,0.13231807011819183
2015-10-21,0.15801631312697287,0.1739018869842694,0.12077776177432388
2015-10-22,0.16549066473321442,0.1703316201696907,0.11898005607010788
2015-10-23,0.1660527099909745,0.17752610025714086,0.16021804640336362
2015-10-26,0.16684991391644155,0.17726138753791446,0.1631104489280591
2015-10-27,0.13198408546329576,0.17212742742130463,0.1476542577818108
2015-10-28,0.13320923226722428,0.16705310657155936,0.13413957140313487
2015-10-29,0.12500707629680677,0.1678287479255874,0.14540896514228718
2015-10-30,0.1283034743814162,0.16273133152125513,0.13160630703209708
2015-11-02,0.12537772680298725,0.15866529783851369,0.13398934407287857
2015-11-03,0.1145375771316677,0.16048582835930142,0.1470326321008101
2015-11-04,0.1142705655313789,0.15600364640521847,0.13439435653980458
2015-11-05,0.11339581834606319,0.15171179544743535,0.12398532743751875
2015-11-06,0.11130583797524936,0.1471412799577348,0.11359430397845299
2015-11-09,0.11809430225757411,0.14267328234283055,0.10475071394118901
2015-11-10,0.11809733270732375,0.14305006262334355,0.11741497832309009
2015-11-11,0.11634978788626293,0.138981178213437,0.10907420185772675
2015-11-12,0.12685731676667875,0.13561511765745238,0.10462963775988698
2015-11-13,0.12339326251024596,0.14239407095050421,0.1383722921091058
2015-11-16,0.1332590063934463,0.14487023092419565,0.14833935357913136
2015-11-17,0.13333263743969703,0.15222436023153346,0.17063272506319338
2015-11-18,0.14316265893735644,0.14761429969284892,0.15307882055281674
2015-11-19,0.14079838608650624,0.15565739760859543,0.17661659881225186
2015-11-20,0.12986695917198482,0.15095269466173217,0.15823680634095863
2015-11-23,0.12481950501654474,0.14703598401024143,0.14465701588076488
2015-11-24,0.12443225183914221,0.14262647532375622,0.1310848120197337
2015-11-25,0.12413836172333897,0.13837939646754555,0.11972058540973168
2015-11-26,0.11789530098609935,0.13416496450193033,0.10980786745879803
2015-11-27,0.11792485373202444,0.1300777591973969,0.10153711381089742
2015-11-30,0.11784993478072874,0.12619379650471374,0.0950372233407418
2015-12-01,0.11527082472680529,0.12341426832800541,0.11105331178405099
2015-12-02,0.12010531897347976,0.12521585560575738,0.1222004123438871
2015-12-03,0.1287824299012854,0.1277850641762223,0.13292982031433762
2015-12-04,0.14690913239799852,0.13548478985594262,0.15608276423410594
2015-12-07,0.14835349754076713,0.15131330225216982,0.19502876666823252
2015-12-08,0.14661326262195654,0.1485943179160091,0.17902678506065395
2015-12-09,0.1485589174948038,0.14643374036629378,0.16696174462389285
2015-12-10,0.14850646607549073,0.14518487373581127,0.15948361288381321
2015-12-11,0.1559241729149041,0.1411184688756406,0.14455885623241263
2015-12-14,0.15215472030631452,0.15656036476078464,0.18938366230706027
2015-12-15,0.14714629891787095,0.1530507388213308,0.1726862853587009
2015-12-16,0.15561796860250793,0.15384413248276815,0.1711214544526122
2015-12-17,0.1547499804245469,0.15949403629992012,0.18403041345874016
2015-12-18,0.16567900646207184,0.16576244202469953,0.196468700443112
2015-12-21,0.16827784519781117,0.17525473155269683,0.21566797012786038
2015-12-22,0.17218791146868054,0.17289253855808065,0.20013261614442407
2015-12-23,0.1781564559089607,0.17126646416810026,0.1891782704152457
2015-12-24,0.17819710983429407,0.17280754567400466,0.18958019305959103
2015-12-25,0.17819710983429407,0.16766627339649912,0.16960666333380778
2015-12-28,0.1781815488693391,0.16255848326245362,0.15207791705637985
2015-12-29,0.18189590932261218,0.1578570119013552,0.13804863169847092
2015-12-30,0.18005028575278542,0.1585165302809895,0.15802662572517376
2015-12-31,0.17991688971186773,0.15615658693043422,0.15068455696583366
2016-01-01,0.17328329511384044,0.15636495905530712,0.15312788414531223
2016-01-04,0.16447407654229282,0.15160145248362825,0.1380187701374089
2016-01-05,0.16407733862419657,0.15684620842013836,0.15942752124474274
2016-01-06,0.1677986348555085,0.1522099218951433,0.1438753457762821
2016-01-07,0.184337509142757,0.15560947221831847,0.15767825254229742
2016-01-08,0.1857237940292649,0.17798282607454013,0.2216369170448947
2016-01-11,0.1760980277493507,0.17781790463511293,0.21150676847785468
2016-01-12,0.17792081098185086,0.17244379660089396,0.188224286584989
2016-01-13,0.18924128757899802,0.17008555694383162,0.17724227003765014
2016-01-14,0.191451609491273,0.19193419211848856,0.2377388107626726
2016-01-15,0.1975442865866027,0.19656425472630248,0.23969863252843318
2016-01-18,0.19106258535970067,0.20842057325647315,0.2613176708509415
2016-01-19,0.18742461099735797,0.20207124296931386,0.23119008358431392
2016-01-20,0.18457605443779368,0.19598361418257462,0.20531022540228647
2016-01-21,0.17828475137519076,0.1965202694318834,0.20390214274857263
2016-01-22,0.1981275325002985,0.19176754181732064,0.18571625666863292
2016-01-25,0.20159181081112304,0.20200014959484225,0.2186187476150314
2016-01-26,0.21090557950225367,0.20460677512273426,0.2216585734804817
2016-01-27,0.20573342741643713,0.2052523227213941,0.21858737604315734
2016-01-28,0.20827462803096866,0.20349767176438524,0.20961436316044813
2016-01-29,0.22848470421298564,0.19833000158689912,0.19004298718003082
2016-02-01,0.22843967891570086,0.21388226369290037,0.2395610658417941
2016-02-02,0.23149778270663982,0.2073713064255266,0.2124102285842791
2016-02-03,0.2329807987149484,0.2131282762600589,0.22804219124321204
2016-02-04,0.2302945969148379,0.20793839645335108,0.20673273085662844
2016-02-05,0.22466736656048183,0.20169578763518403,0.18435011506526505
2016-02-08,0.22617365358740288,0.20936550850444777,0.21304757774072844
2016-02-09,0.22605978884212377,0.20971654361156908,0.21203212258563733
2016-02-10,0.22332318694785272,0.20332784314822328,0.18859411981006496
2016-02-11,0.2110762283587334,0.1971622385921856,0.1685101085449791
2016-02-12,0.2158898083843372,0.1978196498618588,0.17693976417053028
2016-02-15,0.20278515994522076,0.20756084721738652,0.21360663828607246
2016-02-16,0.21121099966312276,0.20123770764879856,0.1899528763756833
2016-02-17,0.21812090358157638,0.2056758194638478,0.20632517704866485
2016-02-18,0.2130248049200509,0.20912642336079942,0.21606129558198095
2016-02-19,0.21263805295475205,0.20338280785697044,0.1942233350195507
2016-02-22,0.20688361273586792,0.19719536632933254,0.1732746710222461
2016-02-23,0.20455360691616795,0.1991919031216842,0.1851887195222753
2016-02-24,0.2000207419479486,0.1993474124310278,0.1880137380450756
2016-02-25,0.19894043002876954,0.1940880194243428,0.17093568557853211
2016-02-26,0.19904257767817493,0.19391089520063357,0.18267476118391504
2016-02-29,0.18349677094885253,0.18821689300628766,0.16418479257030738
2016-03-01,0.20040161340076323,0.18503345734103327,0.15751639305271767
2016-03-02,0.18793291364009013,0.2008621311324961,0.2159412141004399
2016-03-03,0.18754069065307521,0.19552160247175973,0.19461328670994466
2016-03-04,0.18757481636836126,0.19017445295569707,0.175810121342977
2016-03-07,0.170901110292314,0.1848130991276628,0.15913161177770754
2016-03-08,0.1679468707757316,0.1792098042689524,0.14332668132916204
2016-03-09,0.16763690648177543,0.1789167925283934,0.15084913026204327
2016-03-10,0.16719518654436394,0.1745212304896936,0.1404652975249433
2016-03-11,0.16100865515465837,0.1692333446153014,0.12745515671715335
2016-03-14,0.15199891078159175,0.1754886288247072,0.16161611845202467
2016-03-15,0.15262808073899223,0.17021567646826816,0.14561796129817747
2016-03-16,0.14548372563519246,0.16515204870654712,0.13219986990072596
2016-03-17,0.13827915901757706,0.1616852889921616,0.12695030469829335
2016-03-18,0.1359941793790232,0.15867686227112893,0.12409608470720916
2016-03-21,0.1355093791021186,0.1545968688916846,0.11679131065451454
2016-03-22,0.12986477417830639,0.14998864265217848,0.10784846474302343
2016-03-23,0.12232751505234636,0.1454344186717599,0.10001373536851504
2016-03-24,0.12268150858304655,0.14333541055612034,0.10435616246113577
2016-03-25,0.11804763125802313,0.1389794980073773,0.09710101189899296
2016-03-28,0.1171229150311178,0.13474562261683914,0.1101470160869726
2016-03-29,0.11351443642468095,0.1306609045483709,0.10186312099251733
2016-03-30,0.08683691768921435,0.13164275964087008,0.1148999625190146
2016-03-31,0.08775332899755918,0.12876286279379787,0.1101152720371837
2016-04-01,0.0891882960117996,0.1251973541399447,0.10317599386901985
2016-04-04,0.09078794601443688,0.12422077808375562,0.10722287122453909
2016-04-05,0.09936151511406033,0.12109490892766107,0.10193893606876815
2016-04-06,0.09462422358350736,0.12372427179646865,0.11833647295392713
2016-04-07,0.10588944506531127,0.12717359321706137,0.13274488768081427
2016-04-08,0.10597456731068511,0.13188586600776717,0.14738841344175116
2016-04-11,0.0923215799706008,0.12829619877742607,0.13440467876672574
2016-04-12,0.09682361438787239,0.12472298041154539,0.12319198969036843
2016-04-13,0.1011198220096242,0.12618124342377465,0.13013837347397733
2016-04-14,0.10008292285579355,0.12842744519731436,0.13794557696413312
2016-04-15,0.09870807902420227,0.12451517002255898,0.1250692343626982
2016-04-18,0.10042952018896614,0.1207985821157485,0.11449122493370342
2016-04-19,0.10067322957438506,0.1202417655190018,0.11631314577048545
2016-04-20,0.10048100074156434,0.11722015005398145,0.10917243651110668
2016-04-21,0.0993487184208202,0.11370947077894646,0.10119256436443462
2016-04-22,0.09926092914660585,0.11222225010092883,0.1017158519075459
2016-04-25,0.09973526891675077,0.10880350827364206,0.09481806720396961
2016-04-26,0.09970661019785032,0.10570165723810836,0.1008330878631051
2016-04-27,0.09556306207207503,0.10264407164025911,0.09463414050787244
2016-04-28,0.10079353494637044,0.09983769096685965,0.0901558505059967
2016-04-29,0.1023405762486253,0.10308373620765005,0.1067594599371784
2016-05-02,0.10332738427140105,0.10213607473372348,0.10601023719883176
2016-05-03,0.10734086733479717,0.10369961730802518,0.11299267999467193
2016-05-04,0.10313690353257382,0.10613068417890525,0.12090160820131031
2016-05-05,0.09555598500921259,0.10517163908238471,0.11747882024736982
2016-05-06,0.08636020440617025,0.10197050917110807,0.10784388726571231
2016-05-09,0.08598002698595404,0.09987892302873591,0.10308465318029116
2016-05-10,0.09485582666251652,0.09688948440887145,0.09608221936207736
2016-05-11,0.09643676614348316,0.1055134757296534,0.12523887468964875
2016-05-12,0.08946637613605753,0.10863105827624842,0.13206212827514666
2016-05-13,0.09407216313697618,0.1053277688258143,0.12007674590243615
2016-05-16,0.1009120826724973,0.10764084161481731,0.12605828000081928
2016-05-17,0.10206676828795933,0.11112374094546278,0.13414799646979644
2016-05-18,0.10107495468157533,0.11374137813101039,0.1385264611688975
2016-05-19,0.1010794920296858,0.11028222585231036,0.12552896268012464
2016-05-20,0.10328548619543716,0.1077710298357967,0.11714089600085632
2016-05-23,0.10326046654809029,0.1073190725915086,0.11631787653435154
2016-05-24,0.1136017067328552,0.10418468195666186,0.10729682438008668
2016-05-25,0.11601379289654817,0.11274308066581781,0.12776627958243306
2016-05-26,0.11579618119326496,0.11242482424711683,0.12578661271640418
2016-05-27,0.11174220199985982,0.10900560641364118,0.114844490536364
2016-05-30,0.10960248038843613,0.10699352898283074,0.10988664240131953
2016-05-31,0.10692053214628376,0.10373407506479175,0.10155847347699497
2016-06-01,0.10166758369873596,0.10084618381509523,0.09562245791733137
2016-06-02,0.09904109093830023,0.09809736918158787,0.09096454414183161
2016-06-03,0.1000595112479135,0.0958402352071928,0.08864183147725181
2016-06-06,0.10061571258300189,0.09364569064471681,0.0867383169285615
2016-06-07,0.10060560780613634,0.09291314478723277,0.08998025296658724
2016-06-08,0.09265072610623985,0.0902867351133396,0.08594019677947992
2016-06-09,0.08530172673401541,0.08844594958034097,0.0851059319698042
2016-06-10,0.093135031493139,0.08591592411633467,0.08187684846617245
2016-06-13,0.09188616929106505,0.09115803329740976,0.10328706128132709
2016-06-14,0.08629537268382681,0.09336714785345128,0.11040943313252267
2016-06-15,0.07916467701970999,0.09084594420290981,0.10292428018547267
2016-06-16,0.07954982183886933,0.08824524203464279,0.09630558799515372
2016-06-17,0.07973038629438718,0.08633787707953205,0.09276920327305693
2016-06-20,0.07983723727299367,0.08495543788316993,0.09133588613069009
2016-06-21,0.07973436758325116,0.08606624612306826,0.09739053232480445
2016-06-22,0.06735895319535373,0.08416909921629809,0.09341068322690206
2016-06-23,0.0774673865234723,0.08185153461099938,0.09297562620192952
2016-06-24,0.15029022131894437,0.09396234633944564,0.12615076518344756
2016-06-27,0.15973725722717247,0.16887786495776594,0.2812406106528505
2016-06-28,0.17422163311933736,0.17817632398327188,0.27883892875150085
2016-06-29,0.18530630945412613,0.18620783735091304,0.27635494076143635
2016-06-30,0.19146803614001326,0.19210183601586994,0.27132559882152224
2016-07-01,0.1913118173266767,0.1935624099836542,0.25790459811404975
2016-07-04,0.19099835917391847,0.18784306711890597,0.2285651636384797
2016-07-05,0.19176298169839776,0.1821206105655248,0.20269624306921644
2016-07-06,0.19294543905484768,0.1787900734174426,0.18735403819445884
2016-07-07,0.1925354688276819,0.1748958468861267,0.17236323601472228
2016-07-08,0.19950693453492183,0.16958495521785122,0.154383521923013
2016-07-11,0.19644675439278245,0.17417449695010892,0.1734086562808442
2016-07-12,0.19489860046589383,0.16942252857897983,0.15717142959418742
2016-07-13,0.1945663312787353,0.16665408697899325,0.15019034156382527
2016-07-14,0.1946224209879497,0.16157803850171887,0.1354055702392053
2016-07-15,0.19495975017861064,0.15814470054503327,0.12893392203316156
2016-07-18,0.19387960088141248,0.1534158472547389,0.1177921745402131
2016-07-19,0.1935648800159406,0.1491077684011956,0.10969913142813592
2016-07-20,0.19370130707002126,0.1446193955291585,0.10158277671808334
2016-07-21,0.1943430352505904,0.14114089587665632,0.09901217360525882
2016-07-22,0.19042144370276165,0.13762994634492737,0.12047004751140537
2016-07-25,0.1326466262978807,0.13456703575704204,0.11467131856427933
2016-07-26,0.10888276127040385,0.13089549386045582,0.10711497813361291
2016-07-27,0.09747564807262786,0.12692056379842448,0.09919467001006586
2016-07-28,0.08352539036274471,0.12312325516154955,0.09300898324272654
2016-07-29,0.07275661230802771,0.11945672731630311,0.08810298045075995
2016-08-01,0.07326265671751214,0.11598739130722481,0.08458836755846828
2016-08-02,0.0782112273055529,0.1125001786388258,0.08123088452478912
2016-08-03,0.07199975089864079,0.11190029207374391,0.09084113759160796
2016-08-04,0.07035006555547682,0.10908316167024307,0.08847365053447186
2016-08-05,0.07349077322838013,0.10584088903002092,0.08443656802833847
2016-08-08,0.05707229333606179,0.10739361501298614,0.09965809092597051
2016-08-09,0.05646596834777582,0.10414775390812547,0.09317164117658111
2016-08-10,0.052986236862442686,0.10100157809036672,0.08794985107235119
2016-08-11,0.05470458945632795,0.0983976391410055,0.0855304414620636
2016-08-12,0.05214941657935369,0.09708406766551701,0.08819935884938084
2016-08-15,0.05230741831577475,0.09418720425108755,0.08410548136098688
2016-08-16,0.05555627520939971,0.09200182474065698,0.08321740051851416
2016-08-17,0.055571036956009644,0.09143711777694813,0.08805995848580755
2016-08-18,0.05435875906654369,0.08895224930458716,0.08483440553265996
2016-08-19,0.05268396433701873,0.08668164165262836,0.0827728642538767
2016-08-22,0.05067218462337873,0.08423338626325744,0.08353483853607067
2016-08-23,0.049783726107992865,0.08166749234179607,0.07995858926336301
2016-08-24,0.05347676700004636,0.07956506107451541,0.07853150785476129
2016-08-25,0.053377922859177064,0.07967657599517368,0.08465067331521996
2016-08-26,0.0537724735127849,0.0772957479177274,0.08098739217085668
2016-08-29,0.05609553801931899,0.07529863979275767,0.0791547837577686
2016-08-30,0.056369778616871195,0.07546221065311191,0.08441422268789954
2016-08-31,0.052254182573229634,0.07344411661530019,0.08152914804516372
2016-09-01,0.051453018506476274,0.07206281668734034,0.08106087971120529
2016-09-02,0.05346025406663812,0.06986772257945607,0.07802523441664523
2016-09-05,0.045500464080316966,0.06996080575431585,0.08238861540318161
2016-09-06,0.04657201690638694,0.06782951777276267,0.07906079418567499
2016-09-07,0.04656175054285593,0.06680185066589238,0.07953468547607072
2016-09-08,0.0464281100317026,0.0647677661744081,0.07684018459874116
2016-09-09,0.09443877913043741,0.06342075058219476,0.07656586978368639
2016-09-12,0.10853577185538207,0.11249218201651338,0.1907125408833683
2016-09-13,0.11803970521281949,0.12232543531037447,0.19772696718783742
2016-09-14,0.11721976318105358,0.1312853860853058,0.20369938912559182
2016-09-15,0.12295834422157466,0.1272942639857329,0.17969524111990867
2016-09-16,0.1229532528072687,0.12933143622784957,0.1748470971392881
2016-09-19,0.12300273904599393,0.12629283933661878,0.1577286410477372
2016-09-20,0.123011174873615,0.12244762155203359,0.14516483497053825
2016-09-21,0.12965695887110487,0.11871751300352984,0.13039374290731146
2016-09-22,0.13049157711279932,0.12304084686770747,0.14306959765892086
2016-09-23,0.13190845059784592,0.12176737902217455,0.1364012642051502
2016-09-26,0.13470026210930378,0.11997522669234283,0.12933566579033418
2016-09-27,0.13540929006692773,0.12054491955031946,0.13113801154012497
2016-09-28,0.1365506587200412,0.11932449433427048,0.12687227676455967
2016-09-29,0.13982929785876805,0.11728052742251988,0.12064391791706484
2016-09-30,0.1424702347013552,0.11907338278973643,0.12816607124967697
2016-10-03,0.14172983009671855,0.11908975009387342,0.12833042174973502
2016-10-04,0.1426833374282492,0.11584055292094005,0.11772179670479903
2016-10-05,0.14320761140899524,0.11405638375481529,0.11385755874845728
2016-10-06,0.14326216336585307,0.11190678225237043,0.10931059338918366
2016-10-07,0.1435010870900645,0.10853134076893992,0.10099087146598487
2016-10-10,0.11578344407139787,0.10606954201047253,0.09736086760214639
2016-10-11,0.11421542930780444,0.10480329488909007,0.09864615177589395
2016-10-12,0.10215942263016883,0.1129918537170745,0.13010343998071294
2016-10-13,0.10291131824118033,0.10966819224433261,0.11827547831308242
2016-10-14,0.09666688980080393,0.1070898322148383,0.11073158239924907
2016-10-17,0.09648926964248822,0.10384683952643581,0.10208748211312696
2016-10-18,0.09905861206172059,0.10158762226337828,0.09829176588078192
2016-10-19,0.09946586427218782,0.10144031069134554,0.10936324145475099
2016-10-20,0.09122793495962299,0.09889390673250671,0.10271614889780076
2016-10-21,0.08800487478183913,0.09615608490432842,0.09647808338854671
2016-10-24,0.08779516507680171,0.09324451533861389,0.09059671937832857
2016-10-25,0.08385481194872693,0.09189753124356158,0.0911345443786434
2016-10-26,0.08097141832747556,0.0900487973585426,0.0896064940993753
2016-10-27,0.07889536669826581,0.08765459026268767,0.08630175469524454
2016-10-28,0.0734181212228188,0.08561624061045867,0.08469226900581002
2016-10-31,0.06748904345109034,0.08380206511810438,0.08397080115588458
2016-11-01,0.07093482861641516,0.08124932253797311,0.08066067530859573
2016-11-02,0.07166894691096805,0.08369529285176183,0.09401019631667384
2016-11-03,0.06968351729921067,0.08447258796765474,0.09865429127271987
2016-11-04,0.0692345771626922,0.0838192842545887,0.09800482283768495
2016-11-07,0.10626561294594815,0.08137880078455391,0.09209671820343003
2016-11-08,0.10582583875902676,0.11585414678588879,0.17956093268384105
2016-11-09,0.10250163101458558,0.11367592413868967,0.16254304195870728
2016-11-10,0.10267860220281742,0.11759510116282366,0.16363551727522865
2016-11-11,0.10225653424664675,0.11442379009616183,0.14697610101525843
2016-11-14,0.10225282097162457,0.11130030713392489,0.1329675957560959
2016-11-15,0.10378039155511545,0.10795286310974413,0.12041252870755727
2016-11-16,0.1027197567560519,0.10894032861866706,0.12334832456817807
2016-11-17,0.1035982023993254,0.10587429790395243,0.11784001307652081
2016-11-18,0.10373735697559258,0.10456739866702378,0.1139803970379267
2016-11-21,0.10611790230574318,0.1017553673023926,0.10593111022672304
2016-11-22,0.10562728455431447,0.10290123545856614,0.11208883037009826
2016-11-23,0.10434299260549856,0.10005461548793629,0.10410901895385637
2016-11-24,0.10373868236883751,0.09702957945177437,0.09677515600680812
2016-11-25,0.1028370714925142,0.09407366757638878,0.09081408224093587
2016-11-28,0.10403256926763578,0.09234074710999966,0.09011858720638086
2016-11-29,0.10384954835774249,0.09137846650912555,0.09198438424634842
2016-11-30,0.09975707668081342,0.0889180945340037,0.08812806588355651
2016-12-01,0.09765802162936726,0.08671377927236687,0.08572406847850232
2016-12-02,0.09476229625863655,0.08528281483018885,0.08624773803205853
2016-12-05,0.09462260120301454,0.08270768433000505,0.08256942371031141
2016-12-06,0.06458442195335888,0.08350334782085642,0.09053274595481438
2016-12-07,0.07483374530347398,0.08188807945400636,0.08882061223589777
2016-12-08,0.06855362746543608,0.09411134634623851,0.1260039600228767
2016-12-09,0.07001805333273352,0.09173857989735583,0.11589395965136984
2016-12-12,0.06921732666289224,0.09197479384869912,0.11474709865628817
2016-12-13,0.0707631474549367,0.0892845752591853,0.10564722602762078
2016-12-14,0.07698179471977502,0.09034621488114068,0.10899600574734424
2016-12-15,0.07633383207117177,0.09333465909809849,0.1169731681989228
2016-12-16,0.07652248573336543,0.09189061442364813,0.1075719523687642
2016-12-19,0.07526524482500603,0.08941600758359035,0.10042772962966351
2016-12-20,0.07277281440903094,0.087103775831462,0.09497546002850152
2016-12-21,0.0743290077486751,0.08576693156789685,0.09351776805413656
2016-12-22,0.07506750150100158,0.08385689518369849,0.09041249016479638
2016-12-23,0.07492435061740588,0.08157991694492352,0.08660245072545236
2016-12-26,0.07455307339490479,0.07929898716874775,0.08337441830927944
2016-12-27,0.0715077946618956,0.07688322056229087,0.08018667537358189
2016-12-28,0.07912861686192307,0.07516135892638134,0.07973553016870834
2016-12-29,0.07829469787242095,0.07969707563141729,0.0977328314162108
2016-12-30,0.07827849609284324,0.0772740405399045,0.0915329270680502
2017-01-02,0.07834849090292374,0.07626079554974924,0.09050861226828881
2017-01-03,0.07981817294545891,0.07393758449941285,0.08577959710907063
2017-01-04,0.08124638374971184,0.07756846750749093,0.09869786215760656
2017-01-05,0.06945769864080932,0.07866288874870606,0.10168224830181909
2017-01-06,0.06993019865164084,0.07632909956779878,0.09485636980054786
2017-01-09,0.06845820388794026,0.07529549832007854,0.09285237108926492
2017-01-10,0.06827392494918534,0.07412501837739449,0.09080558342629919
2017-01-11,0.06501254310078086,0.07186687170374209,0.08601412541084234
2017-01-12,0.058309712878116225,0.07053622605606873,0.08471587844176331
2017-01-13,0.05718977886889697,0.06908202966287486,0.08322027611852208
2017-01-16,0.056601839790943756,0.06756826113045884,0.08532927833274842
2017-01-17,0.05781387726209812,0.0655098596965544,0.08154772364733785
2017-01-18,0.056760427053146774,0.06498000348881192,0.08259432393938192
2017-01-19,0.05743466455657441,0.06358258681314098,0.08098211332970962
2017-01-20,0.058387294065503685,0.06331273155449708,0.08259108214526306
2017-01-23,0.05905177572302751,0.06301907777871632,0.08367612695207904
2017-01-24,0.06294708546762869,0.06193379282839899,0.08241415270431166
2017-01-25,0.06882418114201475,0.06498653133108466,0.09163746860103647
2017-01-26,0.06103434329446944,0.07136462403704112,0.1064438718181529
2017-01-27,0.061560773936632375,0.0693100461286,0.09869559832495871
2017-01-30,0.06455287147293803,0.06747567069242696,0.09284869000698416
2017-01-31,0.06456815335922246,0.06974886923922781,0.09826793003603464
2017-02-01,0.05968014069311315,0.06762490179106977,0.09181742975020388
2017-02-02,0.056335509770466044,0.06558278956345232,0.0867141943782146
2017-02-03,0.06063690361187908,0.0636365425024761,0.0827711699019405
2017-02-06,0.0601850642225678,0.06723140318561047,0.093646097243967
2017-02-07,0.05871531855181763,0.06555367190633563,0.08905695327089502
2017-02-08,0.05874477438159664,0.06355687285678449,0.08448213063174967
2017-02-09,0.06115910064047568,0.06183065390363457,0.08143070120342213
2017-02-10,0.06093376526173314,0.06420801618825887,0.08929450203628521
2017-02-13,0.06269143063086434,0.06410799988904818,0.08928363613778798
2017-02-14,0.06326095307931252,0.06564093201270867,0.08873704334758951
2017-02-15,0.06195278995288705,0.06550261346692575,0.08883902307258514
2017-02-16,0.06259649889282796,0.06665633124328664,0.09211914643774229
2017-02-17,0.05949826541877667,0.06471052452826734,0.08698654293155277
2017-02-20,0.05947923315721697,0.06303743238910467,0.08347105928092557
2017-02-21,0.05900746021689506,0.061117058251181286,0.07993287083022195
2017-02-22,0.057757275373150854,0.06359437329679117,0.08819852196937421
2017-02-23,0.05219813242107254,0.06175372938239651,0.0839004364379286
2017-02-24,0.05143942721956322,0.05993021918139845,0.08041692437089565
2017-02-27,0.05020172093725565,0.05831352181406585,0.07808193404218158
2017-02-28,0.044382028137714566,0.05686212058929588,0.07656266660069158
2017-03-01,0.060344644153740384,0.05612271602915379,0.07705361148185279
2017-03-02,0.06736259886556555,0.07669667457236119,0.12494492837922258
2017-03-03,0.06737125683208495,0.07831248384507569,0.122237628263456
2017-03-06,0.06736800207036439,0.07596617235694278,0.11133658473088848
2017-03-07,0.068276192900583,0.07455945185487323,0.10451903257505675
2017-03-08,0.06915223415597546,0.07321776667005642,0.09910710216136955
2017-03-09,0.0691542985917015,0.0713540546898059,0.09333177213454175
2017-03-10,0.06772727157272862,0.06935562670438948,0.08821010561908471
2017-03-13,0.06717487712938981,0.06860471132657664,0.08736679758592161
2017-03-14,0.06762663411392153,0.06654364621589694,0.08307832020720693
2017-03-15,0.07209680822110753,0.0662164280943541,0.08812896416197304
2017-03-16,0.07117311904134815,0.07241609611411826,0.10390855080345793
2017-03-17,0.07149301850941946,0.07062623198582083,0.09725031573766238
2017-03-20,0.071667348784823,0.0688148888310468,0.09170265441651836
2017-03-21,0.08554525015444729,0.06685483052733747,0.08673945185101911
2017-03-22,0.08324289691398935,0.08201511074682895,0.12403766625207222
2017-03-23,0.0832628076173177,0.08004021356973512,0.11399416717546089
2017-03-24,0.0832081620719824,0.0777128589399021,0.10473957044856326
2017-03-27,0.08303723880102268,0.07539836489788676,0.09703516909174571
2017-03-28,0.08699670009467811,0.07321042807768274,0.09095760871550203
2017-03-29,0.08656540117822517,0.07637480028510826,0.10031754701617437
2017-03-30,0.07157091990103419,0.07413719738533815,0.09354854205586792
2017-03-31,0.06875914029063593,0.07293373884796019,0.09076796412856476
2017-04-03,0.06884497421384231,0.0712900641655232,0.08725116478138205
2017-04-04,0.06828331625078017,0.06944894806424616,0.0837752626424898
2017-04-05,0.06827628871318893,0.06737885306811095,0.08022496535836139
2017-04-06,0.06879509492606278,0.06634409027476242,0.0802059290443533
2017-04-07,0.06871228348233363,0.06524262441748445,0.0798755988791402
2017-04-10,0.06750720735645709,0.06337921485965632,0.07738515889432296
2017-04-11,0.06751866068183598,0.06149196061844069,0.07522310469911103
2017-04-12,0.06790810588706317,0.05979808562493954,0.07392526706767222
2017-04-13,0.06269880370605241,0.06043900164022212,0.08205492736573111
2017-04-14,0.06272369483269455,0.06384113439670935,0.09143920697357676
2017-04-17,0.07124122185206677,0.06189627625790734,0.08610221484476281
2017-04-18,0.07174157869274321,0.06912130099693516,0.1033674468420503
2017-04-19,0.056351491587897394,0.06801569708799524,0.09809562317038577
2017-04-20,0.06262974774326739,0.06633078317107692,0.09240186755154482
2017-04-21,0.06360274373720447,0.07161905851694605,0.10446372708550626
2017-04-24,0.0736959213323374,0.07053792813873891,0.09929220192535008
2017-04-25,0.07549005769789614,0.08053629214687735,0.12112430868905173
2017-04-26,0.07212143091039992,0.08127635223885397,0.11787391870300001
2017-04-27,0.07211691538565665,0.0788382734753908,0.10772589006702385
2017-04-28,0.0721062046123767,0.07650604279557395,0.09947269860040765
2017-05-01,0.07178241436900819,0.07465899963861762,0.0938806657502753
2017-05-02,0.07128908896317915,0.0730432712726503,0.08988420749369552
2017-05-03,0.07159487040287178,0.0708332416406778,0.0849018268027095
2017-05-04,0.07041374763963901,0.06883775138100601,0.08136471292089187
2017-05-05,0.07092228672839565,0.0668964001729982,0.07856045354360223
2017-05-08,0.07069957088821714,0.06663407264673371,0.08095756581401764
2017-05-09,0.07097423703236258,0.06460738290092903,0.0778000617885326
2017-05-10,0.07066004025051148,0.06274092433115666,0.07560928658540093
2017-05-11,0.06886331849377775,0.061228262849033,0.074733194859145
2017-05-12,0.06400745582683334,0.05989305910200373,0.0787521758504419
2017-05-15,0.06541885485827181,0.0584314969398734,0.07687773765181413
2017-05-16,0.06031556808448015,0.060565187869284325,0.08426744702559906
2017-05-17,0.0885790210054819,0.058828020276125534,0.08054982001249844
2017-05-18,0.08904069457459743,0.08999760607433682,0.14967371009660888
2017-05-19,0.08749804625447051,0.08864542771115128,0.13718111293441862
2017-05-22,0.08766724654887194,0.08956574743773402,0.13205925953683922
2017-05-23,0.08007304088611955,0.08904228374623122,0.12474004605372867
2017-05-24,0.07809651141804125,0.08675641962527242,0.11435995917812408
2017-05-25,0.07941902601302818,0.08460014182256567,0.1059881196934006
2017-05-26,0.07947301887073321,0.08409225342496661,0.10357605795404713
2017-05-29,0.07886197923902626,0.0815344283580967,0.09583418767283221
2017-05-30,0.07876243170305068,0.07905056120750001,0.08953851120429202
2017-05-31,0.0788104607587309,0.07671688071989294,0.08470705197294652
2017-06-01,0.08252883527523072,0.07438605079033174,0.08065059160577401
2017-06-02,0.0829323036311528,0.0784213999838228,0.09596389456208251
2017-06-05,0.08247712565585434,0.07712247539137676,0.09274447985982376
2017-06-06,0.08360854661889408,0.07482800346965074,0.08720884893850797
2017-06-07,0.08348293291513509,0.07360905432573367,0.08573829743066945
2017-06-08,0.08341568843126028,0.07172774480890161,0.08251694090396067
2017-06-09,0.08321180327106732,0.06956894768479871,0.07897733206159382
2017-06-12,0.0828179051147659,0.0677077025204621,0.0835845840703626
2017-06-13,0.08240028980008195,0.06564990262694854,0.07985719395925675
2017-06-14,0.08250360423129888,0.06641591178496749,0.08437988421276935
2017-06-15,0.0482941645197159,0.06458117995155528,0.08097820280042305
2017-06-16,0.0476638968810659,0.06306016263122233,0.07898640169603184
2017-06-19,0.05042482899586128,0.06114500522282024,0.07623998078761132
2017-06-20,0.05616887959250561,0.06748046312791826,0.09470856983960137
2017-06-21,0.056102868141417045,0.07051823578862562,0.10096413861237337
2017-06-22,0.055976720138012366,0.06837670227602904,0.09381899031801647
2017-06-23,0.05401531131280982,0.06631703797853657,0.08807678888017376
2017-06-26,0.053955626088128525,0.06446403658062506,0.08384490432401095
2017-06-27,0.06169989279703738,0.06255253682876694,0.08018667709927517
2017-06-28,0.06856943881439563,0.06831839761947267,0.09627660570997204
2017-06-29,0.0759819427285674,0.07475207545560546,0.11010155732410423
2017-06-30,0.07097243554971103,0.08019247461026323,0.1191801206055959
2017-07-03,0.07021020122271697,0.07808614501701248,0.1095684021882021
2017-07-04,0.07017918750261515,0.07599342288203183,0.10155440217545968
2017-07-05,0.06972197715745408,0.07367835708026936,0.09428284643753855
2017-07-06,0.07647782452948372,0.07199595779809748,0.08990667189147578
2017-07-07,0.0800508761390382,0.0784122571038683,0.10714114997231045
2017-07-10,0.07997380984657296,0.08007132198723584,0.10902878484330407
2017-07-11,0.08001522651025701,0.07774417129246931,0.10025961493507893
2017-07-12,0.0824901411667749,0.07543110398868423,0.0933597350045727
2017-07-13,0.08249406862690194,0.07871412985665405,0.10250425833430489
2017-07-14,0.08343344020192242,0.07659487464798517,0.09578564648628428
2017-07-17,0.08346038296667924,0.07643392964706563,0.09548643565075793
2017-07-18,0.07859564840984377,0.0741069656756002,0.08934146298466429
2017-07-19,0.0762838257788222,0.07187884676637164,0.0844738596445338
2017-07-20,0.07620482521476592,0.07278309028590063,0.08918194487699249
2017-07-21,0.07631096186363744,0.07058703755757466,0.08432161202510116
2017-07-24,0.07637647882607997,0.06852418970689288,0.08063515029803917
2017-07-25,0.07660488384635511,0.06644339502573689,0.0774907568578623
2017-07-26,0.0695701361372087,0.06510730855408302,0.0769621969315207
2017-07-27,0.06393079254424291,0.06312407287636432,0.07459146162021463
2017-07-28,0.05430113864137713,0.06130780904498912,0.0730451106033183
2017-07-31,0.05451430472154236,0.05961511307742414,0.07203281771980394
2017-08-01,0.054634571377633216,0.05784103258606283,0.07088200019571292
2017-08-02,0.054549125488343474,0.056743274570549215,0.07165085639965431
2017-08-03,0.055263338597407646,0.05504697079790654,0.0705576047397146
2017-08-04,0.041637386076437105,0.05390128867865767,0.07098699860930348
2017-08-07,0.0373273067738318,0.052736260979433285,0.0711483606173653
2017-08-08,0.039339715893176974,0.051637393183312,0.07131913966910355
2017-08-09,0.039032524281475814,0.05097291763378471,0.0727562238869758
2017-08-10,0.060163641252774194,0.04942032342320065,0.07102064393052025
2017-08-11,0.0600942129089721,0.07315425558183716,0.12308455234798404
2017-08-14,0.0674975413076565,0.07115741907581123,0.11231215267696945
2017-08-15,0.06749751307496954,0.0789354932687425,0.1246621637838516
2017-08-16,0.06770504673265293,0.07653226168725026,0.11313548266225856
2017-08-17,0.08480523886584536,0.07450962719943481,0.10430353135994597
2017-08-18,0.08473177743747838,0.09461436658765066,0.1478130923110731
2017-08-21,0.08492065534594406,0.09193358003196585,0.13303198847215505
2017-08-22,0.09334784802118515,0.08918487080778664,0.12025971004478031
2017-08-23,0.09348713274849776,0.09546106002864281,0.13226852281810536
2017-08-24,0.0936586189377897,0.09360065253509148,0.12220876229042915
2017-08-25,0.09422363996892515,0.09120173438666285,0.11232949375931199
2017-08-28,0.09420995912791029,0.08888773876788313,0.1042322777349646
2017-08-29,0.09437036198943542,0.08618000498117034,0.09622874085674799
2017-08-30,0.09562664915666598,0.0836730254562545,0.09006884280828815
2017-08-31,0.09803929839825419,0.08317970902560393,0.09118731007433974
2017-09-01,0.09788669323470356,0.0839506297857619,0.09572512951369377
2017-09-04,0.09770285072482468,0.08157839359230232,0.08985672500059269
2017-09-05,0.10063089771036096,0.07909318708355705,0.08454774481508673
2017-09-06,0.10113044967349434,0.08164522649325638,0.09536326576681645
2017-09-07,0.10113054562235341,0.08025952524860207,0.09673284959715887
2017-09-08,0.08729486946851726,0.07781593001969662,0.09028189519103354
2017-09-11,0.09399482449993694,0.07558362013337426,0.08547703238906344
2017-09-12,0.08881032063277762,0.084094840637154,0.11076475044765562
2017-09-13,0.08876692557301338,0.08257627453659946,0.10452246198192541
2017-09-14,0.08874971637657422,0.0800824085761814,0.09668786629145366
2017-09-15,0.06598609353241602,0.07765274095838767,0.09026985913458759
2017-09-18,0.06511823311138629,0.07546872628741806,0.0855939132307703
2017-09-19,0.06508848774674472,0.0736344722627322,0.08270385052373697
2017-09-20,0.05674171710816563,0.07149725567626987,0.07933948163318558
2017-09-21,0.05587089498186123,0.06933327725949232,0.07640726980988852
2017-09-22,0.05454421397434748,0.06802579645188479,0.0764754513063608
2017-09-25,0.05558657378370974,0.06595805957509872,0.07413313303373709
2017-09-26,0.055488290974599855,0.06444203983406291,0.07374078274664735
2017-09-27,0.05631916395339331,0.0625227974216645,0.07211792733448463
2017-09-28,0.054872020655551426,0.06247360253787398,0.0759252205018988
2017-09-29,0.052688335165807045,0.06074957321873346,0.07417986212441638
2017-10-02,0.05396438140604699,0.06045851542642879,0.07649988287720766
2017-10-03,0.05392905368389535,0.060986224514605746,0.08025570775740452
2017-10-04,0.04446701643820983,0.05970989538169192,0.07856569543557629
2017-10-05,0.04654907720503206,0.05807415006933101,0.0762224877064258
2017-10-06,0.04718285036386422,0.060811020843824934,0.08017198896644244
2017-10-09,0.04757176467408242,0.05912472913406097,0.07724181552966307
2017-10-10,0.03497713496344777,0.05768261266433268,0.0754326013059438
2017-10-11,0.03415798874931967,0.056856241825138674,0.07546550328643095
2017-10-12,0.03532429467491904,0.055461056408955545,0.07396802813010096
2017-10-13,0.034956632901380444,0.054083166189978125,0.07273056336997147
2017-10-16,0.03495576557795798,0.05264846927477799,0.071516503639346
2017-10-17,0.03480359066239671,0.05130698393348778,0.07069069826150227
2017-10-18,0.03480435638760528,0.04981937354389053,0.0695939720322316
2017-10-19,0.034828102243796476,0.04845123592164714,0.06892243507187602
2017-10-20,0.03473348266358203,0.04698728899958378,0.0680817312845744
2017-10-23,0.039205382692279994,0.0497578958062815,0.0767437687111521
2017-10-24,0.03733678475005768,0.050565812205385766,0.07914949258776849
2017-10-25,0.04339093653901972,0.04949841074542543,0.0770302021324494
2017-10-26,0.04226236795299821,0.051724496417088546,0.08232527415727645
2017-10-27,0.04889754642876498,0.050399682668449526,0.07905596679333021
2017-10-30,0.051299585155687145,0.05822633392289109,0.09557140156851937
2017-10-31,0.04993712761641249,0.05828794055547228,0.09303482646215122
2017-11-01,0.04976248628591599,0.05683555903468605,0.08780175100639388
2017-11-02,0.04977423242371857,0.05534316865803937,0.08341896796441374
2017-11-03,0.04719409652148699,0.05367842231611821,0.07943488255011749
2017-11-06,0.0467880201582546,0.05363243735184372,0.07924891201142027
2017-11-07,0.04626236506826984,0.05234526893947453,0.07664222693449986
2017-11-08,0.045926634239988905,0.05082265956877225,0.07395065484501676
2017-11-09,0.0483482436866272,0.04971544442910194,0.07268568582621046
2017-11-10,0.047880187925439396,0.05022991302433902,0.07527796352886855
2017-11-13,0.04784703397233025,0.0487146137518909,0.0727441469936648
2017-11-14,0.048834952141681806,0.04736865320432005,0.0710358911136982
2017-11-15,0.052359687988168875,0.04680702613423224,0.07134732113166474
2017-11-16,0.059705316074906645,0.04939800740956381,0.07828554080282522
2017-11-17,0.06091184507318753,0.0581142755256511,0.09632109651634178
2017-11-20,0.05864554580491365,0.05749444117548683,0.09201717595555206
2017-11-21,0.0605060444623061,0.05613577561516192,0.08694613795274783
2017-11-22,0.060625762112173326,0.06004335729713616,0.0942540057797249
2017-11-23,0.05724171455473435,0.058315866175653076,0.08813601433172842
2017-11-24,0.0574533699021648,0.05653932996549992,0.08295394966108978
2017-11-27,0.051129981534295696,0.055546174788810125,0.08049196044091707
2017-11-28,0.0587055811286191,0.05388900513140138,0.0769145005710712
2017-11-29,0.05898199178452792,0.06534695427953313,0.10320596543041417
2017-11-30,0.06474241704993584,0.0634004153911202,0.0953330472319001
2017-12-01,0.06576925196173343,0.07019442900774886,0.1083662627913579
2017-12-04,0.06584233302369753,0.06853381462765934,0.10058504774520656
2017-12-05,0.06772968584696966,0.06661249627722567,0.09001199310307946
2017-12-06,0.06755387630624247,0.06608541591681498,0.08820777396021404
2017-12-07,0.06797281575478457,0.06407644518076151,0.08295589347880858
2017-12-08,0.06760676305565821,0.06331889422454372,0.08183318832684944
2017-12-11,0.0675667551261659,0.06492977581212186,0.08688860869531412
2017-12-12,0.06754087749333589,0.0640294985540927,0.0846257652685366
2017-12-13,0.06637339798343028,0.06245649430432813,0.08103057293712111
2017-12-14,0.065274636323329,0.06055540185503026,0.07717673352184896
2017-12-15,0.06505133644223493,0.06083118221997244,0.07961753666683172
2017-12-18,0.06468146946091595,0.06721797447962412,0.09622099100172019
2017-12-19,0.06790452129950156,0.06965106093557705,0.1001177675623571
2017-12-20,0.06616189710555405,0.06916662929636426,0.09661614383442631
2017-12-21,0.06559966571220517,0.0670905091823007,0.08986799617412171
2017-12-22,0.06568905969328752,0.06553680587784898,0.08554967669475216
2017-12-25,0.06588093695979678,0.06354843734874066,0.08082003744995879
2017-12-26,0.06619563745924534,0.06161249594115473,0.07700440666644458
2017-12-27,0.05838513945821207,0.05991657006077579,0.07445709308524415
2017-12-28,0.05816493147409812,0.058122091732205804,0.07204063410385585
2017-12-29,0.05366553667390361,0.05691531351930833,0.07156800415603873
2018-01-01,0.052848467718063584,0.05710275572761765,0.0746855707797153
2018-01-02,0.056851534948337716,0.055363175748747405,0.07213743487819683
2018-01-03,0.05694961931447956,0.0604166563108219,0.0833205326415455
2018-01-04,0.057445507335348076,0.06349949803610974,0.09070328775022067
2018-01-05,0.05975832658168531,0.0637006888699514,0.08997029250462711
2018-01-08,0.05835699647702637,0.06694302758644181,0.09657059984021948
2018-01-09,0.05820747577049482,0.06529129506806886,0.09060182463558088
2018-01-10,0.05926551444202404,0.06390958971252139,0.08629147310434251
2018-01-11,0.06212766975383444,0.06224784710619113,0.08200836626325135
2018-01-12,0.06007969440778677,0.06664391864498675,0.09339248436850141
2018-01-15,0.0565815660288205,0.06937711437827698,0.09853066476004618
2018-01-16,0.05726282153666534,0.0672636079874484,0.09127973000382035
2018-01-17,0.06004129949885163,0.06655979576964755,0.08873400833927758
2018-01-18,0.06082441223219539,0.07433156716065284,0.10710084193030614
2018-01-19,0.061401367905498605,0.07236345674566962,0.09908772032577008
2018-01-22,0.06390478209239381,0.07234550188532599,0.09723622296050614
2018-01-23,0.06322454051126697,0.07688583566782482,0.10698187026108429
2018-01-24,0.0626511797139674,0.07499792727575914,0.09941226042060075
2018-01-25,0.06268045355611047,0.07272884984284625,0.09204693161006516
2018-01-26,0.06951747141919684,0.07053248277394232,0.08601689210441864
2018-01-29,0.07374486260203404,0.08172967708549027,0.11511415998516428
2018-01-30,0.08668094409554618,0.08335427954458859,0.11516942529955801
2018-01-31,0.0853348073365561,0.09021221928209888,0.12807041011097697
2018-02-01,0.08479425176974804,0.0874853139729991,0.10987310843457322
2018-02-02,0.11800633677447567,0.08493502470577169,0.1010013342583171
2018-02-05,0.18904163307580182,0.11876984760696992,0.18188439658934757
2018-02-06,0.20261572700222127,0.20213121412419158,0.34349785674476574
2018-02-07,0.20288666906880445,0.21014601183216217,0.3318182024940517
2018-02-08,0.24005220123937826,0.20483914070377537,0.2939775265319047
2018-02-09,0.24554836187866064,0.2480734508676247,0.374693980592286
2018-02-12,0.2508546713256475,0.24740513503413722,0.345298582722802
2018-02-13,0.2512771447649525,0.24647490215936177,0.32029624283613223
2018-02-14,0.25685069272584227,0.23916143586302574,0.2819781731185685
2018-02-15,0.2587688218381947,0.23766281392626748,0.2657706719466687
2018-02-16,0.25880658164601467,0.23563826658805445,0.2508128669302361
2018-02-19,0.2580501100199198,0.2284626260608422,0.22119624807730917
2018-02-20,0.2562838831693869,0.2215027341055167,0.19559458646665356
2018-02-21,0.2560473699963866,0.21613929928366202,0.17916614828245572
2018-02-22,0.256270350068958,0.21044999726704455,0.163306567314204
2018-02-23,0.26369261472841016,0.20410100291964986,0.14614463033156996
2018-02-26,0.26371400257072847,0.20721674346777005,0.17263316792585232
2018-02-27,0.26596548627818256,0.20585883613887357,0.1742708126135268
2018-02-28,0.26591377273036404,0.20548069774256758,0.1789988930977265
2018-03-01,0.2694598856231457,0.20311669026342358,0.17489307951005242
2018-03-02,0.2707232781500095,0.2049998189794588,0.19648794203670172
2018-03-05,0.2645807176895933,0.19975757157482713,0.17698910979690094
2018-03-06,0.21564757758652447,0.19876058516651415,0.17764942749768428
2018-03-07,0.20559062152884336,0.1929568065165721,0.15802594907278744
2018-03-08,0.20483909366236894,0.1870839872248565,0.1403717682150386
2018-03-09,0.1544868447888843,0.18235329446536577,0.13041512250377574
2018-03-12,0.14988334423542632,0.18909794918295977,0.1724943182313262
2018-03-13,0.14712093221322717,0.18340230689576176,0.15284364137026396
2018-03-14,0.1491637686965133,0.17959352312487387,0.14406071472836615
2018-03-15,0.14308070562094763,0.17526779442499996,0.13402913084109444
2018-03-16,0.1365907133640726,0.16998130343137896,0.12047980739698938
2018-03-19,0.14496966212749682,0.16485686831750443,0.1092409504867494
2018-03-20,0.14512875477865567,0.16838372530928988,0.1411559178511022
2018-03-21,0.1435999522045328,0.163387726616197,0.12678600431019646
2018-03-22,0.1677634690377463,0.15858624256283677,0.1150478115394657
2018-03-23,0.18197139661555142,0.1825658528640503,0.21307387670791716
2018-03-26,0.19910032345791803,0.19582944577020198,0.2448839351663069
2018-03-27,0.20022227633461784,0.2169420157579278,0.2917148778555909
2018-03-28,0.1971026927156886,0.2206609913770293,0.2837997204777195
2018-03-29,0.2016220690703877,0.21424796798187418,0.24851750102977518
2018-03-30,0.19572425954947878,0.2135073150543871,0.23644733681025756
2018-04-02,0.207636780358874,0.20700302212003888,0.212521826656042
2018-04-03,0.2086901159348363,0.21789624074750208,0.24579037792843747
2018-04-04,0.2126892001548252,0.21698489382715033,0.23451259779814912
2018-04-05,0.21512001880187157,0.21440616023842854,0.21979362943411865
2018-04-06,0.22626134952533516,0.21010979774414393,0.20133105220149855
2018-04-09,0.21660671946866278,0.22176032123807293,0.24217131453252366
2018-04-10,0.22612370777539526,0.2158528205186444,0.21509422977294373
2018-04-11,0.22586730588120385,0.2180816407784392,0.22144998131482718
2018-04-12,0.2283100484948992,0.21242356726169756,0.19811297435630246
2018-04-13,0.22836214910030356,0.20840209210348593,0.18446702033309345
2018-04-16,0.2307072012831589,0.20237588459865577,0.16423909404631085
2018-04-17,0.22956482876825884,0.19877710081821168,0.15754685796262766
2018-04-18,0.2294966368267772,0.19711394518815434,0.1602684017807756
2018-04-19,0.23020694264836053,0.191130733397821,0.14243149113692047
2018-04-20,0.2139623408385312,0.18656667016080275,0.13368063429412846
2018-04-23,0.19842353854945496,0.18388850309074678,0.135236071222119
2018-04-24,0.18194176365047546,0.17828747097774533,0.12129636247667495
2018-04-25,0.17154902921291232,0.18071813473809162,0.14797413692478673
2018-04-26,0.1741373950097784,0.1754754791232188,0.1332037354497328
2018-04-27,0.16902203692050155,0.17461654709755137,0.14068492802263272
2018-04-30,0.17147305926427128,0.16933634497989505,0.1260397303025313
2018-05-01,0.15153572375190855,0.1668998426147764,0.14116600419014919
2018-05-02,0.14810890316547726,0.16196264001493585,0.12687408535150788
2018-05-03,0.14357730162592255,0.1592009496183208,0.12450010405463814
2018-05-04,0.14807823625807537,0.15458922715780435,0.11346607491491777
2018-05-07,0.12338247728954857,0.15800579770054193,0.13976862204458035
2018-05-08,0.12274163353336198,0.15375418028272128,0.12746163779320793
2018-05-09,0.11505980601762227,0.14907020855002137,0.11476828255444677
2018-05-10,0.11649252301400378,0.14929061997677615,0.12585762439706746
2018-05-11,0.11408820980087726,0.14919869923391382,0.1323656171332531
2018-05-14,0.11312844968396929,0.1451378120549281,0.12093059552200473
2018-05-15,0.11377870212370399,0.140728511385001,0.10940518433356596
2018-05-16,0.10873793742882024,0.1390624798593077,0.11196111771460869
2018-05-17,0.10880676596207696,0.13580991225618202,0.10648664283170203
2018-05-18,0.10723927936582947,0.13171361707057694,0.0976557887363966
2018-05-21,0.10472054507967823,0.1280713999620919,0.09211502953885621
2018-05-22,0.10554039129571395,0.12753995255839176,0.10185812180500588
2018-05-23,0.09121090250590225,0.12412760434161303,0.09587878434122292
2018-05-24,0.09215904863852446,0.12081953656035664,0.09108672570563071
2018-05-25,0.08772224600265438,0.11740990621971499,0.08629224720565248
2018-05-28,0.08779519149442594,0.11421064450587769,0.08300430420590739
2018-05-29,0.09343355174298774,0.11073132817473604,0.07853137820305008
2018-05-30,0.10291878558252437,0.11639964661920245,0.10750172702650491
2018-05-31,0.10234764348698468,0.1240683574943828,0.13827576734565777
2018-06-01,0.10542214750080942,0.12263876147526631,0.13166750101440566
2018-06-04,0.0983448643427683,0.12482415313130574,0.13824761092868554
2018-06-05,0.09815731558634103,0.1224170147082051,0.12847845862045135
2018-06-06,0.10082210795480831,0.11872140303743561,0.11566318225122522
2018-06-07,0.09691295157820101,0.1195708280918713,0.12143799451665728
2018-06-08,0.09276685665604903,0.11592898270115894,0.10970695735630392
2018-06-11,0.09249567968376826,0.11298194842811819,0.10236623025599706
2018-06-12,0.09248214890321159,0.10966195474952269,0.09455950450186762
2018-06-13,0.08930659072711583,0.10643974663839276,0.08824777998695199
2018-06-14,0.08878465026479632,0.10394290190648965,0.08594362251327102
2018-06-15,0.08891758168398271,0.10124978359273837,0.08292648258914039
2018-06-18,0.08870387340160783,0.09829077074380287,0.07901380129257682
2018-06-19,0.08712509268421129,0.09563212720121245,0.07687910456470327
2018-06-20,0.08632320241768973,0.09391367521602019,0.07891830991340786
2018-06-21,0.08937157512972202,0.09129370285547718,0.07633703404023327
2018-06-22,0.08905819028145562,0.09182816403569491,0.0866153366197008
2018-06-25,0.10152287373632551,0.0893119577523677,0.08247008465584645
2018-06-26,0.10180832629783389,0.10167833104301398,0.12736335223203935
2018-06-27,0.09764751695638656,0.09895518721933365,0.11575784959646329
2018-06-28,0.08802188456528479,0.10124700289021854,0.11394392052936951
2018-06-29,0.08532599627436198,0.10063451492613801,0.1116566517029151
2018-07-02,0.07844031001545551,0.09772910196456322,0.1021967160013647
2018-07-03,0.0772495297193233,0.09511512087284639,0.09522138114817007
2018-07-04,0.07714674323697603,0.09323786913424416,0.09201395679787237
2018-07-05,0.07685973882054499,0.090397468030099,0.08569998356067692
2018-07-06,0.08289196347746657,0.09316455300837018,0.1002962830189694
2018-07-09,0.0881511091876153,0.09608017979020429,0.11113809137132968
2018-07-10,0.08887373181367982,0.09946086046426997,0.12070937717553198
2018-07-11,0.09257976968570038,0.0974373045281575,0.11224265122016444
2018-07-12,0.09706714870784579,0.09868826744619034,0.11546207860534966
2018-07-13,0.09678638889957315,0.10191482476029678,0.12394339610737422
2018-07-16,0.09671395359014934,0.09885746208937099,0.11192975212380693
2018-07-17,0.0970831240815195,0.09590894805310449,0.10208521539728926
2018-07-18,0.09577916642368184,0.09430291513797988,0.09839571950571302
2018-07-19,0.09710989313648138,0.09179442773435409,0.09213982310760321
2018-07-20,0.09403783438677876,0.09020252525713268,0.09016692756569225
2018-07-23,0.09404215475622191,0.08756749925291964,0.08463735388010935
2018-07-24,0.07836954201099727,0.08520638321761542,0.08097380098303869
2018-07-25,0.0816993396134171,0.08488533790123004,0.08528807262827877
2018-07-26,0.07438050947119948,0.08866845488433217,0.10163395660294942
2018-07-27,0.07982014144826176,0.08645652580647681,0.09335248746830578
2018-07-30,0.08348404567904935,0.08789340300620534,0.10002421386772171
2018-07-31,0.08430389508985878,0.08761560672427668,0.09980419635438889
2018-08-01,0.08310193010451822,0.0870720098420506,0.09876084986956929
2018-08-02,0.08381344348879244,0.08466941320722328,0.09193245499255547
2018-08-03,0.08127866349817721,0.08476433261289214,0.09439965175654265
2018-08-06,0.077993681578707,0.08384745387344202,0.09302067684668655
2018-08-07,0.07356753816513278,0.08252962992781923,0.09053907505359787
2018-08-08,0.07330366276925603,0.08103600693335565,0.08787057620993509
2018-08-09,0.06730321395086353,0.0785843387813038,0.08241161194722293
2018-08-10,0.06690478106434178,0.07637557298254484,0.07866082211917694
2018-08-13,0.06860549260351077,0.07852741824838094,0.08977721368212084
2018-08-14,0.0713931793073078,0.07751941326978845,0.088261104804806
2018-08-15,0.07578742566708092,0.07912265139380999,0.09488839036556741
2018-08-16,0.08032279218194038,0.08206187044442181,0.10370391348464186
2018-08-17,0.0793893145797364,0.08551030719436976,0.1119530662994228
2018-08-20,0.07916308717535603,0.08402398388839556,0.10508212512180999
2018-08-21,0.07924637987189381,0.0818871580427435,0.09751919789881389
2018-08-22,0.07806424937257271,0.07991326909057332,0.09172642325827031
2018-08-23,0.07307707534732732,0.07751313849245874,0.08554983171551485
2018-08-24,0.07495992016356676,0.07532929092275728,0.08109306667014463
2018-08-27,0.07368608880365489,0.07667109330981117,0.09011198400316049
2018-08-28,0.06975927625840632,0.08037936567700767,0.10189643426181057
2018-08-29,0.07003971494294262,0.07795332969958235,0.09369456068038798
2018-08-30,0.07194232608080602,0.07840641213836289,0.09543091966666192
2018-08-31,0.07071443660473455,0.07763715409756942,0.09323188912771539
2018-09-03,0.07000773071731242,0.07527213105861184,0.08660863942513074
2018-09-04,0.07002429721889547,0.07297903871152694,0.0812997464682278
2018-09-05,0.07046851937566223,0.07107257848380585,0.07811287408127159
2018-09-06,0.07149432471894555,0.06969957010865305,0.07714319350267579
2018-09-07,0.07170693974793432,0.06858543663922459,0.0770465283577824
2018-09-10,0.06691656801102473,0.06692478138026468,0.07510718237266473
2018-09-11,0.06527775651128627,0.0652365289327666,0.07334342215373321
2018-09-12,0.06251727268409925,0.06453126949597142,0.07484494861693479
2018-09-13,0.05690670755444756,0.06257247611727011,0.07205215275264765
2018-09-14,0.051791327251499666,0.06485546000842078,0.08211372468084498
2018-09-17,0.05555365868583782,0.0628832562925009,0.07774130902056359
2018-09-18,0.05772855707213119,0.06436656991083275,0.08382738506180039
2018-09-19,0.05748594554544683,0.06585719363578439,0.08844172753469813
2018-09-20,0.06245142717278578,0.06398521101660884,0.08312965279181425
2018-09-21,0.06225445651879239,0.06952220166256828,0.09825429999444568
2018-09-24,0.06164463862639262,0.06749794811342744,0.09091424232521629
2018-09-25,0.05622233576539233,0.06670873983759693,0.08490646997286544
2018-09-26,0.057416875430262256,0.06477705673158239,0.08013242534821649
2018-09-27,0.05514979309037016,0.06387541972127073,0.07915349604912275
2018-09-28,0.0530556993474035,0.06287296427417977,0.07800442419954705
2018-10-01,0.054173718472845835,0.060958908300050844,0.07438640757651402
2018-10-02,0.054271910517230175,0.0606207827162977,0.07591557290163507
2018-10-03,0.05370905044915267,0.05881771096746227,0.07287028385358364
2018-10-04,0.06017855503498312,0.05706575854281869,0.07048796361413565
2018-10-05,0.06259654572333662,0.06318178477001216,0.08938810449013322
2018-10-08,0.0621337499575195,0.06502874714907284,0.09298251466323984
2018-10-09,0.062157767567099856,0.06304770954151598,0.08632174629539868
2018-10-10,0.126906883554045,0.06139018797388281,0.08167491631811456
2018-10-11,0.14542617987161544,0.1385491166437072,0.24770793521419512
2018-10-12,0.15362211632917083,0.15982606896262952,0.2710752338648031
2018-10-15,0.15376798723092894,0.16397586262405833,0.2572984266868159
2018-10-16,0.17460974276806446,0.1604823313461765,0.2286240049066073
2018-10-17,0.17301708679456454,0.17687090699948715,0.25527113653655487
2018-10-18,0.17843489848864585,0.17148411267319594,0.2231468226887796
2018-10-19,0.17459746368709614,0.17561787504312606,0.2227085667829419
2018-10-22,0.17458160460514113,0.17028095120580006,0.19531591030650605
2018-10-23,0.17475080506402832,0.16601754629450424,0.17503288903470812
2018-10-24,0.1992763906718913,0.1621788702641172,0.1788078361510697
2018-10-25,0.21355284775084168,0.19757644109926584,0.27621758175018907
2018-10-26,0.21789292430119644,0.20365376376525637,0.2737008486953989
2018-10-29,0.21731791153285632,0.2091571358307913,0.2716831306248228
2018-10-30,0.2259063235405396,0.2039328486007555,0.239890446222006
2018-10-31,0.23136326385845166,0.20582705642433785,0.23571681879165382
2018-11-01,0.23616436361029852,0.20378839236789836,0.22013493249999883
2018-11-02,0.23577059453671964,0.20182164821517867,0.20770086716260233
2018-11-05,0.23734444853312778,0.19703198919411535,0.18712223862713814
2018-11-06,0.23916357305193575,0.19222380677992107,0.16943810529225967
2018-11-07,0.2524773736013316,0.18797505101563286,0.15667005723973226
2018-11-08,0.22584991966323492,0.19999804204446184,0.20904259183815338
2018-11-09,0.2139188605626005,0.19403393793083318,0.183548068916876
2018-11-12,0.2190981069342457,0.19195609563066343,0.1769762332462264
2018-11-13,0.21839296682620413,0.20003925574970255,0.2089816223147397
2018-11-14,0.20399428494551858,0.19408193527626577,0.18352720193881472
2018-11-15,0.2082373054757219,0.19005090645968517,0.16921438206453435
2018-11-16,0.2028738174213983,0.1886321596248298,0.1678948927837097
2018-11-19,0.21086674017724413,0.18316434222798628,0.1495376779235023
2018-11-20,0.21917898315537815,0.18956883467411498,0.1830254616026201
2018-11-21,0.21960419849084578,0.19762589856449375,0.21193786796819564
2018-11-22,0.19211609730225487,0.19206147207944768,0.1914708202598089
2018-11-23,0.18192761537891008,0.1862105059170534,0.16829599091454983
2018-11-26,0.18087644794338167,0.18240836597275767,0.15671568625152757
2018-11-27,0.17981854545269377,0.18749542359165403,0.18233552255337157
2018-11-28,0.18956264001022455,0.18225213809378618,0.1624687904240634
2018-11-29,0.1867071545833571,0.19763121541584588,0.2209503027705656
2018-11-30,0.1843027164672409,0.19179926360513125,0.19397430373978644
2018-12-03,0.1878986916454716,0.18745153843003648,0.17619824199073586
2018-12-04,0.22124469539914016,0.18880224175070706,0.18314178347567395
2018-12-05,0.21985572522653166,0.2234114303968917,0.29137835846017107
2018-12-06,0.20473382924240566,0.21660541821031642,0.2533837018405978
2018-12-07,0.21794588613676105,0.2100896992298049,0.22120983320744728
2018-12-10,0.2170810346399002,0.22326350140273724,0.2597227554817333
2018-12-11,0.2087610211773542,0.2165874042983861,0.2267660751663817
2018-12-12,0.2099680509856811,0.20999113739917058,0.1982567470282867
2018-12-13,0.20895377986947813,0.20452859577225738,0.17793270584010598
2018-12-14,0.2134163851904593,0.19830221640649334,0.15687626216195294
2018-12-17,0.2210002637540227,0.20546577739397492,0.19548861653839475
2018-12-18,0.21533060192575404,0.2135858805052904,0.22536759544735793
2018-12-19,0.21227900674983347,0.20712311829122257,0.1972256789838109
2018-12-20,0.2165362158718591,0.2092094551921954,0.20578406413157674
2018-12-21,0.2242741901615949,0.21263800742232436,0.21630908237829813
2018-12-24,0.23737622862978974,0.22132002666927084,0.24311813730659196
2018-12-25,0.2254729634196881,0.23850674398727442,0.2896227150574421
2018-12-26,0.29498345753960825,0.2312408677370127,0.25222491040696676
2018-12-27,0.2821772601129447,0.294953888050004,0.42400263605073535
2018-12-28,0.28228920190290263,0.2875106903393251,0.37191202657420114
2018-12-31,0.2836841875409044,0.2787971511280963,0.32298343551725983
2019-01-01,0.2770154061061426,0.27242251747956275,0.28805021770321054
2019-01-02,0.2582285594768839,0.26412343013846484,0.25087793062653535
2019-01-03,0.26760842524201517,0.2561090869631042,0.2192103096201918
2019-01-04,0.2974890266814587,0.2654738873152128,0.26155283594022727
2019-01-07,0.28986084896717745,0.28750818080937474,0.3327645961911847
2019-01-08,0.2920754463826319,0.2804172935277453,0.2949259293980613
2019-01-09,0.29272468169063104,0.2742956917063082,0.26581125008328305
2019-01-10,0.2923913852001576,0.2665568107294648,0.23436201015308644
2019-01-11,0.2924202735548106,0.25879888164965537,0.2066060533133571
2019-01-14,0.28598881937453546,0.2509193195071202,0.18136511296304564
2019-01-15,0.2795014161754306,0.24443634317489982,0.16614264010853025
2019-01-16,0.27940278044552574,0.24109694809516577,0.16926511714002554
2019-01-17,0.2735497421448953,0.2339409774513648,0.1507656016317744
2019-01-18,0.2669944850957039,0.22871044082421546,0.14520658546814008
2019-01-21,0.25222386696600146,0.2276252027926165,0.1876695640526984
2019-01-22,0.23495048699655924,0.2206908221236148,0.16507956078867414
2019-01-23,0.2344485224650351,0.220408322798621,0.1772796235338659
2019-01-24,0.17255084663781417,0.2138482737809786,0.15706314046712544
2019-01-25,0.1728215604123636,0.20734389882527357,0.1393450239071312
2019-01-28,0.1762955861059528,0.20367974648141718,0.13918225867495887
2019-01-29,0.1756093293312026,0.19969085390894314,0.13652738007581944
2019-01-30,0.181130521729425,0.1936763123283576,0.1225252273388444
2019-01-31,0.18190986249351546,0.19745913442799976,0.1602847614311732
2019-02-01,0.15209842415621713,0.19443970309259104,0.15600661616741548
2019-02-04,0.1131527003463787,0.18852558201951872,0.13844919689123483
2019-02-05,0.11210585158216892,0.18480408398589604,0.13414030723440878
2019-02-06,0.11103470973901608,0.1799110954475801,0.12406129523458692
2019-02-07,0.11882832313433987,0.1745057106066068,0.11222473652949348
2019-02-08,0.11877208009603096,0.17324042734522385,0.12421332590769796
2019-02-11,0.11874312082041846,0.16802983594622817,0.11228858054666326
2019-02-12,0.12030750642459848,0.1629252539379382,0.10220590642297897
2019-02-13,0.11638388317319678,0.1655911679573619,0.13317832629168316
2019-02-14,0.11758081773742458,0.16104062437311367,0.1217291353036252
2019-02-15,0.11992464123786906,0.15637319621841808,0.11109498147689922
2019-02-18,0.11366955345454079,0.15735761215594662,0.12901867482029614
2019-02-19,0.11346092119001974,0.15256386537190267,0.11930306496423687
2019-02-20,0.0982974676076135,0.14806892872551292,0.10855162855326188
2019-02-21,0.10068680629101266,0.1437714409314608,0.1001252784152668
2019-02-22,0.10121837020837532,0.14007795830850234,0.0958910915362766
2019-02-25,0.09915274421141983,0.13792065914725982,0.09990229282230896
2019-02-26,0.0930452091464053,0.1338235804601662,0.09255814500562998
2019-02-27,0.0926025143270012,0.1297766110540242,0.0862864625606449
2019-02-28,0.08094931066588489,0.12583417006605918,0.08121297644369364
2019-03-01,0.0787188550140729,0.12221595487093093,0.0783968517036155
2019-03-04,0.08086798040701709,0.12093952447073,0.08803003508275047
2019-03-05,0.07901382940607023,0.11810842444861354,0.08683349236646798
2019-03-06,0.08209821858916104,0.11463259578677726,0.08220318240471189
2019-03-07,0.08779440903523367,0.11362346331733475,0.09001054733196674
2019-03-08,0.08057687887333423,0.11490284687164991,0.10462789007943855
2019-03-11,0.09343773794466471,0.1116741695618573,0.09696562602528074
2019-03-12,0.093740241782965,0.12188925016012848,0.13934865765899732
2019-03-13,0.0865725338843592,0.11907896617508594,0.12744500913423648
2019-03-14,0.08648672361684653,0.11826687692520337,0.12449391576255471
2019-03-15,0.08661901452226929,0.11469097397902052,0.1121615620081039
2019-03-18,0.0800673048903374,0.1128362020415722,0.1082910826234011
2019-03-19,0.0800308099445535,0.11030022581869268,0.10237105927847433
2019-03-20,0.08121294114622558,0.10694438121182435,0.09862233001843447
2019-03-21,0.08881398549378762,0.10434674790105632,0.09362955769244731
2019-03-22,0.11334468277607093,0.11019169031876122,0.12049652942648896
2019-03-25,0.11151344906998564,0.13085984367501288,0.18073196403224576
2019-03-26,0.11426024562153671,0.12690704486620802,0.15895137646964128
2019-03-27,0.11592183069100445,0.12638428412153688,0.1510165714988991
2019-03-28,0.11652071710901417,0.12421838029604337,0.13949509831161386
2019-03-29,0.11787925153172761,0.12132944455505715,0.12749669487158016
2019-04-01,0.12255684401622735,0.12014563731633053,0.12359836810813311
2019-04-02,0.12136311619569802,0.125181240653543,0.14157957209413305
2019-04-03,0.12097259631535487,0.12138265142096348,0.12614169270222708
2019-04-04,0.11786429655520102,0.11784357755369156,0.11391818998602013
2019-04-05,0.11210616578107996,0.11471723136891773,0.1051552796585717
2019-04-08,0.11111155239538732,0.1127962724211378,0.10265072999854068
2019-04-09,0.10551677241062299,0.10940018032179236,0.09432270143275048
2019-04-10,0.10543570037925996,0.10793268652129931,0.09543983632583783
2019-04-11,0.10408140878235399,0.10547898078521409,0.09191390988609774
2019-04-12,0.10542962394225848,0.10227137265447045,0.08557752901136738
2019-04-15,0.1050554833937985,0.1025646369502073,0.0948590690567122
2019-04-16,0.10478353886109568,0.09947275267678772,0.08803360015271233
2019-04-17,0.10553988728082518,0.09647607408640109,0.08262199796318079
2019-04-18,0.10445413432485928,0.09402100997734221,0.0892319878369772
2019-04-19,0.09820930369997743,0.09147711918792344,0.08468958522071324
2019-04-22,0.06480801904325716,0.08869035762035386,0.07984021351962842
2019-04-23,0.06852288766826711,0.08605376340395562,0.07632810271340838
2019-04-24,0.06758161146729932,0.09040183973065244,0.09905949078562414
2019-04-25,0.0632273705190924,0.08807260406091269,0.09272915652456053
2019-04-26,0.06359213163529416,0.0854231786632787,0.08631028900267736
2019-04-29,0.06175982799474531,0.08476831425712274,0.08816733338811096
2019-04-30,0.050249423090873144,0.082411240282348,0.08339286567217023
2019-05-01,0.058932225460561295,0.07992538181454602,0.07891680118751461
2019-05-02,0.05985758818996719,0.08285900791699002,0.09394901301459224
2019-05-03,0.06722734973444686,0.08077322373295845,0.08862947049796575
2019-05-06,0.06815538713691145,0.08699089245799782,0.11012817285440932
2019-05-07,0.09129203069673011,0.08585164967870836,0.10477312905364564
2019-05-08,0.08961540834482647,0.10590774605275509,0.1577242203581182
2019-05-09,0.08933984820900708,0.10282351253255209,0.13987088799307604
2019-05-10,0.091193487358663,0.10038516932708853,0.12664560242754502
2019-05-13,0.12356650753275569,0.09925849158241003,0.11964848723478985
2019-05-14,0.12886500066557188,0.13804216817405235,0.21792640798994664
2019-05-15,0.13098467677058911,0.13833975742328142,0.20162456229067605
2019-05-16,0.13534661916041665,0.13603424101849723,0.1816618589723356
2019-05-17,0.13673199142652445,0.13667444466760265,0.16526653764741694
2019-05-20,0.1382324011025746,0.13488960303109485,0.15350464262816318
2019-05-21,0.1424089090994866,0.13330018610475333,0.1446053874961877
2019-05-22,0.13825665323533523,0.133868684150032,0.14491358173862331
2019-05-23,0.1435034213935834,0.13034041839248672,0.13073201584718616
2019-05-24,0.1441168203570282,0.135109315758889,0.14877027071162877
2019-05-27,0.1424952449870305,0.1312892567878199,0.13297791274888396
2019-05-28,0.14428999645635004,0.12728965712509493,0.11882341779777811
2019-05-29,0.14470818706532163,0.12864951244213182,0.1279668020885417
2019-05-30,0.1446799209155275,0.12744891067399494,0.12526318182223328
2019-05-31,0.15000551384939467,0.12402075801768474,0.11431403994123124
2019-06-03,0.1430693365985643,0.1313063678409313,0.14494941565962785
2019-06-04,0.16666011647699183,0.12769070359216347,0.13012327194561846
2019-06-05,0.16143266976170342,0.14933018615045657,0.19836505507807273
2019-06-06,0.16337939001362942,0.14861426650015225,0.1850263796271027
2019-06-07,0.16695467445263304,0.1462746221761755,0.16928827556745749
2019-06-10,0.16680296422997223,0.1470089366721965,0.16657082641911042
2019-06-11,0.13852567854223427,0.1436379158733931,0.15067274325515803
2019-06-12,0.13602399163920026,0.13926531568254444,0.13348787150616193
2019-06-13,0.13535411861812438,0.13519734987537677,0.1199731589300283
2019-06-14,0.13189521766097048,0.13205312711041364,0.11244660758942576
2019-06-17,0.1295964699730754,0.12810247346437864,0.12153087388493057
2019-06-18,0.1310812157425574,0.12420877291210809,0.1095041863119958
2019-06-19,0.1282213730401456,0.12705405520887536,0.12636357491861652
2019-06-20,0.13047754746760765,0.12349508608391438,0.11466959841307434
2019-06-21,0.120907138046142,0.12531196641188322,0.1257610525452084
2019-06-24,0.12148352730995411,0.12162611617627433,0.11345544107315422
2019-06-25,0.12816844374702105,0.1180170465745379,0.10328298690024047
2019-06-26,0.1223536848808805,0.12066992943548872,0.11983434609714014
2019-06-27,0.11827035423300829,0.11705818146818166,0.10833546489279082
2019-06-28,0.11863617270094338,0.11432361345891232,0.10219245751175643
2019-07-01,0.1049815153661858,0.11262332539333532,0.10128149377879145
2019-07-02,0.10265194668444079,0.11470836087397572,0.11488413591274636
2019-07-03,0.0820786048106059,0.11167275291571145,0.10583294235543388
2019-07-04,0.08036319627799311,0.11261160379749842,0.11347955982130435
2019-07-05,0.08032924500956587,0.10918100068809625,0.10289792028650392
2019-07-08,0.08001337503688183,0.10594738485137635,0.09471962146303506
2019-07-09,0.07934626446323058,0.10493058365246748,0.09693496834812036
2019-07-10,0.07980322544152897,0.10184917867250237,0.09004127080579552
2019-07-11,0.07874841137277305,0.10047085765456332,0.09129164453241816
2019-07-12,0.07887566185443577,0.0978348731703369,0.0868502316207029
2019-07-15,0.0783132272393749,0.0964314120800387,0.08811330160953543
2019-07-16,0.08027868687557556,0.09350267366510856,0.08798300229359306
2019-07-17,0.07948759198798427,0.09152052755523558,0.08586567119022026
2019-07-18,0.07989221992512513,0.09261945848805392,0.09550346262880585
2019-07-19,0.07706262669699089,0.09091524806015004,0.09247442245426006
2019-07-22,0.07704005004953199,0.0907679111013292,0.09549123784460938
2019-07-23,0.0798874739489346,0.08851828774929797,0.09022456782386001
2019-07-24,0.07022963307268051,0.09018258794848977,0.09958455198067084
2019-07-25,0.073239190876701,0.08931543379748491,0.0980758878306129
2019-07-26,0.07510315771460839,0.0885735163670144,0.09722265954565767
2019-07-29,0.07494687338777484,0.08971484413776103,0.10265639781580045
2019-07-30,0.07055018061271441,0.08727009775299872,0.09505398682736652
2019-07-31,0.08113451119542159,0.08514952345273127,0.08989085565699896
2019-08-01,0.0815329033892806,0.09297905474853073,0.1174417062932807
2019-08-02,0.08492441882701181,0.09634815666500501,0.12455412877021313
2019-08-05,0.1329947666919043,0.09792742337306519,0.12530115984909104
2019-08-06,0.143856735248617,0.15202428686607475,0.25430923910890046
2019-08-07,0.14371882479043116,0.15702450095951018,0.24397415116754922
2019-08-08,0.1598476163812221,0.15225821993055016,0.21197048819598557
2019-08-09,0.1607317902693689,0.16583091495835714,0.23502196099720865
2019-08-12,0.16365708290463318,0.16296105106453948,0.21062313619069353
2019-08-13,0.17441460959399613,0.16501788081778507,0.20523194157600344
2019-08-14,0.20079899603619047,0.17087336396197436,0.2039389973591217
2019-08-15,0.2009601104195097,0.20264747443899447,0.2880151390946518
2019-08-16,0.20842393463705952,0.19674160699957993,0.24936960571634317
2019-08-19,0.21304228268485098,0.19906964496558252,0.24258088173609255
2019-08-20,0.21399763966833002,0.1985431325424178,0.22878652778495187
2019-08-21,0.21450680279909543,0.19480450851800032,0.20683300840905453
2019-08-22,0.21346908542848925,0.19147979010916144,0.19014797057220506
2019-08-23,0.2297023843103601,0.18565039426547028,0.1660443757760385
2019-08-26,0.23234196903385965,0.20648882540056893,0.24482329206107312
2019-08-27,0.23240658393283353,0.2047148385421558,0.2277294597920161
2019-08-28,0.23466419498243996,0.19906628783573005,0.1998308135933616
2019-08-29,0.23743740706500394,0.194921085678627,0.1820359654699939
2019-08-30,0.23566424563837404,0.19532092365171339,0.18588043728733097
2019-09-02,0.23421647782296603,0.18937854967235862,0.16249023030485069
2019-09-03,0.20783455561648392,0.18360931613468212,0.14294318445875923
2019-09-04,0.20598291833623075,0.17947032974569463,0.13427335311665284
2019-09-05,0.20994714243446008,0.17945193828546294,0.14689811011814088
2019-09-06,0.19968117104208175,0.1809361074573428,0.16191804118480663
2019-09-09,0.1977951189801178,0.17544974008894992,0.14258685920668915
2019-09-10,0.19189946957554704,0.170116090473918,0.12651741438437944
2019-09-11,0.18643904791989888,0.1649362002322714,0.11328244146657132
2019-09-12,0.14779833059102315,0.16226811835927235,0.1365160966245214
2019-09-13,0.1482944205126042,0.15789815196970866,0.12418366316667412
2019-09-16,0.14288116178946914,0.1531097030099339,0.11142448404218319
2019-09-17,0.13809582549626875,0.1489318138808115,0.10365104904558435
2019-09-18,0.13416457092028283,0.14472901261120716,0.0966502048066805
2019-09-19,0.13228040580106254,0.14033926661065527,0.08928679664558781
2019-09-20,0.1338744161043205,0.13606421092664397,0.08338132088558145
2019-09-23,0.09070898187567997,0.1331985085990453,0.08655809399773408
2019-09-24,0.09173274884513878,0.12914396534692155,0.08127161580248873
2019-09-25,0.09070857570902817,0.12890245764000366,0.09750811013213315
2019-09-26,0.0898046316177592,0.12706185948182794,0.10032199146210681
2019-09-27,0.08311145145555768,0.12345760157383623,0.09342681525206947
2019-09-30,0.08410069234318862,0.12152547525689687,0.09578658072330501
2019-10-01,0.09522512067856201,0.11918907224996042,0.0951638540647865
2019-10-02,0.11249839853334,0.12457360692657576,0.12626142391347359
2019-10-03,0.10893335627547575,0.13924896791449456,0.1759490648439297
2019-10-04,0.10996777464773116,0.13868499041272803,0.16596321990444413
2019-10-07,0.11073355524620629,0.14426065687998602,0.1777181718532688
2019-10-08,0.12227117403255859,0.14087291526513449,0.1589305544389445
2019-10-09,0.12786093502230145,0.14951915060813067,0.1832723418329834
2019-10-10,0.12759499708553404,0.14955023499046363,0.17540470305445838
2019-10-11,0.1326586993702517,0.14734459119961135,0.15833527791517396
2019-10-14,0.13267150068265995,0.14837809286672007,0.159800902022224
2019-10-15,0.1371113987696505,0.14392313174524404,0.14060845252642903
2019-10-16,0.13690492907382584,0.1447018855061304,0.14542343166117386
2019-10-17,0.13731385521924966,0.14043288609323928,0.12908154150508086
2019-10-18,0.1381259235544167,0.1366352983290511,0.11729401953666746
2019-10-21,0.139182139536852,0.13356656193683047,0.11073837696283374
2019-10-22,0.13971814814811992,0.132135490816959,0.11274072967512418
2019-10-23,0.13689819147208648,0.12874029748075058,0.10491216054451125
2019-10-24,0.13562629531271675,0.1253285897780912,0.09817225043957109
2019-10-25,0.13586446874028704,0.12167628179264448,0.09115058523818537
2019-10-28,0.1349570588738094,0.1190349590988974,0.09032202466301084
2019-10-29,0.1344848020424916,0.1174600516320529,0.09441235589081202
2019-10-30,0.12600626210302554,0.11388759641843396,0.08736690353873418
2019-10-31,0.10565633357575606,0.11105845353495727,0.0851027548825542
2019-11-01,0.10643903759545194,0.10817333207377475,0.08262703763572435
2019-11-04,0.0989884988469601,0.11083785856207021,0.10511940463100468
2019-11-05,0.09698054604419384,0.10858644784394848,0.1005623090704804
2019-11-06,0.0726932287592043,0.1053663467102341,0.09257257792005699
2019-11-07,0.06882973852732496,0.1021603069526788,0.08591312412341943
2019-11-08,0.06723196061146428,0.09998426225237239,0.08503224240889548
2019-11-11,0.06246139564982858,0.09741034978695391,0.08702224969219076
2019-11-12,0.061490966612483516,0.094734918461543,0.08279106462121778
2019-11-13,0.054757548097621164,0.09221329729675297,0.07987515244437098
2019-11-14,0.05350984781953492,0.08941294825023945,0.07604940626093713
2019-11-15,0.056659969152111,0.08687346355398086,0.07395562949811088
2019-11-18,0.05203034741609228,0.08877021775884401,0.09032026154554351
2019-11-19,0.049927893559623224,0.08611369555162822,0.08423651730795068
2019-11-20,0.050536650643831706,0.08349786644024304,0.07937429807249502
2019-11-21,0.05174018680656304,0.08224032201954133,0.08081662941857709
2019-11-22,0.05178190990557433,0.07998036050145271,0.07770754254437427
2019-11-25,0.05534357994437433,0.07802346639226446,0.07628058323729238
2019-11-26,0.05363629694902684,0.0813853176949335,0.09410636120877398
2019-11-27,0.05396882914263639,0.0793952854703539,0.08870655552006236
2019-11-28,0.05417210089754098,0.07889541393886262,0.08950694988799365
2019-11-29,0.05535665824874104,0.07649194179878957,0.08341541135944076
2019-12-02,0.05897804326753154,0.07555584394149915,0.08368359584748457
2019-12-03,0.06329796233977222,0.08041507220475148,0.10238930521916705
2019-12-04,0.06614210853265111,0.08223880299145239,0.10674613457532142
2019-12-05,0.066229495999818,0.083243631167774,0.10779106355037288
2019-12-06,0.07174668774109842,0.08100941672555183,0.09878062623955908
2019-12-09,0.0729509154788357,0.08613234281422731,0.11426137215512788
2019-12-10,0.07263565045126366,0.08440144522898177,0.10057240575679197
2019-12-11,0.07284515853543463,0.08194513784324997,0.09240571337431955
2019-12-12,0.07758744815280436,0.08020980987305829,0.08830339910539883
2019-12-13,0.07761158041686836,0.08462351970860459,0.10541107111271084
2019-12-16,0.07726496316581051,0.08207865012072156,0.09595700233727122
2019-12-17,0.07732177297780637,0.08391276933586544,0.10276241765797135
2019-12-18,0.07724966864892426,0.08136091813529057,0.09375864370551171
2019-12-19,0.07575767915864887,0.07888271032986574,0.08665046276169444
2019-12-20,0.07547073758405286,0.07811614651312256,0.08696249008204907
2019-12-23,0.07546165803793432,0.07762307448082409,0.08799254165422869
2019-12-24,0.07247624451659425,0.07549221524905876,0.08298738416113732
2019-12-25,0.07256576617355114,0.07319251789177454,0.07830181868224415
2019-12-26,0.07309517208696541,0.07096277893950795,0.07472962119495562
2019-12-27,0.07315775841520146,0.07183133757381047,0.08272322485465722
2019-12-30,0.07498149338474386,0.06964974260291841,0.07812212970711543
2019-12-31,0.06605041747785989,0.07086710608143344,0.08577727453571557
2020-01-01,0.0588625869743518,0.06935303461179065,0.08256620606324595
2020-01-02,0.06250998676706977,0.06724026178765502,0.07797875328201016
2020-01-03,0.07122139026268005,0.07456580829309803,0.10311429514071319
2020-01-06,0.06660019894754342,0.07810257847866164,0.11059211969035904
2020-01-07,0.06631371243478472,0.07715734405362482,0.10414893656503112
2020-01-08,0.0667874615723342,0.07560384286328714,0.09424664326184899
2020-01-09,0.06885670078890377,0.07615875324286646,0.09602309242513432
2020-01-10,0.06656938791757437,0.07837517603638962,0.10240229310775303
2020-01-13,0.06897974841499935,0.07680934455110597,0.09597863010955718
2020-01-14,0.06734423076255971,0.07909464979299219,0.10274540247965548
2020-01-15,0.06726250476733187,0.07691432485962253,0.09440594694009463
2020-01-16,0.07097404968070457,0.0750859306529506,0.08879494920451463
2020-01-17,0.07067160397977554,0.07960655108737748,0.1042350195315432
2020-01-20,0.0703231286920898,0.07812187845619453,0.09780325227944756
2020-01-21,0.0714211206457989,0.07574197132312419,0.08976929031622298
2020-01-22,0.07139902663153037,0.07382910889764648,0.08481155792172101
2020-01-23,0.07121070273159229,0.0715815142914733,0.07963700699696871
2020-01-24,0.07841318780780264,0.06954384145025778,0.07617265192685663
2020-01-27,0.09812229737815524,0.07584571319236413,0.10006147657684437
2020-01-28,0.10208672594890764,0.09672593854685951,0.15392215691908878
2020-01-29,0.10207733733395831,0.10216595613237238,0.15702234707386586
2020-01-30,0.1024143311675705,0.09910571216592923,0.13792004148545547
2020-01-31,0.11732095560560032,0.0969091430835568,0.12457605226107092
2020-02-03,0.11732952116464349,0.11792061574302369,0.17904023479575307
2020-02-04,0.1277411778311507,0.11789467496861035,0.16597967068395447
2020-02-05,0.1321793497978477,0.12854887881362675,0.1857164892118105
2020-02-06,0.13163522239359648,0.1323881218533763,0.16640058910367184
2020-02-07,0.13207854601771285,0.129017941493253,0.14770099927850405
2020-02-10,0.1332839078521439,0.12680165466529097,0.136349463144578
2020-02-11,0.13176393110346654,0.12629479223646403,0.1335682576534053
2020-02-12,0.13267981165618964,0.12263226980806854,0.11921321480094409
2020-02-13,0.13291781104725126,0.12149075521813336,0.11767130978457571
2020-02-14,0.13046783992764457,0.11786281702487994,0.10590979257950499
2020-02-17,0.13026467215419837,0.11444164836616658,0.09695894676127806
2020-02-18,0.13077089596936256,0.11095529472683761,0.08909574618434062
2020-02-19,0.13113593525478393,0.10804198550080607,0.08528680718163772
2020-02-20,0.13231069657103847,0.10637991192505303,0.08799622925026597
2020-02-21,0.1378118159868225,0.10437392149846958,0.08797787503473728
2020-02-24,0.17918884075429772,0.10890598673659246,0.11427660498678878
2020-02-25,0.2006950042228089,0.16837119014214094,0.27871648353733214
2020-02-26,0.1959159170438917,0.20239635315759122,0.33633217225373
2020-02-27,0.24727851217895358,0.19675300966801362,0.28925510785088454
2020-02-28,0.24570265626041862,0.26137221771472713,0.43144572478995835
2020-03-02,0.28968595747275855,0.2539381124321756,0.3696886134534017
2020-03-03,0.302177072195067,0.2962964072769959,0.4537651031373552
2020-03-04,0.3343254072054693,0.3086817072298152,0.446854574877195
2020-03-05,0.3471865039056768,0.3394110686322122,0.4953796536998317
2020-03-06,0.3483603216630803,0.3543561141358824,0.44557985272571576
2020-03-09,0.43621506199199966,0.34962195566251464,0.4003115506177842
2020-03-10,0.4800471463318187,0.4635417520746937,0.7217478120851014
2020-03-11,0.5010426865632583,0.4903705174866684,0.7278854271091888
2020-03-12,0.5876696482245686,0.5136151306621969,0.7302515428819023
2020-03-13,0.6757492534933979,0.6331645866663022,1.0011894549224145
2020-03-16,0.7654449106604153,0.6917950350081075,1.0632911033353973
2020-03-17,0.8004119817992533,0.8080365499678336,1.277842340470215
2020-03-18,0.8099319911241052,0.8096648636065354,1.1570863099635222
2020-03-19,0.8091230241832302,0.8105832392318929,1.0604140464957739
2020-03-20,0.8133907155590696,0.7859329565640465,0.8977566421007588
2020-03-23,0.8132949827923509,0.7810048792716493,0.8346845582629376
2020-03-24,0.8891254741607595,0.7638807640655036,0.735347511219536
2020-03-25,0.891782731964669,0.8137814831245354,0.9213739100386888
2020-03-26,0.922074083788279,0.7911032280146609,0.7887182224280501
2020-03-27,0.9155316133694531,0.7981143085102388,0.8022190804029387
2020-03-30,0.9256170388978139,0.7826826928238101,0.7194672221358842
2020-03-31,0.9093014535874125,0.7689474743349493,0.6588627727199374
2020-04-01,0.9160541335229705,0.747805652574513,0.5705908587557781
2020-04-02,0.9054847492505851,0.7468084316519196,0.6033508004531536
2020-04-03,0.9015695077935982,0.7294714161592373,0.5417681710605528
2020-04-06,0.9366842319808012,0.7095111747723843,0.6031795850134468
2020-04-07,0.894932651433247,0.7328689347778676,0.7256894425080826
2020-04-08,0.8841969180567253,0.7105538483005026,0.6120479262442966
2020-04-09,0.8684497989719244,0.7007685871383545,0.5794576999347174
2020-04-10,0.78632957080718,0.6819535807425375,0.5036597505531973
2020-04-13,0.7367306906299184,0.6611785274117078,0.4254801304873012
2020-04-14,0.605416077598998,0.6420277507509387,0.36723596407058634
2020-04-15,0.5913372983717026,0.632646598417334,0.38766533156060695
2020-04-16,0.5542613968103205,0.6190327472719951,0.3700494639292778
2020-04-17,0.5577856425631073,0.6004662416986807,0.31581928805359094
2020-04-20,0.5334082878059436,0.5913289211685309,0.3418867428429824
2020-04-21,0.5378339411497286,0.5774657397226136,0.322584177260562
2020-04-22,0.462377555728966,0.5725677869557624,0.367629472034218
2020-04-23,0.46189602075257297,0.561649528171967,0.3570920385696245
2020-04-24,0.42474851073986186,0.5445394927276236,0.3026488513584673
2020-04-27,0.40743298793463406,0.5306873123102799,0.27975271283105524
2020-04-28,0.3975744561790047,0.5175229015310855,0.2639163447735804
2020-04-29,0.39789420813800835,0.5020770741373061,0.22786002658432575
2020-04-30,0.35527458435899706,0.49704491795960726,0.2833324546633083
2020-05-01,0.3702948462585996,0.48327378996760695,0.2522843037564199
2020-05-04,0.36325451647725976,0.4800251460719848,0.30312438505726713
2020-05-05,0.29466885365943923,0.46552484503090896,0.28949139208411645
2020-05-06,0.2967991704915366,0.45275756354351465,0.2564649489413421
2020-05-07,0.2786720141067086,0.43976075051824587,0.2249570234726027
2020-05-08,0.2794641532804521,0.4289072069005332,0.2147151736127645
2020-05-11,0.27944304311434714,0.42070860874576227,0.2256132426324767
2020-05-12,0.28761573675679897,0.40789291175810233,0.19278078815840544
2020-05-13,0.2774418552057839,0.4031410141668337,0.23073962564169007
2020-05-14,0.26942013296572975,0.3969706120764357,0.24303085348934902
2020-05-15,0.2693832025294758,0.38764721452877726,0.22787295647831882
2020-05-18,0.2735856895393971,0.37626080891374697,0.1980483352521227
2020-05-19,0.2681812079224707,0.3830017820447045,0.2935530650169003
2020-05-20,0.24511675514882533,0.3734979714252112,0.2623869585909037
2020-05-21,0.23879159727060928,0.36799634574488715,0.26053892671385265
2020-05-22,0.2386093920184368,0.3578011892575732,0.2284798585297762
2020-05-25,0.23526886955474835,0.34697950782847936,0.19572853655569583
2020-05-26,0.2340155851420295,0.3364091142072702,0.16813917257452415
2020-05-27,0.23677844049692162,0.32961838426229634,0.17527070088052268
2020-05-28,0.22190240190968089,0.3246960270132067,0.1917924901083566
2020-05-29,0.2184732922661988,0.314886354113917,0.16556155504605027
2020-06-01,0.19123383778690917,0.30578272246793425,0.14775682071104432
2020-06-02,0.19184200860620257,0.2968819016386723,0.13293084974565603
2020-06-03,0.1937263611231068,0.2896182067904352,0.15945564073750004
2020-06-04,0.19128154184326562,0.2854622203003676,0.17401443933826422
2020-06-05,0.2031841046572838,0.2769547964731952,0.15169335460865563
2020-06-08,0.20062031139081432,0.2859808147075416,0.24132171692054505
2020-06-09,0.20455152800281406,0.2811772335178055,0.22685472539584875
2020-06-10,0.18812559798156311,0.2741606588953508,0.2026432541740761
2020-06-11,0.2830081898272984,0.2666975832417688,0.17933961396331471
2020-06-12,0.2830113976111282,0.34665276067189493,0.4984429507707612
2020-06-15,0.2837889248901044,0.3392651387188538,0.43049489291432125
2020-06-16,0.2731662770611332,0.3309083972866787,0.3705700058555938
2020-06-17,0.27025031359510554,0.32928107004534324,0.3480605655517889
2020-06-18,0.26568420057971803,0.3196599557114119,0.29614545494068706
2020-06-19,0.2651912671517307,0.3099254460217663,0.2510806940902633
2020-06-22,0.2655453709113192,0.3013092666587316,0.2185114969026534
2020-06-23,0.2654564474792316,0.29318661166677307,0.19360406568090324
2020-06-24,0.2807501314722705,0.28481543961344724,0.17025954656658515
2020-06-25,0.27856479107411003,0.2938503843943938,0.2533457197108019
2020-06-26,0.29153147679314645,0.2879001624605975,0.23173774371584496
2020-06-29,0.29567986743134683,0.2943640155914712,0.2754564555765152
2020-06-30,0.29860829532965727,0.2909810440032939,0.26126131608079206
2020-07-01,0.2982342892023661,0.2864250451961466,0.24423047008224907
2020-07-02,0.2952956290304451,0.27902279454210066,0.2374534439486916
2020-07-03,0.29511663047432324,0.2713641722860348,0.20780720980235964
2020-07-06,0.2863695631757861,0.263097326403093,0.17859355882247951
2020-07-07,0.28489805255013284,0.261945174594108,0.1966316520818306
2020-07-08,0.28550339216326553,0.2571448179742992,0.1883024863631111
2020-07-09,0.2855293018718265,0.2510654675886476,0.17338387091018098
2020-07-10,0.19066607175883213,0.2444271421568864,0.1569060874489509
2020-07-13,0.19165875418767406,0.24025049358223682,0.15874768279848286
2020-07-14,0.19380307635608884,0.2353732602519075,0.15451862333738955
2020-07-15,0.18568382546330017,0.23363026864324177,0.16916728093771596
2020-07-16,0.18537326048653466,0.2292874941212691,0.16374004066041103
2020-07-17,0.18537264990378208,0.2226723287417128,0.14470334631441265
2020-07-20,0.1845529910133807,0.21618215907205188,0.12886386779696835
2020-07-21,0.18396845236430087,0.2119201124996686,0.13069176563375032
2020-07-22,0.18418738300067972,0.2056303334008725,0.11669760136541181
2020-07-23,0.16261267692572187,0.2005840625516065,0.11359140590331804
2020-07-24,0.16308712714919965,0.19999621966272707,0.13945249368617105
2020-07-27,0.13332522926859636,0.19552453218665783,0.13284813928869676
2020-07-28,0.13118763599853855,0.19166183598596992,0.13063658248747692
2020-07-29,0.13070509149338064,0.18746271823323718,0.12599761256140235
2020-07-30,0.13127966607921643,0.18786431575313425,0.1479769766184766
2020-07-31,0.13232749161236393,0.18267074608019632,0.1358529483837956
2020-08-03,0.13309600181765105,0.17973091020526583,0.13493335692395395
2020-08-04,0.12480774469685771,0.1763259103736941,0.13095137127358142
2020-08-05,0.11722699657577526,0.17161017153175742,0.11958791800288704
2020-08-06,0.11676721855931045,0.16811526659461618,0.11733641593978071
2020-08-07,0.11302735603155674,0.16503968953735823,0.11735446653450561
2020-08-10,0.1099640645108599,0.16003624074280248,0.10488220904925173
2020-08-11,0.10944358769536446,0.15559436624089945,0.09780585905968264
2020-08-12,0.11063222485991378,0.15425921780356888,0.11104641588273939
2020-08-13,0.10907304741916672,0.1589554503580808,0.14856539555663634
2020-08-14,0.10757054718352682,0.15427356251546423,0.13061103075449426
2020-08-17,0.10759328815169886,0.14957381263038166,0.11531859162365353
2020-08-18,0.10556985108055589,0.14554069451030635,0.10615151403167608
2020-08-19,0.10775047052189173,0.14135622695067523,0.097401099517659
2020-08-20,0.10693797581210591,0.13800693098713165,0.09502981263343788
2020-08-21,0.09482970867932303,0.1343476471787328,0.09064949065913899
2020-08-24,0.09269781158195277,0.1309805208948168,0.08844407086445673
2020-08-25,0.09150768985540537,0.13290436295902303,0.11479930325305998
2020-08-26,0.08791399444998733,0.12956949269298856,0.1063903692966721
2020-08-27,0.08244685637129837,0.1314747293848525,0.12458930751504349
2020-08-28,0.07918402642113785,0.1277521368501425,0.11185050706216923
2020-08-31,0.08164438967111112,0.12636497684981293,0.10744947743419839
2020-09-01,0.08346629766026163,0.12332521301683806,0.10107514322452932
2020-09-02,0.09181570557380762,0.1250012134196891,0.11833352467143936
2020-09-03,0.16235148542773398,0.13343832995692867,0.1554802008369118
2020-09-04,0.16496158330574284,0.187832056818999,0.309745719176794
2020-09-07,0.165004522284799,0.1848791593581467,0.270960568260896
2020-09-08,0.19258638650197388,0.17924699537531025,0.23067695555629456
2020-09-09,0.20202166800460591,0.20446487864301974,0.29574825666838855
2020-09-10,0.20604676295678195,0.21231936810942556,0.29557231546571905
2020-09-11,0.2060181477914947,0.2168268712054971,0.28723849900980786
2020-09-14,0.21125365890142261,0.21023076881352948,0.2442633899063124
2020-09-15,0.211680128488684,0.21008143655009992,0.23303419115896967
2020-09-16,0.21207438314103605,0.20462190139570222,0.20317222148451886
2020-09-17,0.2138444057990923,0.1989900022428542,0.17732911244885022
2020-09-18,0.2170135040309302,0.19596215973632392,0.1685767250454014
2020-09-21,0.21920809435561953,0.1952548256776183,0.17268552741967316
2020-09-22,0.21924185180764938,0.19424430400001447,0.17393921910903096
2020-09-23,0.23093415431137385,0.19240416768418292,0.17068480466674518
2020-09-24,0.2271634948768053,0.20766003172240843,0.23808335041134937
2020-09-25,0.2362108607158344,0.20159971837183943,0.2044632142393634
2020-09-28,0.24347758180802348,0.20516578704473895,0.2170149910770844
2020-09-29,0.24370617217218637,0.2089747265446651,0.2206702300194473
2020-09-30,0.24269811624656293,0.2037183236139779,0.1934893506115078
2020-10-01,0.2373350538776134,0.1996840396931629,0.17684670534259064
2020-10-02,0.2081565611999041,0.19519355982652042,0.16092000567142328
2020-10-05,0.2165762070514202,0.1928485001617735,0.15920247888440958
2020-10-06,0.22201903104250642,0.1990750990291281,0.19762152648751483
2020-10-07,0.20775735468598114,0.20087989155414682,0.20489093942009043
2020-10-08,0.19898898621005692,0.2059960618263828,0.22369875204845202
2020-10-09,0.18923974426443405,0.20264604949944515,0.2036939892634388
2020-10-12,0.19517779201538438,0.1994909169446532,0.18854685248727315
2020-10-13,0.1939098331219013,0.20312554202205998,0.20670644823944312
2020-10-14,0.19549994308509777,0.19857638891614135,0.1846102334524823
2020-10-15,0.19480360618980855,0.19408078005408252,0.16670751030481268
2020-10-16,0.1914153606281935,0.18822974054635533,0.1445465419702606
2020-10-19,0.19510935495967702,0.18251063465131256,0.12634479924279565
2020-10-20,0.1895696454567942,0.18670894837679167,0.16627213712355415
2020-10-21,0.1879048715763515,0.1816872245293498,0.14739807993479728
2020-10-22,0.16420488352933554,0.17630635068171208,0.1294512229185881
2020-10-23,0.1641977013587881,0.17225376947159243,0.12232389165663861
2020-10-26,0.17365069529501284,0.16752557503200785,0.11183846818676552
2020-10-27,0.16556112240026502,0.17788122030798834,0.18037986905976758
2020-10-28,0.2053764911660024,0.17298415534147268,0.15997016777647893
2020-10-29,0.2068776228054827,0.21544054069643034,0.31135756835805556
2020-10-30,0.20783641793938876,0.21254613072045722,0.27599398570364553
2020-11-02,0.21010356971509805,0.210061469743934,0.24901422084970534
2020-11-03,0.2100211609860374,0.20822271908618326,0.23009291512869187
2020-11-04,0.2176423663567006,0.21304164131905018,0.24133185915199773
2020-11-05,0.21966178452869117,0.2237197313958907,0.2714430996423425
2020-11-06,0.21799067571551128,0.22953929049175484,0.2777691536649048
2020-11-09,0.22000373025194522,0.2225483735258418,0.23590750572299488
2020-11-10,0.2133002998594815,0.22116474141225764,0.22471197059833253
2020-11-11,0.21319944673135702,0.21450308983488336,0.19230910361354064
2020-11-12,0.21498875807615758,0.20995022308039782,0.1755876423945592
2020-11-13,0.2194933497838449,0.20705362036783811,0.17051950599372184
2020-11-16,0.22257827558461896,0.20774356735389113,0.18405823731706275
2020-11-17,0.21535589071105304,0.20711046624501858,0.1870972873734793
2020-11-18,0.2211163116302444,0.20189289623324863,0.16669170263405397
2020-11-19,0.22085628639963228,0.20132504433389195,0.17390011129777774
2020-11-20,0.22257687971318735,0.1958743913313232,0.15392206274671708
2020-11-23,0.22303953931921777,0.19177772555299172,0.14481402037066615
2020-11-24,0.2155958621087507,0.18738207002436938,0.13532751203868706
2020-11-25,0.21495022110606177,0.19201282066889527,0.1747987714884845
2020-11-26,0.16531051330421456,0.18625999676101263,0.160645120431702
2020-11-27,0.1643899522535639,0.18058576690815833,0.13941653022811118
2020-11-30,0.15862386856749658,0.17541810989013415,0.12425457420561223
2020-12-01,0.1584939409647598,0.17094705247677466,0.1156995356693397
2020-12-02,0.15191255550147986,0.1710517870651616,0.13520140487209098
2020-12-03,0.13774617625278895,0.16604204352298252,0.12003711488352863
2020-12-04,0.12638014916793985,0.16098722614596883,0.1067635825485719
2020-12-07,0.12705158657930182,0.15960929557793646,0.11833266518263469
2020-12-08,0.121796360884521,0.1549534939571081,0.10667212555281673
2020-12-09,0.12722342432492523,0.15066195089625553,0.09901663803348575
2020-12-10,0.12566123124353312,0.1502145466978032,0.11559702810821687
2020-12-11,0.11950052020807467,0.14564395432186394,0.10325815404566838
2020-12-14,0.11291076741351319,0.14128072704852557,0.09401186756116572
2020-12-15,0.11427633252764362,0.13808356300018476,0.09357884625232586
2020-12-16,0.11195719750161923,0.1436998303621025,0.13783404149780062
2020-12-17,0.10166942453646646,0.1394555391289676,0.12161564419769831
2020-12-18,0.10347414157424946,0.13693479568628794,0.11688416022752948
2020-12-21,0.10063066361096591,0.13367158862955167,0.10906684983354574
2020-12-22,0.10017429732453324,0.13034572501160085,0.10220043835913983
2020-12-23,0.08517336082597078,0.12654494985417516,0.09369784226697175
2020-12-24,0.08539071806928795,0.12273961398847197,0.08644578898473528
2020-12-25,0.08539071806928795,0.11995433043081072,0.09687755827995731
2020-12-28,0.08914357565759144,0.11630003828786074,0.08854502336010106
2020-12-29,0.08750803090382674,0.11756084207962472,0.10709839208015674
2020-12-30,0.08048381798122281,0.11422107074642474,0.09768881283016023
2020-12-31,0.0816552890176555,0.11088012732634243,0.08990222336780124
2021-01-01,0.0816023753326335,0.10929341409604906,0.09262128739376387
2021-01-04,0.09183552119338197,0.10596389641233578,0.08527818812151428
2021-01-05,0.09440098806712602,0.115739400674822,0.13589111748817026
2021-01-06,0.09596093681802151,0.11534404636559717,0.1314202182199695
2021-01-07,0.10103150669168585,0.11420660683480753,0.125230661165169
2021-01-08,0.10160501489267755,0.12469725937917027,0.16216473508304374
2021-01-11,0.10560810549177119,0.12290041029850704,0.14774369270362572
2021-01-12,0.10332064251208402,0.12202422708811528,0.13982075203278402
2021-01-13,0.0947047122501754,0.11830972613441931,0.12247202671896701
2021-01-14,0.09627749064841659,0.11518115874030861,0.1107205183347709
2021-01-15,0.09930424155317837,0.11250236076882077,0.10323242436968925
2021-01-18,0.09790403323405981,0.11272699761790067,0.11040536834463582
2021-01-19,0.09938161168058875,0.1092928791478631,0.09906773873113738
2021-01-20,0.10743739980476573,0.11024126768429098,0.10993678894320774
2021-01-21,0.10743562450195343,0.11949936865051258,0.14805481336790435
2021-01-22,0.10896388512823979,0.1159130806192719,0.12930152784197982
2021-01-25,0.10901669661259421,0.11322444410133052,0.11709787967420127
2021-01-26,0.10690201034042456,0.11083706118554254,0.10906458342687583
2021-01-27,0.14009361074065224,0.10763209674936579,0.09887929263444586
2021-01-28,0.1429203771608404,0.14194020555541037,0.21768750097510134
2021-01-29,0.1591490516343007,0.14158719931462632,0.19836109010007122
2021-02-01,0.16971061247285626,0.15820101143561302,0.23494606703316137
2021-02-02,0.16807056606041776,0.16627255106924027,0.2400590847384106
2021-02-03,0.1669963217977838,0.1702019720527609,0.2334678926538448
2021-02-04,0.16986272375380884,0.16504525122517466,0.19925920872344396
2021-02-05,0.1633061888922968,0.1659421515250224,0.19343743849383838
2021-02-08,0.16392809268157443,0.16161035252483877,0.16913077555757752
2021-02-09,0.16156704421271081,0.15916573212740065,0.1572337250773671
2021-02-10,0.16164411433321466,0.15433863836515233,0.13672259310115867
2021-02-11,0.16157905266473024,0.14964644357045573,0.12010714098118751
2021-02-12,0.16102491044853587,0.14522321817043585,0.10757233138968202
2021-02-15,0.15779356196451313,0.14209696477957298,0.104641054996267
2021-02-16,0.15796731892109286,0.13776811879238668,0.09462603526134986
2021-02-17,0.1566616889816525,0.1336136336184104,0.08715029128593475
2021-02-18,0.15155094214178705,0.12954629849935062,0.08119296713488712
2021-02-19,0.15181887952573594,0.12669006049277606,0.08395456572994676
2021-02-22,0.15396845806927784,0.1230227028560759,0.08002324464616409
2021-02-23,0.15349397237752818,0.12299589048771754,0.10767878093786987
2021-02-24,0.15756818567699393,0.11934230250033108,0.09748800746189536
2021-02-25,0.15684488588494133,0.12330413625919738,0.1251618712706579
2021-02-26,0.15570615440449181,0.15260001868549014,0.22483593049592035
2021-03-01,0.15737534732563208,0.14930866614769606,0.19630133994337837
2021-03-02,0.15248477583913764,0.17213134887998954,0.25548568150073453
2021-03-03,0.15312152322894668,0.16964477670826134,0.2261044473922953
2021-03-04,0.15900179769919495,0.1724554972419546,0.22058889191551756
2021-03-05,0.16716315084545574,0.17407156779504623,0.21322023300700332
2021-03-08,0.16716483407297011,0.18305065614020152,0.23370796848994405
2021-03-09,0.17298897631809176,0.1785323258148527,0.20318047820623253
2021-03-10,0.17449140963508386,0.18165943933597523,0.20791174750915475
2021-03-11,0.17799566460497226,0.17777045174393669,0.18477498179450186
2021-03-12,0.17797543371908062,0.1767625707393834,0.17838304354220516
2021-03-15,0.17833595548172465,0.1714575380237333,0.15412837802537063
2021-03-16,0.17843009870162907,0.16783441912139965,0.1422664006228292
2021-03-17,0.17866276623931368,0.1627954950282242,0.12487526880481427
2021-03-18,0.18632713539717952,0.1583900662156692,0.11387794247675241
2021-03-19,0.18583603365571294,0.16379893752006702,0.15555311408995098
2021-03-22,0.1877097404365481,0.15897216538143827,0.13600011721133834
2021-03-23,0.1878100462232704,0.15720136860414424,0.13540559339756691
2021-03-24,0.18876008761198573,0.15547888672645455,0.1446227597187123
2021-03-25,0.18578960918609147,0.15203945892934992,0.13285397349654307
2021-03-26,0.17135405743977447,0.1490128385081932,0.12531913681472873
2021-03-29,0.16971044453578,0.1572796456278333,0.1695591876938422
2021-03-30,0.1503695023887568,0.1525009221459232,0.14666497125794795
2021-03-31,0.1473954842017819,0.14821556189773769,0.12981599089060697
2021-04-01,0.1406201818363641,0.14455861558684868,0.1190449073759526
2021-04-02,0.13017268090661385,0.1462457177217941,0.13657671082467843
2021-04-05,0.12496641430226245,0.14179048400666708,0.11994553031623066
2021-04-06,0.12236930583837782,0.1482196670776052,0.15635509480777773
2021-04-07,0.11565570061840759,0.14372266797263816,0.13596888170845492
2021-04-08,0.11517128682088433,0.13941686503319384,0.11981809876897916
2021-04-09,0.11318817104957513,0.1364181398176414,0.11315837344562044
2021-04-12,0.11334118146049378,0.13522820085432327,0.11681254656473425
2021-04-13,0.1125783901025362,0.1311162779579757,0.10426113017226361
2021-04-14,0.113632363657102,0.1276417243529968,0.09732410687419965
2021-04-15,0.11750818828766128,0.12446619113833438,0.09315127889824529
2021-04-16,0.09994242741913958,0.12762716725825737,0.12127962856009772
2021-04-19,0.1024326801980165,0.12441746390515585,0.11102497195501815
2021-04-20,0.10681779844735641,0.12213790093407523,0.10720894301803112
2021-04-21,0.1027095048644134,0.12181596353473789,0.11322937671680733
2021-04-22,0.10768301689747027,0.12365194811756476,0.12110880429511568
2021-04-23,0.11074291930091659,0.1250809078318059,0.13033757102013388
2021-04-26,0.1005069857571276,0.1283157994127787,0.14381969127797656
2021-04-27,0.10040168159655974,0.12467075854734724,0.12686416167219472
2021-04-28,0.0991827933600188,0.12087569190585237,0.1121962322804213
2021-04-29,0.0999085445179125,0.117198666994613,0.10061020052363749
2021-04-30,0.10052251241822022,0.11628236264731803,0.10475731217591455
2021-05-03,0.10027436779151534,0.11561708453283481,0.10850089050160314
2021-05-04,0.09371130694894907,0.11240750674998337,0.0992030193338469
2021-05-05,0.09356131034735844,0.11160811344217199,0.1031692944404577
2021-05-06,0.09651496607479446,0.10821491225373006,0.0935687872798628
2021-05-07,0.0979798364530545,0.10938204041024296,0.10716061915152647
2021-05-10,0.10336902470135753,0.10973428084738045,0.11277095378815144
2021-05-11,0.10871038764377308,0.11321034028356745,0.12872372630236945
2021-05-12,0.13169005448501447,0.11516366545177058,0.13446772716097127
2021-05-13,0.13851162457576605,0.13942513990783525,0.20881737347635734
2021-05-14,0.1437910466016143,0.14292973102317322,0.2027455813243868
2021-05-17,0.1435571336647702,0.15071255817126158,0.2123778011404794
2021-05-18,0.14566874217439504,0.146456726633893,0.18280939058840362
2021-05-19,0.14372618056796768,0.14592689459985558,0.1720105181612314
2021-05-20,0.14486641531680605,0.14184916259556088,0.15008075070320054
2021-05-21,0.1411070774212336,0.14368408980885813,0.16118574927435098
2021-05-24,0.14052305161220913,0.13934327530324697,0.1398802062883073
2021-05-25,0.1406165485927157,0.1407371177146868,0.14714527736173907
2021-05-26,0.1407660641491216,0.1367227569404929,0.1296116920328714
2021-05-27,0.14076044454954578,0.13278164430076186,0.11543143977125282
2021-05-28,0.13913123232436814,0.128752742004588,0.10318270330728448
2021-05-31,0.13705578671906354,0.12502369988619796,0.09462122846142541
2021-06-01,0.13694490680086402,0.12121497432759722,0.0869311602279279
2021-06-02,0.13503214935908492,0.11757223728258762,0.08140021151546135
2021-06-03,0.13583597839276773,0.11415419759415978,0.07798032343952548
2021-06-04,0.1367036463995498,0.11161700038696563,0.0801902132922473
2021-06-07,0.13445973746315734,0.11386024886569301,0.10550619957923459
2021-06-08,0.12949164516479408,0.11045612468607659,0.09564871645406335
2021-06-09,0.12512982896182342,0.10709438795862193,0.08773448713460374
2021-06-10,0.09566165940938366,0.10399399392234962,0.08257271120592505
2021-06-11,0.08869968252667344,0.1024257671870907,0.08627916111520936
2021-06-14,0.07367452470499869,0.0995128388585744,0.08168494023795131
2021-06-15,0.07328511684240772,0.09687242761957833,0.07922700225063171
2021-06-16,0.06883683073450547,0.09419230856003369,0.07677107080261449
2021-06-17,0.06769621575566438,0.093881945934569,0.08619312632314069
2021-06-18,0.07673479972654255,0.09103105993966704,0.08058031645611424
2021-06-21,0.09081147796988172,0.10285313625881584,0.1158209624330245
2021-06-22,0.08599721051526472,0.11401327299324335,0.15417003200994123
2021-06-23,0.08564859329096813,0.11246743812131525,0.14061273118019652
2021-06-24,0.087471201880699,0.10914197840793946,0.12338687313029048
2021-06-25,0.08796048697750182,0.10827398403347459,0.11915706373006449
2021-06-28,0.08799019304738145,0.10587709301915914,0.10972777494354842
2021-06-29,0.08793359491472065,0.10294987337076657,0.09988155036001539
2021-06-30,0.08766730704850226,0.09983553697585429,0.09103003224746345
2021-07-01,0.08899381007786218,0.09684940335476316,0.08443763036988898
2021-07-02,0.08962057850897696,0.09632223075865337,0.09082337609121476
2021-07-05,0.08577068415887268,0.09796908696143308,0.10399221138910308
2021-07-06,0.08611671830608515,0.09498455390248157,0.09410000308032412
2021-07-07,0.08632970624481856,0.09236340432379637,0.08773476975039944
2021-07-08,0.09217230365839092,0.0905942029487399,0.08647297126852149
2021-07-09,0.09718223703754239,0.09341808747979703,0.10418430162252827
2021-07-12,0.09745420696685297,0.09953920036269122,0.12723362966886445
2021-07-13,0.09892063553760239,0.09750315304233356,0.11596548044370633
2021-07-14,0.09826144329912281,0.09546078146819816,0.1070297887809509
2021-07-15,0.09656624847610673,0.09273408437690117,0.09720042963733769
2021-07-16,0.10182060193116306,0.09088792355472912,0.09303748075434173
2021-07-19,0.1042610713919422,0.09328733504414803,0.10658591879570133
2021-07-20,0.1042837867402337,0.10736545825398157,0.13451181356592898
2021-07-21,0.1060812297504393,0.11788496916819075,0.1645537462670993
2021-07-22,0.10572580850994642,0.11851673675109584,0.1563865619419185
2021-07-23,0.10905214166605233,0.11519376649627368,0.1367069055632054
2021-07-26,0.10887619477106604,0.11856438700280085,0.14546509291782664
2021-07-27,0.11091539450267618,0.11534710115366269,0.12840023994521857
2021-07-28,0.11104268040846398,0.1132349417346743,0.11906997949339937
2021-07-29,0.11148642547113369,0.10979694374742659,0.10591914338106634
2021-07-30,0.11242926976886236,0.10766180918537827,0.10122813137483713
2021-08-02,0.11011620833522709,0.10608455082976109,0.0999633759433718
2021-08-03,0.11325655481658968,0.10317658862328455,0.0925411355283704
2021-08-04,0.11466949885676785,0.10487783745390765,0.10739924417365007
2021-08-05,0.11594576758532167,0.10347487172756042,0.10456617072531803
2021-08-06,0.11126438841804928,0.10328231785483087,0.10733728103358116
2021-08-09,0.10607808083847055,0.10034149518856281,0.09759502875885918
2021-08-10,0.10559281391435453,0.0973361322874929,0.08940410064719474
2021-08-11,0.10473581069951376,0.09449453667444185,0.08353363855297465
2021-08-12,0.1049737971189441,0.09212277470879553,0.08103291908024786
2021-08-13,0.10378168433788881,0.09007115281635321,0.08037063002867124
2021-08-16,0.09841230611092364,0.0876129430943819,0.07757743766115979
2021-08-17,0.08393412752678074,0.08543474575606191,0.07650917606895705
2021-08-18,0.08346953776507304,0.08669010225131203,0.08897005049702882
2021-08-19,0.07936291788021885,0.094316036642989,0.12118126136325151
2021-08-20,0.08324312597483627,0.09164042020342879,0.10817757019824943
2021-08-23,0.08127971758337978,0.0940421313344802,0.11637905797423127
2021-08-24,0.0811112768547156,0.09732965654082833,0.12543635340707587
2021-08-25,0.07886571971971722,0.09456591038536807,0.11155317598949366
2021-08-26,0.08239315603284289,0.09204663007613416,0.10131911241952343
2021-08-27,0.08638046955283428,0.09216441148677047,0.10360996530674949
2021-08-30,0.0843491303059718,0.09582618416682677,0.11804458432513493
2021-08-31,0.08404645060548865,0.09446058354900184,0.11078553209981803
2021-09-01,0.08056836523253207,0.09176420749499857,0.10001761925142558
2021-09-02,0.07769339800623143,0.08899268612790195,0.09105929774814059
2021-09-03,0.07589245589649837,0.08710445477352595,0.08769139378518553
2021-09-06,0.07598560692047579,0.08445617463580808,0.08160520361126833
2021-09-07,0.07746668758848,0.08188329932328856,0.0770396169165155
2021-09-08,0.07783569612692719,0.08060128558215299,0.0791356628439488
2021-09-09,0.07959142466820528,0.07828943273042649,0.07585567980506638
2021-09-10,0.08421729453889766,0.07771546382113652,0.08060964895606983
2021-09-13,0.08445251013449477,0.08139231370575907,0.0994707319445553
2021-09-14,0.08607605427472756,0.07953614209699422,0.09285320552970754
2021-09-15,0.08783507339730426,0.0799322087681945,0.09596977527671319
2021-09-16,0.07791090068818929,0.08397545894281043,0.10528192581967828
2021-09-17,0.08611291767838776,0.08165053549200353,0.09588266426941054
2021-09-20,0.10008940123303642,0.08783843757945145,0.11797470294299758
2021-09-21,0.09378719213399936,0.10736698709270948,0.17128931753479779
2021-09-22,0.10090880527682511,0.10416099117755812,0.1478636996518269
2021-09-23,0.11018272684179722,0.1078118199428638,0.15060547307501684
2021-09-24,0.10856290937445127,0.11459150195290835,0.16309535599619876
2021-09-27,0.10381958957609705,0.1112847587413419,0.1416473164320873
2021-09-28,0.12238947353369464,0.10846815818638059,0.12588246669753106
2021-09-29,0.12299450044677132,0.13162694525566923,0.1980546982040222
2021-09-30,0.12800559253985086,0.12778446115713443,0.17002075861184082
2021-10-01,0.13596172343886856,0.13279963457736388,0.17693292697429383
2021-10-04,0.1410900747480133,0.13670394740000105,0.17952164435795578
2021-10-05,0.1477880362491335,0.14182441312925245,0.1864070422287627
2021-10-06,0.14916152181950354,0.14327405583642086,0.18037570574331763
2021-10-07,0.15332725393362565,0.13984231257486673,0.15860890259393864
2021-10-08,0.1529304818031225,0.1396532688653124,0.1538892173609428
2021-10-11,0.15257867726181215,0.1355847982423436,0.13439571334260308
2021-10-12,0.15209029259456222,0.13445630220959431,0.13166469224511937
2021-10-13,0.15218414010929693,0.13071209041831883,0.11746860810384326
2021-10-14,0.16101342655104547,0.12749719128738318,0.10847168541865354
2021-10-15,0.16329796702432178,0.13959683309459225,0.15678436654377695
2021-10-18,0.15958435943342636,0.13852210603406306,0.1490379698515392
2021-10-19,0.1480050428513242,0.13479323036656554,0.131849981354557
2021-10-20,0.14783288958439805,0.13405970889615187,0.13143920990763633
2021-10-21,0.1452025160574053,0.13086660667760525,0.11984571861484238
2021-10-22,0.14039888232032147,0.12728345807430744,0.10848024029335948
2021-10-25,0.1411786160101384,0.12347172207525116,0.09788922924714888
2021-10-26,0.140402109893153,0.12150357177907087,0.09920768715868063
2021-10-27,0.1184100475571582,0.1178539849560195,0.09065438823075408
2021-10-28,0.12114615398654129,0.11556058640610177,0.09116127609927865
2021-10-29,0.10853629597117005,0.11809825137610303,0.11438372443570638
2021-11-01,0.10401468513347721,0.1147714822223188,0.10343835084012774
2021-11-02,0.08688579190343641,0.11147562573254458,0.09464221886218975
2021-11-03,0.08388895547031938,0.10921253065245162,0.09275904181759642
2021-11-04,0.08397676274628076,0.10849828732153333,0.09852004554343054
2021-11-05,0.08180518037005903,0.1067696789835208,0.09749994683295352
2021-11-08,0.08026953893296547,0.10438946265364273,0.09332697941334445
2021-11-09,0.0747083456844867,0.10126374247594365,0.08614616925415701
2021-11-10,0.08244003188274747,0.0990192857129282,0.08476146813203198
2021-11-11,0.08301256833477678,0.10101020244958019,0.10268875794253704
2021-11-12,0.06889587312888969,0.09794110390098058,0.09308055502113234
2021-11-15,0.06681954477040597,0.09935589662215892,0.10188947472107526
2021-11-16,0.0670404511661466,0.09633831815673428,0.09239772880420356
2021-11-17,0.0659453346273464,0.09465791355146193,0.0908852129797976
2021-11-18,0.06575742942278352,0.0922602591924967,0.08622745290869878
2021-11-19,0.06682400909718439,0.09041606383704638,0.08499058001203948
2021-11-22,0.06797873882899164,0.08793744704502073,0.08083931717756872
2021-11-23,0.06651781199133337,0.08596042082308579,0.07977467475578887
2021-11-24,0.06666401174126271,0.08350088720570294,0.07642659418916002
2021-11-25,0.06347162731063281,0.08161814464980856,0.07632153085378199
2021-11-26,0.09976110501706038,0.07913172716371386,0.0731466089530081
2021-11-29,0.10813957454198214,0.11652669138340697,0.19541078898445116
2021-11-30,0.12862678712869485,0.12252059671212438,0.19395912459830242
2021-12-01,0.1326436057013081,0.1412390798703495,0.22957714873442575
2021-12-02,0.14234529192617382,0.14365865805899183,0.21492758389150973
2021-12-03,0.1434627957092505,0.1513041681217632,0.2204080305104736
2021-12-06,0.14975961155075254,0.15057956945470197,0.2004032836336468
2021-12-07,0.16722463377433397,0.15300218318381795,0.19581938502637478
2021-12-08,0.1670410619637929,0.16835410906170933,0.23530419480653395
2021-12-09,0.16628495249787884,0.16354895090546778,0.2009348008678789
2021-12-10,0.1692412030264612,0.16073970585042366,0.18013648588435188
2021-12-13,0.17047000865638234,0.16004459112568928,0.17219135895096446
2021-12-14,0.17208883749091522,0.1589793379622945,0.1736216761328446
2021-12-15,0.18024393465813648,0.15645650808220624,0.15951441679265177
2021-12-16,0.1827531619128,0.16323117518180785,0.18610369420214587
2021-12-17,0.18578534630389357,0.1619627767925669,0.17484477849416008
2021-12-20,0.18888923947940242,0.16244740566268456,0.17339710543201037
2021-12-21,0.19971298526478792,0.1628919032047851,0.17234016733545687
2021-12-22,0.2028045906862748,0.1721252046092676,0.2051881116884185
2021-12-23,0.20373281310789806,0.1713069294262393,0.19264164095204628
2021-12-24,0.20373281310789806,0.1678303336120733,0.17237185408623173
2021-12-27,0.19109817664103015,0.16271754554294213,0.14852250207942694
2021-12-28,0.18766260170003984,0.16695628741491808,0.1717451223119397
2021-12-29,0.17136939446388402,0.16190135925039767,0.14816103298816224
2021-12-30,0.1653501616343049,0.1570478992029635,0.12941665070274835
2021-12-31,0.15991884678701454,0.15264356114147604,0.11622162839976842
2022-01-03,0.15552534591964787,0.14831837226579012,0.10564870317199872
2022-01-04,0.15219796256153434,0.1455418153019162,0.10615650058086488
2022-01-05,0.15411242441537062,0.14111404427832824,0.09588929064334956
2022-01-06,0.15388939847814812,0.15621275772595763,0.17906561360773052
2022-01-07,0.15263096150731115,0.1514979726161166,0.15413590734719063
2022-01-10,0.14892841107742869,0.14768815990192652,0.13754557180983562
2022-01-11,0.14896184355621925,0.1432708327234611,0.12094024581421549
2022-01-12,0.14665224051025916,0.14331078716068732,0.13751908942826283
2022-01-13,0.14521517941506706,0.1393410300553221,0.12254943394637059
2022-01-14,0.1419679742822335,0.14547013486050883,0.15549368016830228
2022-01-17,0.1365513729993535,0.1410474977675643,0.13508202537982694
2022-01-18,0.14590661541848762,0.13675062277335923,0.11868311074133706
2022-01-19,0.13563444891418805,0.14968720737523206,0.17793533138749193
2022-01-20,0.13348503264326186,0.15069548509549324,0.1745384393880926
2022-01-21,0.142999964336453,0.1523795253715023,0.1748815985321176
2022-01-24,0.1450165751347503,0.16664227781566238,0.21895565586872429
2022-01-25,0.13375412903830486,0.16240384897276236,0.1897863866703993
2022-01-26,0.13329871746791586,0.16454188002837689,0.19027663954099183
2022-01-27,0.13160036348906154,0.15982805232169256,0.16449333051327136
2022-01-28,0.16641705472039323,0.15614993320112,0.14772975082200487
2022-01-31,0.1822172625616477,0.17893925368329147,0.23495887390278974
2022-02-01,0.18280177873710232,0.18685832142092956,0.2457574862396332
2022-02-02,0.18754045731670244,0.18304855624139815,0.21562217872471268
2022-02-03,0.1931930621539769,0.18140956537193215,0.1996235127385515
2022-02-04,0.19465972647378152,0.19871844435645566,0.25594187751795755
2022-02-07,0.19458204395727713,0.19352620686776562,0.22038743757333137
2022-02-08,0.19774308214621833,0.18804641885211282,0.18965660763166114
2022-02-09,0.20227976106545423,0.18508107425419054,0.17549013385347328
2022-02-10,0.209875432437346,0.18812712428470485,0.1957871092106728
2022-02-11,0.21507211616765598,0.19554414803065306,0.22193140650632356
2022-02-14,0.21481546635228838,0.20479362832592343,0.24752329956860092
2022-02-15,0.2242970992742423,0.1989627007688406,0.21198004749863028
2022-02-16,0.21683510730051112,0.20268414808638213,0.2218505952421803
2022-02-17,0.2261674420695225,0.19655784190217454,0.1894286431851251
2022-02-18,0.22426233558876307,0.20824665979618293,0.23740842190155761
2022-02-21,0.2139655801885893,0.2034766613404434,0.2086069959727819
2022-02-22,0.21617407767437735,0.19727794252687825,0.17834651205126423
2022-02-23,0.22065394098453506,0.19581529565436367,0.17626075691203355
2022-02-24,0.2277049209647733,0.20220421359660912,0.20887591648607762
2022-02-25,0.23977234249129278,0.20446739638302414,0.21493438033862175
2022-02-28,0.22369023311686642,0.2156386538882374,0.2534451137568141
2022-03-01,0.21873839437952808,0.20930662877234746,0.21621226776792357
2022-03-02,0.22805196653223828,0.21152329684001653,0.22176371583309273
2022-03-03,0.2245446631651542,0.21698365458826505,0.23893276069383793
2022-03-04,0.21187926647524433,0.21126671105517142,0.20716342103825505
2022-03-07,0.23197841346849957,0.20727230003574998,0.18882568956131537
2022-03-08,0.2324782556850885,0.23221089714979526,0.28935277526083214
2022-03-09,0.2517835393147951,0.2270734665510321,0.2523910285555022
2022-03-10,0.2440279174527793,0.2430079335990595,0.3014155585577684
2022-03-11,0.24066505425790155,0.23626128975634952,0.2525979089540713
2022-03-14,0.23349777982533357,0.23440597393874416,0.23788426953517566
2022-03-15,0.24822503129736234,0.22904778714849153,0.21087447595244954
2022-03-16,0.25424802187630136,0.23763220481850206,0.250743554273628
2022-03-17,0.2584955773446125,0.2456704655762007,0.27621466854806015
2022-03-18,0.24958519341103388,0.24304335479308165,0.2544911123820588
2022-03-21,0.24817320945376806,0.2394159595187447,0.23317145748864893
2022-03-22,0.2506947740156235,0.23212517454041579,0.19865224114939264
2022-03-23,0.2521783263151436,0.22955510588278416,0.1941162488421938
2022-03-24,0.24560746280756224,0.22819764354502098,0.1962838322412245
2022-03-25,0.24202884329821195,0.22876728081615078,0.2066523429859925
2022-03-28,0.2326233954546456,0.22260551345680113,0.18109165241451
2022-03-29,0.23457028068598276,0.21757680994204368,0.1659506528552159
2022-03-30,0.22769453090019756,0.21629816892570145,0.17415086996593365
2022-03-31,0.22967304359895502,0.21108742191543198,0.15826265574998802
2022-04-01,0.22843113929733402,0.21335920276143613,0.18525123682079428
2022-04-04,0.22639377602860153,0.20715194074422463,0.16093136460192128
2022-04-05,0.20154945464022572,0.2035617722535986,0.1553887499256943
2022-04-06,0.20342821784994206,0.2034561472081324,0.1691615679245051
2022-04-07,0.185716707869522,0.20109153865325735,0.1669256968274522
2022-04-08,0.1849482025410589,0.19594267588418163,0.14992234241977395
2022-04-11,0.19016330826089342,0.19025855575544054,0.1543695001380661
2022-04-12,0.18824377663230918,0.196266011587068,0.19252122398801821
2022-04-13,0.17804974694870437,0.19083366847738317,0.16789116632306322
2022-04-14,0.16930863590542872,0.19024598301394713,0.17142909835041922
2022-04-15,0.16353990189074472,0.19077682882522362,0.1788273913382158
2022-04-18,0.1585292332075916,0.1849649980715599,0.15406954132466982
2022-04-19,0.1687972181723788,0.1793373400346475,0.13404076668216358
2022-04-20,0.1634745758027247,0.18468763014193273,0.17418077328691234
2022-04-21,0.16564086658429114,0.17908452524955462,0.1504063373382571
2022-04-22,0.18056403915618166,0.18324615582623693,0.17809496163159128
2022-04-25,0.18106862723843686,0.20801191204787758,0.2704683308768648
2022-04-26,0.19958513013378484,0.20292391779018404,0.2340098063356988
2022-04-27,0.1921840609802236,0.22752248792763385,0.30831246133509266
2022-04-28,0.2178970783856121,0.22086129572961474,0.26170400736757177
2022-04-29,0.245289888342581,0.23507860600465685,0.29869582324116145
2022-05-02,0.2467053727889642,0.27089816803701205,0.3933716061677931
2022-05-03,0.24449911370872504,0.2636801537715141,0.334899851216006
2022-05-04,0.2696972067530526,0.25626524801384704,0.2851666611288902
2022-05-05,0.29324050695661835,0.2744781520746158,0.3405989983833064
2022-05-06,0.29162489802737757,0.3010329471304823,0.4081625030600181
2022-05-09,0.3076378482610571,0.292789204570995,0.3470776858598504
2022-05-10,0.3057406887717871,0.3107939023275032,0.36449417003255374
2022-05-11,0.30823058706254763,0.3014594588361854,0.3077156571132132
2022-05-12,0.3027474857178884,0.2988349783277126,0.29028298926306295
2022-05-13,0.3181608460677976,0.2897597230671353,0.24573078985594593
2022-05-16,0.31781311972468496,0.2955727080716895,0.2825505625982309
2022-05-17,0.32885259504364756,0.28700420534581195,0.24142140984803812
2022-05-18,0.34565390066130064,0.289305792451783,0.2627532418203109
2022-05-19,0.345112763500124,0.32291613236055106,0.399480502917431
2022-05-20,0.34433823953895787,0.3139887873582066,0.33987135686667974
2022-05-23,0.3440537657274686,0.304428154056757,0.2867216692782715
2022-05-24,0.34269697551630607,0.3038282488637721,0.2849326348480553
2022-05-25,0.33244377569473454,0.29607574247413515,0.248939138070291
2022-05-26,0.3407592509931338,0.2890866105024402,0.22298875106163304
2022-05-27,0.34009195382542523,0.29064616913226765,0.24807208839079392
2022-05-30,0.31351373748524836,0.2971529802791201,0.28738489781819354
2022-05-31,0.31347218846978275,0.28810050341406446,0.24318787429409647
2022-06-01,0.31413134520367725,0.28017934395452393,0.21159740356969867
2022-06-02,0.3025380501157116,0.2734733598253302,0.19219486249737638
2022-06-03,0.2808832423113184,0.27510164461809744,0.2242230205199734
2022-06-06,0.2803520335207238,0.27437216018792276,0.2330002522328181
2022-06-07,0.25550967041922285,0.2662761654824948,0.19980074159399142
2022-06-08,0.25943151502346234,0.2608195755651451,0.21358419960217084
2022-06-09,0.2676276302636453,0.25642181651172663,0.2024931271694124
2022-06-10,0.2877180633595163,0.26564522058008444,0.2597759927339344
2022-06-13,0.3030005760963521,0.28182254046931643,0.3233473799419506
2022-06-14,0.30298796103770637,0.31194950492779183,0.41401881821390946
2022-06-15,0.29761492970182624,0.30267386965015636,0.34937378617849224
2022-06-16,0.28661108463008317,0.2985707786390603,0.3159473625863271
2022-06-17,0.2869661733986926,0.3176830748927605,0.3800975682719534
2022-06-20,0.28690867929687197,0.30811898307614366,0.3207611780371813
2022-06-21,0.29359190130611634,0.2987324375891649,0.270984246974484
2022-06-22,0.2929920920021917,0.3053401331537148,0.30450237624831056
2022-06-23,0.2934643914838728,0.29612233259203286,0.257910854231378
2022-06-24,0.30672755034044763,0.28959610334187125,0.23255703816002984
2022-06-27,0.29195367634102803,0.30601606497037664,0.3201785222956385
2022-06-28,0.29801621513189513,0.2970665390308644,0.2722443578029609
2022-06-29,0.2981389849792582,0.29899456876504016,0.28425445649709996
2022-06-30,0.2981457348733369,0.2899032963601463,0.2408119478055545
2022-07-01,0.2915127125291884,0.2828558005047395,0.21507034986608028
2022-07-04,0.28823362258624247,0.27727333943886184,0.20218844114790438
2022-07-05,0.28794056105269417,0.2688264765192662,0.1730893399225246
2022-07-06,0.28523061646729636,0.2607401863741966,0.1501131212703051
2022-07-07,0.2908981848487744,0.25313675245806333,0.1875522084818823
2022-07-08,0.2800639813435483,0.2521410695766512,0.20067502052906866
2022-07-11,0.2638184765004227,0.24448078309227245,0.171932822273477
2022-07-12,0.22703437088408884,0.24120626202593326,0.1748362795697593
2022-07-13,0.22766057957466768,0.23639844010492966,0.16684927812227457
2022-07-14,0.22262551769112618,0.2301094181469674,0.15034200407607232
2022-07-15,0.19515832883685486,0.2232996286140391,0.13236432895570568
2022-07-18,0.19874463125466885,0.22866181224161936,0.19180105651136772
2022-07-19,0.21599083920362452,0.22402785986872867,0.1775723755796281
2022-07-20,0.20177901814497964,0.24067491130736865,0.26355354407820986
2022-07-21,0.20284777989627778,0.23464685965511828,0.22931666720452062
2022-07-22,0.20559665196417626,0.23088465454804183,0.2116592144819112
2022-07-25,0.17604810034632468,0.2267664030764033,0.19575949069476015
2022-07-26,0.18080207657085698,0.21990886131613413,0.16806863872726333
2022-07-27,0.18435403885771506,0.21817412697991848,0.1739884378361981
2022-07-28,0.18707844294770837,0.23383729600513817,0.25514706253464653
2022-07-29,0.1863180329621793,0.23183659602261644,0.2387140247420464
2022-08-01,0.18640581197503298,0.23171255310049035,0.2341049618583028
2022-08-02,0.18938182660005617,0.22494945914538853,0.20067780106769365
2022-08-03,0.19400301822991367,0.2196100781721277,0.1798814510455801
2022-08-04,0.1946441793723849,0.22132636425093896,0.1990466098295236
2022-08-05,0.19108868495129427,0.2145999578019695,0.1837694600469834
2022-08-08,0.19117555060562072,0.20816631153462165,0.15871377278028373
2022-08-09,0.1857512888210928,0.2018752723304611,0.13808178570542773
2022-08-10,0.18972381742222763,0.19633591265914901,0.12530443082045645
2022-08-11,0.18711160920280145,0.20680401111849786,0.2005044995381608
2022-08-12,0.18943791593759365,0.20050392782640897,0.17181770605463526
2022-08-15,0.18338603711181953,0.2050627585493795,0.2005221146924694
2022-08-16,0.17727622658277298,0.19945771732684733,0.17497912652666475
2022-08-17,0.16492725785491158,0.19353107716906148,0.15178294115854907
2022-08-18,0.16474025552871238,0.18966880413432094,0.14402504546331066
2022-08-19,0.1735043112419867,0.18423667708397182,0.12806398569669314
2022-08-22,0.1878982607599871,0.1862098807174875,0.15690887797315003
2022-08-23,0.18854796972138663,0.1982129009408598,0.21715340936424796
2022-08-24,0.18167257115439214,0.19240522567115376,0.18650199291709885
2022-08-25,0.1670623706509658,0.186957297234769,0.16240430821870686
2022-08-26,0.2052008095812836,0.18928122006024625,0.18026544307489878
2022-08-29,0.199267856443844,0.22717111661847997,0.3172369139448018
2022-08-30,0.20216427051663263,0.2217561774597939,0.27350075038495186
2022-08-31,0.20252134481174225,0.21924317716870048,0.2483601148557414
2022-09-01,0.193718193189605,0.2146292384514259,0.21993476659879976
2022-09-02,0.1958263905000054,0.20844709848312415,0.18945065693853985
2022-09-05,0.19601182004731751,0.20625744494542345,0.20340138033317898
2022-09-06,0.19599474821554208,0.19997401226081732,0.17437579429253808
2022-09-07,0.20825620661096034,0.19443842155420696,0.15364195017046975
2022-09-08,0.19433122715809484,0.20082673749371477,0.19565685277634176
2022-09-09,0.2037179864451811,0.19634987652255462,0.1759547134529533
2022-09-12,0.19781496923341108,0.1995829995701474,0.19584658598262847
2022-09-13,0.2452765868892033,0.19791745248058165,0.18876162899006574
2022-09-14,0.24594004764425906,0.25827005257941166,0.39170209484577545
2022-09-15,0.2470620293867925,0.2508396337538537,0.3320120934272395
2022-09-16,0.24590902502847972,0.24721770143390842,0.2954128743544361
2022-09-19,0.24738242222135384,0.24152911287659903,0.25785665915404266
2022-09-20,0.24112789128426174,0.23608980575375346,0.22787565005637947
2022-09-21,0.24611013402862222,0.23325811861756926,0.21542366396669846
2022-09-22,0.24510719202411935,0.23627770139497667,0.23208226424223613
2022-09-23,0.23887020559819055,0.2314160485370711,0.2092249575136955
2022-09-26,0.2161887687260408,0.2337882954019326,0.22462069987133873
2022-09-27,0.21623417288652882,0.22993919202039104,0.2077401969872604
2022-09-28,0.23033370250681956,0.22315573407707184,0.17911675271707456
2022-09-29,0.2381727951348999,0.2292406146406006,0.2197212985641025
2022-09-30,0.2400496456520022,0.2369311346624673,0.25282503835385495
2022-10-03,0.2614626311762908,0.2375718090710254,0.2487900634906437
2022-10-04,0.2861158961719608,0.2516369290229857,0.2741571591217425
2022-10-05,0.286018838108258,0.2712978353918373,0.3378021518595662
2022-10-06,0.2786133296380831,0.2631891674017373,0.2866806207963214
2022-10-07,0.28975007802900876,0.2583373643926998,0.25728652800381424
2022-10-10,0.2806495884011721,0.2735597743649991,0.3152390806198375
2022-10-11,0.27432451723283413,0.2668952510798916,0.2742322439730717
2022-10-12,0.23689872897028386,0.2599411162291511,0.23865261034052004
2022-10-13,0.2582355939769947,0.2523495361935152,0.2053769252999455
2022-10-14,0.2658255528076112,0.26480028328660743,0.2731307437721117
2022-10-17,0.2840165014831995,0.2719322108078554,0.29673063743424083
2022-10-18,0.2861115014595958,0.281503368271733,0.32366171368147645
2022-10-19,0.2846926318821413,0.2766812152233977,0.2898106769676892
2022-10-20,0.28008410527175526,0.2696739795872408,0.2526165840391556
2022-10-21,0.29229954725470536,0.2635008080944549,0.22555274390378524
2022-10-24,0.28843071904530776,0.2719993476674031,0.27237868713158564
2022-10-25,0.28949180537840813,0.2679199981258936,0.251283146647789
2022-10-26,0.291134711247211,0.26696290104838033,0.24891506482534576
2022-10-27,0.28540782995520464,0.26049530226035283,0.22064260976901298
2022-10-28,0.2833102822759639,0.25341628815358963,0.1935930129103831
2022-10-31,0.2777172415659561,0.26215486563312695,0.2514156267980481
2022-11-01,0.2666679925167041,0.25572695724408445,0.22196572594430963
2022-11-02,0.262377420317925,0.24852222850727212,0.21620173278566743
2022-11-03,0.2645852230636901,0.26043246334204784,0.27511815380627674
2022-11-04,0.26709505435058933,0.25568583817998586,0.2482015165443245
2022-11-07,0.24730228935766022,0.2540481205131096,0.24057112382422488
2022-11-08,0.24486212946852676,0.24907512904847584,0.21899732868569483
2022-11-09,0.2565390623250225,0.2423920115770627,0.19235740561719056
2022-11-10,0.31104065653932206,0.2485579776923782,0.23490040248924565
2022-11-11,0.3020021647244328,0.31835075394256734,0.4729444823962244
2022-11-14,0.2895161400704611,0.3109165773688783,0.406501466113293
2022-11-15,0.2801164835648658,0.3032697104823937,0.35027077053885064
2022-11-16,0.2813936205442501,0.29587967181976604,0.3042509213394119
2022-11-17,0.27990240339441214,0.2884073591332208,0.26537234247235886
2022-11-18,0.2766959034628453,0.27987510194927173,0.22719696219767355
2022-11-21,0.2677222704293624,0.2719201465462612,0.19760060890663508
2022-11-22,0.26830134454425947,0.2640166137520898,0.17233157153317127
2022-11-23,0.2643583048198586,0.26119755553579355,0.18356253326639396
2022-11-24,0.26215810993589683,0.25441572216351055,0.16612113901106254
2022-11-25,0.26082591861044724,0.2466651943484158,0.14407603431836685
2022-11-28,0.2570992757102269,0.23915235695100126,0.1262122023057353
2022-11-29,0.25561733684517557,0.24015534738906397,0.17058451715949993
2022-11-30,0.27474559462955384,0.23293516265118486,0.14835464948414426
2022-12-01,0.25544994556226314,0.25602168675910275,0.24802184775606284
2022-12-02,0.25090487811000656,0.24823873634295002,0.2119527985439904
2022-12-05,0.25980118027276056,0.24071823470199546,0.1822115317912511
2022-12-06,0.2653163653764739,0.24382603352219304,0.214010452355664
2022-12-07,0.2652156865152755,0.24304661142468528,0.2171977801184373
2022-12-08,0.2533096160423072,0.2357354117282182,0.18681049922581555
2022-12-09,0.17545271154931621,0.2305592828126574,0.1728653946984888
2022-12-12,0.1794529170196267,0.22542893892004673,0.16132446608544476
2022-12-13,0.17839228187086995,0.22553747262999013,0.18100983963529713
2022-12-14,0.1777849174795092,0.22062423020699373,0.16766733863842673
2022-12-15,0.19613239114670397,0.21535227429342213,0.15429926471855337
2022-12-16,0.19980851086982196,0.22992993885688873,0.23921522024702657
2022-12-19,0.20026586826251777,0.22765848399116806,0.22546497824584583
2022-12-20,0.20042029096011377,0.22319313897035994,0.20477415891985037
2022-12-21,0.2018591555597027,0.2164591175320427,0.17638725432426897
2022-12-22,0.2045658233327507,0.21765536162171215,0.1932733884106845
2022-12-23,0.20637814930910223,0.21829623091751857,0.2022478801725658
2022-12-26,0.20640585670642117,0.21281790774956805,0.17988976495857384
2022-12-27,0.20026259358021856,0.20633461693901348,0.15556537804030732
2022-12-28,0.20382510015776004,0.2006378875759623,0.13930231319660993
2022-12-29,0.18067250904043453,0.20051179421509827,0.1580362344276502
2022-12-30,0.1805319834342217,0.2064097913214629,0.1927451492836656
2023-01-02,0.18070807088379695,0.20038434976785566,0.16759159108730895
2023-01-03,0.171964787568109,0.19427983522222045,0.145608045011085
2023-01-04,0.16889338738484647,0.18907423326892084,0.13203664637516266
2023-01-05,0.17274620079425557,0.18573736514725211,0.1318104363316641
2023-01-06,0.18966677410610105,0.1855284081083053,0.14809652514502686
2023-01-09,0.18808317038164712,0.20032032772856007,0.22224765381139502
2023-01-10,0.1824691269486873,0.19423027565753836,0.1907139516376387
2023-01-11,0.18615566237133407,0.1902636746799113,0.17374209879731034
2023-01-12,0.1854216432815951,0.1908318210937472,0.1808384484913803
2023-01-13,0.16249004658422028,0.18555717554206108,0.15912321020020304
2023-01-16,0.1554189692289154,0.18053327431113717,0.14207154604841918
2023-01-17,0.15147411811494033,0.1750335034943033,0.12483104395393532
2023-01-18,0.16394906467478898,0.1698509869485625,0.11191071605337025
2023-01-19,0.15885874448247167,0.1759191584480259,0.1618042446633569
2023-01-20,0.16135535004840076,0.17290998589721746,0.1524085156750903
2023-01-23,0.16462183195727062,0.18235966743030046,0.19831915663813185
2023-01-24,0.1648407653012238,0.18278579308979262,0.19547000894853972
2023-01-25,0.1635147665342975,0.17726658459221312,0.1687346909658492
2023-01-26,0.15677537260037278,0.1718725078966015,0.14657405943851534
2023-01-27,0.14775439343175661,0.17197137110541094,0.15516385796091856
2023-01-30,0.15610367331630706,0.16697111076719737,0.1468978855026093
2023-01-31,0.16159332127213347,0.1691657101098568,0.16322327745928675
2023-02-01,0.16150115775330284,0.1735551392339486,0.18337759928010763
2023-02-02,0.16530818864864644,0.17321637368047518,0.1794918946930777
2023-02-03,0.16439702956326296,0.17709234505368684,0.1932188101027041
2023-02-06,0.15298769663153147,0.17665372610580415,0.1871084449368937
2023-02-07,0.15662332864016065,0.1729229916076649,0.16889719111381654
2023-02-08,0.16344460406586717,0.17510312115612064,0.17939520417750424
2023-02-09,0.16336046047394623,0.17506942426815417,0.17822479097104965
2023-02-10,0.16319548737541748,0.17307980815670979,0.16918872007507554
2023-02-13,0.16693078804040914,0.16805173474303325,0.14816772845619447
2023-02-14,0.16699683275668356,0.16913390829129896,0.1595155753875259
2023-02-15,0.16658388800622687,0.16399117404201854,0.13914158888753944
2023-02-16,0.16395290791518707,0.15949437780163783,0.1252063544486996
2023-02-17,0.1613405457234839,0.1637639581030384,0.15654576350480826
2023-02-20,0.15023430515819286,0.15907269845779404,0.1381050509046929
2023-02-21,0.16255859312014473,0.15422670323574192,0.12169414875663358
2023-02-22,0.162583094239004,0.16902055109925262,0.19405276419551581
2023-02-23,0.16369526701629636,0.16395921397766478,0.167816434836485
2023-02-24,0.16273454722920538,0.16029733498941123,0.15184150215988831
2023-02-27,0.16306076421889884,0.16092716495839554,0.15784658532003154
2023-02-28,0.15785128947938995,0.15658387752549127,0.1522291395426701
2023-03-01,0.14823683878975144,0.15249502362037798,0.13644601193534708
2023-03-02,0.14566422737946957,0.1486026903445414,0.12422736692444453
2023-03-03,0.14775326480264817,0.14719117577613305,0.12647507393859297
2023-03-06,0.1440118942141628,0.15554081722287907,0.16883398461113164
2023-03-07,0.15167324175780592,0.1508264620365571,0.14694341963309926
2023-03-08,0.14297995611111425,0.1580876787901008,0.17773032035343436
2023-03-09,0.15129046042709063,0.15340282803010472,0.15469061589647082
2023-03-10,0.15569876908935565,0.16542047523181866,0.2000901678018262
2023-03-13,0.15475752578595095,0.170047796499972,0.20744582240121054
2023-03-14,0.16103204066187785,0.16496070590003523,0.17904657357321208
2023-03-15,0.16136397227971042,0.17217266814077137,0.2023540111934926
2023-03-16,0.17489147728444868,0.16870086616062094,0.18140737263841544
2023-03-17,0.17325317013760927,0.17699271323519078,0.20897009501455607
2023-03-20,0.17780050885345963,0.1775906185046417,0.202619656431557
2023-03-21,0.18472657594577765,0.17615565244435857,0.19041731653801222
2023-03-22,0.1809168147571784,0.17816262326579826,0.19432651907845877
2023-03-23,0.181263617492946,0.18522155913511296,0.21610078517081666
2023-03-24,0.18180881902085372,0.17988552814024736,0.18709077106905944
2023-03-27,0.177984847902876,0.17625017250883862,0.16994448581828633
2023-03-28,0.1777783394050552,0.1710352180704092,0.1484909046311447
2023-03-29,0.18409995586330252,0.16605493143619643,0.15630120344465054
2023-03-30,0.1840852943844655,0.1704942804747133,0.17805812674874827
2023-03-31,0.18809352431581353,0.166851902569614,0.16121115066336708
2023-04-03,0.18098631059949455,0.1706784765320325,0.17901045289199655
2023-04-04,0.18239979046536892,0.16613851424846152,0.15812307227446365
2023-04-05,0.17330116255679223,0.16252364932895264,0.14494391172640522
2023-04-06,0.1735352733470515,0.15790195365208978,0.12903031080522973
2023-04-07,0.1577457732322783,0.15383834390707735,0.11855501800644364
2023-04-10,0.14558996187312254,0.14915180821132495,0.10608624534408913
2023-04-11,0.14505525250466803,0.14466304795361548,0.09654332276955363
2023-04-12,0.1386102085149272,0.1402599178282937,0.08876253101250262
2023-04-13,0.1401452022768187,0.1369113229727673,0.088825437498594
2023-04-14,0.131126287485368,0.1423120004025136,0.1332661787577461
2023-04-17,0.12106468579680398,0.13830399224319656,0.11947248062454148
2023-04-18,0.11873574234785243,0.134812078852219,0.11051624245456813
2023-04-19,0.11248689832659603,0.13072976143149895,0.09983160372989733
2023-04-20,0.09325494852110702,0.12674891213810413,0.09130739841327823
2023-04-21,0.09339990851747075,0.12471621634167714,0.0951202961274152
2023-04-24,0.0921515797672136,0.12095457269930664,0.08784846081261487
2023-04-25,0.11125663862069411,0.11733986686150265,0.0824488579082981
2023-04-26,0.11223321103619022,0.1296679400079646,0.14869932666507105
2023-04-27,0.12129758833061918,0.1267965705831132,0.1278767219301878
2023-04-28,0.12289307522780671,0.14487269497921762,0.19271793133589551
2023-05-01,0.11423481668868883,0.1442946346779112,0.17960874053602324
2023-05-02,0.12086785393882196,0.13995397907962515,0.15598515251176362
2023-05-03,0.12171810778348306,0.14263057035792936,0.16300953382239625
2023-05-04,0.12387359332500769,0.1408552674298248,0.15219744399851182
2023-05-05,0.13918840961880596,0.13933319826114712,0.14464374679760678
2023-05-08,0.13918185167018576,0.1527627650565168,0.19275524039579806
2023-05-09,0.14014377948283924,0.1481126250132658,0.16664051299380997
2023-05-10,0.14101284343907944,0.1446138845824811,0.14921426745617886
2023-05-11,0.14031452700457742,0.14137515525885436,0.13595413019295075
2023-05-12,0.13252495237070663,0.13723622027110655,0.12090115838758224
2023-05-15,0.1328470960812787,0.133153101703358,0.10850049108372113
2023-05-16,0.1341869223930877,0.12978954314446167,0.10184727294015872
2023-05-17,0.140995003787276,0.128508253489514,0.10694519579555893
2023-05-18,0.14474612061754347,0.13313422477617562,0.13591716558933156
2023-05-19,0.14329097552332687,0.1343539161684287,0.14195936238961554
2023-05-22,0.14329660837424255,0.1303839553122118,0.1255050757007828
2023-05-23,0.14922698845749538,0.126421790013381,0.11173979454371454
2023-05-24,0.1400930586086692,0.1301903974617113,0.13448909132260073
2023-05-25,0.14158797727721945,0.1293519868198108,0.1320658678138258
2023-05-26,0.13196792525997175,0.1298158588069627,0.13521670444310627
2023-05-29,0.12902930320904182,0.13544184313093277,0.15687818463990696
2023-05-30,0.1289187092498093,0.131315738959433,0.13712861886206185
2023-05-31,0.12370597076552632,0.12732394468113042,0.12110333743026472
2023-06-01,0.1238545290131011,0.1253244138475109,0.11674544370642063
2023-06-02,0.1271513308305259,0.12694808352652265,0.12859719603382008
2023-06-05,0.11427387499313958,0.1351509084279451,0.1609149355370066
2023-06-06,0.11417579648984581,0.13124573417030974,0.1412442691183225
2023-06-07,0.11359012128026084,0.12752819165435778,0.12557977454560967
2023-06-08,0.11412581679729485,0.1243745672110218,0.1150571825798006
2023-06-09,0.11338031016650899,0.12284421697544955,0.11379422342259125
2023-06-12,0.11520853988539914,0.11930573049475765,0.10332183635203157
2023-06-13,0.11603682031950638,0.1208842801917359,0.11805633484603294
2023-06-14,0.11113487863011778,0.11995469948036086,0.11778663113508671
2023-06-15,0.11139991618954792,0.11639244694344225,0.10594183454120153
2023-06-16,0.11087306271843769,0.12259607850012641,0.13678522782612992
2023-06-19,0.11034500770460198,0.11959937714388773,0.12375668250384418
2023-06-20,0.1133485632993882,0.11595589830799267,0.1102963728584609
2023-06-21,0.1058686834241619,0.11422850651868938,0.10771525963348308
2023-06-22,0.09972588814171651,0.11253550335681836,0.10563519206116391
2023-06-23,0.10399850271318764,0.11000306426884038,0.10002911227610631
2023-06-26,0.09866505424612972,0.1106586684551106,0.11101665919048166
2023-06-27,0.10373981964910209,0.10846232603000956,0.10522969454335758
2023-06-28,0.10371684157884244,0.11338360186564518,0.12857937085447205
2023-06-29,0.10017472602754819,0.10994696093291789,0.11425030256892281
2023-06-30,0.10246942813182754,0.1076893597867447,0.1073014817469197
2023-07-03,0.0930581649563287,0.11393948269792085,0.13421419406723592
2023-07-04,0.09229798857806423,0.11055886195181526,0.11907015397752682
2023-07-05,0.09308052806640106,0.10719079362853746,0.1065576206469295
2023-07-06,0.09737782186114069,0.10408634739520521,0.09733945115097495
2023-07-07,0.09700414258291941,0.10544367467152603,0.10880681804401604
2023-07-10,0.09709312406777311,0.10270291916887285,0.10040349168347601
2023-07-11,0.09480036058407303,0.10005818016897486,0.09393930829510627
2023-07-12,0.0959703482726586,0.10010144981325601,0.10018286026316815
2023-07-13,0.0987526832202072,0.10193174153435475,0.11131343370031972
2023-07-14,0.09074657429283256,0.1034971173847453,0.11817691590478932
2023-07-17,0.08976093254418523,0.1003734234214888,0.10595870886583346
2023-07-18,0.09212822932011883,0.09824449109687108,0.09996802546031627
2023-07-19,0.08878120721620299,0.09950665656003838,0.10851041439768241
2023-07-20,0.09044442145445111,0.09686114471526974,0.09972071303049054
2023-07-21,0.09042621771993392,0.0974120861135624,0.10529009253989582
2023-07-24,0.0842897424187234,0.09444452154432427,0.09563093885826644
2023-07-25,0.08106806300552985,0.09319319789200309,0.09790001364065316
2023-07-26,0.0755204172054911,0.09097398517489713,0.09236216881123799
2023-07-27,0.08123745945306203,0.08820457405056238,0.08554184874215326
2023-07-28,0.08560248044944926,0.08934372731503232,0.09589204258970231
2023-07-31,0.07795561719659387,0.09454418948106673,0.1169773777919237
2023-08-01,0.07943190434857317,0.09196190954224616,0.10594825324566115
2023-08-02,0.09559397499878522,0.08985402962837757,0.09875336521838045
2023-08-03,0.0961064694844689,0.10274447255743897,0.14272793241089116
2023-08-04,0.09305303409656812,0.10023762592062062,0.1276461314693188
2023-08-07,0.09611095557233058,0.09876945212970319,0.11892042710023264
2023-08-08,0.09794730991991987,0.10154833691492221,0.12655741414027852
2023-08-09,0.09935369310510374,0.09990260226321758,0.11767643277025855
2023-08-10,0.0953756057646387,0.10030963162922224,0.11794450015131182
2023-08-11,0.09092612817640049,0.0972638115707534,0.1056923937706568
2023-08-14,0.09319966462841776,0.09432801951972111,0.0960458301168134
2023-08-15,0.10039366866199075,0.0939258924542253,0.0984543795236887
2023-08-16,0.09811033307155462,0.10182654365884324,0.12911272833454587
2023-08-17,0.09928031599534111,0.10279460968363938,0.12846505534384314
2023-08-18,0.09815324068659685,0.1040066625829074,0.12902947644808896
2023-08-21,0.10204618525540955,0.10085556325892252,0.1146071147409087
2023-08-22,0.09988551238239199,0.10098251363202836,0.11497336580856694
2023-08-23,0.10838797575923,0.09847265441410029,0.11312613866872052
2023-08-24,0.11668159057630241,0.10473809956383416,0.13399629816036
2023-08-25,0.1193802136942521,0.11513839464669921,0.16155549638966632
2023-08-28,0.11591742014466677,0.11492447170195123,0.15149797901267728
2023-08-29,0.12792059396677916,0.11410236826336947,0.1418342635818319
2023-08-30,0.12885341947931023,0.12390450710805943,0.1683425328457455
2023-08-31,0.11935115665778626,0.12118847697892184,0.15016827197132385
2023-09-01,0.11903131645412332,0.11763451937279748,0.1322664250393296
2023-09-04,0.11776596188347674,0.11428087169811767,0.11813499518996463
2023-09-05,0.11490965782710387,0.11079941596378898,0.105865708515206
2023-09-06,0.11629876230315937,0.10873620279768267,0.10197104645599682
2023-09-07,0.11443044359536575,0.10863735948222884,0.10709712848218683
2023-09-08,0.11455666908190817,0.1060042899262829,0.10005624207573274
2023-09-11,0.1167787356261381,0.102941432562383,0.09231888548389039
2023-09-12,0.11681929125582725,0.10300877380936677,0.09985352210453448
2023-09-13,0.10912229380427063,0.10213539517334352,0.10110633100873015
2023-09-14,0.10883206930155309,0.09912755414833688,0.09283334812201552
2023-09-15,0.11434954848326397,0.10174061386989931,0.10925804726470106
2023-09-18,0.11434488611096888,0.10932370235567758,0.13724547227745246
2023-09-19,0.11295025296689257,0.10601777370039708,0.1213405543716089
2023-09-20,0.11748047684649428,0.10310451233503252,0.10965120485727767
2023-09-21,0.12429162184626304,0.10621873213913113,0.12037229038685497
2023-09-22,0.11532742822841967,0.12167750195807749,0.16947764326124165
2023-09-25,0.11338860550057835,0.11829501219481522,0.14865996886334465
2023-09-26,0.12035463281227173,0.1158462174777406,0.1346462268703856
2023-09-27,0.10575201741961097,0.1262028102863591,0.1664585334170027
2023-09-28,0.10718576515421208,0.12236800267945848,0.14515736835467458
2023-09-29,0.10714673197368037,0.12075074453564114,0.13552581556605472
2023-10-02,0.10631892115756453,0.11745280397024613,0.12138484570153338
2023-10-03,0.11251953194485491,0.1138852268635038,0.1085258535229899
2023-10-04,0.11790475288770612,0.12221983530836153,0.1443972149791426
2023-10-05,0.11708464484458678,0.12180880124499571,0.13926692550367092
2023-10-06,0.12664995827830441,0.11810710199146972,0.12294426213061337
2023-10-09,0.12920882630204192,0.12336412892295323,0.14363873156306434
2023-10-10,0.12825122940001424,0.12215310798367279,0.13602937307078533
2023-10-11,0.12862574866381052,0.12013975340825359,0.12700404769319254
2023-10-12,0.12963836418637173,0.11755944737921961,0.11746647527195257
2023-10-13,0.12514979939830004,0.11643208708580582,0.11577514214030145
2023-10-16,0.12629097414750123,0.11454262906239986,0.11114274502751588
2023-10-17,0.12622289861931066,0.11827568071374844,0.1296834278921332
2023-10-18,0.13353911715055236,0.11467266588299568,0.11515443244315052
2023-10-19,0.1332416137040315,0.12280731316432823,0.147680832295794
2023-10-20,0.1277270519623617,0.1239129002193742,0.1402770710107032
2023-10-23,0.12768294801714722,0.12940073975154742,0.15722934373397207
2023-10-24,0.1299171067983096,0.12563989378813256,0.13828733268408017
2023-10-25,0.12945974543003042,0.12526491638393616,0.13562299977216374
2023-10-26,0.13490161535246215,0.13382681559300386,0.16507622529995808
2023-10-27,0.13256933190003695,0.13794687256202132,0.17226198256746889
2023-10-30,0.14102313378867648,0.13490617523644363,0.15413854808714353
2023-10-31,0.14345105647786197,0.13872070102955103,0.16411202326198415
2023-11-01,0.14135961192683857,0.13668023488035594,0.15143968478432743
2023-11-02,0.15408306065215902,0.13878794762327173,0.15676649141865098
2023-11-03,0.15672752767643341,0.1534764483517633,0.20245896540752625
2023-11-06,0.15195752525367193,0.15293417328907374,0.18887488845314782
2023-11-07,0.15077322110686595,0.14854413426213442,0.16466867674171887
2023-11-08,0.14981643528870353,0.14444224531279642,0.14543689365358864
2023-11-09,0.15169202587237451,0.14007088682152882,0.12811046210045704
2023-11-10,0.15946215064898459,0.13917438818769892,0.12942150767743996
2023-11-13,0.15823601491351408,0.1477586721222281,0.16722582192754484
2023-11-14,0.16749677069938493,0.14330533899613834,0.14601276372408273
2023-11-15,0.16743449931137552,0.15775515253558914,0.19798792385639236
2023-11-16,0.15847850260091756,0.15317020704049053,0.17202862262642085
2023-11-17,0.15343773097052701,0.14858007730405998,0.15007964847729696
2023-11-20,0.14415845388957327,0.14413477984451287,0.14257452990775915
2023-11-21,0.14437504131635337,0.14288961160722713,0.13930329323906707
2023-11-22,0.14367380620111384,0.13879616134575518,0.124208038083769
2023-11-23,0.12901008362852973,0.1353995282288454,0.11485939615640851
2023-11-24,0.11583534031683704,0.1312747131397295,0.1033340391605477
2023-11-27,0.11344565844611135,0.12729803595609093,0.09432298989124413
2023-11-28,0.1111584738921038,0.12361891586250676,0.08828975012613267
2023-11-29,0.11222893420410442,0.11991474844729465,0.08285698209419588
2023-11-30,0.10960955890777253,0.11629385619674766,0.07853940976406615
2023-12-01,0.09494882045360685,0.11378182759254622,0.08115235827116557
2023-12-04,0.09642824147316319,0.11267469105218045,0.08984663464130414
2023-12-05,0.09683209132907597,0.11114270390736589,0.09329535709800943
2023-12-06,0.09919033555902909,0.10775957805215793,0.08636971546845988
2023-12-07,0.10100491142201971,0.10564998014654686,0.08697722709787739
2023-12-08,0.09429633015169521,0.10661068752073014,0.10092412782203604
2023-12-11,0.0824687025979392,0.10470034665542402,0.09823321682637082
2023-12-12,0.08197386301858407,0.10262693832156261,0.09518734848309734
2023-12-13,0.06901563043057965,0.10106587589156212,0.09480177894496487
2023-12-14,0.06909072408399358,0.11152401067188289,0.1384588640370039
2023-12-15,0.07036254185033007,0.10884208600949942,0.12488913286839097
2023-12-18,0.07125680688254468,0.10572064984751565,0.11211522862712074
2023-12-19,0.06996021833686981,0.10479492760304408,0.10618884860343988
2023-12-20,0.08881354072649383,0.10430128847143438,0.10750058671220768
2023-12-21,0.09251533691040092,0.1147614166497248,0.14667095480452386
2023-12-22,0.09222727623629397,0.11716045616378046,0.14869042256720225
2023-12-25,0.09237686740579305,0.11385921789495435,0.13146978579642588
2023-12-26,0.09154271303966692,0.1103906074341094,0.11655199734158038
2023-12-27,0.09143224413269954,0.10827460708705482,0.10970110854038799
2023-12-28,0.09104568944357254,0.10521084264283427,0.10015258059107682
2023-12-29,0.09270639356086506,0.10201627289415183,0.09167619867112023
2024-01-01,0.0919304873490014,0.0995488534963102,0.0880438645037624
2024-01-02,0.09227752043636604,0.09651619438459041,0.08225364432851126
2024-01-03,0.09844931128338907,0.09608665597401103,0.08947239378111037
2024-01-04,0.09791832703701576,0.09846542922167024,0.10535620807429417
2024-01-05,0.09536064393709023,0.0962865650236064,0.0990126101074056
2024-01-08,0.10506487212265812,0.09350488036220823,0.09137288512438897
2024-01-09,0.10529086782732804,0.10609728600690571,0.1400060579350083
2024-01-10,0.1057652351763162,0.10303436879933235,0.12403359779339324
2024-01-11,0.09603875667567095,0.10227407513938132,0.119119254115508
2024-01-12,0.09563350343889589,0.09917320579149073,0.10668909183483824
2024-01-15,0.09530194199000812,0.09618970016008511,0.09691463314768124
2024-01-16,0.09475178167467839,0.09325937439139217,0.08910264017629953
2024-01-17,0.09440537757683432,0.0915424369227832,0.09604044688953157
2024-01-18,0.0853335153678441,0.09136203353944417,0.09865463515237873
2024-01-19,0.08959186259326869,0.09503344614476116,0.11404884935207651
2024-01-22,0.08960781941949164,0.10397251674081724,0.14132071202307514
2024-01-23,0.08977618238894455,0.101139073421832,0.12566736551933896
2024-01-24,0.08906652499535495,0.0987096451939407,0.11422283375365862
2024-01-25,0.09036919364458595,0.095796818614827,0.10311508926671747
2024-01-26,0.09072375458504636,0.09524318005902953,0.10315120737259603
2024-01-29,0.09247274488148227,0.09247392010333673,0.09452680918076312
2024-01-30,0.09267716385045296,0.09475849878930463,0.10696846967685197
2024-01-31,0.10932376695577505,0.09192102238498957,0.0971961064665475
2024-02-01,0.11144634673185048,0.10970415846786502,0.15693692884789323
2024-02-02,0.11339226172125179,0.117768812713012,0.17103511237200505
2024-02-05,0.11543723925891285,0.1212249572736915,0.17002759788734084
2024-02-06,0.10732091143137902,0.11838473217890662,0.15078640566832943
2024-02-07,0.10875768814998574,0.11533054661057254,0.13421946216788297
2024-02-08,0.10828051160230885,0.11638779527740405,0.13549820153583775
2024-02-09,0.10855958136303215,0.11285522151457947,0.11989896265062368
2024-02-12,0.10885700217229666,0.11168808182628474,0.11641897460036059
2024-02-13,0.12241524410823243,0.10829906245640997,0.10456504795853581
2024-02-14,0.12329503863969116,0.11803917172348109,0.14448750015807893
2024-02-15,0.12077721583296397,0.11972772342660544,0.138961623241319
2024-02-16,0.1217065674770564,0.119119753791831,0.134011260127905
2024-02-19,0.1161371063408497,0.11711105333178272,0.12498223925732724
2024-02-20,0.11874069279649009,0.11354337886345851,0.11143201472781832
2024-02-21,0.11859936708100348,0.11215790098963335,0.10949029564701863
2024-02-22,0.1361134441248045,0.10879809711205721,0.0993147878117416
2024-02-23,0.1356531558063473,0.13217875357524272,0.18439107227216167
2024-02-26,0.13660951782815975,0.12818009734189337,0.16006714737679215
2024-02-27,0.13479804445944768,0.1250915724262916,0.14286766390952188
2024-02-28,0.13492771091933245,0.12149532173637084,0.1267370996140259
2024-02-29,0.11821559513504158,0.11790627422572342,0.11331771723118929
2024-03-01,0.11471699667874026,0.11516279905373127,0.10589373703835198
2024-03-04,0.11120611041560216,0.11741807982548558,0.12086430754627246
2024-03-05,0.11713072675924921,0.11391748068109521,0.10845236250264313
2024-03-06,0.11771625569915256,0.11714963993062412,0.12582862783617227
2024-03-07,0.11898092272175434,0.1152687477165845,0.1188892459964132
2024-03-08,0.12182570905442845,0.11817291647816781,0.13164290558095826
2024-03-11,0.12090068246739626,0.11694001713025688,0.12594909450259936
2024-03-12,0.12536549548353385,0.11342688550287922,0.1124115301236055
2024-03-13,0.11302582585313788,0.11757889122571681,0.13150226627904896
2024-03-14,0.11087640538180228,0.11416001780861745,0.11733124105192175
2024-03-15,0.11276688938522596,0.11094938511487536,0.11321710718053497
2024-03-18,0.11193782762607714,0.11085594162882018,0.11536939057363836
2024-03-19,0.11270568207876454,0.10992096073140725,0.11362696047381217
2024-03-20,0.11241694362714721,0.10872898902891252,0.11115970506482167
2024-03-21,0.11233007953176825,0.11132982975223876,0.12348152548806281
2024-03-22,0.09206632800305957,0.10869789541262695,0.11326212546166506
2024-03-25,0.09318213916153918,0.10564445495663745,0.10318553391060153
2024-03-26,0.09217855440314904,0.1029894906242094,0.09657815722394889
2024-03-27,0.0953451939344147,0.10011046986627802,0.09011926620740741
2024-03-28,0.09498072346418661,0.10237059548396685,0.10634578829847907
2024-03-29,0.09489669701937926,0.09925475511984908,0.09664058823731918
2024-04-01,0.09109175337210643,0.09623105542945652,0.08900640634096918
2024-04-02,0.09440964573722074,0.09354491359243503,0.08419451284550035
2024-04-03,0.0858577631176195,0.09402507126964822,0.09370788534904688
2024-04-04,0.09659150093655156,0.09126055916345813,0.08714638850237341
2024-04-05,0.09723888466918613,0.1005446628355074,0.12588548538098077
2024-04-08,0.09432319672443724,0.10552596809911749,0.1384532293652264
2024-04-09,0.09413587262201475,0.10233433232086457,0.12248206720373021
2024-04-10,0.09435309175156345,0.09931861035703177,0.10986694416494808
2024-04-11,0.09775829281315224,0.10394073461264366,0.12667823591518773
2024-04-12,0.10934700132136023,0.10492945610293274,0.12720270672335007
2024-04-15,0.11536081368553822,0.11519784035720455,0.13983404005540281
2024-04-16,0.1130174698293499,0.12197373761416039,0.15789566620451098
2024-04-17,0.11179462917792635,0.11847076075441186,0.13900645775760928
2024-04-18,0.10489943844949876,0.11715770637483859,0.13128821308902813
2024-04-19,0.10560604387017937,0.11387066681659913,0.11769648899961561
2024-04-22,0.11313094191211022,0.11554467485444071,0.12586086055396328
2024-04-23,0.12273626367001071,0.11755910954817596,0.13306380949848576
2024-04-24,0.12275277319267462,0.12286201029430768,0.14966691843133606
2024-04-25,0.1178858091676816,0.11913343924089506,0.13159098699123498
2024-04-26,0.12411286361413125,0.11644847704008157,0.12055289373735371
2024-04-29,0.12520307688262416,0.11870541925923998,0.13062714180768276
2024-04-30,0.1352734141967185,0.11590717236057771,0.11929130448003865
2024-05-01,0.1343933342616569,0.12838877231550422,0.16417149855882743
2024-05-02,0.13948335973932005,0.1251182969288224,0.14565459950584922
2024-05-03,0.14118463388600785,0.1265931046872637,0.14739777035633783
2024-05-06,0.14107333824808682,0.13175307216846344,0.16141204133446324
2024-05-07,0.14112136813682447,0.13384058242917754,0.16232642496178232
2024-05-08,0.1410459662755924,0.12983411115939633,0.1421723099849443
2024-05-09,0.13770178191642052,0.12587940150616,0.12542842876468518
2024-05-10,0.13540518678370353,0.12407251872802558,0.12051037000450542
2024-05-13,0.12526140351022494,0.12039686742813563,0.1083796114561566
2024-05-14,0.1156390117886268,0.11673025983978703,0.1139990697806357
2024-05-15,0.1204027725613481,0.1145655341888809,0.10874012381310888
2024-05-16,0.1177325940106478,0.12094570489581989,0.13747909842104747
2024-05-17,0.11660480437637681,0.11753442025554671,0.12269298303017413
2024-05-20,0.10905702725246409,0.11409069103891724,0.11025846521047457
2024-05-21,0.10692124137175775,0.11070557849721892,0.10015270232000408
2024-05-22,0.1036131200801424,0.10775489406580836,0.09373473709291862
2024-05-23,0.10847186054241184,0.10507226620119482,0.08962370194930992
2024-05-24,0.10756045814624886,0.10578465027473785,0.10122714284526324
2024-05-27,0.10471042295569072,0.10571916940117466,0.10590645829722026
2024-05-28,0.10462837973353105,0.10249853760977183,0.09630219992466675
2024-05-29,0.08888775365576321,0.0994131426909572,0.08892768648029141
2024-05-30,0.09225293261600474,0.10018311679048242,0.09946336097067493
2024-05-31,0.09201605804780336,0.10051974931482585,0.10493195274499384
2024-06-03,0.08415033281051763,0.10363824973705835,0.1188014863949694
2024-06-04,0.0778841244973392,0.10053100619232341,0.10675533719351943
2024-06-05,0.08631255087330712,0.0975651793734975,0.09736302306392312
2024-06-06,0.08633857730672538,0.10515954002988023,0.12843496240103802
2024-06-07,0.08547239028619323,0.10195598289313061,0.11431514259367034
2024-06-10,0.08570875986324512,0.09896310468656126,0.10341471734429343
2024-06-11,0.08566854768588684,0.09669538415463645,0.09734889713358413
2024-06-12,0.08819971739934483,0.09421500503720188,0.09703235315069862
2024-06-13,0.07922957471944732,0.09672376707406326,0.10968578022409357
2024-06-14,0.07841296786830423,0.09410274960030106,0.10050817368884617
2024-06-17,0.08175757959705218,0.09126664693812309,0.09215560468858072
2024-06-18,0.08181093263491063,0.09370196231394631,0.10546029104344541
2024-06-19,0.08194076571449392,0.09138167410381043,0.09794648623950304
2024-06-20,0.08183237170116324,0.08859782017800504,0.09002693333825834
2024-06-21,0.07610030984320255,0.08654769161779821,0.08650643772258106
2024-06-24,0.07593700261970333,0.08407302793375553,0.08183652204418619
2024-06-25,0.07625214015918604,0.08248918020242961,0.08164282658421936
2024-06-26,0.07620152833026221,0.08136039515505458,0.08303852427758301
2024-06-27,0.06954572953862032,0.07903083820957095,0.07911958870423666
2024-06-28,0.06585136234252308,0.07686766895166426,0.07654552008477479
2024-07-01,0.060764885558429814,0.07608671234579453,0.07976807429245972
2024-07-02,0.06301049104487409,0.07420075672303054,0.07771144834470994
2024-07-03,0.06345971655948428,0.07652195905094991,0.09097353891948967
2024-07-04,0.053254321747360764,0.07618422670854685,0.09142972175580608
2024-07-05,0.05473830935308406,0.07386334825357234,0.08495786374580275
2024-07-08,0.05364263941026269,0.07502211928016521,0.09165531958021014
2024-07-09,0.05361003281726982,0.07287478982697843,0.08560457330486562
2024-07-10,0.060256779618296286,0.07075575678193415,0.08083250206899731
2024-07-11,0.06726554396475681,0.07856170656885565,0.09649335413725527
2024-07-12,0.06930331895992797,0.08327975456117637,0.11154391153019928
2024-07-15,0.06928682824417896,0.08436313085833891,0.11197617142532479
2024-07-16,0.06735542435547899,0.08248724921669641,0.10327252802165116
2024-07-17,0.08662737189157566,0.0832134330070477,0.10480432232452297
2024-07-18,0.09159609542375274,0.09758919281287443,0.14559700065692613
2024-07-19,0.09432741981834597,0.09925781162826007,0.14157967223796264
2024-07-22,0.10012280881371109,0.09966033276771798,0.13526714227108028
2024-07-23,0.09941340899587946,0.10453256995887103,0.1439966088772853
2024-07-24,0.12858821060702547,0.10153177956175558,0.12746366036098317
2024-07-25,0.12954755492038564,0.13279859364974103,0.21162463368969722
2024-07-26,0.1356826059905379,0.130345591890833,0.18718336467338326
2024-07-29,0.1350005812843842,0.13358955473208578,0.184143947441379
2024-07-30,0.1359226101839904,0.12954004833291458,0.15995450494197347
2024-07-31,0.14560253495940134,0.1271374365111384,0.14543029264424295
2024-08-01,0.15289392319570974,0.13829318224316026,0.1793999093369254
2024-08-02,0.1651268391897503,0.14509642602900966,0.19151487102038894
2024-08-05,0.18883579527981495,0.15852567982193097,0.22137130426704563
2024-08-06,0.19322102650779366,0.19191401600061123,0.2991082801929335
2024-08-07,0.19309830652432658,0.18945865335183337,0.26571400213919333
2024-08-08,0.20886625648256876,0.18552885867803165,0.2338073609658546
2024-08-09,0.20905108977935835,0.2006318473909572,0.24934037174660237
2024-08-12,0.20709794751780186,0.1952707281869484,0.2165706229296641
2024-08-13,0.21640843439495616,0.18933301228757987,0.18654859289315587
2024-08-14,0.2153959789097722,0.1942145780781262,0.2061951109440915
2024-08-15,0.21991761354574405,0.18869590282343976,0.17959793073322425
2024-08-16,0.2184053453439387,0.19451711236462688,0.20517525746431284
2024-08-19,0.2192432920064186,0.18879229695232533,0.17791278732937726
2024-08-20,0.21671138143648,0.18674357398857572,0.1716070900116736
2024-08-21,0.2168464751178961,0.18116516265164137,0.14985126342289617
2024-08-22,0.20205501607375229,0.1761519554254115,0.13420976502968637
2024-08-23,0.2030333117974371,0.17351227547021444,0.1339135259731107
2024-08-26,0.20080156569133392,0.17317396577667932,0.1446845637330685
2024-08-27,0.2007795332868738,0.1681547216942703,0.12864320304344673
2024-08-28,0.20109980910270206,0.16311936133540592,0.11478765249171587
2024-08-29,0.19385909656445408,0.15976223258492955,0.11284877647399981
2024-08-30,0.18822685548368862,0.15489561962310744,0.10164119960131199
2024-09-02,0.1729866344632796,0.1546543468085298,0.11904595733576896
2024-09-03,0.15404181745375892,0.14994295237711786,0.10657825845001183
2024-09-04,0.1533604605269575,0.16634770112396788,0.18970195639176698
2024-09-05,0.15080224319505914,0.16147670284664167,0.16501439792990116
2024-09-06,0.14699838239951157,0.15684358706011456,0.14515297272708633
2024-09-09,0.15084036045252464,0.16577078604419596,0.1713054288644875
2024-09-10,0.15121040612765305,0.16644968104189822,0.17273632209793477
2024-09-11,0.14495651121797737,0.16226154436229312,0.15416800696879204
2024-09-12,0.14702198112637657,0.16224733094026914,0.1569322633814
2024-09-13,0.1364852484754162,0.16065032450548095,0.15224047412485592
2024-09-16,0.13640679718039359,0.15706784114477115,0.13962360528654752
2024-09-17,0.1326086815524448,0.15239101394985713,0.1238066612815682
2024-09-18,0.13293489358020824,0.1477571050255858,0.11052982797295648
2024-09-19,0.1447187409742093,0.14372058047531372,0.10254030007685025
2024-09-20,0.14156665327656695,0.1540943771318937,0.16203647134317484
2024-09-23,0.13751321831869306,0.14955144928703376,0.1422213945770063
2024-09-24,0.13719089841108317,0.14531992174522165,0.12688904284846422
2024-09-25,0.13763820581827618,0.14133024775796887,0.11515157713903384
2024-09-26,0.13581331698588953,0.13729345201857218,0.10498260095804648
2024-09-27,0.13609449768536863,0.1339972068692253,0.100374214761359
2024-09-30,0.13319627060823203,0.1300376110626004,0.09256298182402573
2024-10-01,0.1376135889681087,0.12703160482667877,0.091301912894306
2024-10-02,0.1136728984950619,0.12803611778937493,0.11019271175212515
2024-10-03,0.11358761302374205,0.12414646610177756,0.09966345682761824
2024-10-04,0.11541971955671987,0.12057461401093718,0.0924224091794077
2024-10-07,0.10134155942170633,0.12207903098760743,0.11109570456797757
2024-10-08,0.09965669898710384,0.12351554865632086,0.11690384063439328
2024-10-09,0.10066659386882913,0.12522175759715823,0.1281437972510998
2024-10-10,0.09767667863484923,0.12433833307020414,0.12608410528468578
2024-10-11,0.0960218039691742,0.12074268708656322,0.11314865135791459
2024-10-14,0.0978337334891445,0.11934415316776638,0.11211870492568674
2024-10-15,0.10356848084845857,0.11996486531246546,0.11948559897412973
2024-10-16,0.103912638164388,0.12019999144575277,0.12314583247219836
2024-10-17,0.10269760908159958,0.11775209483697893,0.11505527098715021
2024-10-18,0.08743963232196572,0.11416538143217642,0.10348310418521019
2024-10-21,0.08740269398532659,0.11168954679478528,0.09896319090063442
2024-10-22,0.08749748920427945,0.10847544996438782,0.09166922360698136
2024-10-23,0.09417949329183382,0.10519113336106459,0.08519704046275922
2024-10-24,0.09377999744582532,0.10805251847714464,0.10751957513213338
2024-10-25,0.09311534721030955,0.10509709953302769,0.09894542701247389
2024-10-28,0.09320868231107006,0.10190426730064109,0.09079224959823688
2024-10-29,0.09253277485499266,0.09952615918428265,0.08779348105676527
2024-10-30,0.0868154662678646,0.09669884473148724,0.08307841926495993
2024-10-31,0.11273531059671361,0.09449033255449252,0.08200419279687766
2024-11-01,0.11345247522243275,0.11966242508294313,0.17305041383418168
2024-11-04,0.10908551029427101,0.11716721378480782,0.15418426136024566
2024-11-05,0.11204513406552105,0.11390685076154025,0.13618746430039613
2024-11-06,0.13644853372013255,0.11991934610912376,0.14157959326516373
2024-11-07,0.13687792910411206,0.15046247645434838,0.22826720788430716
2024-11-08,0.13667696955692274,0.14892162266216485,0.20556406249693088
2024-11-11,0.1358456579386058,0.14535980953624675,0.1808847377033026
2024-11-12,0.13455040395411444,0.1409802168183962,0.1574460909858485
2024-11-13,0.1307178601978281,0.13721970903307937,0.14007135181395639
2024-11-14,0.13299494475101717,0.1330528458428493,0.12382812416559602
2024-11-15,0.1413268008640052,0.13141557840239262,0.12146855511259746
2024-11-18,0.1414088118556193,0.13691840313778375,0.14789329811007795
2024-11-19,0.14168562698932496,0.13369614859650977,0.1339748609883892
2024-11-20,0.14163470984735027,0.13039745784217255,0.12216173179230379
2024-11-21,0.13791209968035162,0.12643188000706912,0.10931795054267557
2024-11-22,0.13802563582944904,0.12433558558266537,0.10742475530451549
2024-11-25,0.13806396954973518,0.1211469557964263,0.10045296253365046
2024-11-26,0.13856635936533124,0.11819212285444242,0.09572577717670917
2024-11-27,0.13949209984454872,0.11636703545168947,0.09717776258977183
2024-11-28,0.1386787369984531,0.11343744906173475,0.09252904621589286
2024-11-29,0.11565091784988565,0.10998168737865247,0.08585348659886399
2024-12-02,0.11557160003732689,0.10931652608324299,0.09399083495182152
2024-12-03,0.11455259116577791,0.10621479106965818,0.08809493294903151
2024-12-04,0.11032226646452348,0.10299484689089682,0.08251160667339509
2024-12-05,0.07639830868612521,0.10271737844144962,0.09566084992454119
2024-12-06,0.07277323125675492,0.09979387463370101,0.08915643628020979
2024-12-09,0.07465400574674366,0.0970335806430693,0.0845024155416051
2024-12-10,0.07567498251841422,0.09619578351859029,0.0892544352804357
2024-12-11,0.07870567862770612,0.09404798625531284,0.08674831547374337
2024-12-12,0.08141030942286301,0.09597394807051528,0.10114385445552704
2024-12-13,0.07740279852769731,0.0951937419612856,0.10090648306396663
2024-12-16,0.059800497847299,0.092296982347031,0.09233096261855549
2024-12-17,0.06235123088074221,0.09100603596239588,0.09187289129486959
2024-12-18,0.1251654116478218,0.0896822101320421,0.09117372002804959
2024-12-19,0.12514223759760237,0.1462943040047227,0.25085963249324084
2024-12-20,0.13087658804325988,0.1418426201208446,0.2152394940500441
2024-12-23,0.13211829034070974,0.14514685476174183,0.20761971188980932
2024-12-24,0.1371012721545356,0.1426270925949239,0.18516610182638468
2024-12-25,0.13601125678005238,0.1448079988569528,0.1823084443760725
2024-12-26,0.1355019559660158,0.1403965638503234,0.15825091537028682
2024-12-27,0.140713918378317,0.1361197651966739,0.13846473392213254
2024-12-30,0.14396203331221175,0.1382393400938443,0.14759632769839848
2024-12-31,0.14387230217710645,0.14126263934051916,0.1576652480709914
2025-01-02,0.14379126779380424,0.1376905390464728,0.14088501906847808
2025-01-03,0.14944159425408662,0.13383827011890992,0.12577052103589212
2025-01-06,0.15127491589842532,0.13846489861746,0.15258421521721477
2025-01-07,0.15529354324711173,0.13609214473867176,0.14122588985480836
2025-01-08,0.15494797710526065,0.13915447357391092,0.15289069104386072
2025-01-09,0.15480114223841293,0.13503463330383528,0.13470103777861778
2025-01-10,0.15922721926848865,0.1309209343841205,0.1194345129812902
2025-01-13,0.15924545839616272,0.14032367408533925,0.16063775591634635
2025-01-14,0.15952326391174018,0.13618216260614407,0.14107521959516456
2025-01-15,0.17250349805125126,0.132141698663991,0.12505749057197055
2025-01-16,0.172160821705981,0.14603799439032977,0.17924990459139303
2025-01-17,0.13874304849485863,0.1417868205890979,0.15657921053672402
2025-01-20,0.13870872934757256,0.1428503426545751,0.15770934770756329
2025-01-21,0.13624420695479758,0.13849854574232084,0.13816133078155857
2025-01-22,0.13608067649696912,0.13887516894288815,0.14129861767395802
2025-01-23,0.13215368196880595,0.13639744003417947,0.13218007792728725
2025-01-24,0.13272572536177937,0.13392531726306617,0.1247995408732535
2025-01-27,0.1422671250142297,0.13034209837324243,0.11375164929839716
2025-01-28,0.14002437696340866,0.1379800642192815,0.15104010827757589
2025-01-29,0.13431057594850856,0.1378512827861531,0.1484629036127386
2025-01-30,0.13393202051206382,0.1347887902698737,0.1352039613937577
2025-01-31,0.13537069641016572,0.1323297684791933,0.1268684905535593
2025-02-03,0.13190925332000464,0.12996554983320147,0.12049301141441557
2025-02-04,0.13242342272558744,0.1287126866077735,0.1278197307016156
2025-02-05,0.1255898546597353,0.12747091886236714,0.12519563585004964
2025-02-06,0.12582594101516412,0.12458510667819585,0.11615733962476317
2025-02-07,0.13098672519670648,0.121540807562302,0.10800439045575302
2025-02-10,0.11812712896647098,0.12314377296009593,0.12130874105394232
2025-02-11,0.11819310317597315,0.12225876866520016,0.12072985907390577
2025-02-12,0.1195278544595351,0.11857112157187617,0.10841324530996478
2025-02-13,0.10895274225954911,0.11564162757948084,0.10157771008502334
2025-02-14,0.10843644122645987,0.11932423259453143,0.12368028165995967
2025-02-17,0.10393075415898968,0.1156892938124926,0.11061981530209684
2025-02-18,0.10408694531253258,0.11216493186670796,0.10019347995445048
2025-02-19,0.10008443400050426,0.10934372302446627,0.09474751411916342
2025-02-20,0.09986610326951315,0.1064064841170695,0.08961251168342521
2025-02-21,0.11496688290651297,0.1044308222375082,0.08979601070103413
2025-02-24,0.1154915883786811,0.12145625193480221,0.1579520203982328
2025-02-25,0.10602439577287336,0.11908413909215158,0.142900676775865
2025-02-26,0.10099564600559105,0.11707267113921864,0.13195567247993845
2025-02-27,0.11355919135742715,0.11352312826524676,0.1173513976144761
2025-02-28,0.12584853924976488,0.12660576024553885,0.16345967229982908
2025-03-03,0.13804332244508133,0.13672204607484698,0.1867300297343559
2025-03-04,0.1416463419107903,0.14931530267053444,0.21234563787080463
2025-03-05,0.14526504511048619,0.15199076400323244,0.18619093682817894
2025-03-06,0.15432328817018712,0.15311151009780355,0.1817420851590182
2025-03-07,0.1555350923967576,0.16397220525866144,0.21044274125820203
2025-03-10,0.17612469916321463,0.16045564290437253,0.1869181040618074
2025-03-11,0.1729959938757839,0.18767261173096642,0.2649901622636151
2025-03-12,0.17527044755787446,0.18482790849573302,0.23638104114576597
2025-03-13,0.17837897355318694,0.18037512945887135,0.20752544060294298
2025-03-14,0.1916014497226282,0.18249990002256353,0.20742280141462727
2025-03-17,0.1953498645280149,0.19398004758552959,0.2394077865694686
2025-03-18,0.19655869751160837,0.19042783344467396,0.21439917825753183
2025-03-19,0.20188316271682563,0.1894006625807796,0.20340645888933573
2025-03-20,0.20075349800773962,0.18839923344363477,0.1950123842575784
2025-03-21,0.20126375701423588,0.18300656861045536,0.17049872437556987
2025-03-24,0.20781322848652425,0.17743608666953622,0.14878587573827112
2025-03-25,0.20811248637137555,0.185359938123668,0.19005008674205057
2025-03-26,0.21094566752217095,0.17995548140004144,0.16595146989212511
2025-03-27,0.21076489713254068,0.18061536031373449,0.17238182071107186
2025-03-28,0.2147963384483894,0.1754181237105408,0.15172367386656602
2025-03-31,0.2076570062060471,0.18757127276934174,0.2066429856253117
2025-04-01,0.20110508659446183,0.18370843893092303,0.18604913947827734
2025-04-02,0.19940976731875185,0.1784492722002465,0.1630679045688303
2025-04-03,0.25862415460947913,0.17474324156115248,0.1677624069188294
2025-04-04,0.32180124522416637,0.2594581001308611,0.4185270266636178
2025-04-07,0.31951255311362675,0.34395578726026943,0.5882895432473303
2025-04-08,0.3125920055276545,0.333549553078047,0.5000327333885841
2025-04-09,0.4804607471579767,0.3291628720411084,0.44254603198359227
2025-04-10,0.5036538479560384,0.5026260161985437,0.8614384343916408
2025-04-11,0.5069612596985823,0.5175250933478864,0.8093837429630883
2025-04-14,0.5024630101160442,0.5064498537350873,0.7004472991519042
2025-04-15,0.5012537991199869,0.4924543956295613,0.5993938445318281
2025-04-16,0.5053213653732526,0.47757680279021275,0.5096939425297389
2025-04-17,0.5031331029145095,0.4712057505670127,0.46718773206622616
2025-04-21,0.5081943756415976,0.4568845543153864,0.3976840352797909
2025-04-22,0.518659241293784,0.4527623832565205,0.3870119729860636
2025-04-23,0.5175147739317646,0.4501879024953147,0.3854085215281609
2025-04-24,0.5239792349830935,0.4405495874533387,0.34953823059513606
2025-04-25,0.5237849570090206,0.434740906656579,0.33930074160055046
2025-04-28,0.5238080822803297,0.4224255583210725,0.2950696335400665
2025-04-29,0.5197685818995259,0.40955945797803,0.2525894781475379
2025-04-30,0.5191872249041096,0.39783266570394904,0.22238504381091806
2025-05-01,0.5197278632170288,0.3857161670329201,0.19179889800575992
2025-05-02,0.5218753861173021,0.3749725362099545,0.1751547127386459
2025-05-05,0.48905505925242254,0.36803670185741555,0.2686564570523967
2025-05-06,0.43537491008664836,0.35752485403973366,0.23406749516691192
2025-05-07,0.4347290187877173,0.3481663178086453,0.21145034213291872
2025-05-08,0.42806235839260975,0.33795398614520306,0.18505090737961472
2025-05-09,0.25917015744628125,0.3287690865443556,0.16935633363686753
2025-05-12,0.22131975482703492,0.31879199775089373,0.1477195111830842
2025-05-13,0.21661029912747526,0.3339369854859402,0.2872361815174975
2025-05-14,0.21604091512875226,0.32477399106648264,0.25057699611236134
2025-05-15,0.21458141375634296,0.31491923325710264,0.2148038015574944
2025-05-16,0.19090200251051007,0.3059127792283497,0.18879557504454933
2025-05-19,0.19100220331567866,0.2976079077160709,0.17076654551837786
2025-05-20,0.161292287970797,0.28857288361448646,0.14878284539804837
2025-05-21,0.16604240187223793,0.2800881016491735,0.13325865578901083
2025-05-22,0.162052403760597,0.27948017398333497,0.17853466314322403
2025-05-23,0.15413640616656263,0.27097042459872367,0.15494023402168638
2025-05-26,0.15353038304292918,0.2640620465480543,0.1459491831794598
2025-05-27,0.16564598185487578,0.25601765283182715,0.1282875459383938
2025-05-28,0.16823220826667548,0.2607963210095189,0.19827249217734302
2025-05-29,0.16804557295216996,0.25385607447887915,0.1771767432987016
2025-05-30,0.1679163500539465,0.24659890998491257,0.15689726874671217
2025-06-02,0.16247289865452075,0.2391261135887887,0.13747580234449217
2025-06-03,0.1602972575268773,0.2328679210291394,0.14915346778071817
2025-06-04,0.1556304351474267,0.22685400341497478,0.13837897464989385
2025-06-05,0.15793523455768554,0.21994559545948136,0.12224643353793076
2025-06-06,0.15946048876486396,0.2140755729578552,0.11570342513652301
2025-06-09,0.1589391543221827,0.21132174154754552,0.13142638041115154
2025-06-10,0.11777033157062076,0.20491397746868645,0.11683563430115658
2025-06-11,0.11729031670015204,0.19988410486670394,0.11396650672499845
2025-06-12,0.11769233650476572,0.19411279982416912,0.10509629533231656
2025-06-13,0.124555111523972,0.1888302869773025,0.10062686350233316
2025-06-16,0.12686122655820914,0.1882253650955186,0.1276905411052103
2025-06-17,0.13082447282151477,0.18616880955898596,0.13582069339531605
2025-06-18,0.13018775730236898,0.18355616831517116,0.13779535646018076
2025-06-19,0.11392672817877857,0.17796527170498957,0.12176230704212676
2025-06-20,0.11455949603324,0.17254373259278044,0.10887362756020823
2025-06-23,0.11464581595950354,0.16753700293719442,0.10036213416404852
2025-06-24,0.11867061165386528,0.16686901104926072,0.1201097720757818
2025-06-25,0.09850373256878941,0.1673308699167107,0.1379240569683801
2025-06-26,0.09721148183484561,0.16224792236026678,0.12194005827472622
2025-06-27,0.09752271674340775,0.16019756821496403,0.12504226796098272
2025-06-30,0.09720215403018453,0.15650833797908287,0.11810371714798903
2025-07-01,0.09689216135788331,0.15286975223077978,0.11239231123720822
2025-07-02,0.0964327716518747,0.14821807052052727,0.10674164872420393
2025-07-03,0.09806308131364956,0.14477500264896195,0.10325748026945339
2025-07-04,0.09491772125602338,0.1436456237079349,0.1126481951432627
2025-07-07,0.09695246178093841,0.1392695993309923,0.10158357849801503
2025-07-08,0.09725541024937635,0.1381238652484895,0.10997016297810518
2025-07-09,0.09742602065215944,0.13393300085855747,0.0995632933028211
2025-07-10,0.09600420368940854,0.1319175371457041,0.10272766870452472
2025-07-11,0.09760111695557168,0.12836676527780636,0.09637045674356325
2025-07-14,0.0855436668128072,0.1252073032914051,0.09306912225367611
2025-07-15,0.0842945526185498,0.12161910314228681,0.08759695361505955
2025-07-16,0.07573602722063495,0.1190840659547026,0.08876312705783883
2025-07-17,0.07636256317455613,0.11618345004568927,0.0870622068837741
2025-07-18,0.07670846660683799,0.11511505574389265,0.09477029665516327
2025-07-21,0.07472045158360265,0.11164453638729496,0.08780221921373059
2025-07-22,0.07046661291562559,0.1084937385344411,0.08361434875995474
2025-07-23,0.0669786967859251,0.10519005567694087,0.07911230555424156
2025-07-24,0.06705000647584171,0.10717348303281146,0.10088810240925711
2025-07-25,0.06430779365923199,0.10391651672512052,0.09239052518857843
2025-07-28,0.06374178535793508,0.10207548871634063,0.09197105875948214
2025-07-29,0.06437637517060375,0.09897067821843572,0.08548275878051816
2025-07-30,0.0647588227445223,0.0965036144248074,0.08315366133669157
2025-07-31,0.06587563170457728,0.0936919498971095,0.08301737353738184
2025-08-01,0.08479990412722697,0.09200569799053412,0.0839572093327085
2025-08-04,0.10013468823896474,0.10993935577477576,0.15241495534951788
2025-08-05,0.09806827170402814,0.12166475362479112,0.17870205389814783
2025-08-06,0.10095791669867532,0.11960267532043653,0.16006098845184855
2025-08-07,0.09942581105583911,0.1196948657578866,0.1520837775804845
2025-08-08,0.10224263360406569,0.11609421538818034,0.13336464088355032
2025-08-11,0.10154767005720529,0.11653926967676087,0.13296058618650622
2025-08-12,0.10691299564724734,0.11325085234280531,0.11875000946182412
2025-08-13,0.10511990858445334,0.11726818750197612,0.13515885721369633
2025-08-14,0.10508788135337468,0.11446959061961895,0.1224868358837083
2025-08-15,0.10455612583650649,0.11098297381085195,0.10932787185460666
2025-08-18,0.10445424220807545,0.10798733422275195,0.10059508967356418
2025-08-19,0.10688216756888423,0.1047010252351746,0.09206050292337936
2025-08-20,0.10754803199379082,0.10369185264486575,0.09558610520095184
2025-08-21,0.10483888137984189,0.10106390554349305,0.0906157808136979
2025-08-22,0.11723979660775469,0.09922403300705045,0.09008432878456882
2025-08-25,0.11788952009584555,0.11298880463969785,0.1464760026383676
2025-08-26,0.11857796031800732,0.11088123206128535,0.1332543244878949
2025-08-27,0.11810142641511302,0.1087241446303113,0.12246400869679441
2025-08-28,0.11819272159196412,0.10578281765896995,0.11076762149274068
2025-08-29,0.11958065824125523,0.10347731382320118,0.10908145655065124
2025-09-01,0.10144746256611364,0.1029858522524632,0.10939533189443904
2025-09-02,0.09387513151169348,0.09984848831262398,0.09902590173776338
2025-09-03,0.09278449446334554,0.10103464276816587,0.10808800105084732
2025-09-04,0.09341937703048948,0.10018601023856287,0.10680841838834715
2025-09-05,0.09425959510042074,0.10238297421829927,0.11698686123681581
2025-09-08,0.09128542396610782,0.09990260745438871,0.10747372995117074
2025-09-09,0.09081066574618742,0.09732794217878453,0.09940322007936356
2025-09-10,0.08432125206139653,0.09478923121236252,0.0929978223073475
2025-09-11,0.08789783692978313,0.09258444798702588,0.08919367198512512
2025-09-12,0.08796169976150817,0.09535804331619317,0.10572399792127238
2025-09-15,0.0883876767690701,0.09246221231556252,0.09617780736498632
2025-09-16,0.0887254169497083,0.0919924154611612,0.09803645210774772
2025-09-17,0.08590208509405693,0.08935074885393757,0.09079722692426226
2025-09-18,0.08526158649231516,0.086763504293682,0.08513531857416096
2025-09-19,0.08322190829444887,0.08605106598930021,0.08823199669969128
2025-09-22,0.0692514905449572,0.08561295080499808,0.09128561291309349
2025-09-23,0.07049896933744433,0.08500962802304883,0.09269317736864228
2025-09-24,0.07176914111906126,0.08510884824080171,0.09612936877440398
2025-09-25,0.07450779810729721,0.08344131507928011,0.09214247732771352
2025-09-26,0.07582429948452481,0.08287347104302821,0.09299880726480711
2025-09-29,0.07151662611528187,0.08336287717812647,0.0965701703348497
2025-09-30,0.07171685376242094,0.08155672475864902,0.09165766876499708
2025-10-01,0.06376748722561548,0.08041232734447691,0.09016060017761385
2025-10-02,0.06275375476967378,0.07907682382000256,0.08818448917495614
2025-10-03,0.058648636411672256,0.07679836486117887,0.08301839069930837
2025-10-06,0.05666908748502682,0.07445879926468814,0.07861189143839724
2025-10-07,0.0598381495103295,0.0735202319940585,0.08039997689840725
2025-10-08,0.0616799399345466,0.0727290766188251,0.08202128065848958
2025-10-09,0.06359032168442073,0.07420644395576813,0.09081287801235241
2025-10-10,0.11498354435248621,0.07282488013406678,0.0875536455140077
2025-10-13,0.12679055269339545,0.12781474024061792,0.2304938908010313
2025-10-14,0.1257074640609907,0.13734055585725433,0.23121898943148236
2025-10-15,0.12638135422460606,0.13324141836963682,0.1986531162228357
2025-10-16,0.12881515595671464,0.13032562260337816,0.17494589369084884
2025-10-17,0.1292929916647599,0.1291191704314765,0.16114252760327452
2025-10-20,0.1330476958521111,0.12710582780380061,0.1474945554774873
2025-10-21,0.1321825938309129,0.12963496736982635,0.15293311231589404
2025-10-22,0.13204992511795435,0.12568577745817938,0.1339290664915243
2025-10-23,0.13275805282484798,0.1235310041428247,0.12542218177008496
2025-10-24,0.13359368082572445,0.1219543570792971,0.12099397497984032
2025-10-27,0.13762275897974235,0.12240169952757846,0.1256808524889604
2025-10-28,0.13760756121796963,0.12713453737370067,0.14180525518525589
2025-10-29,0.13744247018878564,0.12369224790105367,0.1266962801842784
2025-10-30,0.14388897362312839,0.11993862269531298,0.11289669291514837
2025-10-31,0.14414138538768323,0.12398130173038874,0.13384119710064182
2025-11-03,0.1441380990204595,0.12087691840927893,0.12131335125442515
2025-11-04,0.15050062860895055,0.11742106159624158,0.10953512340845757
2025-11-05,0.15016695506992528,0.12292421367428556,0.13640622125382015
2025-11-06,0.15380263612098818,0.11993622203738576,0.12364014998150814
2025-11-07,0.15353103328271114,0.1236166639748139,0.13912686068386373
2025-11-10,0.12666612537125077,0.11991187292355501,0.12305561743861103
2025-11-11,0.11725859322241641,0.13092405785462438,0.16387524824640112
2025-11-12,0.11691640793088703,0.1272466411197731,0.14402015341520352
2025-11-13,0.13221149949988165,0.12338915395569121,0.12683889442852764
2025-11-14,0.12954878608031692,0.13618002401377513,0.17322783957514812
2025-11-17,0.13286509614735983,0.13203296886553997,0.15054902068205941
2025-11-18,0.1305069038106202,0.13308419999526505,0.151113586197463
2025-11-19,0.13148638248722216,0.13313147314820142,0.148122641455482
2025-11-20,0.14035311326074665,0.12994358020299485,0.13355862842950136
2025-11-21,0.14351947570245221,0.13942480544408178,0.16892949026287582
2025-11-24,0.1502549483785505,0.14056451057949576,0.16634158072803995
2025-11-25,0.1480145721158485,0.14765116421543414,0.1848034711489392
2025-11-26,0.14993842745520092,0.14770935754778425,0.16739279443673674
2025-11-27,0.14990751714643685,0.145686651723519,0.1554931846735235
2025-11-28,0.1461663530803707,0.1412484494109062,0.13613710150147182
2025-12-01,0.14664765797925855,0.13857165350254813,0.12779255293965824
2025-12-02,0.1466434863098742,0.13552334059631857,0.11927961003257546
2025-12-03,0.1406068478443794,0.13159162577086247,0.1079496017500243
2025-12-04,0.14022635320602,0.12828895740982316,0.10169666046714294
2025-12-05,0.1341410257208928,0.1244132144651465,0.09331101057999366
2025-12-08,0.13488814198486063,0.12084857971501722,0.08792082450286111
2025-12-09,0.12405533319282723,0.11774972555088754,0.08584180493840055
2025-12-10,0.12590081914226853,0.11421193900709367,0.08124743296277388
2025-12-11,0.12609187223458376,0.11367664335536364,0.09323119307645537
2025-12-12,0.11731402853615804,0.11058352642823462,0.0884876861122455
2025-12-15,0.11752951365876106,0.11516043201211115,0.11858104317414522
2025-12-16,0.11257831883420308,0.11180685955935325,0.1070738222795594
2025-12-17,0.11566428440168873,0.10892162621225296,0.09966884455958956
2025-12-18,0.11756321030539331,0.11403135888993296,0.12610451021024802
2025-12-19,0.10446424341803269,0.11436206927386189,0.1269337576129631
2025-12-22,0.10174859743029,0.1162963336902918,0.13336268351451042
2025-12-23,0.09144912379796921,0.11531063671850664,0.1278558862922922
2025-12-24,0.08725340755338772,0.11319517739149083,0.11929049369439457
2025-12-26,0.08485807233404222,0.11059294122935011,0.11244345717190853
2025-12-29,0.08621458830422306,0.10722455987047493,0.10154507176177482
2025-12-30,0.08468122355515345,0.10488081208930708,0.09712072882938738
2025-12-31,0.08733404407743578,0.10179665678201572,0.09008808482429677
2026-01-02,0.08732966168678734,0.10284439883104833,0.10237818495525865
2026-01-05,0.08946838434740462,0.09996529560828998,0.09474675825737797
2026-01-06,0.09149547248791423,0.10029814204660252,0.10200300250082647
2026-01-07,0.09233691856447473,0.09993878993985837,0.10428198407579821
2026-01-08,0.09152631964673648,0.09770417895525117,0.09844337906149232
2026-01-09,0.09369514702722463,0.09472853878263973,0.09060376191685303
2026-01-12,0.09142620670314709,0.09535219008769062,0.0990964278733822
2026-01-13,0.09166371566128811,0.09264852463230433,0.09193158988645245
2026-01-14,0.08454075728815132,0.09016260552398189,0.08701471168640627
2026-01-15,0.08439280141486925,0.08949090981769696,0.09049523144552604
2026-01-16,0.08360385537458968,0.08740668646473046,0.08713806105161948
2026-01-19,0.07132038761246018,0.08480658899439529,0.08220438494162075
2026-01-20,0.10164342163665206,0.08222303864886307,0.07822724359444799
2026-01-21,0.10463105263572084,0.11291892175552816,0.1778474711818365
2026-01-22,0.1039783132786002,0.11822260298205406,0.17864219989854507
2026-01-23,0.10281540948533081,0.11639739965443144,0.16030632287085575
2026-01-26,0.10360519081021968,0.11286027683650232,0.14005257847386804
2026-01-27,0.1044343014027878,0.11118062888639083,0.1305076152050618
2026-01-28,0.10347810545851509,0.10889688075240662,0.12011690998693172
2026-01-29,0.10367406323341186,0.1055801687398795,0.10774445807022302
2026-01-30,0.10048727070920006,0.10265475582144853,0.09918151722789482
2026-02-02,0.10151117607468937,0.10020291810309076,0.09421048821655813
2026-02-03,0.10412921685792258,0.09904557592173427,0.09561947992029034
2026-02-04,0.10325293108663652,0.1015462515460018,0.11056403095292164
2026-02-05,0.11124874844668418,0.10024683601507242,0.10710018836970846
2026-02-06,0.130798866822317,0.10878745338087877,0.13823040708476902
2026-02-09,0.12982279844981184,0.12878166216469894,0.19213612139553754
2026-02-10,0.1299972495682955,0.12625167124906478,0.1704693579219738
2026-02-11,0.12983417212572226,0.12283544287013323,0.14990413783819728
2026-02-12,0.1396568171259676,0.11909677208925044,0.13171858108299694
2026-02-13,0.1392214049041267,0.13037713745166551,0.1686421316211792
2026-02-16,0.13924325558402392,0.12643498389119545,0.1470888869952223
2026-02-17,0.1394553449217669,0.12258326493642126,0.1294218849430509
2026-02-18,0.12015378287579549,0.11901410137620584,0.11585740275338861
2026-02-19,0.11385294292996566,0.11703116520569216,0.11147814547851687
2026-02-20,0.11521981406034572,0.11392966977305348,0.1029815254383936
2026-02-23,0.12058976116345776,0.11395736289374538,0.10972638541969496
2026-02-24,0.12207653838135563,0.11747317813205642,0.12772420601978887
2026-02-25,0.12499115267258867,0.11732426761925936,0.12855646017862676
2026-02-26,0.12638630506126713,0.11834986031131056,0.1319017751683282
2026-02-27,0.1272043230578494,0.11677059808527802,0.12496339137882208
2026-03-02,0.1269440078702132,0.11475006919802458,0.11775787376207072
2026-03-03,0.1286220387980872,0.11127627554746392,0.10597746545108953
2026-03-04,0.1285367759874333,0.11324581847795342,0.11870528328949306
2026-03-05,0.12888963200773718,0.11314807763069695,0.11988886320159632
2026-03-06,0.12965374251860562,0.11183467381070725,0.11606689595287256
2026-03-09,0.11427730728883326,0.11995250409952116,0.14663364275723859
2026-03-10,0.11241287156273913,0.12114233889461427,0.14587675939400435
2026-03-11,0.1122860970233025,0.11761825081400692,0.12907066960832747
2026-03-12,0.12249065857318706,0.11413964764587929,0.11532646835720199
2026-03-13,0.11291483988271417,0.12564351945551902,0.1581979967671831
2026-03-16,0.11958887962011291,0.12379932926816893,0.1453709309961584
2026-03-17,0.1201819201456463,0.12632048613086017,0.15041113637168843
2026-03-18,0.12824599120074504,0.12289754113087971,0.13371641947753035
2026-03-19,0.12603707370856815,0.1310843827775742,0.16145470134777956
2026-03-20,0.1333556283258314,0.12745263725080827,0.1424381121733036
2026-03-23,0.13673605233018413,0.13572784605149543,0.16869277354043627
2026-03-24,0.13371663532554107,0.1377184306682163,0.1680784978651071
2026-03-25,0.13237731047222234,0.13416159322317714,0.14887349317006454
2026-03-26,0.13766841634724014,0.13185719227166276,0.1457958863537469
2026-03-27,0.14574975322295688,0.14578401371225977,0.19016978454107553
2026-03-30,0.14571550415053885,0.15636609471306506,0.21228036508585785
2026-03-31,0.1837739324748033,0.15216082404254028,0.184889252362041
2026-04-01,0.1853102618751677,0.18487165878132622,0.274694383330877
2026-04-02,0.1828890129298809,0.18160065046407206,0.24213604186839607
2026-04-03,0.1825121914592557,0.1761031435084722,0.20795594142572854
2026-04-06,0.17878937266099856,0.17073833232274355,0.17946183974958865
2026-04-07,0.17548427090815472,0.166549453929649,0.16021018608206
2026-04-08,0.19781287416427737,0.16148474640056062,0.14021678917537178
2026-04-09,0.19871873436807638,0.18459942743414484,0.2316637345545845
2026-04-10,0.19046083064349895,0.18036812678879047,0.20409834633020044
2026-04-13,0.191050174526994,0.17489233153779882,0.17634502738148664
2026-04-14,0.19225900772107557,0.17372988546334123,0.17104420330664225
2026-04-15,0.19335762704828455,0.17489706196575971,0.17634168556902144
2026-04-16,0.18416038055993714,0.17230133634682254,0.16513334512285052
2026-04-17,0.1856274210687444,0.16732472801810497,0.14545815050528754
2026-04-20,0.175071430344196,0.16881882876625365,0.15864479930523062
2026-04-21,0.177358343988464,0.1638608990700899,0.13976815581730997
2026-04-22,0.17699855829587138,0.16090901018584766,0.13372111139238618
2026-04-23,0.17900022409012323,0.16085151488014837,0.14225133763928757
2026-04-24,0.16113852026025824,0.1566825247060822,0.14105657054310677
2026-04-27,0.14056534499038542,0.1548465215818151,0.13834393563578995
2026-04-28,0.1419029859758167,0.15027839987780114,0.12314467225650484
2026-04-29,0.11576213198361154,0.14692971467762275,0.11656969672988937
2026-04-30,0.11689306195195304,0.14245491079447217,0.10498377145889604
2026-05-01,0.11636690471264492,0.1433800787156875,0.12300024360326813
2026-05-04,0.11881916062038128,0.13942738038156888,0.11217923560685952
2026-05-05,0.11949835959733265,0.13593107697988197,0.10544840047626139
2026-05-06,0.1227434745073809,0.13540287334368561,0.11457304670613508
2026-05-07,0.10182228605375389,0.1418269870323023,0.14913830321523863
2026-05-08,0.10278553129788616,0.13802383368248752,0.1333166238848847
2026-05-11,0.10164770200289792,0.13758533916156013,0.1345660112782814
2026-05-12,0.10115491926255238,0.13368693142596658,0.12067423030210554
2026-05-13,0.09656203126822802,0.12974828774059735,0.10888103102246317
2026-05-14,0.09656406209882905,0.12765263817596884,0.10802360808116852
2026-05-15,0.11014095781057204,0.12748482494877308,0.11574841187674269
2026-05-18,0.10495989155911674,0.1322565384682766,0.14058245659935395
2026-05-19,0.10833661208575204,0.12825666839953279,0.12434232723727763
2026-05-20,0.10787462440564566,0.12703581234179667,0.12274147303483758
2026-05-21,0.1042479215918958,0.1293905671133534,0.13556827918952374
2026-05-22,0.10211812687638995,0.12568511245160296,0.12116041648619501
2026-05-25,0.10057569697984334,0.12280772824739206,0.11736030398352756
2026-05-26,0.10178500067476597,0.11906651011198817,0.1055942573740825
2026-05-27,0.09886649312010501,0.11827167367225429,0.1092251475664085
2026-05-28,0.0988757764995466,0.11467062107849257,0.0991754789684966
2026-05-29,0.09543867367254644,0.11321663363824118,0.1008593269794567
2026-06-01,0.09543685044878912,0.11019321120542164,0.09462679676049661
2026-06-02,0.09293757481636758,0.10735830968350658,0.09031722495775595
2026-06-03,0.0966292568523875,0.1042214072637144,0.08515596064936186
2026-06-04,0.08690030962359828,0.10469076134558297,0.09745941248385295
2026-06-05,0.12881183195514953,0.10255546607439645,0.09465506302281361
2026-06-08,0.12586473961339664,0.14221322023785957,0.22169140322479683
2026-06-09,0.12602720303728204,0.13816099743895438,0.19161994937704516
2026-06-10,0.1373287844833926,0.134438923296378,0.16750308418783585
2026-06-11,0.14901533381087262,0.1442485113091708,0.19144870939695943
2026-06-12,0.14755055027365627,0.15444782498208817,0.211425268691936
2026-06-15,0.15348166295543741,0.15120433161343746,0.1870729350955645
2026-06-16,0.15529615070513864,0.16158918004228093,0.2117097960061811
2026-06-17,0.1601058568789319,0.15838241309652207,0.1883771152225575
2026-06-18,0.1602187886539417,0.16114463434135395,0.19032458871602123
2026-06-19,0.160130920224005,0.1613292853274884,0.18347624936975873
2026-06-22,0.1600335385165289,0.15641454537868746,0.1592244163884609
2026-06-23,0.16791169653770033,0.15214398652372296,0.15831823128222344
2026-06-24,0.16582715826626762,0.15809638929670286,0.17929431341541324
2026-06-25,0.16602228751141546,0.15329073755222258,0.15594223713780037
2026-06-26,0.1656929629809137,0.14872699918920343,0.13724226907098544
2026-06-29,0.176512297474899,0.14693181896751084,0.13404117799987347
2026-06-30,0.1786496466477932,0.155983665066465,0.17398475993477389
2026-07-01,0.17851798280116302,0.15421008862530675,0.1630710217816247
2026-07-02,0.17707167370856056,0.14960482057253044,0.1429878677105362
2026-07-03,0.17641182534434893,0.14513734681650756,0.12667290706770148
2026-07-06,0.15266652302763184,0.14071587854424636,0.11312477231120385
2026-07-07,0.15387025960361897,0.14055100475923685,0.12258909965619519
2026-07-08,0.15391678889764351,0.1375222063783693,0.11592106569776438
2026-07-09,0.14368396675310371,0.13387448194052354,0.10728561400841442
2026-07-10,0.13333901396564207,0.13387097855553126,0.11764305288519791
2026-07-13,0.13585379352880972,0.1308657254155038,0.11106638799569706
2026-07-14,0.12189106515610604,0.13035110504506017,0.11707690969393349
2026-07-15,0.12067181932891663,0.12712934367054718,0.10900861985961646
2026-07-16,0.11331546749604114,0.12421256417000373,0.10375527877624875
2026-07-17,0.11346009702880734,0.12226772939734086,0.1039363778169758
2026-07-20,0.11355853334259021,0.12469276710866622,0.12253553633211454
2026-07-21,0.11681991512019946,0.12105725386141548,0.11053352223812252
2026-07-22,0.10380105468237126,0.12173277922601176,0.12063842909812744
2026-07-23,0.11357712957442748,0.11811097708685604,0.10867403619804282
2026-07-24,0.11353330193805583,0.12428944716627294,0.1381031056725981
2026-07-27,0.1101672493209326,0.120567769008316,0.12255310489619403
2026-07-28,0.09464716582292279,0.11689782186968772,0.10983623883465199
2026-07-29,0.10440270452793719,0.11371763417151151,0.10146146387546397
2026-07-30,0.12112873942321407,0.12566503872184448,0.15223429192092786
2026-07-31,0.1237391310976265,0.13792800126711943,0.1858669777455505
2026-08-03,0.13289211060911194,0.13660475402353026,0.1706291462888514
2026-08-04,0.14315127178418283,0.1434063285103669,0.18488882343089763
2026-08-05,0.14200274632837914,0.15543154768449652,0.21211497153613268
2026-08-06,0.14150197788558738,0.150896730527804,0.1836231427115596
2026-08-07,0.14027903320267948,0.14643188557826572,0.15992130521622505
2026-08-10,0.13996259996941313,0.14393668970390475,0.14779277157015755
2026-08-11,0.13724017082468287,0.1395565916313928,0.13016046432665482
2026-08-12,0.13707662203578144,0.135876211566029,0.11854084306481445
2026-08-13,0.13819952573433777,0.13209549559197717,0.10838402101405828
2026-08-14,0.13654586106544386,0.1308941506958461,0.11241225300318229
2026-08-17,0.13211797113982496,0.12714031096628017,0.10293379835156248
2026-08-18,0.13500157967121051,0.1246366125153934,0.10125897252904928
2026-08-19,0.132810572345348,0.12368104046324517,0.10688709812373741
2026-08-20,0.13684097833412653,0.12018977658559399,0.11339281647580603
2026-08-21,0.12817103375499003,0.12105667450165288,0.12167562801038408
2026-08-24,0.12918403381236065,0.11843769905779959,0.11363364531837052
2026-08-25,0.12920640921015847,0.11539832707260492,0.1052539138967274
2026-08-26,0.12927807291081056,0.11256869581742958,0.09929775787815849
2026-08-27,0.11420903981005937,0.10914281338955617,0.0915389352162413
2026-08-28,0.10329637562770166,0.10882294494564655,0.09944486101524223
2026-08-31,0.1025638065000785,0.1058770086899221,0.09331846474920616
2026-09-01,0.09486914070117078,0.1033096345451288,0.08996640052548613
2026-09-02,0.07213205410402329,0.10368774017596251,0.09989418575198553
2026-09-03,0.08090967680703932,0.1019922409590017,0.09819462453512541
2026-09-04,0.081919955392395,0.10685530638453636,0.12147195184378232
