Date,SPY,EURUSD,TLT
2005-01-03,81.17460632324219,1.3470009565353394,43.71553421020508
2005-01-04,80.18270111083984,1.3281975984573364,43.25739288330078
2005-01-05,79.6293716430664,1.3280036449432373,43.48892593383789
2005-01-06,80.03424072265625,1.3183046579360962,43.51847839355469
2005-01-07,79.9195327758789,1.3060967922210691,43.61701583862305
2005-01-10,80.29743194580078,1.310994029045105,43.685997009277344
2005-01-11,79.74407196044922,1.3116990327835083,43.94211959838867
2005-01-12,80.00727844238281,1.3255919218063354,44.00126266479492
2005-01-13,79.36624908447266,1.3211086988449097,44.424930572509766
2005-01-14,79.78461456298828,1.3098949193954468,44.41999435424805
2005-01-17,79.78461456298828,1.3051081895828247,44.41999435424805
2005-01-18,80.61457061767578,1.3017951250076294,44.56779479980469
2005-01-19,79.77107238769531,1.3003056049346924,44.69585418701172
2005-01-20,79.2852554321289,1.29629385471344,44.78453826904297
2005-01-21,78.7994155883789,1.299899935722351,44.83380889892578
2005-01-24,78.64424896240234,1.3039000034332275,45.025917053222656
2005-01-25,78.86688995361328,1.2971009016036987,44.602237701416016
2005-01-26,79.10306549072266,1.307805061340332,44.68598937988281
2005-01-27,79.23800659179688,1.304103970527649,44.602237701416016
2005-01-28,79.23800659179688,1.304495334625244,45.0505485534668
2005-01-31,79.7306137084961,1.305193305015564,45.17864608764648
2005-02-01,80.2366714477539,1.3039000034332275,45.1069450378418
2005-02-02,80.47958374023438,1.3032032251358032,45.21080780029297
2005-02-03,80.27040100097656,1.2972019910812378,45.18606185913086
2005-02-04,81.12735748291016,1.2857933044433594,45.81407928466797
2005-02-07,81.01939392089844,1.2764055728912354,46.15523147583008
2005-02-08,81.11381530761719,1.2769924402236938,46.41733169555664
2005-02-09,80.50657653808594,1.281295657157898,46.54093933105469
2005-02-10,80.7967529296875,1.287597894668579,45.9129638671875
2005-02-11,81.49176025390625,1.2856941223144531,45.88325881958008
2005-02-14,81.43103790283203,1.2973029613494873,46.026702880859375
2005-02-15,81.73467254638672,1.3016934394836426,45.79429244995117
2005-02-16,81.78861236572266,1.3023037910461426,45.621192932128906
2005-02-17,81.12735748291016,1.307497262954712,45.33439636230469
2005-02-18,81.23531341552734,1.3068991899490356,44.928897857666016
2005-02-21,81.23531341552734,1.3064039945602417,44.928897857666016
2005-02-22,80.02752685546875,1.3261016607284546,44.73112869262695
2005-02-23,80.60103607177734,1.3203063011169434,44.87945938110352
2005-02-24,81.13410186767578,1.3183046579360962,44.78058242797852
2005-02-25,81.93707275390625,1.3246086835861206,44.998146057128906
2005-02-28,81.39725494384766,1.3217023611068726,44.5135498046875
2005-03-01,81.80216217041016,1.3171932697296145,44.49967193603516
2005-03-02,81.76168060302734,1.3135944604873655,44.44018173217773
2005-03-03,81.7953872680664,1.3105987310409546,44.41531753540039
2005-03-04,82.81425476074219,1.3246963024139404,44.89647674560547
2005-03-07,82.85479736328125,1.3221917152404783,45.07505416870117
2005-03-08,82.54436492919922,1.3352025747299194,44.64848709106445
2005-03-09,81.62670135498047,1.3377031087875366,43.919315338134766
2005-03-10,81.80888366699219,1.3437970876693726,44.18717193603516
2005-03-11,81.23531341552734,1.3472912311553955,43.864723205566406
2005-03-14,81.74137878417969,1.3365052938461304,44.12762069702149
2005-03-15,81.06664276123047,1.3310085535049438,43.84988784790039
2005-03-16,80.37838745117188,1.3410937786102295,44.11771774291992
2005-03-17,80.54029846191406,1.3379000425338743,44.26155853271485
2005-03-18,80.30118560791016,1.332196593284607,43.98380279541016
2005-03-21,80.00310516357422,1.3161011934280396,43.859745025634766
2005-03-22,79.19023895263672,1.3077024221420288,43.48773956298828
2005-03-23,79.25797271728516,1.299291968345642,43.69604110717773
2005-03-24,79.3528060913086,1.2931926250457764,43.78538131713867
2005-03-25,79.3528060913086,1.2956053018569946,43.78538131713867
2005-03-28,79.46796417236328,1.289507269859314,43.517520904541016
2005-03-29,78.93958282470703,1.2937949895858765,43.77541732788086
2005-03-30,80.05729675292969,1.2915056943893433,43.993682861328125
2005-03-31,79.90827941894531,1.2966973781585691,44.31117630004883
2005-04-01,79.54927062988281,1.2909055948257446,44.46052169799805
2005-04-04,79.68474578857422,1.285000205039978,44.45058059692383
2005-04-05,80.06407928466797,1.2857933044433594,44.33605194091797
2005-04-06,80.34187316894531,1.2867032289505005,44.490421295166016
2005-04-07,80.77539825439453,1.285000205039978,44.13191986083984
2005-04-08,79.93537139892578,1.2934937477111816,44.2862548828125
2005-04-11,79.99637603759766,1.2971009016036987,44.52521896362305
2005-04-12,80.40958404541016,1.2915056943893433,44.93849563598633
2005-04-13,79.4612045288086,1.291205644607544,44.82898712158203
2005-04-14,78.42472839355469,1.2794922590255735,44.75929260253906
2005-04-15,77.32733154296875,1.2870012521743774,45.35171508789063
2005-04-18,77.5644302368164,1.3017951250076294,45.316856384277344
2005-04-19,78.18089294433594,1.3065063953399658,45.75497817993164
2005-04-20,77.09025573730469,1.3086949586868286,45.64048385620117
2005-04-21,78.58732604980469,1.3046995401382446,45.16250991821289
2005-04-22,78.28926849365234,1.3061991930007937,45.54092788696289
2005-04-25,78.80413055419922,1.2993931770324707,45.67537307739258
2005-04-26,78.03862762451172,1.2984988689422607,45.60567855834961
2005-04-27,78.34344482421875,1.2921065092086792,45.76494598388672
2005-04-28,77.36116790771484,1.2905057668685913,46.1035270690918
2005-04-29,78.41117858886719,1.287597894668579,46.02387237548828
2005-05-02,78.85150146484375,1.2846039533615112,46.01388549804688
2005-05-03,78.98700714111328,1.288693070411682,46.138771057128906
2005-05-04,79.59669494628906,1.2950012683868408,45.73403549194336
2005-05-05,79.56956481933594,1.2956053018569946,45.83902359008789
2005-05-06,79.31890869140625,1.2811970710754397,45.49917984008789
2005-05-09,79.81344604492188,1.2854957580566406,45.54419708251953
2005-05-10,78.98700714111328,1.288693070411682,45.86894226074219
2005-05-11,79.42052459716797,1.2813942432403564,46.00885772705078
2005-05-12,78.54664611816406,1.2681021690368652,46.18876647949219
2005-05-13,78.39086151123047,1.2616068124771118,46.368614196777344
2005-05-16,79.1224594116211,1.2639987468719482,46.313663482666016
2005-05-17,79.6508560180664,1.2603029012680054,46.44358825683594
2005-05-18,80.47055053710938,1.2681021690368652,46.75339889526367
2005-05-19,80.80924987792969,1.2635036706924438,46.63343048095703
2005-05-20,80.6941146850586,1.2556977272033691,46.68842315673828
2005-05-23,81.14116668701172,1.257102608680725,47.05318069458008
2005-05-24,80.95152282714844,1.2568024396896362,47.183101654052734
2005-05-25,80.89054107666016,1.2599060535430908,46.85329055786133
2005-05-26,81.32406616210938,1.251392126083374,46.838287353515625
2005-05-27,81.45956420898438,1.2581939697265625,46.8883056640625
2005-05-30,81.45956420898438,1.248299241065979,46.8883056640625
2005-05-31,80.93798828125,1.2307995557785034,47.4678955078125
2005-06-01,81.62890625,1.2196015119552612,48.049110412597656
2005-06-02,81.80506896972656,1.2266929149627686,48.16447067260742
2005-06-03,81.39183044433594,1.223002314567566,47.76830291748047
2005-06-06,81.31731414794922,1.2260010242462158,48.01899719238281
2005-06-07,81.37828063964844,1.2278977632522583,48.40019989013672
2005-06-08,81.2292251586914,1.2237954139709473,48.16947555541992
2005-06-09,81.61538696289062,1.2227928638458252,48.129356384277344
2005-06-10,81.42568969726562,1.2136952877044678,47.58773422241211
2005-06-13,81.68311309814453,1.211798071861267,47.30192184448242
2005-06-14,81.87284088134766,1.202602505683899,46.99091720581055
2005-06-15,82.02860260009766,1.2121946811676023,47.07623291015625
2005-06-16,82.23863220214844,1.2099066972732544,47.31190872192383
2005-06-17,82.54334259033203,1.2278977632522583,47.30689239501953
2005-06-20,82.57051849365234,1.2151997089385986,47.226680755615234
2005-06-21,82.6181640625,1.217404007911682,47.57270812988281
2005-06-22,82.68617248535156,1.212106466293335,48.14946365356445
2005-06-23,81.52310943603516,1.2029062509536743,48.09925842285156
2005-06-24,80.92456817626953,1.2098042964935305,48.34001159667969
2005-06-27,81.04019165039062,1.216397047042847,48.47039413452149
2005-06-28,81.72032928466797,1.2073066234588623,48.1394157409668
2005-06-29,81.502685546875,1.207802414894104,48.06417083740234
2005-06-30,81.06060028076172,1.2091021537780762,48.49549102783203
2005-07-01,81.29863739013672,1.193602204322815,47.9077262878418
2005-07-04,81.29863739013672,1.190901517868042,47.9077262878418
2005-07-05,81.95155334472656,1.1931037902832031,47.45478439331055
2005-07-06,81.26461029052734,1.1929045915603638,47.7164421081543
2005-07-07,81.58425903320312,1.1945005655288696,47.81710433959961
2005-07-08,82.51611328125,1.1981070041656494,47.620880126953125
2005-07-11,82.93780517578125,1.20689857006073,47.620880126953125
2005-07-12,83.15543365478516,1.223002314567566,47.35410690307617
2005-07-13,83.2710952758789,1.208006739616394,47.28370666503906
2005-07-14,83.59756469726562,1.2093945741653442,47.16290283203125
2005-07-15,83.54998779296875,1.204601526260376,47.28870391845703
2005-07-18,83.21665954589844,1.2056035995483398,46.93645477294922
2005-07-19,83.67237091064453,1.2029930353164673,47.102516174316406
2005-07-20,83.95805358886719,1.2158055305480957,47.359134674072266
2005-07-21,83.46835327148438,1.2161011695861816,46.71503448486328
2005-07-22,84.02606201171875,1.2060980796813965,47.07737350463867
2005-07-25,83.78800201416016,1.2065054178237915,46.906246185302734
2005-07-26,83.89006805419922,1.2017064094543457,46.98174285888672
2005-07-27,84.19606018066406,1.206694722175598,46.906246185302734
2005-07-28,84.72663116455078,1.213194727897644,47.32392501831055
2005-07-29,84.1620864868164,1.2124004364013672,46.85596084594727
2005-08-01,84.10087585449219,1.218397855758667,46.68168258666992
2005-08-02,84.60418701171875,1.219393253326416,46.5301628112793
2005-08-03,84.82866668701172,1.23350191116333,46.757415771484375
2005-08-04,84.14849090576172,1.2384973764419556,46.66147613525391
2005-08-05,83.57715606689453,1.2365983724594116,46.29779815673828
2005-08-08,83.42068481445312,1.235101580619812,46.21189880371094
2005-08-09,83.92402648925781,1.2378076314926147,46.3836555480957
2005-08-10,83.88321685791016,1.2386049032211304,46.33317184448242
2005-08-11,84.21649169921875,1.247302770614624,46.65643310546875
2005-08-12,83.6995849609375,1.2444931268692017,47.13124847412109
2005-08-15,84.21649169921875,1.2371032238006592,47.01000213623047
2005-08-16,83.12142944335938,1.234994888305664,47.33829116821289
2005-08-17,83.1146469116211,1.2278074026107788,47.02514266967773
2005-08-18,83.10786437988281,1.218397855758667,47.37367248535156
2005-08-19,83.29827880859375,1.2154951095581057,47.36860275268555
2005-08-22,83.29827880859375,1.223406195640564,47.31810760498047
2005-08-23,83.141845703125,1.2234959602355957,47.53529739379883
2005-08-24,82.4004898071289,1.227400541305542,47.580787658691406
2005-08-25,82.69973754882812,1.230193853378296,47.73226547241211
2005-08-26,82.1352310180664,1.2294074296951294,47.71714782714844
2005-08-29,82.76776885986328,1.2234959602355957,47.77777099609375
2005-08-30,82.33248138427734,1.221806883811951,48.08082580566406
2005-08-31,83.37311553955078,1.234095573425293,48.48491668701172
2005-09-01,83.3118667602539,1.2490007877349854,48.19293594360352
2005-09-02,83.1622543334961,1.2533055543899536,48.2335205078125
2005-09-05,83.1622543334961,1.2526932954788208,48.2335205078125
2005-09-06,84.13484954833984,1.245795488357544,47.89391326904297
2005-09-07,84.27769470214844,1.2416036128997805,47.44275665283203
2005-09-08,83.99885559082031,1.2394031286239624,47.493431091308594
2005-09-09,84.74703979492188,1.2410951852798462,47.645545959472656
2005-09-12,84.57696533203125,1.2291052341461182,47.31608581542969
2005-09-13,84.10767364501953,1.2280033826828003,47.5644416809082
2005-09-14,83.8016128540039,1.2278977632522583,47.381961822509766
2005-09-15,83.76078796386719,1.2236007452011108,46.99168395996094
2005-09-16,84.35640716552734,1.223900318145752,46.68247604370117
2005-09-19,84.07630920410156,1.2139016389846802,46.783878326416016
2005-09-20,83.36600494384766,1.21190083026886,46.90549850463867
2005-09-21,82.58733367919922,1.21190083026886,47.34139633178711
2005-09-22,82.88102722167969,1.2154065370559692,47.295780181884766
2005-09-23,82.94932556152344,1.2040939331054688,46.94098663330078
2005-09-26,83.04493713378906,1.2073066234588623,46.72811126708984
2005-09-27,83.0244369506836,1.2018941640853882,46.79399108886719
2005-09-28,83.10641479492188,1.2061998844146729,47.10827255249024
2005-09-29,83.78264617919922,1.202096462249756,46.89535903930664
2005-09-30,84.04219055175781,1.2028049230575562,46.733192443847656
2005-10-03,83.74165344238281,1.1912987232208252,46.36781311035156
2005-10-04,82.799072265625,1.1918951272964478,46.52047348022461
2005-10-05,81.71299743652344,1.2012012004852295,46.72402572631836
2005-10-06,81.4193115234375,1.2171964645385742,46.5459213256836
2005-10-07,81.69935607910156,1.213003396987915,46.73416519165039
2005-10-10,81.0094985961914,1.204906344413757,46.703643798828125
2005-10-11,80.89337158203125,1.1984946727752686,46.60697937011719
2005-10-12,80.25811004638672,1.2028049230575562,46.15404510498047
2005-10-13,80.21028900146484,1.2018941640853882,45.98611831665039
2005-10-14,81.05729675292969,1.2077003717422483,45.91487503051758
2005-10-17,81.35782623291016,1.20110023021698,45.90473937988281
2005-10-18,80.47666931152344,1.195500135421753,45.95564270019531
2005-10-19,81.81548309326172,1.1974040269851685,45.97596740722656
2005-10-20,80.37425231933594,1.2017930746078491,46.0981330871582
2005-10-21,80.68846130371094,1.1954001188278198,46.52556228637695
2005-10-24,81.93843078613281,1.197604775428772,46.16426086425781
2005-10-25,81.77445983886719,1.2111963033676147,45.76734924316406
2005-10-26,81.53543090820312,1.2063016891479492,45.43151092529297
2005-10-27,80.6679458618164,1.214299559593201,45.59434509277344
2005-10-28,81.82913208007812,1.2071025371551514,45.599422454833984
2005-10-31,82.05455017089844,1.1988970041275024,45.68593215942383
2005-11-01,82.30039978027344,1.202399969100952,45.6332893371582
2005-11-02,83.16108703613281,1.206752896308899,45.41860580444336
2005-11-03,83.51626586914062,1.1952000856399536,45.11193084716797
2005-11-04,83.40695190429688,1.1813069581985474,45.04035568237305
2005-11-07,83.48893737792969,1.1793009042739868,45.19368743896485
2005-11-08,83.48893737792969,1.1768028736114502,45.6332893371582
2005-11-09,83.59822082519531,1.1778008937835691,45.16300964355469
2005-11-10,84.24715423583984,1.1675559282302856,45.71505355834961
2005-11-11,84.53401184082031,1.1735023260116575,45.7406120300293
2005-11-14,84.48617553710938,1.1691941022872925,45.39816284179688
2005-11-15,84.17882537841797,1.1731994152069092,45.694602966308594
2005-11-16,84.3495864868164,1.1677058935165403,46.17507553100586
2005-11-17,85.13508605957031,1.1747982501983645,46.287540435791016
2005-11-18,85.46976470947266,1.1776067018508911,46.07288360595703
2005-11-21,85.90007781982422,1.173695087432861,46.21085739135742
2005-11-22,86.2689437866211,1.181404709815979,46.27219009399414
2005-11-23,86.76756286621094,1.1808048486709597,46.09327697753906
2005-11-24,86.76756286621094,1.1781060695648191,46.09327697753906
2005-11-25,86.83586120605469,1.1724978685379028,46.261962890625
2005-11-28,86.22115325927734,1.1850025653839111,46.49197769165039
2005-11-29,86.12549591064453,1.1768028736114502,46.05238723754883
2005-11-30,85.66101837158203,1.180498123168945,46.00128936767578
2005-12-01,86.53533935546875,1.1742050647735596,45.929420471191406
2005-12-02,86.64459228515625,1.1718933582305908,45.9448127746582
2005-12-05,86.460205078125,1.1787031888961792,45.7394905090332
2005-12-06,86.6241455078125,1.1798018217086792,46.20661544799805
2005-12-07,86.1186752319336,1.1717971563339231,46.0321159362793
2005-12-08,86.06404876708984,1.1813069581985474,46.3298454284668
2005-12-09,86.28941345214844,1.181404709815979,45.9653205871582
2005-12-12,86.37142181396484,1.1956002712249756,45.87807083129883
2005-12-13,86.95877838134766,1.1949001550674438,46.047481536865234
2005-12-14,87.30032348632812,1.1974040269851685,46.519779205322266
2005-12-15,87.0476303100586,1.1967018842697144,46.40683364868164
2005-12-16,86.76748657226562,1.2014031410217283,46.56080627441406
2005-12-19,86.32112121582031,1.2006964683532717,46.6070556640625
2005-12-20,86.40351867675781,1.1874933242797852,46.55057144165039
2005-12-21,86.54083251953125,1.1834039688110352,46.46842956542969
2005-12-22,86.99406433105469,1.187295913696289,46.8380241394043
2005-12-23,87.04214477539062,1.187197208404541,47.12550735473633
2005-12-26,87.04214477539062,1.1837962865829468,47.12550735473633
2005-12-27,86.15634155273438,1.1856067180633545,47.51056671142578
2005-12-28,86.34859466552734,1.184805989265442,47.37806701660156
2005-12-29,85.96407318115234,1.1850025653839111,47.48112106323242
2005-12-30,85.49713134765625,1.184104561805725,47.37290191650391
2006-01-02,85.49713134765625,1.1816978454589844,47.37290191650391
2006-01-03,87.00092315673828,1.2032970190048218,47.31107711791992
2006-01-04,87.41293334960938,1.2111963033676147,47.42444610595703
2006-01-05,87.46786499023438,1.2106977701187134,47.36773681640625
2006-01-06,88.19574737548828,1.2154065370559692,47.28010940551758
2006-01-09,88.42232513427734,1.207496166229248,47.31107711791992
2006-01-10,88.51161193847656,1.2064036130905151,46.92955780029297
2006-01-11,88.7931137084961,1.2139016389846802,46.85231018066406
2006-01-12,88.44292449951172,1.2045000791549685,47.16672897338867
2006-01-13,88.36051177978516,1.214299559593201,47.43991088867188
2006-01-16,88.36051177978516,1.2116072177886963,47.43991088867188
2006-01-17,88.12020874023438,1.2108443975448608,47.65126419067383
2006-01-18,87.76998138427734,1.210800290107727,47.63579940795898
2006-01-19,88.1064682006836,1.2091021537780762,47.496620178222656
2006-01-20,86.49967956542969,1.2136069536209106,47.62033081054688
2006-01-23,86.80863952636719,1.2304056882858276,47.60483932495117
2006-01-24,86.89793395996094,1.2264971733093262,47.37290191650391
2006-01-25,86.97344970703125,1.2244998216629028,46.85742950439453
2006-01-26,87.45409393310547,1.2214934825897217,46.6563720703125
2006-01-27,88.26438903808594,1.2093945741653442,46.6563720703125
2006-01-30,88.19574737548828,1.208605170249939,46.60995864868164
2006-01-31,87.55026245117188,1.2148454189300537,46.73883819580078
2006-02-01,88.16139221191406,1.206694722175598,46.5789909362793
2006-02-02,87.13825225830078,1.208400845527649,46.66691207885742
2006-02-03,86.70565032958984,1.2027037143707275,46.99802017211914
2006-02-06,86.93224334716797,1.196300983428955,47.09116744995117
2006-02-07,86.16317749023438,1.1992995738983154,46.86873245239258
2006-02-08,86.94598388671875,1.19650137424469,46.76007080078125
2006-02-09,86.80176544189453,1.1994003057479858,46.97218322753906
2006-02-10,86.95972442626953,1.19070303440094,46.71349334716797
2006-02-13,86.80176544189453,1.1911994218826294,46.71866989135742
2006-02-14,87.721923828125,1.1915968656539917,46.55312728881836
2006-02-15,88.03093719482422,1.1885942220687866,46.66691207885742
2006-02-16,88.69015502929688,1.19070303440094,46.67728805541992
2006-02-17,88.44981384277344,1.1942009925842283,47.04978561401367
2006-02-20,88.44981384277344,1.193402886390686,47.04978561401367
2006-02-21,88.23006439208984,1.191994547843933,46.97218322753906
2006-02-22,88.76565551757812,1.1915968656539917,47.292930603027344
2006-02-23,88.63519287109375,1.1921935081481934,47.17390060424805
2006-02-24,88.86181640625,1.1878036260604858,47.10149383544922
2006-02-27,88.89613342285156,1.1850025653839111,47.02393341064453
2006-02-28,88.05155181884766,1.1930042505264282,47.25669479370117
2006-03-01,88.83431243896484,1.191994547843933,46.97119903564453
2006-03-02,88.82744598388672,1.203905463218689,46.64408874511719
2006-03-03,88.41545104980469,1.204601526260376,46.3741455078125
2006-03-06,88.0103530883789,1.2016053199768066,45.9692497253418
2006-03-07,87.87297821044922,1.1890040636062622,46.00038909912109
2006-03-08,88.05838775634766,1.1927053928375244,45.984840393066406
2006-03-09,87.46786499023438,1.1904053688049316,46.00038909912109
2006-03-10,88.2987060546875,1.1911001205444336,45.82906723022461
2006-03-13,88.46353912353516,1.1967018842697144,45.792728424072266
2006-03-14,89.39053344726562,1.2018941640853882,46.09904098510742
2006-03-15,89.78878021240234,1.2071025371551514,45.84982299804688
2006-03-16,89.97420501708984,1.217492938041687,46.26512145996094
2006-03-17,90.0493392944336,1.2192000150680542,46.12498092651367
2006-03-20,89.904541015625,1.216293454170227,46.19766998291016
2006-03-21,89.33929443359375,1.210800290107727,45.95887756347656
2006-03-22,89.88386535644531,1.2079044580459597,46.0575065612793
2006-03-23,89.69773864746094,1.197203278541565,45.912147521972656
2006-03-24,89.76669311523438,1.2034997940063477,46.24956893920898
2006-03-27,89.63568115234375,1.20110023021698,46.07828521728516
2006-03-28,89.08418273925781,1.20110023021698,45.6473503112793
2006-03-29,89.64258575439453,1.2030943632125854,45.42934799194336
2006-03-30,89.48404693603516,1.2167967557907104,45.11266326904297
2006-03-31,89.50471496582031,1.2115044593811035,45.09710311889648
2006-04-03,89.4357681274414,1.2139016389846802,45.1116943359375
2006-04-04,90.0079574584961,1.2260010242462158,45.06478500366211
2006-04-05,90.31825256347656,1.2288031578063965,45.1273193359375
2006-04-06,90.2216796875,1.2214038372039795,44.78336715698242
2006-04-07,89.30482482910156,1.2094969749450684,44.34567642211914
2006-04-10,89.44267272949219,1.2111963033676147,44.42904281616211
2006-04-11,88.68431091308594,1.2148010730743408,44.585391998291016
2006-04-12,88.84980773925781,1.2114017009735107,44.31441879272461
2006-04-13,88.73258209228516,1.2116072177886963,44.001766204833984
2006-04-14,88.73258209228516,1.2111963033676147,44.001766204833984
2006-04-17,88.69810485839844,1.2254000902175903,44.16328048706055
2006-04-18,90.1045150756836,1.2367054224014282,44.24143981933594
2006-04-19,90.2768783569336,1.2378076314926147,43.97048568725586
2006-04-20,90.40093231201172,1.230905532836914,43.93398284912109
2006-04-21,90.41470336914062,1.234095573425293,44.18935012817383
2006-04-24,90.24927520751952,1.2388964891433716,44.36651992797852
2006-04-25,89.87696838378906,1.2428998947143557,43.8401985168457
2006-04-26,89.8976821899414,1.2448959350585938,43.76725387573242
2006-04-27,90.3320083618164,1.2531956434249878,43.82456588745117
2006-04-28,90.63536071777344,1.263599514961243,43.85584259033203
2006-05-01,89.8976821899414,1.258004069328308,43.52623748779297
2006-05-02,90.57330322265624,1.261702299118042,43.64131546020508
2006-05-03,90.2354736328125,1.2623074054718018,43.54718780517578
2006-05-04,90.55949401855467,1.270099401473999,43.47394561767578
2006-05-05,91.35923767089844,1.272799015045166,43.735538482666016
2006-05-08,91.24891662597656,1.27029287815094,43.76168441772461
2006-05-09,91.42813873291016,1.2766989469528198,43.735538482666016
2006-05-10,91.37987518310548,1.2774492502212524,43.814002990722656
2006-05-11,90.2768783569336,1.2851983308792114,43.599491119384766
2006-05-12,89.09796905517578,1.2929919958114624,43.23851013183594
2006-05-15,89.27723693847656,1.2790013551712036,43.41117858886719
2006-05-16,89.14620971679688,1.285000205039978,43.735538482666016
2006-05-17,87.45032501220703,1.2741937637329102,43.46346282958984
2006-05-18,87.00909423828125,1.2850992679595947,44.05463409423828
2006-05-19,87.62264251708984,1.2766989469528198,44.169715881347656
2006-05-22,86.95394134521484,1.2852975130081177,44.26386642456055
2006-05-23,86.2920913696289,1.2782983779907229,44.23776245117188
2006-05-24,86.98149871826172,1.277400255203247,44.2586784362793
2006-05-25,88.05699157714844,1.2810001373291016,44.08599090576172
2006-05-26,88.50511169433594,1.2739015817642212,44.05463409423828
2006-05-29,88.50511169433594,1.2751035690307615,44.05463409423828
2006-05-30,86.93327331542969,1.2865046262741089,44.03367614746094
2006-05-31,87.90531158447266,1.2816076278686523,43.77216720581055
2006-06-01,88.7463607788086,1.28109872341156,43.96752548217773
2006-06-02,88.93254089355469,1.2918059825897217,44.5347785949707
2006-06-05,87.63641357421875,1.290106177330017,44.476993560791016
2006-06-06,87.42269134521484,1.282199144363403,44.687110900878906
2006-06-07,86.76779174804688,1.2801966667175293,44.69761276245117
2006-06-08,86.69197845458984,1.2648941278457642,44.786888122558594
2006-06-09,86.41621398925781,1.2640947103500366,45.023231506347656
2006-06-12,85.47863006591797,1.258605718612671,45.05998229980469
2006-06-13,84.48587799072266,1.2545949220657349,45.09151840209961
2006-06-14,85.14081573486328,1.2609069347381592,44.63981246948242
2006-06-15,86.94706726074219,1.2639987468719482,44.38248062133789
2006-06-16,86.3134765625,1.2644941806793213,44.28266525268555
2006-06-19,85.63485717773438,1.258004069328308,44.21963882446289
2006-06-20,85.92567443847656,1.2589067220687866,44.14609146118164
2006-06-21,86.56275177001953,1.2660951614379885,44.15660095214844
2006-06-22,86.18186950683594,1.258494853973389,43.90447235107422
2006-06-23,86.16804504394531,1.2523951530456543,43.81517028808594
2006-06-26,86.54890441894531,1.2589067220687866,43.73117446899414
2006-06-27,85.801025390625,1.256897211074829,43.94652557373047
2006-06-28,86.3826904296875,1.2545949220657349,43.71540451049805
2006-06-29,88.12767028808594,1.26639986038208,43.86250686645508
2006-06-30,88.13455200195312,1.2782983779907229,44.287872314453125
2006-07-03,88.4946517944336,1.28009831905365,44.24414443969727
2006-07-04,88.4946517944336,1.2790013551712036,44.24414443969727
2006-07-05,87.98918914794922,1.2733986377716064,43.890892028808594
2006-07-06,88.2453842163086,1.2775959968566897,44.15977096557617
2006-07-07,87.67066955566406,1.2823965549468994,44.44453430175781
2006-07-10,87.83680725097656,1.2745022773742676,44.486698150634766
2006-07-11,88.224609375,1.2767478227615356,44.62906265258789
2006-07-12,87.28286743164062,1.2711971998214722,44.63959884643555
2006-07-13,85.86336517333984,1.2696961164474487,44.81356430053711
2006-07-14,85.53095245361328,1.2643983364105225,44.83997344970703
2006-07-17,85.40636444091797,1.251799464225769,44.908538818359375
2006-07-18,85.84258270263672,1.2502031326293943,44.52360153198242
2006-07-19,87.03358459472656,1.2599060535430908,44.9454345703125
2006-07-20,86.43809509277344,1.263296127319336,45.07722854614258
2006-07-21,85.8287353515625,1.270599603652954,44.99287414550781
2006-07-24,87.3936767578125,1.262403130531311,44.96651458740234
2006-07-25,87.70524597167969,1.2583998441696167,44.83469772338867
2006-07-26,87.822998046875,1.2712942361831665,44.998146057128906
2006-07-27,87.7398910522461,1.269599437713623,44.92963790893555
2006-07-28,88.61931610107422,1.2751035690307615,45.18798828125
2006-07-31,88.5292739868164,1.277400255203247,45.24596786499024
2006-08-01,88.0930404663086,1.2820019721984863,45.24174499511719
2006-08-02,88.68856048583984,1.2791976928710938,45.41111373901367
2006-08-03,88.9239730834961,1.2799016237258911,45.42174911499024
2006-08-04,88.77163696289062,1.2878963947296145,45.69704818725586
2006-08-07,88.56390380859375,1.2819033861160278,45.72349166870117
2006-08-08,88.224609375,1.2766989469528198,45.62292098999024
2006-08-09,87.9268569946289,1.2874983549118042,45.47467041015625
2006-08-10,88.19690704345703,1.2792959213256836,45.4058723449707
2006-08-11,87.94762420654297,1.2725075483322144,45.2099838256836
2006-08-14,88.01686096191406,1.2722970247268677,45.13058090209961
2006-08-15,89.06938171386719,1.2790995836257937,45.51172256469727
2006-08-16,89.81031036376953,1.2843070030212402,45.81877136230469
2006-08-17,90.03883361816406,1.283202886581421,45.80288314819336
2006-08-18,90.49584197998048,1.2828078269958496,45.93522644042969
2006-08-21,90.10809326171876,1.2872995138168335,46.09934997558594
2006-08-22,90.10112762451172,1.2811970710754397,46.11524200439453
2006-08-23,89.85183715820312,1.2781022787094116,46.13642120361328
2006-08-24,89.77569580078125,1.2761938571929932,46.22109603881836
2006-08-25,89.88650512695312,1.2757054567337036,46.28995513916016
2006-08-28,90.3157730102539,1.2792466878890991,46.332279205322266
2006-08-29,90.419677734375,1.2829065322875977,46.39582443237305
2006-08-30,90.4750747680664,1.284092664718628,46.517574310302734
2006-08-31,90.46118927001952,1.2809016704559326,46.62876129150391
2006-09-01,91.00131225585938,1.2835981845855713,46.64472198486328
2006-09-04,91.00131225585938,1.2856941223144531,46.64472198486328
2006-09-05,91.17440795898438,1.2823965549468994,46.352386474609375
2006-09-06,90.3711929321289,1.2819033861160278,46.28860092163086
2006-09-07,89.95571899414062,1.2732040882110596,46.378936767578125
2006-09-08,90.2119140625,1.2672985792160034,46.4161376953125
2006-09-11,90.30192565917967,1.2710033655166626,46.37363815307617
2006-09-12,91.1882553100586,1.2695027589797974,46.60749053955078
2006-09-13,91.55526733398438,1.2696961164474487,46.62874603271485
2006-09-14,91.56218719482422,1.2722970247268677,46.522457122802734
2006-09-15,91.77713775634766,1.2651021480560305,46.48526382446289
2006-09-18,91.90229034423828,1.2706964015960691,46.41083908081055
2006-09-19,91.67279052734376,1.2677003145217896,46.931678771972656
2006-09-20,92.15961456298828,1.2687939405441284,47.000789642333984
2006-09-21,91.71450805664062,1.2781022787094116,47.43130493164063
2006-09-22,91.43629455566406,1.2799999713897705,47.66518020629883
2006-09-25,92.1387710571289,1.2745022773742676,48.0000114440918
2006-09-26,92.90382385253906,1.2686975002288818,47.798095703125
2006-09-27,93.01513671875,1.270599603652954,47.65989303588867
2006-09-28,92.98030853271484,1.2703574895858765,47.580177307128906
2006-09-29,92.90382385253906,1.2662074565887451,47.52165222167969
2006-10-02,92.55602264404295,1.2741937637329102,47.65187454223633
2006-10-03,92.75082397460938,1.2734960317611694,47.58784484863281
2006-10-04,93.83576202392578,1.2712942361831665,47.93466567993164
2006-10-05,94.01656341552734,1.269551157951355,47.59852981567383
2006-10-06,93.89836120605467,1.260398268699646,47.10226058959961
2006-10-09,93.95401763916016,1.260096549987793,47.2303466796875
2006-10-10,94.0792007446289,1.2531956434249878,46.85678482055664
2006-10-11,93.96786499023438,1.2523951530456543,46.71804428100586
2006-10-12,94.78160095214844,1.2559974193572998,46.74477005004883
2006-10-13,95.02503967285156,1.250500202178955,46.50992965698242
2006-10-16,95.1710968017578,1.2541072368621826,46.71804428100586
2006-10-17,94.8720245361328,1.2545005083084106,46.755401611328125
2006-10-18,94.99722290039062,1.2539026737213137,46.85142517089844
2006-10-19,95.15027618408205,1.2627060413360596,46.76608276367188
2006-10-20,95.1710968017578,1.2616068124771118,46.71804428100586
2006-10-23,95.6092529296875,1.255098819732666,46.53131484985352
2006-10-24,95.8944320678711,1.2559027671813965,46.53131484985352
2006-10-25,96.22129821777344,1.2616068124771118,46.89948272705078
2006-10-26,96.52035522460938,1.2694060802459717,47.20362091064453
2006-10-27,95.91526794433594,1.2743074893951416,47.42242431640625
2006-10-30,95.84575653076172,1.271795392036438,47.55582046508789
2006-10-31,95.83184051513672,1.2766989469528198,47.92400360107422
2006-11-01,95.18502807617188,1.2754452228546145,48.1891975402832
2006-11-02,95.12936401367188,1.2780042886734009,47.99097442626953
2006-11-03,94.96241760253906,1.2706964015960691,47.423133850097656
2006-11-06,96.03351593017578,1.2725560665130615,47.56243515014648
2006-11-07,96.4021224975586,1.27790629863739,47.78206253051758
2006-11-08,96.61080932617188,1.2759984731674194,47.95351028442383
2006-11-09,96.1030731201172,1.283252239227295,47.92671585083008
2006-11-10,96.14480590820312,1.2853965759277344,48.13563537597656
2006-11-13,96.38126373291016,1.2825939655303955,48.1248779296875
2006-11-14,97.10459899902344,1.2813942432403564,48.31238555908203
2006-11-15,97.38277435302734,1.282495141029358,48.13024139404297
2006-11-16,97.63319396972656,1.279394030570984,47.910606384277344
2006-11-17,97.66094970703124,1.285000205039978,48.18380355834961
2006-11-20,97.71658325195312,1.2818048000335691,48.258819580078125
2006-11-21,97.8139190673828,1.2846039533615112,48.37665939331055
2006-11-22,98.00869750976562,1.2938953638076782,48.45703506469727
2006-11-23,98.00869750976562,1.295202612876892,48.45703506469727
2006-11-24,97.61225128173828,1.3085066080093384,48.5427360534668
2006-11-27,96.26994323730467,1.3133012056350708,48.719505310058594
2006-11-28,96.687255859375,1.320393443107605,48.82128143310547
2006-11-29,97.69568634033205,1.3148033618927002,48.70878601074219
2006-11-30,97.73747253417967,1.325100064277649,49.03018951416016
2006-12-01,97.52183532714844,1.334098219871521,49.15493774414063
2006-12-04,98.26602935791016,1.3336000442504885,49.240970611572266
2006-12-05,98.69027709960938,1.331894874572754,49.009761810302734
2006-12-06,98.60684204101562,1.3286564350128174,48.912994384765625
2006-12-07,98.17562866210938,1.3286035060882568,48.87532424926758
2006-12-08,98.3564453125,1.3394052982330322,48.520484924316406
2006-12-11,98.64160919189452,1.325100064277649,48.73014450073242
2006-12-12,98.56510162353516,1.3284975290298462,48.83234405517578
2006-12-13,98.66941833496094,1.3218071460723877,48.396820068359375
2006-12-14,99.53878021240234,1.3156510591506958,48.21936798095703
2006-12-15,99.5478744506836,1.3098949193954468,48.24625396728516
2006-12-18,99.2751235961914,1.3105987310409546,48.26235961914063
2006-12-19,99.46398162841795,1.3207073211669922,48.197845458984375
2006-12-20,99.40802001953124,1.318704605102539,48.19245147705078
2006-12-21,99.04434204101562,1.3183915615081787,48.43444442749024
2006-12-22,98.43592834472656,1.3136979341506958,48.063438415527344
2006-12-25,98.43592834472656,1.3135944604873655,48.063438415527344
2006-12-26,99.01638793945312,1.310994029045105,48.20864486694336
2006-12-27,99.6667709350586,1.312508225440979,47.85417938232422
2006-12-28,99.45697784423828,1.3148033618927002,47.74626159667969
2006-12-29,99.04434204101562,1.3198009729385376,47.70849990844727
2007-01-01,99.04434204101562,1.3218945264816284,47.70849990844727
2007-01-02,99.04434204101562,1.3275980949401855,47.70849990844727
2007-01-03,98.8694839477539,1.3171066045761108,48.0483627319336
2007-01-04,99.07935333251952,1.3092947006225586,48.3397216796875
2007-01-05,98.28900146484376,1.2984988689422607,48.12929534912109
2007-01-08,98.74361419677734,1.3040019273757937,48.21565246582031
2007-01-09,98.6597137451172,1.2996971607208252,48.21565246582031
2007-01-10,98.98835754394533,1.2939958572387695,47.999786376953125
2007-01-11,99.4220199584961,1.289507269859314,47.719276428222656
2007-01-12,100.17732238769533,1.292808175086975,47.49806594848633
2007-01-15,100.17732238769533,1.2935941219329834,47.49806594848633
2007-01-16,99.98152923583984,1.2920063734054563,47.60057830810547
2007-01-17,100.0234603881836,1.2939958572387695,47.45489883422852
2007-01-18,99.68775939941406,1.2960922718048096,47.60057830810547
2007-01-19,99.8835906982422,1.2968990802764893,47.47108840942383
2007-01-22,99.57584381103516,1.2950012683868408,47.58437347412109
2007-01-23,99.86959075927734,1.3023037910461426,47.271461486816406
2007-01-24,100.67386627197266,1.29629385471344,47.26605987548828
2007-01-25,99.49190521240234,1.2939958572387695,46.92618942260742
2007-01-26,99.4010238647461,1.2928917407989502,46.888431549072266
2007-01-29,99.34510040283205,1.29629385471344,46.785945892333984
2007-01-30,99.862548828125,1.2965964078903198,46.83987045288086
2007-01-31,100.5339813232422,1.3023037910461426,47.233734130859375
2007-02-01,101.13549041748048,1.3018969297409058,47.17684555053711
2007-02-02,101.27533721923828,1.2963947057724,47.23639297485352
2007-02-05,101.30326080322266,1.2931926250457764,47.30144119262695
2007-02-06,101.33122253417967,1.2983977794647217,47.56144332885742
2007-02-07,101.5550537109375,1.3023037910461426,47.70230102539063
2007-02-08,101.42219543457033,1.3040019273757937,47.74020004272461
2007-02-09,100.66688537597656,1.3006945848464966,47.469364166259766
2007-02-12,100.32415008544922,1.29629385471344,47.36100387573242
2007-02-13,101.17041778564452,1.3032032251358032,47.25808334350586
2007-02-14,101.8348159790039,1.3139914274215698,47.70771026611328
2007-02-15,101.96770477294922,1.313508152961731,47.84856414794922
2007-02-16,101.91876983642578,1.3138015270233154,48.0164794921875
2007-02-19,101.91876983642578,1.3152011632919312,48.0164794921875
2007-02-20,102.1355209350586,1.3148033618927002,48.12482452392578
2007-02-21,102.0935516357422,1.313905119895935,48.04355239868164
2007-02-22,102.0165786743164,1.312508225440979,47.78355026245117
2007-02-23,101.61798858642578,1.3168984651565552,48.12482452392578
2007-02-26,101.5270538330078,1.319400429725647,48.444435119628906
2007-02-27,97.56168365478516,1.3232064247131348,49.05657958984375
2007-02-28,98.56180572509766,1.322891354560852,48.83442306518555
2007-03-01,98.26799774169922,1.317002534866333,48.80344772338867
2007-03-02,96.981201171875,1.3164995908737185,49.04814529418945
2007-03-05,96.05803680419922,1.3086949586868286,49.129730224609375
2007-03-06,97.7015609741211,1.3138015270233154,48.982906341552734
2007-03-07,97.6036376953125,1.3178529739379885,49.17325973510742
2007-03-08,98.42889404296876,1.314198613166809,49.129730224609375
2007-03-09,98.45689392089844,1.311595797538757,48.61313247680664
2007-03-12,98.6037368774414,1.318791389465332,48.80344772338867
2007-03-13,96.68746185302734,1.319000244140625,49.09709167480469
2007-03-14,97.40779876708984,1.323504090309143,48.874141693115234
2007-03-15,97.54070281982422,1.328303575515747,48.86870956420898
2007-03-16,97.26756286621094,1.331806182861328,48.857872009277344
2007-03-19,98.4401397705078,1.3312920331954956,48.7545166015625
2007-03-20,98.98079681396484,1.33159339427948,48.78171920776367
2007-03-21,100.6097640991211,1.3399077653884888,48.80344772338867
2007-03-22,100.53253173828124,1.3334044218063354,48.4173698425293
2007-03-23,100.67998504638672,1.3296988010406494,48.281436920166016
2007-03-26,100.54655456542967,1.333191156387329,48.34125518798828
2007-03-27,100.30783081054688,1.3365052938461304,48.25967025756836
2007-03-28,99.57762145996094,1.3315047025680542,48.16179275512695
2007-03-29,99.68292236328124,1.3334933519363403,48.09653472900391
2007-03-30,99.70402526855467,1.3358982801437378,48.004093170166016
2007-04-02,99.8163833618164,1.337005615234375,48.083831787109375
2007-04-03,100.890625,1.33249831199646,48.023738861083984
2007-04-04,101.00296783447266,1.3373990058898926,48.07286834716797
2007-04-05,101.2768325805664,1.3432012796401978,47.89279174804688
2007-04-06,101.2768325805664,1.3401951789855957,47.89279174804688
2007-04-09,101.41720581054688,1.335505723953247,47.57624053955078
2007-04-10,101.53662109375,1.3432012796401978,47.71814727783203
2007-04-11,101.122314453125,1.3439956903457642,47.68539047241211
2007-04-12,101.57170104980467,1.3491089344024658,47.6963005065918
2007-04-13,102.0351104736328,1.352100491523743,47.54893493652344
2007-04-16,103.00409698486328,1.3529053926467896,47.81093215942383
2007-04-17,103.27791595458984,1.3572019338607788,48.07833862304688
2007-04-18,103.40428924560548,1.361396312713623,48.31846237182617
2007-04-19,103.37618255615234,1.362434983253479,48.236602783203125
2007-04-20,104.35218048095705,1.3588987588882446,48.11109161376953
2007-04-23,103.9589385986328,1.3584003448486328,48.28572463989258
2007-04-24,104.00112915039062,1.3636053800582886,48.46583938598633
2007-04-25,104.9560089111328,1.363902926445007,48.29664611816406
2007-04-26,105.07538604736328,1.3588987588882446,47.94737243652344
2007-04-27,104.99112701416016,1.3655046224594116,47.93645095825195
2007-04-30,104.12046813964844,1.3652063608169556,48.43856430053711
2007-05-01,104.38726806640624,1.3601001501083374,48.47365188598633
2007-05-02,104.99813842773438,1.3588064908981323,48.44620513916016
2007-05-03,105.56684112548828,1.3556013107299805,48.33668518066406
2007-05-04,105.96713256835938,1.3588987588882446,48.53385543823242
2007-05-07,105.98815155029295,1.360007643699646,48.66534423828125
2007-05-08,105.84771728515624,1.3540961742401123,48.55575942993164
2007-05-09,106.13561248779295,1.3527040481567385,48.364036560058594
2007-05-10,105.02622985839844,1.348308563232422,48.479095458984375
2007-05-11,105.92496490478516,1.352100491523743,48.30928421020508
2007-05-14,105.69328308105467,1.354297757148743,48.18328857421875
2007-05-15,105.72137451171876,1.3596007823944092,48.16683578491211
2007-05-16,106.4445343017578,1.3523930311203003,48.13398742675781
2007-05-17,106.23390197753906,1.34969162940979,47.936805725097656
2007-05-18,107.1607666015625,1.3512965440750122,47.61906051635742
2007-05-21,107.10457611083984,1.3466018438339231,47.761505126953125
2007-05-22,107.02032470703124,1.3452069759368896,47.51497650146485
2007-05-23,107.03434753417967,1.3458044528961182,47.378047943115234
2007-05-24,106.06536865234376,1.3430029153823853,47.421871185302734
2007-05-25,106.50772094726562,1.3450080156326294,47.312313079833984
2007-05-28,106.50772094726562,1.3452069759368896,47.312313079833984
2007-05-29,106.89392852783205,1.3445920944213867,47.30683517456055
2007-05-30,107.76461791992188,1.3432012796401978,47.405399322509766
2007-05-31,107.65226745605467,1.3456052541732788,47.31782150268555
2007-06-01,108.18582916259766,1.344194412231445,47.06922912597656
2007-06-04,108.19989776611328,1.349199891090393,47.2837028503418
2007-06-05,107.77163696289062,1.3520090579986572,46.98675537109375
2007-06-06,106.61307525634766,1.34929096698761,46.96474838256836
2007-06-07,104.68922424316406,1.3428045511245728,46.1233024597168
2007-06-08,106.05134582519533,1.3360053300857544,46.08481216430664
2007-06-11,106.23390197753906,1.335594892501831,45.95283889770508
2007-06-12,105.07538604736328,1.3306012153625488,45.28741455078125
2007-06-13,106.64815521240234,1.3310085535049438,45.82634735107422
2007-06-14,107.3292007446289,1.33159339427948,45.71087646484375
2007-06-15,107.93994140625,1.3379000425338743,46.02434158325195
2007-06-18,107.81299591064452,1.341597557067871,45.93081283569336
2007-06-19,108.08092498779295,1.3424079418182373,46.35977935791016
2007-06-20,106.57893371582033,1.3396027088165283,45.98584747314453
2007-06-21,107.17127227783205,1.3394052982330322,45.76588439941406
2007-06-22,106.1629409790039,1.347091555595398,46.06286239624024
2007-06-25,105.6552276611328,1.3468012809753418,46.31579208374024
2007-06-26,104.56925201416016,1.3448994159698486,46.326778411865234
2007-06-27,106.0571517944336,1.345496654510498,46.37076950073242
2007-06-28,106.04305267333984,1.344700574874878,46.35977935791016
2007-06-29,106.07826232910156,1.3536012172698977,46.8382682800293
2007-07-02,107.03732299804688,1.363493800163269,47.08444213867188
2007-07-03,107.42516326904295,1.3611923456192017,46.79737854003906
2007-07-04,107.42516326904295,1.3615074157714844,46.79737854003906
2007-07-05,107.31236267089844,1.3598966598510742,46.27294158935547
2007-07-06,107.87646484375,1.3629920482635498,46.085235595703125
2007-07-09,107.96110534667967,1.3623977899551392,46.25085067749024
2007-07-10,106.42379760742188,1.376007914543152,47.03477096557617
2007-07-11,107.17835235595705,1.3754022121429443,46.548946380615234
2007-07-12,108.8707046508789,1.378796935081482,46.38888168334961
2007-07-13,109.1951141357422,1.3784927129745483,46.515846252441406
2007-07-16,109.18101501464844,1.377695083618164,46.96300506591797
2007-07-17,109.12458801269533,1.379006028175354,46.863651275634766
2007-07-18,108.9272003173828,1.3807005882263184,47.04031753540039
2007-07-19,109.35028839111328,1.379805088043213,47.02924346923828
2007-07-20,108.24312591552734,1.3833937644958496,47.45430374145508
2007-07-23,108.5745849609375,1.3804908990859983,47.377044677734375
2007-07-24,106.69178771972656,1.3824948072433472,47.55368041992188
2007-07-25,106.91033935546876,1.3726081848144531,47.647552490234375
2007-07-26,104.37881469726562,1.375005125999451,48.04503631591797
2007-07-27,102.3267593383789,1.3636053800582886,48.18305206298828
2007-07-30,103.92752075195312,1.3711966276168823,48.04503631591797
2007-07-31,102.7569351196289,1.3672035932540894,48.39277267456055
2007-08-01,103.25760650634766,1.367708444595337,48.28805923461914
2007-08-02,104.08267211914062,1.3707079887390137,48.40999603271485
2007-08-03,101.40299987792967,1.3787018060684204,48.731422424316406
2007-08-06,103.10247802734376,1.3796910047531128,48.37675094604492
2007-08-07,104.20252990722656,1.374098300933838,48.33793258666992
2007-08-08,105.6552276611328,1.3803004026412964,47.750484466552734
2007-08-09,102.5241928100586,1.367409110069275,47.81697463989258
2007-08-10,102.0447235107422,1.3689066171646118,47.70614242553711
2007-08-13,102.41143798828124,1.3613035678863523,47.84474182128906
2007-08-14,100.845947265625,1.3534914255142212,47.97220230102539
2007-08-15,99.45671844482422,1.3428045511245728,47.800392150878906
2007-08-16,100.20423126220705,1.3424980640411377,48.29358673095703
2007-08-17,102.0447235107422,1.349400281906128,48.09963607788086
2007-08-20,101.99536895751952,1.347490906715393,48.12736129760742
2007-08-21,102.19989013671876,1.345496654510498,48.36009216308594
2007-08-22,103.41271209716795,1.3549952507019043,48.28253555297852
2007-08-23,103.3210220336914,1.355693221092224,48.44880294799805
2007-08-24,104.5974349975586,1.366698980331421,48.687137603759766
2007-08-27,103.6242904663086,1.3637913465499878,48.94203567504883
2007-08-28,101.34661102294922,1.3598966598510742,49.02516174316406
2007-08-29,103.3351593017578,1.367409110069275,48.89216995239258
2007-08-30,103.06014251708984,1.3642005920410156,49.219146728515625
2007-08-31,104.07559204101562,1.3642005920410156,49.2579345703125
2007-09-03,104.07559204101562,1.361396312713623,49.2579345703125
2007-09-04,105.1263198852539,1.3620080947875977,49.28132629394531
2007-09-05,104.2166519165039,1.365392804145813,49.67638397216797
2007-09-06,104.45636749267578,1.3696004152297974,49.54838943481445
2007-09-07,103.00371551513672,1.3775053024291992,50.24956512451172
2007-09-10,102.80630493164062,1.3775053024291992,50.639122009277344
2007-09-11,104.00507354736328,1.384006381034851,50.60013961791992
2007-09-12,104.2730484008789,1.390801191329956,50.41093063354492
2007-09-13,105.00643157958984,1.386693239212036,49.960182189941406
2007-09-14,104.99937438964844,1.3878093957901,50.03253555297852
2007-09-17,104.43524169921876,1.3865010738372805,50.271785736083984
2007-09-18,107.50975036621094,1.3979953527450562,49.89340591430664
2007-09-19,108.1444320678711,1.3969016075134275,49.43155670166016
2007-09-20,107.3828353881836,1.4078954458236694,48.496726989746094
2007-09-21,107.67262268066406,1.4092049598693848,48.9084587097168
2007-09-24,107.4742431640625,1.407400131225586,49.04757308959961
2007-09-25,107.26166534423828,1.4152077436447144,48.875091552734375
2007-09-26,107.82853698730467,1.4133076667785645,48.91963195800781
2007-09-27,108.4661636352539,1.4152077436447144,49.25902557373047
2007-09-28,108.1048355102539,1.4264928102493286,49.37033081054688
2007-10-01,109.32347869873048,1.4236091375350952,49.652435302734375
2007-10-02,109.17464447021484,1.4152077436447144,49.808895111083984
2007-10-03,108.95507049560548,1.4099997282028198,49.66365051269531
2007-10-04,109.1251220703125,1.4135074615478516,49.85361862182617
2007-10-05,110.42164611816406,1.4133076667785645,49.31725311279297
2007-10-08,109.83361053466795,1.4049086570739746,49.27819061279297
2007-10-09,110.86803436279295,1.4106959104537964,49.216739654541016
2007-10-10,110.68382263183594,1.414107084274292,49.244625091552734
2007-10-11,110.15243530273438,1.4201923608779907,49.19440841674805
2007-10-12,110.76171112060548,1.4190032482147217,48.95415496826172
2007-10-15,109.8264617919922,1.4203940629959106,48.96528625488281
2007-10-16,108.95507049560548,1.4176956415176392,48.98208618164063
2007-10-17,109.28800964355467,1.4217066764831543,49.518367767333984
2007-10-18,108.89126586914062,1.4294904470443726,49.79212951660156
2007-10-19,106.04308319091795,1.4296947717666626,50.535133361816406
2007-10-22,106.6594467163086,1.4179972410202026,50.54068374633789
2007-10-23,107.52383422851562,1.4258012771606443,50.47367477416992
2007-10-24,107.32543182373048,1.4263097047805786,50.84797286987305
2007-10-25,107.58049011230467,1.4326032400131226,50.67479705810547
2007-10-26,108.8416748046875,1.4393045902252195,50.55744934082031
2007-10-29,109.20306396484376,1.441794753074646,50.75298309326172
2007-10-30,108.4448699951172,1.44400155544281,50.725093841552734
2007-10-31,109.5714340209961,1.4471989870071411,50.26696014404297
2007-11-01,107.00665283203124,1.442710041999817,50.920108795166016
2007-11-02,107.12708282470705,1.4487924575805664,51.08284378051758
2007-11-05,106.31232452392578,1.4478065967559814,51.06038284301758
2007-11-06,107.74348449707033,1.4564096927642822,50.81349182128906
2007-11-07,104.7960433959961,1.4623944759368896,50.90325927734375
2007-11-08,104.26466369628906,1.4681053161621094,50.81349182128906
2007-11-09,102.8334732055664,1.467502236366272,51.24555587768555
2007-11-12,101.81321716308594,1.4523905515670776,51.430694580078125
2007-11-13,104.91650390625,1.4620951414108276,51.239933013916016
2007-11-14,104.62598419189452,1.46500825881958,51.29607009887695
2007-11-15,103.11688232421876,1.4620951414108276,51.77859115600586
2007-11-16,103.29401397705078,1.4634003639221191,51.85150909423828
2007-11-19,101.85575103759766,1.4668993949890137,52.18817901611328
2007-11-20,102.47924041748048,1.4833053350448608,52.13211441040039
2007-11-21,100.38198852539062,1.4857958555221558,52.43504333496094
2007-11-22,100.38198852539062,1.4855971336364746,52.43504333496094
2007-11-23,102.11790466308594,1.480100154876709,52.59220504760742
2007-11-26,99.86482238769533,1.480100154876709,53.63022232055664
2007-11-27,101.01258087158205,1.483789563179016,53.11959457397461
2007-11-28,104.24344635009766,1.4840978384017944,52.760536193847656
2007-11-29,104.27884674072266,1.4759929180145264,53.21499633789063
2007-11-30,105.32740783691406,1.469594120979309,52.95694351196289
2007-12-03,104.63311004638672,1.467007040977478,53.37715911865234
2007-12-04,103.6978759765625,1.4766032695770264,53.371524810791016
2007-12-05,105.43374633789062,1.459896683692932,52.73496627807617
2007-12-06,106.94285583496094,1.4659103155136108,52.2729721069336
2007-12-07,106.92156219482422,1.4656095504760742,51.68710708618164
2007-12-10,107.75055694580078,1.4708911180496216,51.37726974487305
2007-12-11,104.7960433959961,1.466490626335144,52.38566970825195
2007-12-12,105.83051300048828,1.4716053009033203,51.8448486328125
2007-12-13,105.61084747314452,1.462993621826172,51.2815055847168
2007-12-14,104.27173614501952,1.4437098503112793,51.04487609863281
2007-12-17,102.7838897705078,1.4412959814071655,51.50123977661133
2007-12-18,103.3577880859375,1.4412959814071655,51.83356475830078
2007-12-19,103.3577880859375,1.4383935928344729,52.52085494995117
2007-12-20,104.00958251953124,1.433301329612732,52.40818405151367
2007-12-21,105.50894927978516,1.438807487487793,51.64201736450195
2007-12-24,106.29244232177734,1.439698338508606,51.39976501464844
2007-12-25,106.29244232177734,1.4395946264266968,51.39976501464844
2007-12-26,106.5203628540039,1.4487924575805664,50.94913482666016
2007-12-27,105.18128967285156,1.4613901376724243,51.50455474853516
2007-12-28,104.9177703857422,1.4718002080917358,52.307716369628906
2007-12-31,104.14137268066406,1.4601097106933594,52.62446975708008
2008-01-01,104.14137268066406,1.4620096683502195,52.62446975708008
2008-01-02,103.22967529296876,1.4716920852661133,53.382362365722656
2008-01-03,103.17981719970705,1.4744912385940552,53.308876037597656
2008-01-04,100.65125274658205,1.4754921197891235,53.32019805908203
2008-01-07,100.56575012207033,1.468299388885498,53.55207443237305
2008-01-08,98.94178009033205,1.5570987462997437,53.4898567199707
2008-01-09,99.9817352294922,1.466404676437378,53.59164047241211
2008-01-10,100.6369857788086,1.480100154876709,52.867706298828125
2008-01-11,99.82502746582033,1.4790055751800537,53.28059768676758
2008-01-14,100.6298599243164,1.4869003295898438,53.47854232788086
2008-01-15,98.41471099853516,1.4802095890045166,54.07809066772461
2008-01-16,97.5670928955078,1.466404676437378,53.68782043457031
2008-01-17,95.03852081298828,1.464000225067139,54.38351058959961
2008-01-18,94.06271362304688,1.4617959260940552,54.010196685791016
2008-01-21,94.06271362304688,1.4420026540756226,54.010196685791016
2008-01-22,93.10826873779295,1.464793682098389,54.587162017822266
2008-01-23,95.34479522705078,1.4632076025009155,54.46272659301758
2008-01-24,96.14967346191406,1.4774104356765747,53.3711051940918
2008-01-25,94.76075744628906,1.467502236366272,54.27043914794922
2008-01-28,96.32776641845705,1.4788086414337158,54.066776275634766
2008-01-29,96.80499267578124,1.4771921634674072,53.69915008544922
2008-01-30,96.09271240234376,1.483107328414917,53.34848785400391
2008-01-31,97.84487915039062,1.4865025281906128,53.7274284362793
2008-02-01,99.41903686523438,1.4799906015396118,54.05037689208984
2008-02-04,98.1654052734375,1.4827995300292969,53.4941520690918
2008-02-05,95.53714752197266,1.4638073444366455,53.902793884277344
2008-02-06,94.7678451538086,1.4617104530334473,53.73820114135742
2008-02-07,95.39468383789062,1.4478904008865356,52.5803108215332
2008-02-08,94.78215026855467,1.5570987462997437,53.18196868896485
2008-02-11,95.26644897460938,1.450200080871582,53.40330123901367
2008-02-12,96.14967346191406,1.4581936597824097,53.0854721069336
2008-02-13,97.13260650634766,1.455604076385498,52.52357864379883
2008-02-14,96.2778778076172,1.4644076824188232,51.75168228149414
2008-02-15,96.25651550292967,1.4676098823547363,52.14899444580078
2008-02-18,96.25651550292967,1.46500825881958,52.14899444580078
2008-02-19,96.52718353271484,1.4729926586151123,51.6211166381836
2008-02-20,96.81208801269533,1.4722987413406372,51.97872924804688
2008-02-21,96.00718688964844,1.4815034866333008,52.52925491333008
2008-02-22,96.59839630126952,1.482601761817932,52.228458404541016
2008-02-25,97.81642150878906,1.4835914373397827,51.69491195678711
2008-02-26,98.5500259399414,1.4996100664138794,51.71197128295898
2008-02-27,98.4502944946289,1.511807203292847,51.7573471069336
2008-02-28,97.48878479003906,1.5195951461791992,52.67682266235352
2008-02-29,95.31632995605467,1.519202709197998,53.482791900634766
2008-03-03,95.0884017944336,1.5200109481811523,53.34490966796875
2008-03-04,94.72512817382812,1.521005153656006,52.82651901245117
2008-03-05,95.32349395751952,1.527697205543518,52.19411087036133
2008-03-06,93.35047912597656,1.5385088920593262,52.47330856323242
2008-03-07,92.3888931274414,1.5336012840270996,52.54165649414063
2008-03-10,91.1708984375,1.534095287322998,53.3163948059082
2008-03-11,94.44734191894533,1.5341894626617432,52.86067581176758
2008-03-12,93.56414031982422,1.5540015697479248,53.88041305541992
2008-03-13,93.77068328857422,1.5622069835662842,53.45887756347656
2008-03-14,92.31764221191406,1.561792254447937,54.11966323852539
2008-03-17,91.38455963134766,1.574803113937378,54.53559875488281
2008-03-18,95.1810531616211,1.565802812576294,54.32479095458984
2008-03-19,92.8233642578125,1.563892841339111,55.224891662597656
2008-03-20,94.54273223876952,1.54421067237854,55.361576080322266
2008-03-21,94.54273223876952,1.5697108507156372,55.361576080322266
2008-03-24,96.43242645263672,1.5434956550598145,54.290626525878906
2008-03-25,96.52546691894533,1.5612071752548218,54.518436431884766
2008-03-26,95.34440612792967,1.5824036598205566,54.290626525878906
2008-03-27,95.0437469482422,1.5814026594161987,53.9089241027832
2008-03-28,94.13470458984376,1.5760937929153442,54.433048248291016
2008-03-31,94.46397399902344,1.5757957696914673,54.626708984375
2008-04-01,97.7853012084961,1.5757957696914673,53.7376594543457
2008-04-02,97.84976196289062,1.5677913427352903,53.85206604003906
2008-04-03,98.09307861328124,1.5667105913162231,53.97223281860352
2008-04-04,97.9856948852539,1.5736879110336304,54.46419906616211
2008-04-07,98.03582763671876,1.5704996585845947,54.178184509277344
2008-04-08,97.93561553955078,1.5578023195266724,53.98942184448242
2008-04-09,97.22695922851562,1.5824036598205566,54.55006790161133
2008-04-10,97.36299896240234,1.57420814037323,54.36695861816406
2008-04-11,95.4732666015625,1.582203388214111,54.73310470581055
2008-04-14,95.15110778808594,1.5825037956237793,54.4127197265625
2008-04-15,95.37305450439452,1.5786067247390747,53.7376594543457
2008-04-16,97.95704650878906,1.5958125591278076,53.21131896972656
2008-04-17,98.1002426147461,1.5902043581008911,53.11978912353516
2008-04-18,99.12384033203124,1.5733908414840698,53.074031829833984
2008-04-21,99.17396545410156,1.5911911725997925,53.28571319580078
2008-04-22,98.73727416992188,1.5987977981567385,53.4687614440918
2008-04-23,98.579833984375,1.58740234375,53.29143524169922
2008-04-24,99.00931549072266,1.568406105041504,52.83944320678711
2008-04-25,99.9255142211914,1.5636972188949585,52.5305290222168
2008-04-28,99.94699096679688,1.5652881860733032,52.69070053100586
2008-04-29,99.55327606201172,1.556710958480835,52.890960693359375
2008-04-30,98.96634674072266,1.5622069835662842,53.26852798461914
2008-05-01,101.01355743408205,1.5622069835662842,53.2719841003418
2008-05-02,101.29265594482422,1.5434004068374634,52.60018539428711
2008-05-05,100.8059310913086,1.5498108863830566,52.60018539428711
2008-05-06,101.6792449951172,1.553591012954712,52.22122573852539
2008-05-07,99.86825561523438,1.5385088920593262,52.44516754150391
2008-05-08,99.61060333251952,1.5464078187942505,52.91598892211914
2008-05-09,99.42444610595705,1.5489946603775024,53.11117172241211
2008-05-12,100.5411376953125,1.5540015697479248,53.030799865722656
2008-05-13,100.5553970336914,1.547700047492981,52.45092010498047
2008-05-14,100.76300811767578,1.546910047531128,52.47387313842773
2008-05-15,102.02281951904295,1.5450935363769531,52.95048141479492
2008-05-16,102.1158447265625,1.5596001148223877,52.73226165771485
2008-05-19,102.39502716064452,1.5527950525283811,52.801177978515625
2008-05-20,101.56468963623048,1.5654107332229614,53.07671356201172
2008-05-21,99.84681701660156,1.5788060426712036,53.088226318359375
2008-05-22,99.86111450195312,1.573192834854126,52.46237564086914
2008-05-23,98.52253723144533,1.5785070657730105,52.692039489746094
2008-05-26,98.52253723144533,1.5779341459274292,52.692039489746094
2008-05-27,99.25267028808594,1.569095015525818,52.3360481262207
2008-05-28,99.71080780029295,1.5656068325042725,51.87096786499024
2008-05-29,100.21183013916016,1.5518070459365845,51.49774169921875
2008-05-30,100.46236419677734,1.5540982484817505,51.83654022216797
2008-06-02,99.42444610595705,1.5546056032180786,52.036502838134766
2008-06-03,98.84465789794922,1.5450220108032229,52.41110610961914
2008-06-04,98.79454040527344,1.5432575941085815,51.94430923461914
2008-06-05,100.77018737792967,1.5588949918746948,51.633113861083984
2008-06-06,97.55623626708984,1.5785070657730105,52.30157852172852
2008-06-09,97.7924346923828,1.5643576383590698,52.30157852172852
2008-06-10,97.30570220947266,1.5464078187942505,51.96158599853516
2008-06-11,95.87409973144533,1.555790662765503,51.840579986572266
2008-06-12,96.23915100097656,1.5460968017578125,51.32197952270508
2008-06-13,97.45601654052734,1.5369009971618652,51.21245574951172
2008-06-16,97.51329040527344,1.547388792037964,51.22397994995117
2008-06-17,97.04087829589844,1.5521925687789917,51.32770538330078
2008-06-18,96.09598541259766,1.553808331489563,51.75988006591797
2008-06-19,96.2177276611328,1.550988793373108,51.45444869995117
2008-06-20,94.65595245361328,1.5627930164337158,51.75415802001953
2008-06-23,94.56239318847656,1.5522888898849487,51.863563537597656
2008-06-24,94.37535858154295,1.5570018291473389,52.209381103515625
2008-06-25,94.82138061523438,1.5673980712890625,52.232421875
2008-06-26,92.24600219726562,1.5752992630004885,52.58394241333008
2008-06-27,91.74246215820312,1.5752992630004885,53.20051956176758
2008-06-30,92.06614685058594,1.57500159740448,53.21209335327149
2008-07-01,92.35391235351562,1.57500159740448,53.086036682128906
2008-07-02,90.77127838134766,1.5878056287765503,53.36360549926758
2008-07-03,90.86481475830078,1.5700066089630127,53.24789810180664
2008-07-04,90.86481475830078,1.5713881254196167,53.24789810180664
2008-07-07,89.93678283691406,1.5720057487487793,53.490867614746094
2008-07-08,91.5338134765625,1.5333895683288574,53.83790588378906
2008-07-09,89.77132415771484,1.5735888481140137,54.07499313354492
2008-07-10,90.13824462890624,1.5785070657730105,54.06917572021485
2008-07-11,89.08792114257812,1.59489643573761,53.30000305175781
2008-07-14,88.28221893310547,1.589092493057251,53.768402099609375
2008-07-15,87.0376968383789,1.5899008512496948,53.7510986328125
2008-07-16,89.17423248291016,1.582203388214111,52.77947235107422
2008-07-17,90.0662841796875,1.585590124130249,52.507659912109375
2008-07-18,90.62741088867188,1.5853890180587769,52.31100463867188
2008-07-21,90.67774963378906,1.5913937091827393,52.51346206665039
2008-07-22,91.70643615722656,1.5792051553726196,52.25321578979492
2008-07-23,92.20284271240234,1.5692428350448608,52.14908218383789
2008-07-24,90.2892837524414,1.568873643875122,52.65802001953125
2008-07-25,90.26773071289062,1.5672998428344729,52.13174819946289
2008-07-28,88.94407653808594,1.5741338729858398,52.65802001953125
2008-07-29,90.84322357177734,1.5590895414352417,52.44405746459961
2008-07-30,92.46180725097656,1.5573655366897583,52.49607467651367
2008-07-31,91.2388916015625,1.5593082904815674,53.016563415527344
2008-08-01,90.75686645507812,1.5593082904815674,53.13387680053711
2008-08-04,89.91519165039062,1.5593082904815674,53.011966705322266
2008-08-05,92.33950805664062,1.5593082904815674,52.61722946166992
2008-08-08,93.06607055664062,1.5048909187316897,53.4008674621582
2008-08-11,94.0300521850586,1.5048909187316897,52.89005661010742
2008-08-12,93.05169677734376,1.5048909187316897,53.3834228515625
2008-08-13,92.49059295654295,1.5048909187316897,53.19768524169922
2008-08-26,91.6417236328125,1.464793682098389,54.61394119262695
2008-08-27,92.53376770019533,1.4725805521011353,54.70683288574219
2008-08-28,93.6559829711914,1.4714103937149048,54.712646484375
2008-08-29,92.64884185791016,1.4670931100845337,54.46885299682617
2008-09-01,92.64884185791016,1.4574922323226929,54.46885299682617
2008-09-02,92.07335662841795,1.4515894651412964,54.97566986083984
2008-09-03,91.9941864013672,1.4486035108566284,55.208683013916016
2008-09-04,89.22457122802734,1.4264928102493286,55.651466369628906
2008-09-05,89.5051498413086,1.4274905920028689,55.62231063842773
2008-09-08,91.3539581298828,1.5050041675567627,55.85534286499024
2008-09-09,88.64190673828125,1.414847493171692,56.40873336791992
2008-09-10,89.0015869140625,1.3984057903289795,56.05923843383789
2008-09-11,90.2892837524414,1.3995996713638306,56.030120849609375
2008-09-12,90.70650482177734,1.4239943027496338,55.30778121948242
2008-09-15,86.3902359008789,1.4268999099731443,57.10203170776367
2008-09-16,87.83618927001953,1.4135074615478516,57.09034729003906
2008-09-17,83.88679504394531,1.4329315423965454,57.375823974609375
2008-09-18,86.3758544921875,1.430492281913757,56.536903381347656
2008-09-19,89.80615997314453,1.441794753074646,54.7426986694336
2008-09-22,87.77303314208984,1.4795963764190674,54.73685836791992
2008-09-23,85.7760238647461,1.4692918062210083,54.52712631225586
2008-09-24,86.05099487304688,1.463314652442932,54.76597213745117
2008-09-25,87.3967514038086,1.4641932249069214,54.6552963256836
2008-09-26,87.44017791748047,1.459896683692932,55.05143356323242
2008-09-29,80.58821868896484,1.4393253326416016,56.6534309387207
2008-09-30,83.92378234863281,1.409641981124878,55.27277755737305
2008-10-01,83.97441864013672,1.4016202688217163,55.96814727783203
2008-10-02,80.92830657958984,1.380795955657959,56.4181022644043
2008-10-03,79.83574676513672,1.3784927129745483,56.91477966308594
2008-10-06,75.76943969726562,1.3504936695098877,57.94905853271485
2008-10-07,72.37604522705078,1.3588064908981323,57.77378463745117
2008-10-08,70.55269622802734,1.4957072734832764,56.94402313232422
2008-10-09,65.62535095214844,1.3598041534423828,56.46487045288086
2008-10-10,64.03358459472656,1.3398001194000244,56.06753540039063
2008-10-13,73.33112335205078,1.3621937036514282,55.3487434387207
2008-10-14,72.24578094482422,1.3618041276931765,54.992305755615234
2008-10-15,65.13334655761719,1.3443931341171265,55.51821517944336
2008-10-16,67.84661102294922,1.3489997386932373,55.23185348510742
2008-10-17,67.44145202636719,1.3422999382019043,54.85203552246094
2008-10-20,71.49329376220703,1.3313274383544922,55.29034805297852
2008-10-21,69.3588638305664,1.3061139583587646,55.58251953125
2008-10-22,65.58195495605469,1.2816734313964844,56.71028518676758
2008-10-23,66.3416748046875,1.2944984436035156,57.13101577758789
2008-10-24,62.97721099853516,1.262993097305298,56.52326583862305
2008-10-27,60.741455078125,1.246463179588318,56.56416320800781
2008-10-28,67.83940124511719,1.2809016704559326,55.74028778076172
2008-10-29,67.347412109375,1.2959243059158323,55.45977783203125
2008-10-30,69.67720031738281,1.2868025302886963,54.95721054077149
2008-10-31,70.0606918334961,1.2701960802078247,54.24441146850586
2008-11-03,70.2632827758789,1.2617977857589722,54.39100646972656
2008-11-04,72.65097045898438,1.2983977794647217,55.41184616088867
2008-11-05,69.59760284423828,1.2918059825897217,56.06888961791992
2008-11-06,65.74112701416016,1.2695027589797974,55.6640625
2008-11-07,67.9117660522461,1.2714072465896606,55.30037689208984
2008-11-10,67.0218276977539,1.2747948169708252,55.57022857666016
2008-11-11,64.95244598388672,1.2515957355499268,55.73454284667969
2008-11-12,62.094486236572266,1.2459040880203247,56.09239959716797
2008-11-13,65.9654312133789,1.2788705825805664,54.74897003173828
2008-11-14,62.67333984375,1.2596997022628784,55.83422470092773
2008-11-17,61.84124374389648,1.2643983364105225,56.080657958984375
2008-11-18,63.00613021850586,1.2636953592300415,56.80228042602539
2008-11-19,58.96875762939453,1.2505314350128174,58.25719833374024
2008-11-20,54.59131240844727,1.243904948234558,61.266902923583984
2008-11-21,57.53615951538086,1.2590969800949097,60.38099670410156
2008-11-24,61.52286529541016,1.291772723197937,59.43644714355469
2008-11-25,61.97867584228516,1.303407073020935,61.18476104736328
2008-11-26,64.37362670898438,1.289923071861267,61.266902923583984
2008-11-27,64.37362670898438,1.289507269859314,61.266902923583984
2008-11-28,65.18402862548828,1.269792914390564,62.02373504638672
2008-12-01,59.410118103027344,1.2599060535430908,64.39893341064453
2008-12-02,61.69654083251953,1.2713264226913452,64.64619445800781
2008-12-03,63.17977523803711,1.270793318748474,64.8286361694336
2008-12-04,61.71821975708008,1.277400255203247,66.1060562133789
2008-12-05,63.62114715576172,1.2716983556747437,65.03474426269531
2008-12-08,65.84245300292969,1.4918025732040403,64.89339447021484
2008-12-09,64.75714111328125,1.2926075458526611,66.17665100097656
2008-12-10,65.1984634399414,1.3014055490493774,66.01776123046875
2008-12-11,63.62839126586914,1.3329956531524658,66.14727020263672
2008-12-12,64.38812255859375,1.33539879322052,66.14727020263672
2008-12-15,63.49093246459961,1.3696004152297974,66.90074157714844
2008-12-16,66.47915649414062,1.4061928987503052,68.55484008789062
2008-12-17,65.83519744873047,1.440839171409607,70.41505432128906
2008-12-18,64.60515594482422,1.4293065071105957,71.89250946044922
2008-12-19,64.3272476196289,1.392602562904358,71.96910095214844
2008-12-22,63.50301742553711,1.3959071636199951,71.41571807861328
2008-12-23,62.8465461730957,1.3937865495681765,71.32151794433594
2008-12-24,63.21123504638672,1.4008938074111938,71.1684799194336
2008-12-25,63.21123504638672,1.4015023708343506,71.1684799194336
2008-12-26,63.575958251953125,1.4027016162872314,71.40396118164062
2008-12-29,63.39361190795898,1.403902888298035,71.31828308105469
2008-12-30,64.89620208740234,1.4140071868896484,71.99752044677734
2008-12-31,65.82256317138672,1.3979953527450562,70.49149322509766
2009-01-01,65.82256317138672,1.3998936414718628,70.49149322509766
2009-01-02,67.80659484863281,1.3922922611236572,68.71952056884766
2009-01-05,67.72636413574219,1.3645915985107422,66.94766235351562
2009-01-06,68.1785888671875,1.3510043621063232,66.27436065673828
2009-01-07,66.13623046875,1.3610997200012207,66.53424072265625
2009-01-08,66.40609741210938,1.3699005842208862,66.48102569580078
2009-01-09,64.98373413085938,1.345496654510498,66.58149719238281
2009-01-12,63.42277908325195,1.3360053300857544,67.27246856689453
2009-01-13,63.539493560791016,1.320201754570007,67.3433609008789
2009-01-14,61.54088973999024,1.3217023611068726,68.45381164550781
2009-01-15,61.56279754638672,1.315806865692139,68.56596374511719
2009-01-16,62.0441780090332,1.329203963279724,67.5087661743164
2009-01-19,62.0441780090332,1.3093974590301514,67.5087661743164
2009-01-20,58.76910781860352,1.2884937524795532,67.4969482421875
2009-01-21,61.307464599609375,1.3005084991455078,65.36477661132812
2009-01-22,60.359222412109375,1.3006776571273804,64.10678100585938
2009-01-23,60.62182235717773,1.2964956760406494,63.60471725463867
2009-01-26,61.0375862121582,1.319191575050354,63.04952239990234
2009-01-27,61.65761184692383,1.3215975761413574,64.53202819824219
2009-01-28,63.743743896484375,1.3153221607208252,62.91957092285156
2009-01-29,61.672176361083984,1.2937949895858765,61.472537994384766
2009-01-30,60.417579650878906,1.2836971282958984,61.27763366699219
2009-02-02,60.23524475097656,1.2814927101135254,62.41772079467773
2009-02-03,61.08134460449219,1.3012869358062744,60.93115234375
2009-02-04,60.78229904174805,1.2855618000030518,60.71794891357422
2009-02-05,61.68675994873047,1.2791157960891724,60.771240234375
2009-02-06,63.44466400146485,1.2927078008651731,60.58175277709961
2009-02-09,63.53221893310547,1.2959076166152954,60.777156829833984
2009-02-10,60.62182235717773,1.2914056777954102,62.09792709350586
2009-02-11,60.979225158691406,1.2868025302886963,62.90335464477539
2009-02-12,61.02301025390625,1.28909170627594,62.311153411865234
2009-02-13,60.36652374267578,1.286603927612305,60.65279769897461
2009-02-16,60.36652374267578,1.2799016237258911,60.65279769897461
2009-02-17,57.78438568115234,1.2581939697265625,62.5421142578125
2009-02-18,57.64580535888672,1.256897211074829,62.009071350097656
2009-02-19,57.02579116821289,1.2659028768539429,60.954776763916016
2009-02-20,56.47146224975586,1.293292999267578,61.5471076965332
2009-02-23,54.45096969604492,1.267812728881836,62.115684509277344
2009-02-24,56.51520156860352,1.2873989343643188,62.050537109375
2009-02-25,56.070289611816406,1.2724264860153198,61.33386993408203
2009-02-26,55.15848922729492,1.2720541954040527,60.68831634521485
2009-02-27,53.92575073242188,1.2678931951522827,60.33892822265625
2009-03-02,51.49681854248047,1.256407618522644,61.337867736816406
2009-03-03,51.11022567749024,1.253179907798767,60.92803955078125
2009-03-04,52.32106018066406,1.2638070583343506,60.64894485473633
2009-03-05,50.183868408203125,1.2546736001968384,62.33560180664063
2009-03-06,50.27139663696289,1.2638070583343506,61.91986083984375
2009-03-09,49.68056106567383,1.2622755765914917,61.55762481689453
2009-03-10,52.641998291015625,1.2716660499572754,60.375732421875
2009-03-11,52.984825134277344,1.2806720733642578,61.029056549072266
2009-03-12,55.07096481323242,1.289889931678772,61.32005310058594
2009-03-13,55.50131607055664,1.2929919958114624,61.01122283935547
2009-03-16,55.33356857299805,1.2976058721542358,60.0490837097168
2009-03-17,57.02579116821289,1.3033220767974854,59.72244644165039
2009-03-18,58.302276611328125,1.3483994007110596,61.98522186279297
2009-03-19,57.58018493652344,1.3661948442459106,62.0623893737793
2009-03-20,56.35403823852539,1.3581973314285278,61.71795654296875
2009-03-23,60.40192031860352,1.3620452880859375,61.18341064453125
2009-03-24,59.211795806884766,1.348126769065857,61.76543426513672
2009-03-25,59.836212158203125,1.3576995134353638,60.93397903442383
2009-03-26,61.05574035644531,1.3530701398849487,61.64079284667969
2009-03-27,59.9537467956543,1.329203963279724,62.098026275634766
2009-03-30,57.88207244873047,1.318617582321167,62.33560180664063
2009-03-31,58.41835784912109,1.3246963024139404,62.78099060058594
2009-04-01,59.549713134765625,1.324099898338318,63.35398483276367
2009-04-02,61.290794372558594,1.346692442893982,62.57967758178711
2009-04-03,61.90058135986328,1.34890878200531,61.29911804199219
2009-04-06,61.41568756103516,1.340572476387024,61.03715515136719
2009-04-07,59.98315048217773,1.327739119529724,61.19195175170898
2009-04-08,60.62965393066406,1.3251352310180664,61.73393630981445
2009-04-09,63.03925323486328,1.3159972429275513,60.959693908691406
2009-04-10,63.03925323486328,1.3175925016403198,60.959693908691406
2009-04-13,63.053932189941406,1.3363981246948242,61.51955032348633
2009-04-14,61.966705322265625,1.327404260635376,61.84118270874024
2009-04-15,62.62784576416016,1.3225939273834229,61.73393630981445
2009-04-16,63.546146392822266,1.3180439472198486,61.24556350708008
2009-04-17,63.97222518920898,1.304495334625244,60.57253646850586
2009-04-20,61.290794372558594,1.2928917407989502,61.48973083496094
2009-04-21,62.48823928833008,1.2934937477111816,60.88222885131836
2009-04-22,62.10627365112305,1.300576090812683,60.51298141479492
2009-04-23,62.71599960327149,1.3140950202941897,60.50704574584961
2009-04-24,63.663700103759766,1.3258028030395508,59.89954376220703
2009-04-27,63.06126403808594,1.3018969297409058,60.1556282043457
2009-04-28,62.8629264831543,1.313094139099121,59.172882080078125
2009-04-29,64.19995880126953,1.3265942335128784,58.648681640625
2009-04-30,64.22201538085938,1.323521614074707,58.41643905639648
2009-05-01,64.56727600097656,1.3268054723739624,58.01442337036133
2009-05-04,66.76387023925781,1.3418675661087036,58.2055549621582
2009-05-05,66.5361557006836,1.33159339427948,58.13393783569336
2009-05-06,67.68951416015625,1.3312920331954956,57.99649810791016
2009-05-07,66.74918365478516,1.3392080068588257,56.58062362670898
2009-05-08,68.30659484863281,1.363902926445007,56.71802520751953
2009-05-11,67.02831268310547,1.358991026878357,57.524532318115234
2009-05-12,66.83000183105469,1.364498496055603,57.73363876342773
2009-05-13,65.14765930175781,1.358861804008484,58.36091613769531
2009-05-14,65.70599365234375,1.3636053800582886,58.5878791809082
2009-05-15,65.16972351074219,1.350201964378357,58.56998825073242
2009-05-18,67.02098083496094,1.3558034896850586,57.66197967529297
2009-05-19,66.9401626586914,1.3632335662841797,57.35725784301758
2009-05-20,66.49205017089844,1.3772966861724854,57.96063232421875
2009-05-21,65.5370101928711,1.390607833862305,56.50295639038086
2009-05-22,65.39742279052734,1.4003052711486816,55.87567901611328
2009-05-25,65.39742279052734,1.4006974697113037,55.87567901611328
2009-05-26,67.07244110107422,1.3994038105010986,55.03338623046875
2009-05-27,65.87493896484375,1.3833937644958496,54.05954360961914
2009-05-28,66.7932357788086,1.3931069374084473,54.8421516418457
2009-05-29,67.97599792480469,1.4157087802886963,56.25801086425781
2009-06-01,69.62162017822266,1.4163904190063477,54.59483337402344
2009-06-02,69.68037414550781,1.4308607578277588,54.88852310180664
2009-06-03,68.7988052368164,1.4149675369262695,55.403953552246094
2009-06-04,69.44528198242188,1.4177961349487305,54.25920486450195
2009-06-05,69.46000671386719,1.3971943855285645,53.845611572265625
2009-06-08,69.17347717285156,1.3902984857559204,53.707786560058594
2009-06-09,69.5261001586914,1.4063313007354736,53.70181655883789
2009-06-10,69.34979248046875,1.3983862400054932,52.856727600097656
2009-06-11,69.65831756591797,1.4110939502716064,53.44407653808594
2009-06-12,69.8493423461914,1.4001091718673706,53.92354202270508
2009-06-15,68.24781799316406,1.3784927129745483,54.40903472900391
2009-06-16,67.32215118408203,1.382991909980774,55.35599899291992
2009-06-17,67.25606536865234,1.393805980682373,55.04433441162109
2009-06-18,67.74826049804688,1.3914979696273804,54.21123504638672
2009-06-19,67.99798583984375,1.3947001695632937,54.95445251464844
2009-06-22,65.95894622802734,1.386520266532898,55.487831115722656
2009-06-23,66.01066589355469,1.4072020053863523,56.14118957519531
2009-06-24,66.57951354980469,1.3940973281860352,55.57774353027344
2009-06-25,68.02754974365234,1.3985623121261597,56.59669494628906
2009-06-26,67.85022735595703,1.4053035974502563,56.69254302978516
2009-06-29,68.48558044433594,1.408609390258789,56.77647399902344
2009-06-30,67.93146514892578,1.4038830995559692,56.68056488037109
2009-07-01,68.21223449707031,1.414087176322937,56.56814956665039
2009-07-02,66.35050964355469,1.3957513570785522,56.700382232666016
2009-07-03,66.35050964355469,1.3960046768188477,56.700382232666016
2009-07-06,66.34308624267578,1.3977022171020508,56.59215545654297
2009-07-07,65.05760955810547,1.3915947675704956,56.97092819213867
2009-07-08,65.0132827758789,1.387905836105347,58.023193359375
2009-07-09,65.13887786865234,1.4027999639511108,57.33174896240234
2009-07-10,64.98375701904297,1.3933980464935305,57.86089324951172
2009-07-13,66.56473541259766,1.399012327194214,57.53618240356445
2009-07-14,66.9415283203125,1.3971552848815918,56.58015441894531
2009-07-15,68.89930725097656,1.4101985692977903,55.12504577636719
2009-07-16,68.78846740722656,1.414107084274292,55.720333099365234
2009-07-17,69.54205322265625,1.410496950149536,54.8604621887207
2009-07-20,70.28085327148438,1.421181321144104,55.14908599853516
2009-07-21,70.60589599609375,1.419849514961243,56.24942779541016
2009-07-22,70.59113311767578,1.4205957651138306,55.744407653808594
2009-07-23,72.14998626708984,1.416330337524414,54.72220993041992
2009-07-24,72.44550323486328,1.4212015867233276,54.98674392700195
2009-07-27,72.65970611572266,1.4247043132781982,54.35542678833008
2009-07-28,72.31989288330078,1.4146071672439575,54.83647155761719
2009-07-29,72.14258575439453,1.4014631509780884,55.13708114624024
2009-07-30,72.89614868164062,1.4084903001785278,55.91872024536133
2009-07-31,72.99958038330078,1.4260046482086182,57.00703048706055
2009-08-03,74.20382690429688,1.4411921501159668,56.14314651489258
2009-08-04,74.3958969116211,1.4419610500335691,55.69668197631836
2009-08-05,74.18165588378906,1.4411712884902954,54.86415481567383
2009-08-06,73.79747009277344,1.4372979402542114,55.0511589050293
2009-08-07,74.76529693603516,1.419103980064392,54.59266662597656
2009-08-10,74.6101303100586,1.413107991218567,55.27434539794922
2009-08-11,73.67924499511719,1.4150075912475586,55.91386795043945
2009-08-12,74.46976470947266,1.4217066764831543,55.31660842895508
2009-08-13,75.03864288330078,1.4275925159454346,56.10090255737305
2009-08-14,74.46238708496094,1.42069673538208,56.31806945800781
2009-08-17,72.63018035888672,1.4105963706970217,57.1506233215332
2009-08-18,73.2064437866211,1.4165109395980835,56.81878662109375
2009-08-19,73.84915924072266,1.4253947734832764,57.28937911987305
2009-08-20,74.6101303100586,1.4260046482086182,57.75996780395508
2009-08-21,76.07292175292969,1.4320902824401855,56.57149887084961
2009-08-24,76.0655288696289,1.4293065071105957,57.59707260131836
2009-08-25,76.21331787109375,1.4284082651138306,57.92292022705078
2009-08-26,76.22068786621094,1.4236294031143188,58.18834686279297
2009-08-27,76.39059448242188,1.4372979402542114,57.95902633666992
2009-08-28,76.37583923339844,1.4359976053237915,58.22451019287109
2009-08-31,75.6961441040039,1.434267520904541,58.27881240844727
2009-09-01,74.02649688720703,1.4212015867233276,58.13779067993164
2009-09-02,73.74573516845703,1.4274091720581057,58.98512649536133
2009-09-03,74.35894775390625,1.4256386756896973,58.62197494506836
2009-09-04,75.40062713623047,1.4294085502624512,57.62340927124024
2009-09-07,75.40062713623047,1.4331985712051392,57.62340927124024
2009-09-08,76.05078887939453,1.4504104852676392,57.21786880493164
2009-09-09,76.63443756103516,1.4547992944717407,57.15125274658203
2009-09-10,77.41754150390625,1.4581297636032104,58.20439529418945
2009-09-11,77.4027328491211,1.4580022096633911,58.52515411376953
2009-09-14,77.77952575683594,1.4643217325210571,57.944129943847656
2009-09-15,78.1045913696289,1.4670931100845337,57.64760971069336
2009-09-16,79.2866439819336,1.47119402885437,57.75042343139648
2009-09-17,79.16844177246094,1.4732965230941772,58.47673416137695
2009-09-18,79.21893310546875,1.4716053009033203,57.9562873840332
2009-09-21,79.01851654052734,1.468407154083252,58.08939743041992
2009-09-22,79.47875213623047,1.4811961650848389,58.21040344238281
2009-09-23,78.81808471679688,1.4726022481918335,58.3859748840332
2009-09-24,77.94961547851562,1.4650940895080566,58.55540466308594
2009-09-25,77.53385925292969,1.4684934616088867,59.29983901977539
2009-09-28,78.9219970703125,1.462159276008606,59.82032775878906
2009-09-29,78.68445587158203,1.4591723680496216,59.765869140625
2009-09-30,78.38013458251953,1.465502142906189,59.71136474609375
2009-10-01,76.43528747558594,1.4515894651412964,60.52914810180664
2009-10-02,76.07897186279297,1.4590020179748535,60.11028289794922
2009-10-05,77.21472930908203,1.465996265411377,60.1163215637207
2009-10-06,78.32073974609375,1.4721685647964478,59.52134323120117
2009-10-07,78.53600311279297,1.4711507558822632,60.2194938659668
2009-10-08,79.13728332519531,1.4781310558319092,59.58812713623047
2009-10-09,79.6197738647461,1.473405122756958,58.2221565246582
2009-10-12,79.93153381347656,1.4792898893356323,58.31317901611328
2009-10-13,79.76825714111328,1.4846047163009644,58.61675262451172
2009-10-14,81.1415023803711,1.4932059049606323,57.74858856201172
2009-10-15,81.43843078613281,1.4955954551696775,57.48143005371094
2009-10-16,80.8297348022461,1.4908016920089722,57.9489631652832
2009-10-19,81.49779510498047,1.496490716934204,58.40423583984375
2009-10-20,81.06730651855469,1.4934512376785278,58.71993637084961
2009-10-21,80.33981323242188,1.500690221786499,58.36784362792969
2009-10-22,81.1563491821289,1.504189133644104,58.08252334594727
2009-10-23,80.22844696044922,1.5010056495666504,57.64540100097656
2009-10-26,79.35993194580078,1.4861712455749512,56.89865493774414
2009-10-27,78.9962158203125,1.4817010164260864,57.67573547363281
2009-10-28,77.50421142578125,1.4718002080917358,57.9489631652832
2009-10-29,79.16693878173828,1.4840097427368164,57.31753158569336
2009-10-30,76.8731918334961,1.4732965230941772,58.14926528930664
2009-11-02,77.43738555908203,1.4774104356765747,57.89228820800781
2009-11-03,77.68233489990234,1.473101258277893,57.313575744628906
2009-11-04,77.88275909423828,1.4869003295898438,56.789833068847656
2009-11-05,79.31543731689453,1.4878073930740356,56.789833068847656
2009-11-06,79.52327728271484,1.4848912954330444,56.84466171264648
2009-11-09,81.33448791503906,1.5008028745651243,56.911651611328125
2009-11-10,81.34934997558594,1.4989807605743408,56.808143615722656
2009-11-11,81.76502990722656,1.4983967542648315,57.045658111572266
2009-11-12,80.93366241455078,1.4856854677200315,56.94212341308594
2009-11-13,81.37162780761719,1.490890622138977,57.20399475097656
2009-11-16,82.5518798828125,1.498374342918396,57.873985290527344
2009-11-17,82.64836883544922,1.4876967668533323,58.1845932006836
2009-11-18,82.59642028808594,1.495394229888916,57.84353256225586
2009-11-19,81.52008819580078,1.4916245937347412,57.94710159301758
2009-11-20,81.23055267333984,1.4863920211791992,57.93489837646485
2009-11-23,82.26239013671875,1.496199607849121,57.8618049621582
2009-11-24,82.38856506347656,1.496669888496399,58.22724151611328
2009-11-25,82.67806243896484,1.5127906799316406,58.49521255493164
2009-11-26,82.67806243896484,1.4972974061965942,58.49521255493164
2009-11-27,81.33448791503906,1.4990930557250977,58.714500427246094
2009-11-30,81.60916137695312,1.5038950443267822,58.85459899902344
2009-12-01,82.61871337890625,1.5090012550354004,58.19897079467773
2009-12-02,82.58158874511719,1.5069773197174072,58.24785232543945
2009-12-03,81.935791015625,1.506545901298523,57.64295959472656
2009-12-04,82.4034194946289,1.485707402229309,57.03194808959961
2009-12-07,82.27720642089844,1.484119892120361,57.10527420043945
2009-12-08,81.36419677734375,1.4697020053863523,57.19077682495117
2009-12-09,81.6685562133789,1.4737958908081057,56.92803955078125
2009-12-10,82.1287841796875,1.4729492664337158,56.27426910400391
2009-12-11,82.47765350341797,1.461902737617493,56.26815032958984
2009-12-14,83.04178619384766,1.4656953811645508,56.33539581298828
2009-12-15,82.65580749511719,1.4542070627212524,56.08488845825195
2009-12-16,82.781982421875,1.452601671218872,56.01766586303711
2009-12-17,81.78730010986328,1.4346996545791626,56.94026947021485
2009-12-18,82.25,1.4349054098129272,56.69588088989258
2009-12-21,83.08584594726562,1.428673505783081,55.687744140625
2009-12-22,83.38438415527344,1.4254355430603027,55.37604904174805
2009-12-23,83.54859161376953,1.4336096048355105,55.388301849365234
2009-12-24,83.94412231445312,1.4384970664978027,54.81397247314453
2009-12-25,83.94412231445312,1.4399055242538452,54.81397247314453
2009-12-28,84.12322235107422,1.437504529953003,54.66120147705078
2009-12-29,84.00379943847656,1.434308648109436,55.02173614501953
2009-12-30,83.97398376464844,1.4342057704925537,55.3835563659668
2009-12-31,83.16797637939453,1.4327058792114258,55.11989212036133
2010-01-01,83.16797637939453,1.4389938116073608,55.11989212036133
2010-01-04,84.57844543457031,1.4423978328704834,55.07081604003906
2010-01-05,84.80236053466797,1.4365959167480469,55.42646026611328
2010-01-06,84.86209869384766,1.4404033422470093,54.68452453613281
2010-01-07,85.2203140258789,1.4318032264709473,54.776493072509766
2010-01-08,85.50391387939453,1.44110906124115,54.751930236816406
2010-01-11,85.62329864501953,1.4511260986328125,54.45149230957031
2010-01-12,84.82478332519531,1.447659969329834,55.3835563659668
2010-01-13,85.54122161865234,1.4523905515670776,54.73971557617188
2010-01-14,85.77254486083984,1.4499897956848145,55.50619125366211
2010-01-15,84.80984497070312,1.4390974044799805,55.84957885742188
2010-01-18,84.80984497070312,1.4406731128692627,55.84957885742188
2010-01-19,85.86957550048828,1.4281021356582642,55.69011306762695
2010-01-20,84.99641418457031,1.4110342264175415,56.25428771972656
2010-01-21,83.36202239990234,1.409701585769653,56.51180267333984
2010-01-22,81.50372314453125,1.414107084274292,56.41366195678711
2010-01-25,81.92164611816406,1.4150075912475586,56.15616226196289
2010-01-26,81.57833862304688,1.4082324504852295,56.17455673217773
2010-01-27,81.96641540527344,1.4030951261520386,56.1439094543457
2010-01-28,81.02607727050781,1.3968042135238647,56.11320877075195
2010-01-29,80.14541625976562,1.386693239212036,56.60380554199219
2010-02-01,81.39176177978516,1.3926994800567627,56.089942932128906
2010-02-02,82.37689208984375,1.3976240158081057,56.24998092651367
2010-02-03,81.96641540527344,1.3901052474975586,55.59769058227539
2010-02-04,79.43647766113281,1.3744947910308838,56.477638244628906
2010-02-05,79.60063934326172,1.368007779121399,56.600704193115234
2010-02-08,79.02598571777344,1.3654673099517822,56.67454147338867
2010-02-09,80.01859283447266,1.378207802772522,56.1084213256836
2010-02-10,79.86186981201172,1.3753266334533691,55.57306289672852
2010-02-11,80.69770050048828,1.3681762218475342,55.27153396606445
2010-02-12,80.63053894042969,1.363493800163269,55.499244689941406
2010-02-15,80.63053894042969,1.3603036403656006,55.499244689941406
2010-02-16,81.89926147460938,1.3767088651657104,55.60382080078125
2010-02-17,82.28733825683594,1.360692262649536,54.970027923583984
2010-02-18,82.77241516113281,1.3461486101150513,54.74850082397461
2010-02-19,82.9441146850586,1.3615074157714844,55.04386901855469
2010-02-22,82.9590072631836,1.3605626821517944,54.816192626953125
2010-02-23,81.9515151977539,1.3527040481567385,55.67154312133789
2010-02-24,82.70526123046875,1.354316234588623,55.80695343017578
2010-02-25,82.59331512451172,1.3536012172698977,56.1207389831543
2010-02-26,82.64554595947266,1.3631035089492798,56.40998077392578
2010-03-01,83.50382232666016,1.356208086013794,56.385250091552734
2010-03-02,83.73516845703125,1.3620638847351074,56.31120300292969
2010-03-03,83.8097915649414,1.3701633214950562,56.16919708251953
2010-03-04,84.06351470947266,1.3584003448486328,56.465553283691406
2010-03-05,85.26510620117188,1.3628991842269895,55.72471237182617
2010-03-08,85.27999114990234,1.3616927862167358,55.43463516235352
2010-03-09,85.42181396484375,1.360692262649536,55.446964263916016
2010-03-10,85.80239868164062,1.3643310070037842,55.30496597290039
2010-03-11,86.16064453125,1.3685319423675537,55.508670806884766
2010-03-12,86.16812896728516,1.376993179321289,55.85439300537109
2010-03-15,86.19046783447266,1.3677457571029663,55.78028106689453
2010-03-16,86.87708282470703,1.3768794536590576,56.22475814819336
2010-03-17,87.39202880859375,1.3738338947296145,56.465553283691406
2010-03-18,87.34729766845703,1.361396312713623,56.280311584472656
2010-03-19,86.9051284790039,1.353692889213562,56.33585739135742
2010-03-22,87.36973571777344,1.356704831123352,56.39765167236328
2010-03-23,87.98422241210938,1.3468012809753418,56.13218688964844
2010-03-24,87.5571060180664,1.3331022262573242,55.107452392578125
2010-03-25,87.41473388671875,1.3307074308395386,54.75555419921875
2010-03-26,87.36224365234375,1.3410038948059082,54.90988540649414
2010-03-29,87.91677856445312,1.3481086492538452,54.700008392333984
2010-03-30,87.97679138183594,1.3424079418182373,54.872859954833984
2010-03-31,87.67698669433594,1.3508037328720093,55.249454498291016
2010-04-01,88.27647399902344,1.3584003448486328,55.11433792114258
2010-04-02,88.27647399902344,1.3504936695098877,55.11433792114258
2010-04-05,88.99588012695312,1.34890878200531,54.197357177734375
2010-04-06,89.2057113647461,1.3401951789855957,54.2840690612793
2010-04-07,88.69612884521484,1.3348461389541626,54.978023529052734
2010-04-08,89.00337982177734,1.336112380027771,55.00279998779297
2010-04-09,89.58790588378906,1.350092530250549,55.13291549682617
2010-04-12,89.73026275634766,1.3596007823944092,55.42413711547852
2010-04-13,89.79771423339844,1.360858917236328,55.60384750366211
2010-04-14,90.8168716430664,1.3655978441238403,55.213504791259766
2010-04-15,90.8917999267578,1.3574045896530151,55.27547454833984
2010-04-16,89.44551849365234,1.3504024744033811,55.67819595336914
2010-04-19,89.78271484375,1.348726749420166,55.5418815612793
2010-04-20,90.58458709716795,1.343508243560791,55.74015808105469
2010-04-21,90.41968536376952,1.3389928340911863,56.19865036010742
2010-04-22,90.68949127197266,1.3269991874694824,56.0313720703125
2010-04-23,91.28150177001952,1.338401436805725,55.83307647705078
2010-04-26,90.93677520751952,1.3401232957839966,55.89506149291992
2010-04-27,88.78606414794922,1.3170719146728516,56.68194961547852
2010-04-28,89.4604721069336,1.321283221244812,56.19865036010742
2010-04-29,90.5696029663086,1.3262951374053955,56.4340934753418
2010-04-30,89.03334045410156,1.3298048973083496,57.0847282409668
2010-05-03,90.1874008178711,1.3199926614761353,57.010101318359375
2010-05-04,88.06665802001953,1.2963947057724,58.03596496582031
2010-05-05,87.54209899902344,1.2814927101135254,58.37800598144531
2010-05-06,84.63451385498047,1.263296127319336,60.18105697631836
2010-05-07,83.37557220458984,1.2756078243255615,59.42876434326172
2010-05-10,87.04751586914062,1.2779226303100586,58.19766616821289
2010-05-11,86.80022430419922,1.262993097305298,58.04839324951172
2010-05-12,88.0141830444336,1.2639029026031494,57.60700607299805
2010-05-13,86.92011260986328,1.2541072368621826,57.98627471923828
2010-05-14,85.34644317626953,1.2360023260116575,58.993499755859375
2010-05-17,85.39139556884766,1.2392956018447876,58.77595138549805
2010-05-18,84.22985076904297,1.217893362045288,59.67747497558594
2010-05-19,83.75025939941406,1.2393416166305542,59.87649154663086
2010-05-20,80.58787536621094,1.2478941679000854,61.13862609863281
2010-05-21,81.76441192626953,1.2567076683044434,61.20083618164063
2010-05-24,80.71527862548828,1.234994888305664,60.98940658569336
2010-05-25,80.7977066040039,1.2345983982086182,61.28788757324219
2010-05-26,80.31061553955078,1.217300295829773,61.1137924194336
2010-05-27,83.00086975097656,1.2347966432571411,59.72723388671875
2010-05-28,81.9592514038086,1.227400541305542,60.00079727172852
2010-05-31,81.9592514038086,1.2287880182266235,60.00079727172852
2010-06-01,80.58040618896484,1.2233014106750488,60.42254257202149
2010-06-02,82.67863464355469,1.223900318145752,59.84856414794922
2010-06-03,82.96343231201172,1.216944694519043,59.41183853149414
2010-06-04,80.0483169555664,1.1971030235290527,61.00900650024414
2010-06-07,79.05168151855469,1.1922929286956787,61.47690963745117
2010-06-08,79.8984603881836,1.197203278541565,61.17118835449219
2010-06-09,79.4713363647461,1.1991989612579346,61.10258102416992
2010-06-10,81.79441833496094,1.2109030485153198,60.01076889038086
2010-06-11,82.19156646728516,1.2114017009735107,60.771949768066406
2010-06-14,82.06416320800781,1.221806883811951,60.45996475219727
2010-06-15,83.93012237548828,1.2319064140319824,60.210445404052734
2010-06-16,83.90013122558594,1.2311935424804688,60.55355453491211
2010-06-17,84.03502655029297,1.238206148147583,61.04642868041992
2010-06-18,84.12614440917969,1.2392956018447876,60.94656753540039
2010-06-21,83.88522338867188,1.231602907180786,60.771949768066406
2010-06-22,82.49977111816406,1.2275059223175049,61.49562454223633
2010-06-23,82.2437973022461,1.2319064140319824,61.913612365722656
2010-06-24,80.8809585571289,1.2337453365325928,61.545501708984375
2010-06-25,81.21976470947266,1.2373021841049194,61.795066833496094
2010-06-28,80.96380615234375,1.2277017831802368,62.37524032592773
2010-06-29,78.46402740478516,1.218635320663452,63.05531692504883
2010-06-30,77.71856689453125,1.223002314567566,63.47957992553711
2010-07-01,77.37226104736328,1.2507504224777222,63.57964706420898
2010-07-02,76.95057678222656,1.257102608680725,63.07280731201172
2010-07-05,76.95057678222656,1.2536983489990234,63.07280731201172
2010-07-06,77.45508575439453,1.262403130531311,63.59218597412109
2010-07-07,79.89461517333984,1.2633121013641355,62.84747314453125
2010-07-08,80.6851806640625,1.2694060802459717,62.44700622558594
2010-07-09,81.28753662109375,1.2643983364105225,62.090309143066406
2010-07-12,81.34025573730469,1.259001851081848,62.06525802612305
2010-07-13,82.56754302978516,1.2720866203308103,61.53334426879883
2010-07-14,82.56002807617188,1.274047613143921,62.15290451049805
2010-07-15,82.58259582519531,1.2928582429885864,62.77242660522461
2010-07-16,80.30872344970703,1.2931926250457764,63.07907104492188
2010-07-19,80.7830810546875,1.2939456701278689,62.69110107421875
2010-07-20,81.67908477783203,1.289307713508606,62.78488159179688
2010-07-21,80.61739349365234,1.276796817779541,63.84876251220703
2010-07-22,82.41696166992188,1.2903059720993042,63.110328674316406
2010-07-23,83.13224029541016,1.291305661201477,62.44073486328125
2010-07-26,83.99812316894531,1.299899935722351,62.3343505859375
2010-07-27,83.99063873291016,1.2990893125534058,61.73360824584961
2010-07-28,83.44849395751953,1.2992243766784668,61.933837890625
2010-07-29,83.04188537597656,1.307805061340332,61.91506576538086
2010-07-30,83.02687072753906,1.3039000034332275,62.8787727355957
2010-08-02,84.90164184570312,1.3175925016403198,61.99606704711914
2010-08-03,84.49508666992188,1.3225064277648926,62.35395812988281
2010-08-04,85.05977630615234,1.3225064277648926,61.87680435180664
2010-08-05,84.96940612792969,1.315806865692139,62.16560363769531
2010-08-06,84.62309265136719,1.3181308507919312,62.843597412109375
2010-08-09,85.0748519897461,1.3285682201385498,62.6113395690918
2010-08-10,84.61554718017578,1.3229963779449463,62.74319076538086
2010-08-11,82.2964859008789,1.3184958696365356,63.58441925048828
2010-08-12,81.7919692993164,1.284406065940857,63.427467346191406
2010-08-13,81.55106353759766,1.2829889059066772,64.21849822998047
2010-08-16,81.51338958740234,1.277090311050415,65.82571411132812
2010-08-17,82.51482391357422,1.2811970710754397,65.44902801513672
2010-08-18,82.6654281616211,1.2879958152770996,65.62480926513672
2010-08-19,81.22731018066406,1.28564453125,66.64815521240234
2010-08-20,80.96380615234375,1.2808033227920532,66.57280731201172
2010-08-23,80.65504455566406,1.2710033655166626,66.58538818359375
2010-08-24,79.4578857421875,1.2635036706924438,67.65265655517578
2010-08-25,79.76661682128906,1.263296127319336,67.4328842163086
2010-08-26,79.23200225830078,1.26639986038208,68.0670166015625
2010-08-27,80.45932006835938,1.2706480026245115,66.1396255493164
2010-08-30,79.29224395751953,1.2753963470458984,67.40777587890625
2010-08-31,79.29224395751953,1.266592264175415,68.15491485595703
2010-09-01,81.66398620605469,1.268729567527771,66.74565124511719
2010-09-02,82.42447662353516,1.2802950143814087,66.04045867919922
2010-09-03,83.49365234375,1.2825939655303955,65.22186279296875
2010-09-06,83.49365234375,1.28940749168396,65.22186279296875
2010-09-07,82.55247497558594,1.2868356704711914,66.55677795410156
2010-09-08,83.13224029541016,1.2677966356277466,66.02784729003906
2010-09-09,83.51624298095703,1.2732040882110596,64.72442626953125
2010-09-10,83.93791961669922,1.269309401512146,64.42851257324219
2010-09-13,84.87155151367188,1.2716983556747437,64.74331665039062
2010-09-14,84.81886291503906,1.287200093269348,65.36672973632812
2010-09-15,85.1426010131836,1.2991737127304075,64.39697265625
2010-09-16,85.1199951171875,1.3015071153640747,63.76103973388672
2010-09-17,85.15180206298828,1.3075997829437256,64.01914978027344
2010-09-20,86.45381164550781,1.3043931722640991,64.39071655273438
2010-09-21,86.27967071533203,1.3066941499710083,65.28482818603516
2010-09-22,85.85578155517578,1.3256973028182983,65.87041473388672
2010-09-23,85.15937805175781,1.339100360870361,66.0593490600586
2010-09-24,86.91557312011719,1.331912636756897,65.17144012451172
2010-09-27,86.49921417236328,1.3479087352752686,66.30487823486328
2010-09-28,86.80200958251953,1.3439054489135742,66.7583236694336
2010-09-29,86.65062713623047,1.3570915460586548,66.48123931884766
2010-09-30,86.39323425292969,1.36280620098114,66.43712615966797
2010-10-01,86.75659942626953,1.362212300300598,66.11603546142578
2010-10-04,86.10559844970703,1.377695083618164,66.28670501708984
2010-10-05,87.83906555175781,1.367409110069275,65.8885269165039
2010-10-06,87.83146667480469,1.3833937644958496,66.71648406982422
2010-10-07,87.72553253173828,1.3920016288757324,66.16030883789062
2010-10-08,88.21753692626953,1.3927963972091677,65.86956024169922
2010-10-11,88.30083465576172,1.3977607488632202,65.88221740722656
2010-10-12,88.57333374023438,1.3880213499069214,65.23123168945312
2010-10-13,89.26216125488281,1.3916915655136108,65.13011169433594
2010-10-14,88.9139633178711,1.3967260122299194,64.15678405761719
2010-10-15,89.09563446044922,1.4072020053863523,63.37306213378906
2010-10-18,89.53466796875,1.3964334726333618,63.885032653808594
2010-10-19,88.36138153076172,1.3935922384262085,64.27055358886719
2010-10-20,89.22433471679688,1.3739094734191897,64.40962982177734
2010-10-21,89.42115020751953,1.3963165283203125,63.64485931396485
2010-10-22,89.58765411376953,1.3916915655136108,64.07457733154297
2010-10-25,89.85260772705078,1.3944084644317627,64.25788879394531
2010-10-26,89.86775207519531,1.3948947191238403,63.26560592651367
2010-10-27,89.61038208007812,1.3854252099990845,62.7094841003418
2010-10-28,89.62552642822266,1.377808928489685,62.88008499145508
2010-10-29,89.6936264038086,1.377808928489685,63.46786117553711
2010-11-01,89.72394561767578,1.397506833076477,63.19464492797852
2010-11-02,90.43548583984376,1.3910914659500122,64.02523803710938
2010-11-03,90.79882049560548,1.4036072492599487,62.71907806396485
2010-11-04,92.54742431640624,1.4127286672592163,63.20726013183594
2010-11-05,92.89561462402344,1.422798991203308,62.12309265136719
2010-11-08,92.72149658203124,1.407578468322754,62.40209579467773
2010-11-09,92.0553970336914,1.3869625329971311,61.02619552612305
2010-11-10,92.42630004882812,1.377201795578003,61.108619689941406
2010-11-11,92.07809448242188,1.3775622844696045,61.07693099975586
2010-11-12,90.9880828857422,1.3621008396148682,60.74721145629883
2010-11-15,90.8593521118164,1.3693190813064575,59.47914123535156
2010-11-16,89.44383239746094,1.357478380203247,60.95645523071289
2010-11-17,89.4892349243164,1.3490543365478516,60.62043380737305
2010-11-18,90.80640411376952,1.355399250984192,60.86770248413086
2010-11-19,91.05615997314452,1.365728497505188,61.24175643920898
2010-11-22,90.98050689697266,1.3744381666183472,61.5017204284668
2010-11-23,89.66338348388672,1.3601926565170288,61.80608367919922
2010-11-24,90.9880828857422,1.3386342525482178,60.70280456542969
2010-11-25,90.9880828857422,1.3357912302017212,60.70280456542969
2010-11-26,89.92831420898438,1.3339736461639404,61.54609298706055
2010-11-29,90.20079803466795,1.3238019943237305,62.0723762512207
2010-11-30,89.6936264038086,1.3103927373886108,62.39573669433594
2010-12-01,91.60120391845705,1.2992074489593506,61.008697509765625
2010-12-02,92.77449798583984,1.312490940093994,60.84967041015625
2010-12-03,93.0243148803711,1.3215975761413574,60.372501373291016
2010-12-06,92.92589569091795,1.341597557067871,61.22503662109375
2010-12-07,92.97888946533205,1.328691840171814,59.91440582275391
2010-12-08,93.31951904296876,1.3244681358337402,59.33540344238281
2010-12-09,93.68289947509766,1.3250824213027954,59.62808990478516
2010-12-10,94.22791290283205,1.3242051601409912,59.265472412109375
2010-12-13,94.2884521484375,1.319713830947876,59.488094329833984
2010-12-14,94.3717269897461,1.3395488262176514,58.62283706665039
2010-12-15,93.9402313232422,1.336094617843628,57.859352111816406
2010-12-16,94.48526763916016,1.3224014043807983,58.26016998291016
2010-12-17,94.58647918701172,1.323994755744934,59.32271957397461
2010-12-20,94.81475067138672,1.3164995908737185,59.25905227661133
2010-12-21,95.41592407226562,1.3118022680282593,59.67266082763672
2010-12-22,95.71269989013672,1.3090033531188965,59.24631118774414
2010-12-23,95.5757293701172,1.3115441799163818,59.12547302246094
2010-12-24,95.5757293701172,1.31271493434906,59.12547302246094
2010-12-27,95.6137466430664,1.307976007461548,59.65353012084961
2010-12-28,95.75074768066406,1.3189654350280762,58.48526763916016
2010-12-29,95.81924438476562,1.3086265325546265,59.47482681274414
2010-12-30,95.66704559326172,1.3224539756774902,59.43006896972656
2010-12-31,95.68988037109376,1.3301233053207395,60.08769226074219
2011-01-03,96.67909240722656,1.3357912302017212,59.634403228759766
2011-01-04,96.62583923339844,1.3356841802597046,59.70460510253906
2011-01-05,97.12806701660156,1.3321077823638916,58.38948822021485
2011-01-06,96.93783569335938,1.3156856298446655,58.64487457275391
2011-01-07,96.74759674072266,1.297993302345276,58.95766067504883
2011-01-10,96.62583923339844,1.289507269859314,59.276817321777344
2011-01-11,96.96825408935548,1.2964956760406494,58.944915771484375
2011-01-12,97.84335327148438,1.2983977794647217,58.48526763916016
2011-01-13,97.68356323242188,1.3128355741500854,59.00872421264648
2011-01-14,98.39127349853516,1.335327386856079,58.63207244873047
2011-01-17,98.39127349853516,1.3380253314971924,58.63207244873047
2011-01-18,98.55866241455078,1.3283917903900146,58.3575553894043
2011-01-19,97.59222412109376,1.337810516357422,58.77891540527344
2011-01-20,97.46288299560548,1.3452069759368896,57.9681396484375
2011-01-21,97.68356323242188,1.3468012809753418,58.42781066894531
2011-01-24,98.23904418945312,1.361952543258667,58.45332717895508
2011-01-25,98.29232788085938,1.364405393600464,59.00872421264648
2011-01-26,98.67279815673828,1.3686069250106812,58.11494827270508
2011-01-27,98.91632843017578,1.3710086345672607,58.37670516967773
2011-01-28,97.18893432617188,1.3723068237304688,58.683143615722656
2011-01-31,97.9194793701172,1.3572757244110107,58.23630142211914
2011-02-01,99.48702239990234,1.3713847398757937,57.94799041748047
2011-02-02,99.29679870605467,1.382991909980774,57.9608154296875
2011-02-03,99.51747131347656,1.3817880153656006,57.48028945922852
2011-02-04,99.79899597167967,1.362453579902649,56.89728546142578
2011-02-07,100.42301177978516,1.357496738433838,57.1920051574707
2011-02-08,100.87957763671876,1.359194278717041,56.666603088378906
2011-02-09,100.65129089355467,1.3626948595046997,57.15996551513672
2011-02-10,100.6893310546875,1.372099757194519,56.50004959106445
2011-02-11,101.29047393798828,1.3601926565170288,57.31371688842773
2011-02-14,101.53396606445312,1.3510043621063232,57.35213470458984
2011-02-15,101.21440887451172,1.3481086492538452,57.60840225219727
2011-02-16,101.85363006591795,1.3498555421829224,57.4226188659668
2011-02-17,102.1579818725586,1.357533574104309,57.51229476928711
2011-02-18,102.37102508544922,1.3626019954681396,57.33292388916016
2011-02-21,102.37102508544922,1.3713470697402954,57.33292388916016
2011-02-22,100.31649017333984,1.3682323694229126,58.1914176940918
2011-02-23,99.70008087158205,1.3673717975616455,58.40285873413086
2011-02-24,99.6316146850586,1.3764055967330933,58.77443313598633
2011-02-25,100.69694519042967,1.381998062133789,59.1203727722168
2011-02-28,101.32090759277344,1.373437762260437,59.19727325439453
2011-03-01,99.6316146850586,1.3821508884429932,59.36886978149414
2011-03-02,99.84467315673828,1.3771828413009644,58.45618438720703
2011-03-03,101.56442260742188,1.3866548538208008,57.8841552734375
2011-03-04,100.80348205566406,1.3958877325057983,58.36621856689453
2011-03-07,100.01207733154295,1.3990709781646729,57.993446350097656
2011-03-08,100.8871612548828,1.3963944911956787,57.63990783691406
2011-03-09,100.74261474609376,1.3897961378097534,58.19911575317383
2011-03-10,98.87831115722656,1.3902212381362915,59.17604064941406
2011-03-11,99.56310272216795,1.3801289796829224,58.84183883666992
2011-03-14,98.9619598388672,1.3934563398361206,58.81614303588867
2011-03-15,97.82814025878906,1.3992079496383667,59.69662094116211
2011-03-16,96.0171127319336,1.3986209630966189,60.37152099609375
2011-03-17,97.2878646850586,1.3884838819503784,59.9088134765625
2011-03-18,97.64171600341795,1.4032920598983765,60.06941223144531
2011-03-21,99.15492248535156,1.4170527458190918,59.715965270996094
2011-03-22,98.81102752685548,1.4217066764831543,59.9151611328125
2011-03-23,99.0937957763672,1.4168118238449097,59.83806228637695
2011-03-24,100.04147338867188,1.4105963706970217,59.3881721496582
2011-03-25,100.34720611572266,1.4171934127807615,59.24030303955078
2011-03-28,100.10262298583984,1.402603268623352,59.323848724365234
2011-03-29,100.7751693725586,1.4079747200012207,58.86753845214844
2011-03-30,101.47064971923828,1.411113977432251,59.33675003051758
2011-03-31,101.33306884765624,1.4121301174163818,59.214630126953125
2011-04-01,101.76106262207033,1.415869116783142,59.50248718261719
2011-04-04,101.84513092041016,1.4223334789276123,59.5670051574707
2011-04-05,101.82986450195312,1.422009825706482,59.328216552734375
2011-04-06,102.1508560180664,1.4219088554382324,58.43748092651367
2011-04-07,101.89102935791016,1.4335273504257202,58.3213119506836
2011-04-08,101.53941345214844,1.430206060409546,58.01151657104492
2011-04-11,101.2337417602539,1.446215271949768,58.06315231323242
2011-04-12,100.47708129882812,1.4437931776046753,58.68924331665039
2011-04-13,100.469482421875,1.447638988494873,59.05712127685547
2011-04-14,100.54591369628906,1.444210171699524,59.0119514465332
2011-04-15,100.91273498535156,1.4432096481323242,59.8122673034668
2011-04-18,99.78165435791016,1.4412959814071655,59.947784423828125
2011-04-19,100.35482788085938,1.4223941564559937,60.20596694946289
2011-04-20,101.7228775024414,1.433794617652893,59.81876373291016
2011-04-21,102.2425765991211,1.4513999223709106,59.7671127319336
2011-04-22,102.2425765991211,1.455498218536377,59.7671127319336
2011-04-25,102.13558959960938,1.4557099342346191,59.9930305480957
2011-04-26,103.0144500732422,1.4578959941864014,60.57390594482422
2011-04-27,103.68698120117188,1.4687954187393188,59.954288482666016
2011-04-28,104.0232925415039,1.477999925613403,60.41254425048828
2011-04-29,104.26783752441406,1.484406352043152,60.5997314453125
2011-05-02,104.10734558105467,1.4793994426727295,60.69696044921875
2011-05-03,103.73284912109376,1.4823819398880005,61.04049301147461
2011-05-04,103.04500579833984,1.4833273887634275,61.31267547607422
2011-05-05,102.11264038085938,1.4829754829406738,61.89606857299805
2011-05-06,102.5635223388672,1.454439640045166,61.62384796142578
2011-05-09,102.96096801757812,1.4352967739105225,61.559024810791016
2011-05-10,103.83982849121094,1.4376078844070437,61.11824798583984
2011-05-11,102.74696350097656,1.44110906124115,61.46824264526367
2011-05-12,103.23613739013672,1.4211004972457886,61.079383850097656
2011-05-13,102.44127655029295,1.423791527748108,61.63034057617188
2011-05-16,101.79163360595705,1.4077963829040527,61.97391128540039
2011-05-17,101.77635192871094,1.415808916091919,62.60910034179688
2011-05-18,102.6858367919922,1.4268999099731443,61.77943420410156
2011-05-19,102.93038177490234,1.4255167245864868,61.75346755981445
2011-05-20,102.11264038085938,1.4316186904907229,61.7859001159668
2011-05-23,100.92803955078124,1.4105764627456665,62.08403396606445
2011-05-24,100.84396362304688,1.403666377067566,62.317413330078125
2011-05-25,101.18024444580078,1.4099003076553345,62.02579498291016
2011-05-26,101.64643096923828,1.4084903001785278,62.557247161865234
2011-05-27,102.03622436523438,1.4135074615478516,62.53134536743164
2011-05-30,102.03622436523438,1.4297356605529783,62.53134536743164
2011-05-31,103.09852600097656,1.432233810424805,62.673919677734375
2011-06-01,100.78282928466795,1.4427932500839231,63.52090072631836
2011-06-02,100.67584228515624,1.434493899345398,62.31088638305664
2011-06-03,99.67465209960938,1.4486035108566284,62.66876983642578
2011-06-06,98.61998748779295,1.465502142906189,62.19381332397461
2011-06-07,98.55883026123048,1.458299994468689,62.480072021484375
2011-06-08,98.14612579345705,1.4686013460159302,62.96796798706055
2011-06-09,98.89507293701172,1.4601950645446775,62.71428298950195
2011-06-10,97.51942443847656,1.451568365097046,63.1956901550293
2011-06-13,97.59585571289062,1.4332603216171265,62.876895904541016
2011-06-14,98.83399200439452,1.4416908025741575,61.92706298828125
2011-06-15,97.07617950439452,1.4450031518936155,63.05255508422852
2011-06-16,97.29014587402344,1.4181982278823853,63.33873748779297
2011-06-17,97.58048248291016,1.419909954071045,63.03955078125
2011-06-20,98.07970428466795,1.4285101890563965,63.11759567260742
2011-06-21,99.42381286621094,1.4325416088104248,62.83786010742188
2011-06-22,98.8247528076172,1.4381660223007202,62.876895904541016
2011-06-23,98.54053497314452,1.4314342737197876,63.35833740234375
2011-06-24,97.39613342285156,1.427001714706421,63.09159851074219
2011-06-27,98.26402282714844,1.4171332120895386,62.22633361816406
2011-06-28,99.54669189453124,1.4316802024841309,61.72541427612305
2011-06-29,100.39920806884766,1.4357914924621582,61.31550979614258
2011-06-30,101.35929107666016,1.4478904008865356,61.21792984008789
2011-07-01,102.85696411132812,1.4496954679489136,61.12004852294922
2011-07-04,102.85696411132812,1.4539955854415894,61.12004852294922
2011-07-05,102.77247619628906,1.4553074836730957,61.25713348388672
2011-07-06,102.89540100097656,1.4428139925003052,61.570499420166016
2011-07-07,103.96295166015624,1.4331575632095337,61.38771057128906
2011-07-08,103.22566223144533,1.4364513158798218,62.25590896606445
2011-07-11,101.35929107666016,1.4201923608779907,63.18935775756836
2011-07-12,100.92146301269533,1.4040604829788208,63.404747009277344
2011-07-13,101.25944519042967,1.3969016075134275,63.58102035522461
2011-07-14,100.5605010986328,1.4234267473220823,62.67369079589844
2011-07-15,101.14421081542967,1.4157286882400513,62.77810287475586
2011-07-18,100.31471252441406,1.412309646606445,62.171024322509766
2011-07-19,101.94300079345705,1.411193609237671,63.46355056762695
2011-07-20,101.88152313232422,1.417293906211853,62.71281433105469
2011-07-21,103.29476165771484,1.427001714706421,62.22983551025391
2011-07-22,103.36385345458984,1.4420026540756226,62.69975280761719
2011-07-25,102.78785705566406,1.4388489723205566,62.01436996459961
2011-07-26,102.4038314819336,1.4371533393859863,62.438663482666016
2011-07-27,100.30706787109376,1.450810194015503,62.445220947265625
2011-07-28,100.01520538330078,1.4372979402542114,62.68019485473633
2011-07-29,99.3316421508789,1.4331985712051392,63.92046737670898
2011-08-01,98.90921783447266,1.4363688230514526,64.56568908691406
2011-08-02,96.38230895996094,1.4262080192565918,66.50430297851562
2011-08-03,96.9045867919922,1.417333960533142,66.63533020019531
2011-08-04,92.3654556274414,1.4352967739105225,69.0062255859375
2011-08-05,92.22718811035156,1.4067071676254272,67.01516723632812
2011-08-08,86.22105407714844,1.4294085502624512,69.13066101074219
2011-08-09,90.23025512695312,1.417072892189026,69.34027862548828
2011-08-10,86.24411010742188,1.4383108615875244,71.40339660644531
2011-08-11,90.11505126953124,1.4124692678451538,67.80110931396484
2011-08-12,90.7218017578125,1.4226369857788086,69.14376068115234
2011-08-15,92.64192962646484,1.4274091720581057,68.4429702758789
2011-08-16,91.8508529663086,1.4438347816467283,69.57604217529297
2011-08-17,91.91231536865234,1.439801812171936,70.79428100585938
2011-08-18,87.94916534423828,1.4429181814193726,72.24823760986328
2011-08-19,86.51292419433594,1.4324390888214111,72.83119201660156
2011-08-22,86.58202362060547,1.4369261264801023,72.64778900146484
2011-08-23,89.43150329589844,1.436100721359253,71.64571380615234
2011-08-24,90.69110107421876,1.4437098503112793,69.60880279541016
2011-08-25,89.30860900878906,1.44123375415802,70.36198425292969
2011-08-26,90.60659790039062,1.4372979402542114,71.05628967285156
2011-08-29,93.21028900146484,1.449506402015686,70.07376098632812
2011-08-30,93.45606231689452,1.4524328708648682,71.20034790039062
2011-08-31,93.87084197998048,1.4433138370513916,70.10005187988281
2011-09-01,92.8876724243164,1.4374631643295288,71.58598327636719
2011-09-02,90.51447296142578,1.4262080192565918,73.91152954101562
2011-09-05,90.51447296142578,1.41576886177063,73.91152954101562
2011-09-06,89.85391998291016,1.4063115119934082,74.68013000488281
2011-09-07,92.3884735107422,1.4003249406814575,73.25457763671875
2011-09-08,91.42839813232422,1.4085696935653689,73.91152954101562
2011-09-09,89.03213500976562,1.390414476394653,74.69983673095703
2011-09-12,89.60816192626953,1.3600815534591677,74.77864837646484
2011-09-13,90.42996978759766,1.3660268783569336,73.7144546508789
2011-09-14,91.68189239501952,1.3686069250106812,74.33855438232422
2011-09-15,93.26403045654295,1.374608278274536,73.20204162597656
2011-09-16,93.8160400390625,1.3869048357009888,73.734130859375
2011-09-19,92.88192749023438,1.370144605636597,75.14000701904297
2011-09-20,92.77383422851562,1.3605626821517944,75.45533752441406
2011-09-21,90.04084777832031,1.369394063949585,77.95166015625
2011-09-22,87.13037109375,1.3586033582687378,80.88159942626953
2011-09-23,87.65530395507812,1.348090410232544,79.37726593017578
2011-09-26,89.73978424072266,1.3547013998031616,78.10275268554688
2011-09-27,90.74339294433594,1.351807951927185,76.90711975097656
2011-09-28,88.89056396484375,1.3582342863082886,76.88081359863281
2011-09-29,89.59310150146484,1.3537662029266355,77.41294860839844
2011-09-30,87.354248046875,1.3585848808288574,79.35748291015625
2011-10-03,84.86830139160156,1.336094617843628,81.54145812988281
2011-10-04,86.7289047241211,1.3195048570632937,80.50743865966797
2011-10-05,88.33470153808594,1.3330134153366089,79.9278793334961
2011-10-06,89.93280029296875,1.333991527557373,78.45252990722656
2011-10-07,89.33059692382812,1.3428946733474731,77.87300872802734
2011-10-10,92.31832122802734,1.3385984897613523,76.7731704711914
2011-10-11,92.41097259521484,1.3635495901107788,76.51628112792969
2011-10-12,93.22160339355467,1.3645730018615725,75.40324401855469
2011-10-13,93.03631591796876,1.379196286201477,76.15404510498047
2011-10-14,94.62665557861328,1.3735508918762207,75.04762268066406
2011-10-17,92.82013702392578,1.387905836105347,76.3450927734375
2011-10-18,94.6343994140625,1.3744003772735596,75.87088012695312
2011-10-19,93.51496124267578,1.374003767967224,75.84455871582031
2011-10-20,93.92412567138672,1.376500368118286,75.30443572998047
2011-10-21,95.70750427246094,1.377903938293457,74.5075454711914
2011-10-24,96.88094329833984,1.384773015975952,74.63268280029297
2011-10-25,94.99723815917967,1.3922340869903564,76.52946472167969
2011-10-26,95.96229553222656,1.3904531002044678,75.19254302978516
2011-10-27,99.30508422851562,1.387694001197815,72.64372253417969
2011-10-28,99.28197479248048,1.4173942804336548,73.40772247314453
2011-10-31,96.88868713378906,1.4140071868896484,76.31869506835938
2011-11-01,94.18661499023438,1.386001467704773,78.8734130859375
2011-11-02,95.7229232788086,1.3655978441238403,77.88960266113281
2011-11-03,97.46771240234376,1.3690004348754885,76.81986236572266
2011-11-04,96.87327575683594,1.382991909980774,76.9123306274414
2011-11-07,97.47540283203124,1.3789299726486206,77.4009780883789
2011-11-08,98.72607421875,1.376007914543152,76.41049194335938
2011-11-09,95.08216094970705,1.3826478719711304,77.99520874023438
2011-11-10,95.97770690917967,1.3526674509048462,76.8331069946289
2011-11-11,97.78425598144533,1.3610072135925293,76.3642578125
2011-11-14,96.8578109741211,1.3787018060684204,77.59243774414062
2011-11-15,97.33645629882812,1.362416386604309,77.48677062988281
2011-11-16,95.79244232177734,1.350712537765503,78.1933364868164
2011-11-17,94.2715072631836,1.3441040515899658,78.82061004638672
2011-11-18,94.1711654663086,1.3458044528961182,78.80082702636719
2011-11-21,92.38008880615234,1.3529969453811646,79.2696304321289
2011-11-22,92.01724243164062,1.348435878753662,80.15444946289062
2011-11-23,89.98683166503906,1.352191925048828,80.94017791748047
2011-11-24,89.98683166503906,1.3352025747299194,80.94017791748047
2011-11-25,89.81700134277344,1.3331022262573242,79.76487731933594
2011-11-28,92.41869354248048,1.3313452005386353,79.72523498535156
2011-11-29,92.6811981201172,1.3316997289657593,79.07152557373047
2011-11-30,96.49495697021484,1.3324095010757446,77.8367691040039
2011-12-01,96.4795150756836,1.3443931341171265,77.44620513916016
2011-12-02,96.39461517333984,1.346692442893982,78.53179168701172
2011-12-05,97.44454956054688,1.3419036865234375,78.3729019165039
2011-12-06,97.47540283203124,1.3386701345443726,77.62494659423828
2011-12-07,97.83829498291016,1.3412017822265625,77.90298461914062
2011-12-08,95.6920394897461,1.3403747081756592,78.87599182128906
2011-12-09,97.31330871582033,1.3345433473587036,77.2542724609375
2011-12-12,95.89279174804688,1.3371665477752686,78.11474609375
2011-12-13,94.99723815917967,1.3171066045761108,78.8429183959961
2011-12-14,93.98587799072266,1.3019137382507324,80.3322525024414
2011-12-15,94.32556915283205,1.2988024950027466,80.03439331054688
2011-12-16,94.46538543701172,1.302965521812439,80.9676742553711
2011-12-19,93.4554214477539,1.3036959171295166,81.99372863769531
2011-12-20,96.283447265625,1.3007792234420776,79.94832611083984
2011-12-21,96.46986389160156,1.3087977170944214,78.8362808227539
2011-12-22,97.32449340820312,1.3040019273757937,79.167236328125
2011-12-23,98.19463348388672,1.3056023120880127,78.286865234375
2011-12-26,98.19463348388672,1.304495334625244,78.286865234375
2011-12-27,98.2723159790039,1.3050570487976074,78.65878295898438
2011-12-28,96.98265075683594,1.307206630706787,80.113037109375
2011-12-29,97.98487091064452,1.292724609375,80.2591323852539
2011-12-30,97.50316619873048,1.2956053018569946,80.51815032958984
2012-01-02,97.50316619873048,1.2960082292556765,80.51815032958984
2012-01-03,99.05701446533205,1.2940963506698608,79.30956268310547
2012-01-04,99.21240234375,1.3056023120880127,78.36650848388672
2012-01-05,99.47652435302734,1.2931424379348757,78.22708892822266
2012-01-06,99.22016143798828,1.279606819152832,78.84467315673828
2012-01-09,99.46099853515624,1.2680377960205078,78.7052001953125
2012-01-10,100.32339477539062,1.2775959968566897,78.57241821289062
2012-01-11,100.37779235839844,1.2751848697662354,79.59504699707031
2012-01-12,100.61862182617188,1.272394061088562,79.48219299316406
2012-01-13,100.09806823730467,1.2820513248443604,80.27244567871094
2012-01-16,100.09806823730467,1.264702081680298,80.27244567871094
2012-01-17,100.48651885986328,1.2667046785354614,80.64432525634766
2012-01-18,101.59751892089844,1.27459979057312,79.66807556152344
2012-01-19,102.1335906982422,1.286603927612305,78.57241821289062
2012-01-20,102.51429748535156,1.2964956760406494,77.68255615234375
2012-01-23,102.2501449584961,1.2884771823883057,77.19120025634766
2012-01-24,102.1335906982422,1.3026939630508425,77.33061981201172
2012-01-25,102.98822784423828,1.304103970527649,77.14468383789062
2012-01-26,102.45992279052734,1.3107362985610962,78.16734313964844
2012-01-27,102.41331481933594,1.3092775344848633,78.41309356689453
2012-01-30,102.06368255615234,1.3207945823669434,79.33612823486328
2012-01-31,102.02487182617188,1.3139568567276,80.25251770019531
2012-02-01,102.91830444335938,1.3077024221420288,79.3332290649414
2012-02-02,103.08142852783205,1.317002534866333,79.29998016357422
2012-02-03,104.5265121459961,1.3137152194976809,77.59587097167969
2012-02-06,104.45658111572266,1.31271493434906,78.36802673339844
2012-02-07,104.72071838378906,1.3121638298034668,77.39614868164062
2012-02-08,105.031494140625,1.3248542547225952,77.45608520507812
2012-02-09,105.1635971069336,1.3248542547225952,76.87692260742188
2012-02-10,104.38665771484376,1.3278449773788452,77.87544250488281
2012-02-13,105.1635971069336,1.3236793279647827,77.9753189086914
2012-02-14,105.031494140625,1.3157894611358645,78.38804626464844
2012-02-15,104.54208374023438,1.3133701086044312,78.24822998046875
2012-02-16,105.69969940185548,1.3058068752288818,77.62247467041016
2012-02-17,105.97933197021484,1.31268048286438,77.6025161743164
2012-02-20,105.97933197021484,1.3227163553237915,77.6025161743164
2012-02-21,106.0259780883789,1.3204805850982666,76.74385070800781
2012-02-22,105.6841049194336,1.324327826499939,77.70904541015625
2012-02-23,106.15032196044922,1.325574278831482,77.70904541015625
2012-02-24,106.38336944580078,1.337363362312317,78.21492004394531
2012-02-27,106.56204986572266,1.3467106819152832,78.90718841552734
2012-02-28,106.872802734375,1.3406623601913452,78.6476058959961
2012-02-29,106.4532699584961,1.3477997779846191,78.16835021972656
2012-03-01,107.0049057006836,1.3320900201797483,77.43241119384766
2012-03-02,106.67857360839844,1.3322675228118896,78.15967559814453
2012-03-05,106.2435302734375,1.318617582321167,77.5392074584961
2012-03-06,104.68968200683594,1.3225764036178589,78.47989654541016
2012-03-07,105.41997528076172,1.312335968017578,77.99951171875
2012-03-08,106.4687728881836,1.3139914274215698,77.21891784667969
2012-03-09,106.88058471679688,1.327492356300354,77.37238311767578
2012-03-12,106.88835906982422,1.312508225440979,77.35907745361328
2012-03-13,108.8150863647461,1.3168290853500366,75.99800872802734
2012-03-14,108.69855499267578,1.30804443359375,74.08322143554688
2012-03-15,109.327880859375,1.3022528886795044,74.19664764404297
2012-03-16,109.47923278808594,1.3078734874725342,74.34342956542969
2012-03-19,109.90845489501952,1.3177140951156616,73.4560775756836
2012-03-20,109.5885009765625,1.3229262828826904,73.7496566772461
2012-03-21,109.40902709960938,1.323766827583313,74.58360290527344
2012-03-22,108.62086486816406,1.3218770027160645,74.82377624511719
2012-03-23,108.97200775146484,1.3204805850982666,75.53097534179688
2012-03-26,110.50145721435548,1.328303575515747,75.14404296875
2012-03-27,110.15811157226562,1.3360053300857544,75.6844711303711
2012-03-28,109.61187744140624,1.3328713178634644,75.57767486572266
2012-03-29,109.42464447021484,1.3326226472854614,76.1447982788086
2012-03-30,109.87723541259766,1.3313806056976318,74.85713195800781
2012-04-02,110.68093872070312,1.3358268737792969,75.2718505859375
2012-04-03,110.2283706665039,1.3333333730697632,73.96749114990234
2012-04-04,109.13590240478516,1.3225239515304563,74.9842758178711
2012-04-05,109.08128356933594,1.314405918121338,75.52606201171875
2012-04-06,109.08128356933594,1.3065063953399658,75.52606201171875
2012-04-09,107.8561782836914,1.3079075813293457,77.29197692871094
2012-04-10,106.04581451416016,1.311131477355957,78.16825866699219
2012-04-11,106.90418243408205,1.3073604106903076,77.23175811767578
2012-04-12,108.30095672607422,1.311991572380066,76.9106674194336
2012-04-13,107.01345825195312,1.318913221359253,78.1548080444336
2012-04-16,106.94320678710938,1.30565345287323,78.04113006591797
2012-04-17,108.52722930908205,1.31268048286438,77.99432373046875
2012-04-18,108.1605453491211,1.3135426044464111,78.22168731689453
2012-04-19,107.46601104736328,1.311991572380066,78.29531860351562
2012-04-20,107.6454620361328,1.314578652381897,78.30863189697266
2012-04-23,106.7403335571289,1.3204805850982666,78.8772964477539
2012-04-24,107.14608764648438,1.3152011632919312,78.32205200195312
2012-04-25,108.61306762695312,1.3197835683822632,77.92074584960938
2012-04-26,109.3700180053711,1.323276400566101,78.38896942138672
2012-04-27,109.54946899414062,1.319087266921997,78.4558334350586
2012-04-30,109.14371490478516,1.3241524696350098,78.47592163085938
2012-05-01,109.82257080078124,1.32397723197937,78.06893157958984
2012-05-02,109.49486541748048,1.32397723197937,78.6187744140625
2012-05-03,108.65992736816406,1.3147515058517456,78.59867095947266
2012-05-04,106.90418243408205,1.3156163692474363,79.21553039550781
2012-05-07,106.9822235107422,1.297033667564392,79.2289047241211
2012-05-08,106.55301666259766,1.306165099143982,79.65138244628906
2012-05-09,105.92097473144533,1.299545168876648,79.7049560546875
2012-05-10,106.13946533203124,1.2936609983444214,79.47029876708984
2012-05-11,105.81954193115234,1.2934937477111816,80.12739562988281
2012-05-14,104.64904022216795,1.289989709854126,81.24716186523438
2012-05-15,104.04818725585938,1.283202886581421,81.57572174072266
2012-05-16,103.65023803710938,1.273560881614685,81.8104476928711
2012-05-17,102.11302185058594,1.273074507713318,83.25873565673828
2012-05-18,101.239013671875,1.269841194152832,83.27885437011719
2012-05-21,102.97914123535156,1.277302384376526,83.10456085205078
2012-05-22,103.15865325927734,1.281065821647644,82.17916870117188
2012-05-23,103.21324157714844,1.2664639949798584,82.7491683959961
2012-05-24,103.41614532470705,1.2561235427856443,82.43401336669922
2012-05-25,103.08062744140624,1.2536041736602783,82.74246978759766
2012-05-28,103.08062744140624,1.2569130659103394,82.74246978759766
2012-05-29,104.32907104492188,1.25250506401062,82.4876480102539
2012-05-30,102.81529998779295,1.2478163242340088,84.57964324951172
2012-05-31,102.58900451660156,1.237470626831055,85.55862426757812
2012-06-01,100.00613403320312,1.2362467050552368,87.58977508544922
2012-06-04,99.95932006835938,1.2402331829071045,86.89776611328125
2012-06-05,100.71625518798828,1.2509382963180542,85.73538208007812
2012-06-06,102.97914123535156,1.2462612390518188,84.02203369140625
2012-06-07,103.04159545898438,1.2573871612548828,84.14965057373047
2012-06-08,103.8609390258789,1.257071018218994,84.1295166015625
2012-06-11,102.5421905517578,1.2645422220230105,84.51248168945312
2012-06-12,103.7204360961914,1.2478163242340088,83.73978424072266
2012-06-13,103.0572280883789,1.2504688501358032,84.56627655029297
2012-06-14,104.149658203125,1.2573871612548828,84.45872497558594
2012-06-15,105.21478271484376,1.262785792350769,84.9290771484375
2012-06-18,105.41870880126952,1.27048659324646,85.38601684570312
2012-06-19,106.4384536743164,1.2597631216049194,84.27061462402344
2012-06-20,106.26585388183594,1.2680699825286863,84.68719482421875
2012-06-21,103.88140106201172,1.2680699825286863,85.13734436035156
2012-06-22,104.6814422607422,1.255177617073059,84.00182342529297
2012-06-25,103.00289154052734,1.2537612915039062,85.22469329833984
2012-06-26,103.52056884765624,1.2504688501358032,84.88878631591797
2012-06-27,104.45393371582033,1.248751163482666,85.02313232421875
2012-06-28,104.15592956542967,1.2473493814468384,85.23145294189453
2012-06-29,106.7521514892578,1.244090557098389,84.12276458740234
2012-07-02,107.07376861572266,1.2655184268951416,84.99068450927734
2012-07-03,107.77970886230467,1.2581782341003418,84.33758544921875
2012-07-04,107.77970886230467,1.2605571746826172,84.33758544921875
2012-07-05,107.29338836669922,1.2516272068023682,84.76850891113281
2012-07-06,106.27371215820312,1.2391574382781982,85.55635070800781
2012-07-09,106.14038848876952,1.227144479751587,86.31053161621094
2012-07-10,105.21478271484376,1.2318304777145386,86.48561096191406
2012-07-11,105.23048400878906,1.2256402969360352,86.59331512451172
2012-07-12,104.72066497802734,1.2247247695922852,87.2060317993164
2012-07-13,106.4776611328125,1.2192742824554443,86.97711944580078
2012-07-16,106.22665405273438,1.2248897552490234,87.3811264038086
2012-07-17,106.95610809326172,1.2268433570861816,86.69434356689453
2012-07-18,107.7483139038086,1.2295585870742798,86.741455078125
2012-07-19,108.03069305419922,1.227747082710266,86.51924133300781
2012-07-20,107.04238891601562,1.2276867628097534,87.57642364501953
2012-07-23,105.95994567871094,1.2127091884613037,88.06798553466797
2012-07-24,105.05003356933594,1.212415099143982,88.76152801513672
2012-07-25,105.07362365722656,1.2061853408813477,88.99043273925781
2012-07-26,106.80707550048828,1.2140341997146606,88.1756820678711
2012-07-27,108.77584075927734,1.2280486822128296,86.51248168945312
2012-07-30,108.77584075927734,1.230466365814209,87.15896606445312
2012-07-31,108.01499938964844,1.2259409427642822,87.33403778076172
2012-08-01,107.92086029052734,1.2294074296951294,86.89739227294922
2012-08-02,107.17576599121094,1.2241400480270386,87.3900146484375
2012-08-03,109.30138397216795,1.218026876449585,85.97970581054688
2012-08-06,109.51316833496094,1.2428536415100098,86.01350402832031
2012-08-07,110.06220245361328,1.2390038967132568,84.90685272216797
2012-08-08,110.19548797607422,1.2386969327926636,84.45476531982422
2012-08-09,110.28963470458984,1.237332820892334,84.3940200805664
2012-08-10,110.47004699707033,1.2294074296951294,84.81912994384766
2012-08-13,110.4151382446289,1.2277169227600098,84.6774673461914
2012-08-14,110.43087768554688,1.2327415943145752,83.53030395507812
2012-08-15,110.55635833740234,1.2325897216796875,82.35618591308594
2012-08-16,111.3721160888672,1.2289540767669678,81.65443420410156
2012-08-17,111.52111053466795,1.2357884645462036,82.05254364013672
2012-08-20,111.5289535522461,1.233258605003357,82.22126770019531
2012-08-21,111.19168090820312,1.2353304624557495,82.58560943603516
2012-08-22,111.23873138427734,1.2476606369018557,83.94864654541016
2012-08-23,110.32889556884766,1.2534469366073608,84.29953002929688
2012-08-24,110.99559783935548,1.2561235427856443,84.2186050415039
2012-08-27,111.01909637451172,1.250437617301941,84.71117401123047
2012-08-28,110.90933227539062,1.250156283378601,84.91362762451172
2012-08-29,110.99559783935548,1.257228970527649,84.5424575805664
2012-08-30,110.19548797607422,1.2531328201293943,84.98108673095703
2012-08-31,110.72106170654295,1.2510946989059448,86.18215942382812
2012-09-03,110.72106170654295,1.257703423500061,86.18215942382812
2012-09-04,110.61908721923828,1.2586532831192017,86.09559631347656
2012-09-05,110.5249481201172,1.2534469366073608,85.68984985351562
2012-09-06,112.7682647705078,1.2602394819259644,84.26307678222656
2012-09-07,113.20751190185548,1.263264298439026,83.870849609375
2012-09-10,112.56431579589844,1.2795906066894531,84.0737533569336
2012-09-11,112.8780517578125,1.2761613130569458,83.54629516601562
2012-09-12,113.25457000732422,1.2851818799972534,82.5049057006836
2012-09-13,114.98014068603516,1.2903226613998413,82.18032836914062
2012-09-14,115.4899673461914,1.299376368522644,79.99614715576172
2012-09-17,115.09783172607422,1.3116475343704224,80.95636749267578
2012-09-18,115.00367736816406,1.3110111951828003,81.36212921142578
2012-09-19,115.06639099121094,1.3046314716339111,81.89632415771484
2012-09-20,115.0742645263672,1.3058239221572876,82.09917449951172
2012-09-21,115.02619934082033,1.2973533868789673,82.19385528564453
2012-09-24,114.85271453857422,1.2968486547470093,82.83626556396484
2012-09-25,113.6304702758789,1.2941633462905884,83.65450286865234
2012-09-26,112.99173736572266,1.2900062799453735,84.55386352539062
2012-09-27,114.05630493164062,1.2881617546081543,83.9520263671875
2012-09-28,113.52793884277344,1.2913223505020142,83.99931335449219
2012-10-01,113.82763671875,1.2809016704559326,84.3110580444336
2012-10-02,113.94586944580078,1.2888258695602417,84.19585418701172
2012-10-03,114.41116333007812,1.2916558980941772,84.22296905517578
2012-10-04,115.23121643066406,1.2923235893249512,83.17262268066406
2012-10-05,115.23906707763672,1.3017443418502808,82.0951919555664
2012-10-08,114.84480285644533,1.301574945449829,82.78636932373047
2012-10-09,113.70931243896484,1.2976900339126587,82.63729095458984
2012-10-10,112.98385620117188,1.2858428955078125,83.22007751464844
2012-10-11,113.04693603515624,1.2858428955078125,83.79602813720703
2012-10-12,112.6763153076172,1.293326497077942,84.00611877441406
2012-10-15,113.61466217041016,1.2943308353424072,83.81637573242188
2012-10-16,114.7659683227539,1.2968486547470093,82.65762329101562
2012-10-17,115.28640747070312,1.310787796974182,81.89189910888672
2012-10-18,114.98677825927734,1.3116475343704224,81.39049530029297
2012-10-19,113.07056427001952,1.306916117668152,82.49498748779297
2012-10-22,113.08638763427734,1.3022528886795044,81.96646118164062
2012-10-23,111.5171127319336,1.3070186376571655,83.13875579833984
2012-10-24,111.20169830322266,1.2973533868789673,82.31879425048828
2012-10-25,111.52500915527344,1.2965123653411863,81.89871215820312
2012-10-26,111.46192169189452,1.2938284873962402,83.1048812866211
2012-10-29,111.46192169189452,1.2924071550369265,83.1048812866211
2012-10-30,111.46192169189452,1.2908222675323486,83.1048812866211
2012-10-31,111.46192169189452,1.2962603569030762,83.59276580810547
2012-11-01,112.62899780273438,1.2965123653411863,82.90834045410156
2012-11-02,111.62755584716795,1.2948336601257324,82.84737396240234
2012-11-05,111.8562240600586,1.2827913761138916,83.31494140625
2012-11-06,112.73151397705078,1.2802459001541138,82.52887725830078
2012-11-07,110.17658996582033,1.2808033227920532,84.02642822265625
2012-11-08,108.85182189941406,1.2759984731674194,85.27327728271484
2012-11-09,108.94640350341795,1.274534821510315,85.36815643310547
2012-11-12,109.03317260742188,1.272394061088562,85.510498046875
2012-11-13,108.65467071533205,1.2709709405899048,85.79508209228516
2012-11-14,107.1879653930664,1.2709709405899048,85.8764419555664
2012-11-15,107.0066375732422,1.273236632347107,85.70697021484375
2012-11-16,107.53494262695312,1.2784454822540283,85.63246154785156
2012-11-19,109.71135711669922,1.2759497165679932,85.15133666992188
2012-11-20,109.7586898803711,1.276943564414978,84.2975082397461
2012-11-21,109.96368408203124,1.281443476676941,84.25009155273438
2012-11-22,109.96368408203124,1.2865046262741089,84.25009155273438
2012-11-23,111.46192169189452,1.2875149250030518,84.16871643066406
2012-11-26,111.22537231445312,1.2965964078903198,84.56861114501953
2012-11-27,110.6575698852539,1.298701286315918,84.900634765625
2012-11-28,111.54869079589844,1.2938284873962402,84.77861785888672
2012-11-29,112.06915283203124,1.2953367233276367,84.79219818115234
2012-11-30,112.09274291992188,1.2973533868789673,84.56178283691406
2012-12-03,111.540771484375,1.299680233001709,84.6398696899414
2012-12-04,111.38309478759766,1.299680233001709,85.12873077392578
2012-12-05,111.58021545410156,1.3099292516708374,85.08794403076172
2012-12-06,111.95872497558594,1.3070186376571655,85.27132415771484
2012-12-07,112.2978057861328,1.2963443994522097,84.4837417602539
2012-12-10,112.34508514404295,1.2906056642532349,84.85714721679688
2012-12-11,113.11003875732422,1.2938284873962402,84.21209716796875
2012-12-12,113.16521453857422,1.3013207912445068,83.2343978881836
2012-12-13,112.47124481201172,1.3066771030426023,83.29552459716797
2012-12-14,112.05333709716795,1.3078734874725342,83.92015838623047
2012-12-17,113.37020111083984,1.3165863752365112,82.66404724121094
2012-12-18,114.6319580078125,1.316482424736023,81.82211303710938
2012-12-19,113.78026580810548,1.323101282119751,82.09378814697266
2012-12-20,114.43480682373048,1.3215277194976809,82.10734558105469
2012-12-21,113.3960189819336,1.323766827583313,83.00357818603516
2012-12-24,113.0466079711914,1.3182003498077393,82.85413360595703
2012-12-25,113.0466079711914,1.3180439472198486,82.85413360595703
2012-12-26,112.57015228271484,1.3180439472198486,83.1522445678711
2012-12-27,112.41926574707033,1.3225764036178589,83.43123626708984
2012-12-28,111.2042007446289,1.3250298500061035,83.9075698852539
2012-12-31,113.09426879882812,1.3227688074111938,82.4581527709961
2013-01-01,113.09426879882812,1.32013201713562,82.4581527709961
2013-01-02,115.99288177490234,1.3197835683822632,81.3558349609375
2013-01-03,115.73086547851562,1.3182177543640137,80.25347137451172
2013-01-04,116.23907470703124,1.3032711744308472,80.56649017333984
2013-01-07,115.92141723632812,1.3067454099655151,80.60051727294922
2013-01-08,115.58787536621094,1.312508225440979,81.1312255859375
2013-01-09,115.88165283203124,1.308232665061951,81.05644226074219
2013-01-10,116.80294799804688,1.305483102798462,80.83186340332031
2013-01-11,116.79497528076172,1.327316164970398,81.55313110351562
2013-01-14,116.71554565429688,1.3362016677856443,81.32855987548828
2013-01-15,116.79497528076172,1.3377926349639893,81.70283508300781
2013-01-16,116.7791519165039,1.330849051475525,81.87297058105469
2013-01-17,117.53351593017578,1.32908034324646,81.05644226074219
2013-01-18,117.79560089111328,1.3372559547424316,81.68244171142578
2013-01-21,117.79560089111328,1.3320013284683228,81.68244171142578
2013-01-22,118.4309310913086,1.3311502933502195,81.83889770507812
2013-01-23,118.62150573730467,1.331398367881775,81.71647644042969
2013-01-24,118.65325927734376,1.330849051475525,81.43063354492188
2013-01-25,119.32034301757812,1.3369340896606443,80.31468200683594
2013-01-28,119.17740631103516,1.3466018438339231,80.02210998535156
2013-01-29,119.64592742919922,1.3446282148361206,79.57980346679688
2013-01-30,119.17740631103516,1.34916353225708,79.4437255859375
2013-01-31,118.88357543945312,1.3568336963653564,79.83158111572266
2013-02-01,120.10661315917967,1.3610997200012207,78.79501342773438
2013-02-04,118.75651550292967,1.3648709058761597,79.80429077148438
2013-02-05,119.95569610595705,1.3511687517166138,79.09503936767578
2013-02-06,120.04302215576172,1.3581420183181765,79.74290466308594
2013-02-07,119.88420867919922,1.3523930311203003,79.56564331054688
2013-02-08,120.55130767822266,1.3389389514923096,79.87249755859375
2013-02-11,120.52745819091795,1.3368269205093384,79.81111145019531
2013-02-12,120.72598266601562,1.340356707572937,79.61336517333984
2013-02-13,120.82926940917967,1.3452069759368896,78.9654541015625
2013-02-14,120.94039154052734,1.3444474935531616,79.68156433105469
2013-02-15,120.79743957519533,1.3352917432785034,79.44963073730469
2013-02-18,120.79743957519533,1.3344007730484009,79.44963073730469
2013-02-19,121.70280456542967,1.3347214460372925,79.05414581298828
2013-02-20,120.18595123291016,1.3395847082138062,79.29280853271484
2013-02-21,119.45535278320312,1.327316164970398,79.7565689086914
2013-02-22,120.6227798461914,1.3194352388381958,79.81111145019531
2013-02-25,118.32767486572266,1.319591999053955,81.37963104248047
2013-02-26,119.13773345947266,1.3065063953399658,80.90907287597656
2013-02-27,120.6386489868164,1.3065917491912842,80.67044830322266
2013-02-28,120.4004364013672,1.3150973320007324,80.82048797607422
2013-03-01,120.79743957519533,1.3059945106506348,81.26058197021484
2013-03-04,121.44075012207033,1.3016934394836426,80.82998657226562
2013-03-05,122.52871704101562,1.3036110401153564,80.59762573242188
2013-03-06,122.69546508789062,1.3048527240753174,79.86638641357422
2013-03-07,122.9178695678711,1.297858476638794,79.25126647949219
2013-03-08,123.44195556640624,1.311131477355957,78.42436981201172
2013-03-11,123.91056060791016,1.2988024950027466,78.4994888305664
2013-03-12,123.63256072998048,1.3032711744308472,79.06675720214844
2013-03-13,123.80729675292967,1.3029316663742063,78.98474884033203
2013-03-14,124.46643829345705,1.2958402633666992,78.74559020996094
2013-03-15,124.30206298828124,1.301236271858215,79.11456298828125
2013-03-18,123.6161117553711,1.2892745733261108,79.71601104736328
2013-03-19,123.32893371582033,1.2944984436035156,80.2559585571289
2013-03-20,124.1903839111328,1.2863887548446655,79.36060333251953
2013-03-21,123.1295166015625,1.2941633462905884,80.12605285644531
2013-03-22,124.11868286132812,1.2904890775680542,80.18755340576172
2013-03-25,123.60012817382812,1.302405595779419,80.11236572265625
2013-03-26,124.58929443359376,1.2858428955078125,80.2081069946289
2013-03-27,124.58929443359376,1.2860082387924194,80.89151000976562
2013-03-28,124.97216796875,1.277791976928711,80.48146057128906
2013-03-29,124.97216796875,1.2815911769866943,80.48146057128906
2013-04-01,124.4775619506836,1.2805737257003784,81.0875473022461
2013-04-02,125.0918197631836,1.2850167751312256,80.75887298583984
2013-04-03,123.82345581054688,1.2820513248443604,81.48487854003906
2013-04-04,124.32605743408205,1.2850167751312256,82.45750427246094
2013-04-05,123.76761627197266,1.2928247451782229,84.1218032836914
2013-04-08,124.60525512695312,1.2992074489593506,83.47798919677734
2013-04-09,125.03598022460938,1.3029316663742063,83.27251434326172
2013-04-10,126.5675277709961,1.3080273866653442,82.1286392211914
2013-04-11,126.9822769165039,1.3055341243743896,82.2862319946289
2013-04-12,126.67120361328124,1.311475396156311,83.5122299194336
2013-04-15,123.73575592041016,1.3099292516708374,84.23828125
2013-04-16,125.56240844726562,1.3054660558700562,83.54652404785156
2013-04-17,123.72775268554688,1.3178702592849731,84.10122680664062
2013-04-18,122.95401763916016,1.3034920692443848,84.30670166015625
2013-04-19,124.02294158935548,1.3053126335144043,84.12863159179688
2013-04-22,124.57332611083984,1.3055682182312012,84.19031524658203
2013-04-23,125.85755920410156,1.306165099143982,83.89578247070312
2013-04-24,125.93734741210938,1.2994438409805298,84.10810089111328
2013-04-25,126.44784545898438,1.3017443418502808,83.74507141113281
2013-04-26,126.22454833984376,1.3007283210754397,84.51227569580078
2013-04-29,127.07006072998048,1.3042571544647217,84.2040023803711
2013-04-30,127.37313079833984,1.3095861673355105,84.2519302368164
2013-05-01,126.2564468383789,1.3168290853500366,85.11747741699219
2013-05-02,127.42897033691406,1.3182177543640137,85.00761413574219
2013-05-03,128.72119140625,1.3065063953399658,83.0034408569336
2013-05-06,129.04823303222656,1.312335968017578,82.79747772216797
2013-05-07,129.70237731933594,1.3070186376571655,82.47492980957031
2013-05-08,130.2926788330078,1.3077024221420288,82.60530853271484
2013-05-09,129.92576599121094,1.3161357641220093,82.39256286621094
2013-05-10,130.3485107421875,1.303441047668457,81.50711059570312
2013-05-13,130.45223999023438,1.2965291738510132,80.88253784179688
2013-05-14,131.80027770996094,1.2988024950027466,80.00401306152344
2013-05-15,132.51022338867188,1.2937111854553225,80.53934478759766
2013-05-16,131.8880157470703,1.2882447242736816,81.37671661376953
2013-05-17,133.16433715820312,1.2883278131484983,80.34712219238281
2013-05-20,133.15631103515625,1.2835652828216553,80.2510986328125
2013-05-21,133.3477783203125,1.2891082763671875,80.88253784179688
2013-05-22,132.35867309570312,1.291906237602234,79.68136596679688
2013-05-23,131.97572326660156,1.2842081785202026,80.058837890625
2013-05-24,131.86407470703125,1.2925074100494385,80.16867065429688
2013-05-27,131.86407470703125,1.2937781810760498,80.16867065429688
2013-05-28,132.65380859375,1.29339337348938,78.13700866699219
2013-05-29,131.79232788085938,1.2846370935440063,79.01559448242188
2013-05-30,132.27890014648438,1.294783353805542,78.82342529296875
2013-05-31,130.38035583496094,1.3043931722640991,78.55573272705078
2013-06-03,131.0983123779297,1.299646496772766,78.97196960449219
2013-06-04,130.46815490722656,1.3072919845581057,78.2426528930664
2013-06-05,128.6414794921875,1.307343363761902,79.3228988647461
2013-06-06,129.80612182617188,1.3093289136886597,79.27470397949219
2013-06-07,131.45729064941406,1.3245558738708496,77.85736846923828
2013-06-10,131.45729064941406,1.3224014043807983,77.48587799072266
2013-06-11,130.10122680664062,1.3224014043807983,78.40782165527344
2013-06-12,129.0243377685547,1.3224014043807983,77.28628540039062
2013-06-13,130.98666381835938,1.3339558839797974,78.49723815917969
2013-06-14,130.16497802734375,1.3367911577224731,78.31146240234375
2013-06-17,131.17010498046875,1.3348639011383057,77.89862060546875
2013-06-18,132.20709228515625,1.336308836936951,77.93992614746094
2013-06-19,130.38035583496094,1.3389928340911863,77.13500213623047
2013-06-20,127.14981842041016,1.329186201095581,75.86894226074219
2013-06-21,127.55799865722656,1.323556661605835,74.58236694335938
2013-06-24,125.94615936279295,1.3105300664901731,74.89196014404297
2013-06-25,127.1570053100586,1.313232183456421,74.22452545166016
2013-06-26,128.41603088378906,1.307976007461548,74.70616149902344
2013-06-27,129.16978454589844,1.301337718963623,75.46990203857422
2013-06-28,128.64056396484375,1.303593993186951,75.98589324951172
2013-07-01,129.39431762695312,1.3014055490493774,76.1390380859375
2013-07-02,129.27403259277344,1.306762456893921,76.09075927734375
2013-07-03,129.3302001953125,1.2978922128677368,75.86318969726562
2013-07-04,129.3302001953125,1.30108380317688,75.86318969726562
2013-07-05,130.72544860839844,1.2907721996307373,73.27714538574219
2013-07-08,131.47125244140625,1.2829065322875977,73.98743438720703
2013-07-09,132.41749572753906,1.2871006727218628,74.06329345703125
2013-07-10,132.465576171875,1.278183937072754,73.48401641845703
2013-07-11,134.26988220214844,1.3187741041183472,74.34607696533203
2013-07-12,134.32603454589844,1.3097747564315796,74.28398895263672
2013-07-15,134.83920288085938,1.3059945106506348,74.67703247070312
2013-07-16,134.33404541015625,1.3058750629425049,74.93217468261719
2013-07-17,134.67881774902344,1.3151146173477173,75.0700912475586
2013-07-18,135.41659545898438,1.3116990327835083,74.13228607177734
2013-07-19,135.65716552734375,1.3110626935958862,75.3045654296875
2013-07-22,135.92178344726562,1.3159972429275513,75.41493225097656
2013-07-23,135.63311767578125,1.3190349340438845,75.09769439697266
2013-07-24,135.1359405517578,1.3223315477371216,74.14604949951172
2013-07-25,135.46469116210938,1.319087266921997,74.11843872070312
2013-07-26,135.60902404785156,1.3274219036102295,74.57361602783203
2013-07-29,135.1920166015625,1.3287447690963743,74.02880859375
2013-07-30,135.1920166015625,1.3263654708862305,74.0012435913086
2013-07-31,135.28826904296875,1.3264886140823364,74.27020263671875
2013-08-01,136.85198974609375,1.3301409482955933,72.83910369873047
2013-08-02,137.08447265625,1.3211959600448608,73.6410903930664
2013-08-05,136.8841094970703,1.3278977870941162,73.07416534423828
2013-08-06,136.10623168945312,1.3257501125335691,73.28849029541016
2013-08-07,135.66510009765625,1.3308136463165283,73.83464813232422
2013-08-08,136.162353515625,1.334098219871521,74.03512573242188
2013-08-09,135.76942443847656,1.3380074501037598,74.15267181396484
2013-08-12,135.60902404785156,1.3339380025863647,73.64799499511719
2013-08-13,136.00994873046875,1.3292922973632812,72.58336639404297
2013-08-14,135.31231689453125,1.326559066772461,72.69391632080078
2013-08-15,133.41983032226562,1.3264182806015017,71.71224975585938
2013-08-16,132.97885131835938,1.33539879322052,71.46339416503906
2013-08-19,132.12876892089844,1.332906723022461,70.84111785888672
2013-08-20,132.7783203125,1.3333866596221924,71.38729095458984
2013-08-21,131.96038818359375,1.3421016931533811,70.60611724853516
2013-08-22,133.16323852539062,1.334294080734253,71.3250732421875
2013-08-23,133.6123504638672,1.335505723953247,72.0993881225586
2013-08-26,133.1151580810547,1.33865225315094,72.45893096923828
2013-08-27,130.97409057617188,1.3379179239273071,73.37144470214844
2013-08-28,131.4391632080078,1.3392080068588257,72.77685546875
2013-08-29,131.6476287841797,1.3334933519363403,73.35760498046875
2013-08-30,131.23065185546875,1.3236267566680908,73.27465057373047
2013-09-02,131.23065185546875,1.3208295106887815,73.27465057373047
2013-09-03,131.82406616210938,1.319000244140625,72.24118041992188
2013-09-04,132.91464233398438,1.317401647567749,72.08174896240234
2013-09-05,133.0830535888672,1.320062279701233,71.07664489746094
2013-09-06,133.14720153808594,1.3118367195129397,71.43017578125
2013-09-09,134.42227172851562,1.3174188137054443,71.46481323242188
2013-09-10,135.41659545898438,1.3258028030395508,70.96578979492188
2013-09-11,135.8416290283203,1.326629400253296,71.59648895263672
2013-09-12,135.48074340820312,1.3315579891204834,71.4994888305664
2013-09-13,135.7854461669922,1.3298933506011963,71.77676391601562
2013-09-16,136.5713348388672,1.3359339237213137,71.2984619140625
2013-09-17,137.1807861328125,1.3337956666946411,71.88763427734375
2013-09-18,138.76844787597656,1.3357912302017212,72.7749252319336
2013-09-19,138.53599548339844,1.3523015975952148,72.34514617919922
2013-09-20,137.56739807128906,1.353417992591858,72.72642517089844
2013-09-23,136.93081665039062,1.3534547090530396,73.26011657714844
2013-09-24,136.60845947265625,1.349892020225525,74.05030059814453
2013-09-25,136.213623046875,1.347182273864746,74.20281982421875
2013-09-26,136.73744201660156,1.351698398590088,73.68291473388672
2013-09-27,136.10890197753906,1.348617672920227,73.86314392089844
2013-09-30,135.38363647460938,1.349545955657959,73.75224304199219
2013-10-01,136.4553985595703,1.3525211811065674,73.52845764160156
2013-10-02,136.32643127441406,1.352338194847107,73.63965606689453
2013-10-03,135.0693817138672,1.3591018915176392,73.52152252197266
2013-10-04,136.0927734375,1.362416386604309,73.46593475341797
2013-10-07,134.9163055419922,1.356999397277832,73.76477813720703
2013-10-08,133.344970703125,1.356999397277832,73.78561401367188
2013-10-09,133.4416961669922,1.3598041534423828,73.19486999511719
2013-10-10,136.31837463378906,1.352027416229248,73.3130111694336
2013-10-11,137.1967315673828,1.3526674509048462,73.29218292236328
2013-10-14,137.7447052001953,1.3556748628616333,72.70145416259766
2013-10-15,136.7454833984375,1.3558586835861206,72.65279388427734
2013-10-16,138.6552276611328,1.3521736860275269,73.563232421875
2013-10-17,139.5819091796875,1.3522467613220217,74.23038482666016
2013-10-18,140.524658203125,1.366698980331421,74.39024353027344
2013-10-21,140.53273010253906,1.3681949377059937,74.15397644042969
2013-10-22,141.34666442871094,1.36759614944458,74.98098754882812
2013-10-23,140.66973876953125,1.3778469562530518,75.2728500366211
2013-10-24,141.1371307373047,1.3780938386917114,74.98098754882812
2013-10-25,141.78175354003906,1.380395531654358,75.25896453857422
2013-10-28,142.00733947753906,1.3805290460586548,75.00182342529297
2013-10-29,142.76487731933594,1.3789299726486206,75.09911346435547
2013-10-30,142.0557098388672,1.374306082725525,74.64736938476562
2013-10-31,141.65281677246094,1.3724011182785034,74.8072280883789
2013-11-01,141.99127197265625,1.3579760789871216,73.99749755859375
2013-11-04,142.49087524414062,1.349400281906128,74.06719207763672
2013-11-05,142.0396270751953,1.351698398590088,73.18222045898438
2013-11-06,142.76487731933594,1.3473094701766968,73.21704864501953
2013-11-07,140.95977783203125,1.351807951927185,73.83723449707031
2013-11-08,142.8615264892578,1.3409138917922974,72.06028747558594
2013-11-11,142.88572692871094,1.3347926139831543,71.78849029541016
2013-11-12,142.5956573486328,1.3409318923950195,72.12300109863281
2013-11-13,143.7398681640625,1.3439956903457642,72.38778686523438
2013-11-14,144.45706176757812,1.3489633798599243,72.83378601074219
2013-11-15,145.0856170654297,1.3448994159698486,72.98011016845703
2013-11-18,144.57791137695312,1.3483994007110596,73.41915130615234
2013-11-19,144.26364135742188,1.350438952445984,72.86165618896484
2013-11-20,143.8123779296875,1.3567416667938232,71.6212387084961
2013-11-21,144.97276306152344,1.3433817625045776,71.73974609375
2013-11-22,145.69796752929688,1.347182273864746,72.40869140625
2013-11-25,145.5529327392578,1.355233907699585,72.61775970458984
2013-11-26,145.59323120117188,1.3527590036392212,72.88951110839844
2013-11-27,145.9477996826172,1.3567785024642944,72.76406860351562
2013-11-28,145.9477996826172,1.357367753982544,72.76406860351562
2013-11-29,145.85110473632812,1.360396146774292,72.78499603271484
2013-12-02,145.4723663330078,1.3585110902786257,72.21886444091797
2013-12-03,144.84381103515625,1.3542062044143677,72.48446655273438
2013-12-04,144.8276824951172,1.3590649366378784,71.7925796508789
2013-12-05,144.1910858154297,1.3586403131484983,71.58985137939453
2013-12-06,145.802734375,1.3669979572296145,71.93233489990234
2013-12-09,146.17337036132812,1.3706516027450562,72.10002136230469
2013-12-10,145.6495819091797,1.3740227222442627,72.61721801757812
2013-12-11,144.0138397216797,1.37644362449646,72.05814361572266
2013-12-12,143.5383758544922,1.3786067962646484,71.7855224609375
2013-12-13,143.52230834960938,1.375080704689026,72.13497161865234
2013-12-16,144.41673278808594,1.3739283084869385,71.86945343017578
2013-12-17,143.95745849609375,1.3762919902801514,72.19090270996094
2013-12-18,146.41519165039062,1.3771259784698486,71.82747650146484
2013-12-19,146.24591064453125,1.3684945106506348,71.75758361816406
2013-12-20,147.09661865234375,1.3655791282653809,72.86190032958984
2013-12-23,147.8825225830078,1.3678393363952637,72.44949340820312
2013-12-24,148.20652770996094,1.3699944019317627,71.86945343017578
2013-12-25,148.20652770996094,1.3681949377059937,71.86945343017578
2013-12-26,148.9600067138672,1.3668484687805176,71.59245300292969
2013-12-27,148.95191955566406,1.3696191310882568,71.38909149169922
2013-12-30,148.92762756347656,1.3750240802764893,71.87993621826172
2013-12-31,149.63250732421875,1.3810056447982788,71.42414855957031
2014-01-01,149.63250732421875,1.3744947910308838,71.42414855957031
2014-01-02,148.19845581054688,1.3766709566116333,71.64152526855469
2014-01-03,148.17417907714844,1.3666616678237915,71.64152526855469
2014-01-06,147.74478149414062,1.3596007823944092,71.9429931640625
2014-01-07,148.6521453857422,1.3631964921951294,72.1253662109375
2014-01-08,148.6846160888672,1.3616372346878052,71.92901611328125
2014-01-09,148.78182983398438,1.3572019338607788,72.34980773925781
2014-01-10,149.1868896484375,1.360710859298706,73.21224975585938
2014-01-13,147.20196533203125,1.36718487739563,73.57682037353516
2014-01-14,148.80615234375,1.3669979572296145,73.24028015136719
2014-01-15,149.60818481445312,1.3668484687805176,73.16319274902344
2014-01-16,149.4137725830078,1.359933614730835,73.65396881103516
2014-01-17,148.78182983398438,1.3618041276931765,73.96249389648438
2014-01-20,148.78182983398438,1.3527590036392212,73.96249389648438
2014-01-21,149.21925354003906,1.3549033403396606,74.0185775756836
2014-01-22,149.31655883789062,1.355913758277893,73.83631134033203
2014-01-23,148.09312438964844,1.354224443435669,74.88106536865234
2014-01-24,144.93338012695312,1.3689066171646118,75.36491394042969
2014-01-27,144.22047424316406,1.3687942028045654,74.83899688720703
2014-01-28,145.07928466796875,1.367465257644653,75.02129364013672
2014-01-29,143.685791015625,1.3655046224594116,75.63836669921875
2014-01-30,145.20892333984375,1.365859031677246,75.42097473144531
2014-01-31,144.35818481445312,1.3558770418167114,75.92584991455078
2014-02-03,141.109375,1.3488178253173828,76.85099792480469
2014-02-04,142.0978240966797,1.3525028228759766,76.03555297851562
2014-02-05,141.91954040527344,1.3515887260437012,75.3325424194336
2014-02-06,143.79112243652344,1.3535096645355225,75.00918579101562
2014-02-07,145.5734405517578,1.3592127561569214,75.0724105834961
2014-02-10,145.84083557128906,1.361933946609497,75.28333282470703
2014-02-11,147.43695068359375,1.364610195159912,74.84745025634766
2014-02-12,147.50979614257812,1.363902926445007,74.4608154296875
2014-02-13,148.27134704589844,1.3590095043182373,74.88263702392578
2014-02-14,149.0896759033203,1.3678767681121826,74.92479705810547
2014-02-17,149.0896759033203,1.3699944019317627,74.92479705810547
2014-02-18,149.26792907714844,1.3704450130462646,75.093505859375
2014-02-19,148.2794952392578,1.376197338104248,74.77719116210938
2014-02-20,149.1544647216797,1.373041749000549,74.5943832397461
2014-02-21,148.98431396484375,1.372118592262268,74.98802947998047
2014-02-24,149.81076049804688,1.3737962245941162,74.7982406616211
2014-02-25,149.75401306152344,1.373607516288757,75.4661636352539
2014-02-26,149.76214599609375,1.374608278274536,75.86679077148438
2014-02-27,150.54803466796875,1.3681949377059937,76.2815933227539
2014-02-28,150.9287567138672,1.3707455396652222,76.3237533569336
2014-03-03,149.86744689941406,1.377695083618164,76.83324432373047
2014-03-04,151.973876953125,1.373701810836792,75.6775894165039
2014-03-05,152.11163330078125,1.374117136001587,75.8396224975586
2014-03-06,152.4600830078125,1.3734188079833984,75.0926284790039
2014-03-07,152.5248260498047,1.3863087892532349,74.62049865722656
2014-03-10,152.44384765625,1.3878673315048218,74.72622680664062
2014-03-11,151.69039916992188,1.3878865242004397,74.92350006103516
2014-03-12,151.73086547851562,1.385809302330017,75.44502258300781
2014-03-13,150.02947998046875,1.3904531002044678,76.4597396850586
2014-03-14,149.60818481445312,1.3865394592285156,76.47386169433594
2014-03-17,150.9612579345703,1.39130437374115,75.90306091308594
2014-03-18,152.03872680664062,1.3926606178283691,76.1778793334961
2014-03-19,151.2285919189453,1.3930875062942505,75.58596801757812
2014-03-20,152.11163330078125,1.381921648979187,75.45204162597656
2014-03-21,151.521728515625,1.378207802772522,76.26948547363281
2014-03-24,150.8950653076172,1.3795576095581057,76.81208038330078
2014-03-25,151.6112060546875,1.3838915824890137,76.52316284179688
2014-03-26,150.520751953125,1.3819025754928589,77.12215423583984
2014-03-27,150.203369140625,1.378207802772522,77.5097427368164
2014-03-28,150.94390869140625,1.3741360902786257,77.07281494140625
2014-03-31,152.1808319091797,1.3752131462097168,76.88258361816406
2014-04-01,153.1898651123047,1.3775053024291992,76.22554779052734
2014-04-02,153.7025909423828,1.379481554031372,75.7874984741211
2014-04-03,153.49911499023438,1.376822590827942,76.11957550048828
2014-04-04,151.6843719482422,1.3723821640014648,76.62825012207031
2014-04-07,150.0081024169922,1.3704074621200562,77.08744049072266
2014-04-08,150.6265106201172,1.374306082725525,77.27116394042969
2014-04-09,152.24594116210938,1.3793293237686155,76.88966369628906
2014-04-10,149.04786682128906,1.3855020999908447,77.60318756103516
2014-04-11,147.70513916015625,1.3886381387710571,78.23202514648438
2014-04-14,148.86880493164062,1.3846195936203003,78.02711486816406
2014-04-15,149.89414978027344,1.381711721420288,78.5146484375
2014-04-16,151.46475219726562,1.38119637966156,78.61353302001953
2014-04-17,151.67626953125,1.3827050924301147,77.75157165527344
2014-04-18,151.67626953125,1.3812155723571775,77.75157165527344
2014-04-21,152.2051544189453,1.3815207481384275,77.68800354003906
2014-04-22,152.8969268798828,1.3795006275177002,77.9493637084961
2014-04-23,152.5388641357422,1.3810056447982788,78.39449310302734
2014-04-24,152.84808349609375,1.381921648979187,78.5428695678711
2014-04-25,151.59487915039062,1.3832024335861206,78.65594482421875
2014-04-28,152.0750274658203,1.384063959121704,78.27439880371094
2014-04-29,152.78298950195312,1.3852909803390503,78.16844940185547
2014-04-30,153.23876953125,1.3813681602478027,78.49344635009766
2014-05-01,153.25497436523438,1.386924147605896,79.33550262451172
2014-05-02,153.03530883789062,1.3870972394943235,79.82414245605469
2014-05-05,153.3282012939453,1.387270450592041,79.34259796142578
2014-05-06,151.99368286132812,1.387597680091858,79.66130828857422
2014-05-07,152.88876342773438,1.3930680751800537,79.37799835205078
2014-05-08,152.7260284423828,1.3911689519882202,79.03805541992188
2014-05-09,152.9539337158203,1.3844279050827026,78.7831039428711
2014-05-12,154.44309997558594,1.376064658164978,78.46438598632812
2014-05-13,154.58140563964844,1.3756672143936155,79.14430236816406
2014-05-14,153.8490753173828,1.3709522485733032,80.00119018554688
2014-05-15,152.49807739257812,1.372005581855774,80.63859558105469
2014-05-16,153.02711486816406,1.3716480731964111,80.41194915771484
2014-05-19,153.58860778808594,1.3703323602676392,79.81710052490234
2014-05-20,152.62025451660156,1.3713847398757937,79.99417114257812
2014-05-21,153.906005859375,1.3704074621200562,79.50548553466797
2014-05-22,154.2802734375,1.3681762218475342,79.39216613769531
2014-05-23,154.89871215820312,1.3654487133026123,79.81710052490234
2014-05-26,154.89871215820312,1.3628805875778198,79.81710052490234
2014-05-27,155.85084533691406,1.3651318550109863,80.2845230102539
2014-05-28,155.73696899414062,1.3636983633041382,81.27605438232422
2014-05-29,156.54254150390625,1.359342098236084,80.8440170288086
2014-05-30,156.79483032226562,1.360451579093933,80.80859375
2014-06-02,156.97384643554688,1.36280620098114,80.2078857421875
2014-06-03,156.89247131347656,1.3598966598510742,79.22090911865234
2014-06-04,157.20980834960938,1.3621008396148682,79.19962310791016
2014-06-05,158.23513793945312,1.3604146242141724,79.23515319824219
2014-06-06,158.99200439453125,1.3661948442459106,79.23515319824219
2014-06-09,159.1547393798828,1.3642936944961548,79.1215591430664
2014-06-10,159.17098999023438,1.3592681884765625,78.83038330078125
2014-06-11,158.6175994873047,1.3540961742401123,78.97242736816406
2014-06-12,157.49464416503906,1.3537112474441528,79.67539978027344
2014-06-13,157.9747314453125,1.3554543256759644,79.63278198242188
2014-06-16,158.10501098632812,1.3538029193878174,79.83158111572266
2014-06-17,158.54440307617188,1.357717990875244,79.19962310791016
2014-06-18,159.70806884765625,1.3547931909561155,79.81027221679688
2014-06-19,159.88706970214844,1.3590649366378784,78.78778839111328
2014-06-20,160.21173095703125,1.361136794090271,79.38420867919922
2014-06-23,160.16265869140625,1.3593051433563232,79.13573455810547
2014-06-24,159.19784545898438,1.3601926565170288,79.9380874633789
2014-06-25,159.91734313964844,1.3605812788009644,80.14405059814453
2014-06-26,159.80287170410156,1.3628991842269895,80.52745819091797
2014-06-27,160.1136016845703,1.3613035678863523,80.40673065185547
2014-06-30,160.03179931640625,1.3644425868988037,80.60553741455078
2014-07-01,161.10302734375,1.3693565130233765,79.9306869506836
2014-07-02,161.26646423339844,1.3680826425552368,79.07644653320312
2014-07-03,162.05960083007812,1.3652995824813845,78.7916488647461
2014-07-04,162.05960083007812,1.3610072135925293,78.7916488647461
2014-07-07,161.49542236328125,1.3588433265686035,79.36824035644531
2014-07-08,160.45704650878906,1.360618233680725,80.25816345214844
2014-07-09,161.17657470703125,1.3617113828659058,80.32219696044922
2014-07-10,160.53875732421875,1.3642936944961548,80.3436050415039
2014-07-11,160.75955200195312,1.360507249832153,80.85612487792969
2014-07-14,161.5690155029297,1.360377550125122,80.50733184814453
2014-07-15,161.26646423339844,1.3621751070022583,80.3436050415039
2014-07-16,161.86338806152344,1.3572019338607788,80.77071380615234
2014-07-17,160.0236358642578,1.3529969453811646,81.78870391845703
2014-07-18,161.658935546875,1.3518811464309692,81.52532196044922
2014-07-21,161.3564453125,1.3532166481018066,81.9310531616211
2014-07-22,162.05960083007812,1.3527040481567385,82.10189056396484
2014-07-23,162.41937255859375,1.3468012809753418,81.99517059326172
2014-07-24,162.42755126953125,1.346293568611145,81.38292694091797
2014-07-25,161.66712951660156,1.3464748859405518,82.34396362304688
2014-07-28,161.7325439453125,1.3428946733474731,82.23007202148438
2014-07-29,161.03753662109375,1.3439054489135742,82.5290298461914
2014-07-30,161.0620574951172,1.3411117792129517,81.38292694091797
2014-07-31,157.8813934326172,1.3396027088165283,81.14089965820312
2014-08-01,157.39894104003906,1.3389928340911863,81.76897430419922
2014-08-04,158.53549194335938,1.3428946733474731,81.55484008789062
2014-08-05,156.9983367919922,1.342209815979004,81.81897735595703
2014-08-06,157.04737854003906,1.337238073348999,81.86893463134766
2014-08-07,156.19703674316406,1.3382940292358398,82.63262176513672
2014-08-08,158.0040283203125,1.3358268737792969,82.4542465209961
2014-08-11,158.46188354492188,1.3405184745788574,82.44706726074219
2014-08-12,158.24114990234375,1.3384909629821775,81.91175842285156
2014-08-13,159.312255859375,1.3366124629974363,82.44706726074219
2014-08-14,160.06454467773438,1.3367911577224731,83.11087799072266
2014-08-15,160.03179931640625,1.3363981246948242,84.01734924316406
2014-08-18,161.37274169921875,1.339046597480774,83.18221282958984
2014-08-19,162.21499633789062,1.336112380027771,82.9253158569336
2014-08-20,162.64834594726562,1.332196593284607,82.78962707519531
2014-08-21,163.1226043701172,1.3260489702224731,83.25360870361328
2014-08-22,162.86915588378906,1.3279330730438232,83.71756744384766
2014-08-25,163.69488525390625,1.3198705911636353,84.0316162109375
2014-08-26,163.8011932373047,1.3188958168029783,83.76044464111328
2014-08-27,163.73580932617188,1.3170199394226074,84.47412109375
2014-08-28,163.64585876464844,1.319087266921997,84.91671752929688
2014-08-29,164.1119384765625,1.3184958696365356,84.97380828857422
2014-09-01,164.1119384765625,1.3127838373184204,84.97380828857422
2014-09-02,164.03012084960938,1.3131976127624512,83.50799560546875
2014-09-03,163.94020080566406,1.3131976127624512,83.97294616699219
2014-09-04,163.70309448242188,1.3150973320007324,82.94998931884766
2014-09-05,164.43902587890625,1.2932761907577517,82.79259490966797
2014-09-08,164.01376342773438,1.2953367233276367,82.82836151123047
2014-09-09,162.97543334960938,1.2891082763671875,82.76390838623047
2014-09-10,163.58868408203125,1.294196844100952,82.24173736572266
2014-09-11,163.7766571044922,1.2917059659957886,81.96986389160156
2014-09-12,162.82003784179688,1.2923569679260254,81.11137390136719
2014-09-15,162.69740295410156,1.2960082292556765,81.23297882080078
2014-09-16,163.9238739013672,1.2939791679382324,80.9039077758789
2014-09-17,164.14468383789062,1.2959076166152954,80.69647979736328
2014-09-18,165.01951599121094,1.285000205039978,80.95403289794922
2014-09-19,164.87086486816406,1.2920063734054563,81.98419952392578
2014-09-22,163.59754943847656,1.2841421365737915,82.0843276977539
2014-09-23,162.66104125976562,1.285148859024048,82.59226989746094
2014-09-24,163.93435668945312,1.2853965759277344,82.13440704345703
2014-09-25,161.2891845703125,1.2778083086013794,83.10734558105469
2014-09-26,162.57073974609375,1.2757054567337036,82.98572540283203
2014-09-29,162.27493286132812,1.2673146724700928,83.65108489990234
2014-09-30,161.84786987304688,1.269083857536316,83.17890167236328
2014-10-01,159.65447998046875,1.262833595275879,84.79179382324219
2014-10-02,159.67910766601562,1.2624191045761108,84.05309295654297
2014-10-03,161.43707275390625,1.2670577764511108,84.41169738769531
2014-10-06,161.24815368652344,1.2513607740402222,84.4618911743164
2014-10-07,158.75897216796875,1.264606237411499,85.60221099853516
2014-10-08,161.53561401367188,1.266800880432129,85.62374877929688
2014-10-09,158.33187866210938,1.2743074893951416,85.25082397460938
2014-10-10,156.524658203125,1.2689067125320437,86.0970687866211
2014-10-13,153.953369140625,1.263982892036438,86.6205825805664
2014-10-14,154.19161987304688,1.272394061088562,87.18717956542969
2014-10-15,153.14834594726562,1.2639029026031494,87.87567138671875
2014-10-16,153.01695251464844,1.2821663618087769,87.31624603271484
2014-10-17,154.82418823242188,1.280442476272583,86.82857513427734
2014-10-20,156.32752990722656,1.274957299232483,87.14414978027344
2014-10-21,159.42442321777344,1.2795250415802002,86.44847106933594
2014-10-22,158.29083251953125,1.2714719772338867,86.54171752929688
2014-10-23,160.1309051513672,1.2641425132751465,85.77433776855469
2014-10-24,161.3631591796875,1.2654062509536743,85.86042022705078
2014-10-27,161.141357421875,1.2676681280136108,86.0181884765625
2014-10-28,162.98968505859375,1.270147681236267,85.48029327392578
2014-10-29,162.7432098388672,1.273836612701416,85.67394256591797
2014-10-30,163.78643798828125,1.2632802724838257,85.74565124511719
2014-10-31,165.65945434570312,1.2613362073898315,85.52330780029297
2014-11-03,165.74986267089844,1.250312566757202,85.5233154296875
2014-11-04,165.17478942871094,1.2495938539505005,85.789306640625
2014-11-05,166.21804809570312,1.255256414413452,85.66712188720703
2014-11-06,166.88345336914062,1.2480031251907349,85.1135482788086
2014-11-07,167.03952026367188,1.238006830215454,86.09124755859375
2014-11-10,167.56524658203125,1.246137022972107,85.30048370361328
2014-11-11,167.72958374023438,1.242992639541626,85.35798645019531
2014-11-12,167.54885864257812,1.2475829124450684,85.28605651855469
2014-11-13,167.73779296875,1.242992639541626,85.48738098144531
2014-11-14,167.77890014648438,1.2475982904434204,85.90435028076172
2014-11-17,167.8856964111328,1.251846432685852,85.68869018554688
2014-11-18,168.85504150390625,1.2448959350585938,85.92591094970703
2014-11-19,168.58392333984375,1.253337025642395,85.37950897216797
2014-11-20,168.87962341308594,1.2540757656097412,85.82527923583984
2014-11-21,169.7832794189453,1.2545005083084106,86.3428726196289
2014-11-24,170.25975036621094,1.2375012636184692,86.41480255126953
2014-11-25,170.13653564453125,1.2433171272277832,87.13368225097656
2014-11-26,170.5718994140625,1.24806547164917,87.3709716796875
2014-11-27,170.5718994140625,1.2505940198898315,87.3709716796875
2014-11-28,170.21051025390625,1.246199131011963,88.06108093261719
2014-12-01,169.0275421142578,1.2438275814056396,87.54734802246094
2014-12-02,170.12008666992188,1.247007131576538,86.69708251953125
2014-12-03,170.77723693847656,1.2388503551483154,87.03581237792969
2014-12-04,170.5883026123047,1.231663703918457,87.76356506347656
2014-12-05,170.86761474609375,1.2386661767959597,87.251953125
2014-12-08,169.72579956054688,1.2294074296951294,88.31836700439453
2014-12-09,169.6107635498047,1.2315119504928589,88.77230072021484
2014-12-10,166.89170837402344,1.2394952774047852,89.42082977294922
2014-12-11,167.73779296875,1.2473959922790527,89.788330078125
2014-12-12,165.02688598632812,1.2394952774047852,91.00604248046876
2014-12-15,163.8932647705078,1.2463544607162476,90.81869506835938
2014-12-16,162.5789031982422,1.2443537712097168,91.94275665283205
2014-12-17,165.76629638671875,1.2512043714523315,91.11412048339844
2014-12-18,169.86544799804688,1.233897686004639,89.49285125732422
2014-12-19,170.5882110595703,1.229044795036316,90.69625091552734
2014-12-22,171.3729705810547,1.2225985527038574,90.81869506835938
2014-12-23,171.60418701171875,1.2223743200302124,89.01729583740234
2014-12-24,171.6207275390625,1.217492938041687,89.5018081665039
2014-12-25,171.6207275390625,1.2198543548583984,89.5018081665039
2014-12-26,172.17416381835938,1.2210012674331665,89.83393859863281
2014-12-29,172.4054412841797,1.216944694519043,90.5055160522461
2014-12-30,171.48031616210938,1.215347409248352,90.75101470947266
2014-12-31,169.77870178222656,1.2162047624588013,90.92430877685548
2015-01-01,169.77870178222656,1.2098628282546997,90.92430877685548
2015-01-02,169.68783569335938,1.2089413404464722,91.93522644042967
2015-01-05,166.62332153320312,1.194643259048462,93.37940979003906
2015-01-06,165.05392456054688,1.193901538848877,95.06182098388672
2015-01-07,167.11070251464844,1.1875356435775757,94.8741226196289
2015-01-08,170.0760955810547,1.1836000680923462,93.61767578125
2015-01-09,168.71315002441406,1.1796069145202637,94.64303588867188
2015-01-12,167.39154052734375,1.187070369720459,95.1845932006836
2015-01-13,166.92068481445312,1.1831519603729248,95.1845932006836
2015-01-14,165.91299438476562,1.1778285503387451,95.9066925048828
2015-01-15,164.3931427001953,1.178592085838318,97.41586303710938
2015-01-16,166.54896545410156,1.1637378931045532,96.1738739013672
2015-01-19,166.54896545410156,1.1566041707992554,96.1738739013672
2015-01-20,166.90419006347656,1.1597968339920044,97.45189666748048
2015-01-21,167.7467498779297,1.154694437980652,96.32547760009766
2015-01-22,170.24127197265625,1.161534547805786,95.97891235351562
2015-01-23,169.30792236328125,1.1346745491027832,97.31472778320312
2015-01-26,169.70437622070312,1.1125450134277344,97.01868438720705
2015-01-27,167.4658966064453,1.1247708797454834,97.17031860351562
2015-01-28,165.31825256347656,1.1367381811141968,98.75894927978516
2015-01-29,166.84642028808594,1.1281461715698242,98.1090316772461
2015-01-30,164.748291015625,1.13355553150177,99.84925079345705
2015-02-02,166.78851318359375,1.1309019327163696,99.4722671508789
2015-02-03,169.20046997070312,1.1341726779937744,97.36678314208984
2015-02-04,168.5562286376953,1.145737886428833,97.53316497802734
2015-02-05,170.25778198242188,1.131874680519104,96.46232604980467
2015-02-06,169.7869873046875,1.147196888923645,94.7547607421875
2015-02-09,169.02703857421875,1.1314393281936646,94.60281372070312
2015-02-10,170.82772827148438,1.1326953172683716,93.85032653808594
2015-02-11,170.92681884765625,1.1321951150894165,94.02400970458984
2015-02-12,172.5706024169922,1.131196141242981,93.7128677368164
2015-02-13,173.28097534179688,1.140393853187561,92.75055694580078
2015-02-16,173.28097534179688,1.1400039196014404,92.75055694580078
2015-02-17,173.55357360839844,1.1334012746810913,91.35416412353516
2015-02-18,173.5701141357422,1.1404719352722168,91.89684295654295
2015-02-19,173.44619750976562,1.1400039196014404,91.2890396118164
2015-02-20,174.48703002929688,1.1366735696792605,91.55670928955078
2015-02-23,174.4622344970703,1.1381484270095823,92.60589599609376
2015-02-24,174.95785522460938,1.1332985162734983,93.82139587402344
2015-02-25,174.80914306640625,1.1339025497436523,94.22661590576172
2015-02-26,174.60264587402344,1.1363636255264282,92.93871307373048
2015-02-27,174.00790405273438,1.1205360889434814,93.72013092041016
2015-03-02,175.10655212402344,1.1161960363388062,91.9744644165039
2015-03-03,174.3878631591797,1.1179054975509644,91.64092254638672
2015-03-04,173.6527099609375,1.118217945098877,91.66997528076172
2015-03-05,173.84268188476562,1.1082050800323486,91.5539779663086
2015-03-06,171.39768981933594,1.1032048463821411,89.53136444091797
2015-03-09,172.10809326171875,1.0845986604690552,90.3577880859375
2015-03-10,169.3161163330078,1.0833414793014526,91.54672241210938
2015-03-11,168.91966247558594,1.0708701610565186,92.21365356445312
2015-03-12,171.0673370361328,1.0548745393753052,92.14838409423828
2015-03-13,170.0182647705078,1.0626314878463743,91.86566925048828
2015-03-16,172.28982543945312,1.0481630563735962,92.7501220703125
2015-03-17,171.77767944335938,1.0572947263717651,93.51858520507812
2015-03-18,173.84268188476562,1.0598047971725464,95.3237075805664
2015-03-19,173.04971313476562,1.0849988460540771,94.83799743652344
2015-03-20,174.57720947265625,1.066894292831421,95.33822631835938
2015-03-23,174.23699951171875,1.0826611518859863,95.22217559814452
2015-03-24,173.2579345703125,1.094499111175537,96.14290618896484
2015-03-25,170.71910095214844,1.0902034044265747,95.33096313476562
2015-03-26,170.3125457763672,1.0960465669631958,93.84483337402344
2015-03-27,170.70249938964844,1.0886367559432983,95.0119857788086
2015-03-30,172.7851104736328,1.0884946584701538,94.5407485961914
2015-03-31,171.27496337890625,1.0830246210098269,94.74380493164062
2015-04-01,170.6693115234375,1.073814034461975,95.9881820678711
2015-04-02,171.2833251953125,1.0769942998886108,94.97113037109376
2015-04-03,171.2833251953125,1.087074637413025,94.97113037109376
2015-04-06,172.4365997314453,1.100134253501892,94.44080352783205
2015-04-07,171.980224609375,1.0934817790985107,95.23267364501952
2015-04-08,172.56101989746094,1.0824151039123535,95.26168823242188
2015-04-09,173.32435607910156,1.078527569770813,94.02674865722656
2015-04-10,174.2701873779297,1.0669056177139282,94.16475677490234
2015-04-13,173.48196411132812,1.060985445976257,94.29552459716795
2015-04-14,173.8138885498047,1.0572947263717651,94.96389770507812
2015-04-15,174.59376525878906,1.0647132396697998,94.88396453857422
2015-04-16,174.5440216064453,1.0676802396774292,94.41177368164062
2015-04-17,172.53610229492188,1.0755579471588137,95.49422454833984
2015-04-20,174.1125946044922,1.0810226202011108,94.65145874023438
2015-04-21,173.9051513671875,1.0747487545013428,94.22286987304688
2015-04-22,174.75973510742188,1.074171543121338,92.7844467163086
2015-04-23,175.19949340820312,1.0725815296173096,93.18404388427734
2015-04-24,175.60604858398438,1.0815019607543943,93.7651824951172
2015-04-27,174.87591552734375,1.086897373199463,93.7651824951172
2015-04-28,175.4318389892578,1.087795972824097,92.4721221923828
2015-04-29,174.70994567871094,1.096912145614624,91.33883666992188
2015-04-30,172.95925903320312,1.1114321947097778,91.49866485595705
2015-05-01,174.83441162109375,1.1214659214019775,90.26692199707033
2015-05-04,175.33221435546875,1.1185932159423828,89.41519927978516
2015-05-05,173.32435607910156,1.1149141788482666,89.29145812988281
2015-05-06,172.61077880859375,1.1186307668685913,87.76273345947266
2015-05-07,173.2994384765625,1.1341469287872314,88.94203186035156
2015-05-08,175.5811309814453,1.1246949434280396,89.1822509765625
2015-05-11,174.74314880371094,1.1194071769714355,87.012939453125
2015-05-12,174.2204132080078,1.114441990852356,87.23859405517578
2015-05-13,174.2535858154297,1.1221455335617063,86.53975677490234
2015-05-14,176.07069396972656,1.1350480318069458,86.77268981933594
2015-05-15,176.26148986816406,1.1404979228973389,88.51251220703125
2015-05-18,176.8091278076172,1.144505262374878,87.0274658203125
2015-05-19,176.75103759765625,1.1326183080673218,86.25586700439453
2015-05-20,176.62660217285156,1.1146656274795532,86.40149688720703
2015-05-21,177.14100646972656,1.1100751161575315,87.60987854003906
2015-05-22,176.7178497314453,1.1111851930618286,87.64623260498047
2015-05-25,176.7178497314453,1.0992997884750366,87.64623260498047
2015-05-26,174.81781005859375,1.0971167087554932,89.14585876464844
2015-05-27,176.4772186279297,1.08888578414917,89.34967803955078
2015-05-28,176.2781524658203,1.0900014638900757,89.13129425048828
2015-05-29,175.18292236328125,1.0960345268249512,89.32782745361328
2015-06-01,175.5396728515625,1.0957943201065063,88.36776733398438
2015-06-02,175.36541748046875,1.0922993421554563,87.13487243652344
2015-06-03,175.83006286621094,1.115001201629639,85.73416137695312
2015-06-04,174.34486389160156,1.1257838010787964,86.8503646850586
2015-06-05,174.0462188720703,1.120787262916565,85.79256439208984
2015-06-08,172.9758758544922,1.110814929008484,85.69768524169922
2015-06-09,172.95098876953125,1.128095269203186,85.01922607421875
2015-06-10,175.02523803710938,1.1299052238464355,84.27509307861328
2015-06-11,175.58944702148438,1.131196141242981,86.04788970947266
2015-06-12,174.2453155517578,1.1240627765655518,86.04788970947266
2015-06-15,173.4985809326172,1.1219944953918457,86.18649291992188
2015-06-16,174.44448852539062,1.1277008056640625,86.86493682861328
2015-06-17,174.72654724121094,1.124201774597168,86.1938247680664
2015-06-18,176.5435791015625,1.1369967460632324,85.77070617675781
2015-06-19,175.7598876953125,1.1370742321014404,86.87224578857422
2015-06-22,176.6603240966797,1.1372941732406616,85.09949493408203
2015-06-23,176.78538513183594,1.13490629196167,84.58888244628906
2015-06-24,175.50143432617188,1.1172186136245728,85.31837463378906
2015-06-25,174.96783447265625,1.1206992864608765,85.01922607421875
2015-06-26,174.93446350097656,1.1202975511550903,84.06358337402344
2015-06-29,171.26608276367188,1.0975021123886108,86.28862762451172
2015-06-30,171.62451171875,1.122296690940857,85.69038391113281
2015-07-01,173.0001983642578,1.1134989261627195,84.53377532958984
2015-07-02,172.84181213378906,1.103363037109375,84.8116226196289
2015-07-03,172.84181213378906,1.1086965799331665,84.8116226196289
2015-07-06,172.34991455078125,1.0995051860809326,86.38353729248047
2015-07-07,173.43374633789062,1.1048991680145264,87.19512939453125
2015-07-08,170.5239715576172,1.1009942293167114,87.9481201171875
2015-07-09,170.83251953125,1.1071009635925293,86.21537017822266
2015-07-10,172.98353576660156,1.1063048839569092,84.84813690185547
2015-07-13,174.89279174804688,1.1129041910171509,84.5849609375
2015-07-14,175.65151977539062,1.099045991897583,84.86277770996094
2015-07-15,175.59312438964844,1.1008002758026123,85.76210021972656
2015-07-16,177.0021514892578,1.0943553447723389,86.35427856445312
2015-07-17,177.15223693847656,1.0886012315750122,86.80027770996094
2015-07-20,177.24392700195312,1.0830246210098269,86.43470764160156
2015-07-21,176.54359436035156,1.0835410356521606,86.90264129638672
2015-07-22,176.22674560546875,1.0939961671829224,87.44365692138672
2015-07-23,175.23464965820312,1.0927051305770874,88.53306579589844
2015-07-24,173.41708374023438,1.0989010334014893,88.75241088867188
2015-07-27,172.40826416015625,1.0972371101379397,89.22764587402344
2015-07-28,174.5259246826172,1.109004020690918,88.57691192626953
2015-07-29,175.72654724121094,1.1065986156463623,88.24791717529297
2015-07-30,175.76821899414062,1.098406195640564,88.92786407470703
2015-07-31,175.50143432617188,1.0939244031906128,89.58588409423828
2015-08-03,174.9094696044922,1.0969001054763794,90.52896881103516
2015-08-04,174.5676727294922,1.09560227394104,89.81085205078125
2015-08-05,175.14291381835938,1.0888975858688354,89.1367416381836
2015-08-06,173.7088623046875,1.0903104543685913,89.9281005859375
2015-08-07,173.3753662109375,1.0927051305770874,91.10781860351562
2015-08-10,175.5597686767578,1.0965032577514648,89.97937774658203
2015-08-11,173.9756622314453,1.1016976833343506,91.4082260131836
2015-08-12,174.18409729003906,1.104203701019287,90.9099578857422
2015-08-13,173.96734619140625,1.1160963773727417,90.61686706542967
2015-08-14,174.60093688964844,1.1160963773727417,90.829345703125
2015-08-17,175.57647705078125,1.1092993021011353,91.23966217041016
2015-08-18,175.06784057617188,1.107800006866455,90.5215835571289
2015-08-19,173.6838836669922,1.1030831336975098,91.41553497314452
2015-08-20,170.05712890625,1.1118029356002808,92.33881378173828
2015-08-21,164.93798828125,1.1236965656280518,92.61720275878906
2015-08-24,157.99298095703125,1.1376951932907104,92.58790588378906
2015-08-25,156.13372802734375,1.1583056449890137,91.10050201416016
2015-08-26,162.12832641601562,1.1550945043563845,89.34193420410156
2015-08-27,166.13861083984375,1.134005427360535,89.39318084716797
2015-08-28,166.14694213867188,1.1247961521148682,89.65693664550781
2015-08-31,164.8045654296875,1.1214030981063845,88.96821594238281
2015-09-01,159.88560485839844,1.1225864887237549,89.60932159423828
2015-09-02,162.9203338623047,1.1293437480926514,88.8382568359375
2015-09-03,163.03707885742188,1.121604323387146,89.27151489257812
2015-09-04,160.56922912597656,1.1125946044921875,90.0865478515625
2015-09-07,160.56922912597656,1.115200161933899,90.0865478515625
2015-09-08,164.60450744628906,1.1163954734802246,88.75751495361328
2015-09-09,162.4034423828125,1.1207369565963743,89.18338775634766
2015-09-10,163.28721618652344,1.1220699548721311,88.58123779296875
2015-09-11,164.0291748046875,1.1290887594223022,89.13931274414062
2015-09-14,163.42059326171875,1.1344043016433716,89.27885437011719
2015-09-15,165.46327209472656,1.1307612657546997,87.56781768798828
2015-09-16,166.89724731445312,1.1271796226501465,87.23745727539062
2015-09-17,166.5221405029297,1.12920343875885,88.30218505859375
2015-09-18,163.80087280273438,1.1400948762893677,89.66069793701172
2015-09-21,164.6473388671875,1.12920343875885,88.19938659667969
2015-09-22,162.51025390625,1.1190940141677856,89.42571258544922
2015-09-23,162.25039672851562,1.1120749711990356,89.4183578491211
2015-09-24,161.6637725830078,1.1189937591552734,90.0278549194336
2015-09-25,161.62185668945312,1.1178929805755615,89.24945068359375
2015-09-28,157.56564331054688,1.1201720237731934,90.77688598632812
2015-09-29,157.6577911376953,1.123103380203247,91.03387451171876
2015-09-30,160.59945678710938,1.1255937814712524,90.71810150146484
2015-10-01,161.01844787597656,1.11720609664917,91.10514068603516
2015-10-02,163.42379760742188,1.1193444728851318,91.65705108642578
2015-10-05,166.33181762695312,1.1226998567581177,90.41346740722656
2015-10-06,165.76199340820312,1.1195199489593506,90.8034439086914
2015-10-07,167.11962890625,1.1267986297607422,90.5017547607422
2015-10-08,168.62814331054688,1.1239995956420898,89.74383544921875
2015-10-09,168.7286834716797,1.1286935806274414,89.97931671142578
2015-10-12,168.88795471191406,1.1369967460632324,90.66363525390624
2015-10-13,167.8235626220703,1.135550618171692,90.81814575195312
2015-10-14,167.01907348632812,1.138498306274414,91.6128921508789
2015-10-15,169.5835723876953,1.147552251815796,91.16400146484376
2015-10-16,170.35459899902344,1.1368157863616943,91.19344329833984
2015-10-19,170.43833923339844,1.1361054182052612,90.94326782226562
2015-10-20,170.2205047607422,1.132900595664978,90.3840560913086
2015-10-21,169.16453552246094,1.1353960037231443,91.28176879882812
2015-10-22,172.02235412597656,1.134803295135498,91.436279296875
2015-10-23,173.90797424316406,1.108094573020935,90.65633392333984
2015-10-26,173.48057556152344,1.1020376682281494,91.2596435546875
2015-10-27,173.14537048339844,1.1065986156463623,91.48780822753906
2015-10-28,175.1147918701172,1.1037039756774902,91.11985778808594
2015-10-29,175.01425170898438,1.0928961038589478,89.67024993896484
2015-10-30,174.25994873046875,1.099384307861328,90.34722137451172
2015-11-02,176.32156372070312,1.102596640586853,89.9320297241211
2015-11-03,176.83287048339844,1.1016006469726562,89.19459533691406
2015-11-04,176.29644775390625,1.0963950157165527,89.29785919189453
2015-11-05,176.12049865722656,1.086802959442139,89.06183624267578
2015-11-06,176.02833557128906,1.0883997678756714,87.75657653808594
2015-11-09,174.38572692871094,1.0733413696289062,87.26249694824219
2015-11-10,174.78793334960938,1.0759514570236206,87.52056884765625
2015-11-11,174.10073852539062,1.0737563371658323,87.3362045288086
2015-11-12,171.6703643798828,1.0762988328933716,87.75657653808594
2015-11-13,169.7427978515625,1.0815019607543943,88.258056640625
2015-11-16,172.32408142089844,1.06999933719635,88.17694854736328
2015-11-17,172.19830322265625,1.068798542022705,88.3244400024414
2015-11-18,174.93040466308594,1.064384698867798,88.5087661743164
2015-11-19,174.7796173095703,1.066996693611145,89.0987548828125
2015-11-20,175.4165496826172,1.0726161003112793,88.82588958740234
2015-11-23,175.21539306640625,1.0641014575958252,89.0987548828125
2015-11-24,175.45005798339844,1.0642033815383911,89.09126281738281
2015-11-25,175.42486572265625,1.064384698867798,89.29785919189453
2015-11-26,175.42486572265625,1.0624960660934448,89.29785919189453
2015-11-27,175.6260528564453,1.0604453086853027,89.2093276977539
2015-11-30,174.89691162109375,1.05830180644989,89.5633316040039
2015-12-01,176.56463623046875,1.0572947263717651,90.7730712890625
2015-12-02,174.76284790039062,1.0625863075256348,90.8026885986328
2015-12-03,172.31564331054688,1.0613007545471191,88.33436584472656
2015-12-04,175.6763153076172,1.0915957689285278,89.1103286743164
2015-12-07,174.61204528808594,1.0883997678756714,89.9749526977539
2015-12-08,173.4386749267578,1.0834001302719116,90.0193099975586
2015-12-09,172.0893096923828,1.0893957614898682,89.92322540283203
2015-12-10,172.53353881835938,1.1017948389053345,90.04141235351562
2015-12-11,169.18963623046875,1.0948106050491333,91.46037292480467
2015-12-14,170.0444793701172,1.0983941555023191,90.27794647216795
2015-12-15,171.82957458496094,1.0992997884750366,89.74585723876953
2015-12-16,174.3437957763672,1.0936251878738403,89.5536880493164
2015-12-17,171.68711853027344,1.087453007698059,90.566162109375
2015-12-18,168.6284942626953,1.0844104290008545,91.06869506835938
2015-12-21,170.01953125,1.0869920253753662,91.04653930664062
2015-12-22,171.5623779296875,1.09129798412323,90.38880920410156
2015-12-23,173.68687438964844,1.0950024127960205,89.70890045166016
2015-12-24,173.40013122558594,1.0909169912338257,90.22286224365234
2015-12-25,173.40013122558594,1.0969964265823364,90.22286224365234
2015-12-28,173.00399780273438,1.0965994596481323,90.48946380615234
2015-12-29,174.8502655029297,1.0975261926651,88.98613739013672
2015-12-30,173.61093139648438,1.0928006172180176,88.89724731445312
2015-12-31,171.87428283691406,1.093398094177246,89.29716491699219
2016-01-01,171.87428283691406,1.0859060287475586,89.29716491699219
2016-01-04,169.4715576171875,1.085399150848389,89.94145202636719
2016-01-05,169.75816345214844,1.0827549695968628,89.57856750488281
2016-01-06,167.6168212890625,1.0751993656158447,90.78567504882812
2016-01-07,163.59544372558594,1.0778998136520386,90.94861602783205
2016-01-08,161.79969787597656,1.0925976037979126,91.35588073730467
2016-01-11,161.95989990234375,1.0941038131713867,90.35614776611328
2016-01-12,163.2666778564453,1.0857999324798584,91.65953826904295
2016-01-13,159.19467163085938,1.0843987464904783,92.5630340576172
2016-01-14,161.80813598632812,1.0886012315750122,91.6965789794922
2016-01-15,158.334716796875,1.085894227027893,93.12586975097656
2016-01-18,158.334716796875,1.0920010805130005,93.12586975097656
2016-01-19,158.5454864501953,1.0895025730133057,92.8370132446289
2016-01-20,156.5137481689453,1.09129798412323,93.81462860107422
2016-01-21,157.39047241210938,1.0877013206481934,93.17774200439452
2016-01-22,160.61944580078125,1.0862009525299072,92.8222427368164
2016-01-25,158.19140625,1.079901933670044,93.3258056640625
2016-01-26,160.34962463378906,1.0853049755096436,93.3702621459961
2016-01-27,158.6045379638672,1.086495876312256,93.34807586669922
2016-01-28,159.4307403564453,1.090798020362854,93.48133850097656
2016-01-29,163.31724548339844,1.0936970710754397,94.27375030517578
2016-02-01,163.2582550048828,1.0825908184051514,93.98509216308594
2016-02-02,160.31597900390625,1.0897282361984253,95.72879028320312
2016-02-03,161.27703857421875,1.0922038555145264,94.93482971191406
2016-02-04,161.52992248535156,1.1091023683547974,95.3948745727539
2016-02-05,158.45274353027344,1.119996428489685,95.50616455078124
2016-02-08,156.3197784423828,1.114504098892212,97.56141662597656
2016-02-09,156.3282928466797,1.1189812421798706,97.6653060913086
2016-02-10,156.19338989257812,1.1289994716644287,98.52597045898438
2016-02-11,154.16165161132812,1.128095269203186,99.21598815917967
2016-02-12,157.33999633789062,1.1317979097366333,97.56878662109376
2016-02-15,157.33999633789062,1.1225990056991575,97.56878662109376
2016-02-16,159.99562072753906,1.1174057722091677,96.53751373291016
2016-02-17,162.60911560058594,1.1147029399871826,95.94391632080078
2016-02-18,161.9430389404297,1.112297534942627,97.12361145019533
2016-02-19,161.86717224121094,1.1110987663269043,97.20524597167967
2016-02-22,164.21087646484375,1.1123965978622437,97.1532974243164
2016-02-23,162.13693237304688,1.102803349494934,97.54660034179688
2016-02-24,162.8788299560547,1.1027060747146606,97.35367584228516
2016-02-25,164.85159301757812,1.1013944149017334,97.7023696899414
2016-02-26,164.4722442626953,1.1024993658065796,96.76007080078124
2016-02-29,163.18235778808594,1.0923947095870972,97.18303680419922
2016-03-01,167.01821899414062,1.0888975858688354,95.47171783447266
2016-03-02,167.7686004638672,1.0875948667526243,95.86576080322266
2016-03-03,168.42613220214844,1.086897373199463,96.2151107788086
2016-03-04,168.97412109375,1.094894528388977,95.59815216064452
2016-03-07,169.10899353027344,1.0993964672088623,95.56838989257812
2016-03-08,167.26275634765625,1.1016006469726562,96.6239776611328
2016-03-09,168.08897399902344,1.1004005670547483,96.03669738769533
2016-03-10,168.2238311767578,1.0989010334014893,95.6426773071289
2016-03-11,170.9384765625,1.1178430318832395,94.67632293701172
2016-03-14,170.7192840576172,1.1167943477630615,94.97368621826172
2016-03-15,170.44105529785156,1.1101982593536377,95.06291198730467
2016-03-16,171.42739868164062,1.1109012365341189,95.3453369140625
2016-03-17,172.51498413085938,1.1218937635421753,95.7393569946289
2016-03-18,173.19287109375,1.1317979097366333,95.9400863647461
2016-03-21,173.4386749267578,1.1279042959213257,95.20417022705078
2016-03-22,173.34542846679688,1.1235954761505127,95.18177032470705
2016-03-23,172.20140075683594,1.122296690940857,96.25973510742188
2016-03-24,172.12518310546875,1.118105411529541,96.29685974121094
2016-03-25,172.12518310546875,1.1167943477630615,96.29685974121094
2016-03-28,172.2268524169922,1.1159967184066772,96.4232940673828
2016-03-29,173.81997680664062,1.1202723979949951,97.43429565429688
2016-03-30,174.5826873779297,1.12920343875885,96.4084701538086
2016-03-31,174.158935546875,1.1334655284881592,97.09233856201172
2016-04-01,175.34532165527344,1.1379671096801758,97.34555053710938
2016-04-04,174.777587890625,1.1390039920806885,97.40512084960938
2016-04-05,173.03192138671875,1.1389002799987793,98.47042083740234
2016-04-06,174.921630859375,1.138200283050537,97.75525665283205
2016-04-07,172.82852172851562,1.1404979228973389,98.96199798583984
2016-04-08,173.2946014404297,1.1373976469039917,98.33629608154295
2016-04-11,172.88783264160156,1.1403028964996338,98.20964050292967
2016-04-12,174.49790954589844,1.141291856765747,97.53181457519533
2016-04-13,176.26048278808594,1.138498306274414,97.87445831298828
2016-04-14,176.26901245117188,1.1279042959213257,97.40512084960938
2016-04-15,176.07408142089844,1.1270017623901367,98.2394790649414
2016-04-18,177.31129455566406,1.1299946308135986,97.81485748291016
2016-04-19,177.87059020996094,1.1309019327163696,97.50946044921876
2016-04-20,178.04006958007812,1.1359634399414062,96.4367446899414
2016-04-21,177.08245849609375,1.1305055618286133,95.86316680908205
2016-04-22,177.08245849609375,1.12920343875885,95.61739349365234
2016-04-25,176.7774658203125,1.123406171798706,95.22254943847656
2016-04-26,177.04014587402344,1.1269001960754397,94.79053497314452
2016-04-27,177.4044952392578,1.1299052238464355,95.7365951538086
2016-04-28,175.79446411132812,1.132900595664978,96.1313934326172
2016-04-29,174.8453826904297,1.135589361190796,96.37718963623048
2016-05-02,176.2351531982422,1.146302580833435,95.40685272216795
2016-05-03,174.7013397216797,1.1524986028671265,96.60855102539062
2016-05-04,173.7267608642578,1.1504037380218506,97.13854217529295
2016-05-05,173.69287109375,1.1493064165115356,97.78792572021484
2016-05-06,174.3284149169922,1.1406019926071167,97.36993408203124
2016-05-09,174.47250366210938,1.13879656791687,97.6759262084961
2016-05-10,176.641845703125,1.13879656791687,97.68338775634766
2016-05-11,174.98944091796875,1.1374363899230957,98.23575592041016
2016-05-12,175.04025268554688,1.142700433731079,97.78792572021484
2016-05-13,173.51492309570312,1.1376951932907104,98.73582458496094
2016-05-16,175.2266845703125,1.1316953897476196,97.88492584228516
2016-05-17,173.5912322998047,1.1316057443618774,98.04917907714844
2016-05-18,173.64202880859375,1.1316057443618774,96.65335845947266
2016-05-19,173.04037475585938,1.122296690940857,97.07136535644533
2016-05-20,174.13356018066406,1.1205987930297852,97.14598846435548
2016-05-23,173.89630126953125,1.1221708059310913,97.36241912841795
2016-05-24,176.1503448486328,1.121604323387146,96.92953491210938
2016-05-25,177.34519958496094,1.113796591758728,96.56377410888672
2016-05-26,177.39602661132812,1.1158970594406128,97.06385040283205
2016-05-27,178.1587677001953,1.1192066669464111,96.92211151123048
2016-05-30,178.1587677001953,1.1110000610351562,96.92211151123048
2016-05-31,177.81979370117188,1.1148396730422974,97.15347290039062
2016-06-01,178.18411254882812,1.113598108291626,97.5476303100586
2016-06-02,178.7264404296875,1.1189061403274536,98.25070190429688
2016-06-03,178.192626953125,1.115200161933899,99.6493682861328
2016-06-06,179.09934997558594,1.1350995302200315,98.90886688232422
2016-06-07,179.3790283203125,1.1364023685455322,99.1482162475586
2016-06-08,179.9636688232422,1.1357828378677368,99.67928314208984
2016-06-09,179.7179718017578,1.140706181526184,100.32251739501952
2016-06-10,178.01467895507812,1.131503343582153,100.8087158203125
2016-06-13,176.641845703125,1.1239995956420898,101.25741577148438
2016-06-14,176.29441833496094,1.1291015148162842,101.18265533447266
2016-06-15,176.04869079589844,1.1213024854660034,101.5716323852539
2016-06-16,176.57403564453125,1.1262656450271606,102.06524658203124
2016-06-17,175.91650390625,1.1252011060714722,101.42945861816406
2016-06-20,177.0493621826172,1.13490629196167,100.34493255615234
2016-06-21,177.5519256591797,1.1322976350784302,99.88124084472656
2016-06-22,177.2622833251953,1.1250618696212769,100.04576873779295
2016-06-23,179.5707244873047,1.1328235864639282,98.90138244628906
2016-06-24,173.1225128173828,1.1324002742767334,101.55664825439452
2016-06-27,170.02191162109375,1.103594422340393,104.09221649169922
2016-06-28,173.08847045898438,1.1015034914016724,104.30912017822266
2016-06-29,176.03567504882812,1.1073951721191406,103.50879669189452
2016-06-30,178.43780517578125,1.1128050088882446,103.89021301269533
2016-07-01,178.81268310546875,1.1106051206588743,105.33270263671876
2016-07-04,178.81268310546875,1.1131023168563845,105.33270263671876
2016-07-05,177.5264129638672,1.1146035194396973,106.6514663696289
2016-07-06,178.59112548828125,1.1065007448196411,106.82386779785156
2016-07-07,178.4804229736328,1.1099025011062622,106.81632995605467
2016-07-08,181.13807678222656,1.1065741777420044,107.6031494140625
2016-07-11,181.7769775390625,1.1043988466262815,106.65899658203124
2016-07-12,183.0972137451172,1.1058032512664795,104.90554809570312
2016-07-13,183.0717315673828,1.1062926054000854,106.1419906616211
2016-07-14,184.0938873291016,1.1094961166381836,104.5983428955078
2016-07-15,183.84686279296875,1.1106051206588743,103.69918060302734
2016-07-18,184.3408966064453,1.1053143739700315,103.60182189941406
2016-07-19,184.153564453125,1.1071866750717163,104.18624114990234
2016-07-20,184.92007446289065,1.1013579368591309,103.61671447753906
2016-07-21,184.2216644287109,1.1019526720046997,103.8265609741211
2016-07-22,185.0479278564453,1.1032899618148804,104.0063934326172
2016-07-25,184.5453338623047,1.097044587135315,103.9314193725586
2016-07-26,184.63047790527344,1.09911847114563,104.09634399414062
2016-07-27,184.43460083007807,1.098780393600464,105.39258575439452
2016-07-28,184.6475524902344,1.1073460578918457,105.19779205322266
2016-07-29,184.9457092285156,1.108438491821289,106.07451629638672
2016-08-01,184.7923889160156,1.1168068647384644,104.92442321777344
2016-08-02,183.60833740234372,1.1168068647384644,103.84344482421876
2016-08-03,184.1449279785156,1.121906280517578,103.90352630615234
2016-08-04,184.3408966064453,1.1151504516601562,104.6842269897461
2016-08-05,185.84860229492188,1.1134741306304932,103.59571075439452
2016-08-08,185.7378845214844,1.1089547872543335,103.79094696044922
2016-08-09,185.84860229492188,1.108364820480347,104.8118133544922
2016-08-10,185.38861083984372,1.111580491065979,105.21726989746094
2016-08-11,186.2489776611328,1.1186434030532837,104.27886199951172
2016-08-12,186.08709716796875,1.113908290863037,105.15723419189452
2016-08-15,186.6237335205078,1.1166945695877075,104.16629791259766
2016-08-16,185.6612243652344,1.11840558052063,103.88849639892578
2016-08-17,186.01046752929688,1.1275991201400757,104.51155853271484
2016-08-18,186.42784118652344,1.1298924684524536,104.67671966552734
2016-08-19,186.1552276611328,1.1349449157714844,104.12879180908205
2016-08-22,186.14669799804688,1.1298158168792725,105.00706481933594
2016-08-23,186.5215606689453,1.1319260597229004,105.11966705322266
2016-08-24,185.56753540039065,1.1300839185714722,104.87188720703124
2016-08-25,185.43972778320312,1.1263798475265503,104.47406768798828
2016-08-26,185.09048461914065,1.1290504932403564,103.8659210205078
2016-08-29,186.0019378662109,1.1199462413787842,105.25479125976562
2016-08-30,185.69528198242188,1.1192818880081177,104.84941864013672
2016-08-31,185.16714477539065,1.1153244972229004,104.99958038330078
2016-09-01,185.17567443847656,1.116071343421936,105.11531829833984
2016-09-02,186.01046752929688,1.1200717687606812,104.25800323486328
2016-09-05,186.01046752929688,1.1161960363388062,104.25800323486328
2016-09-06,186.57264709472656,1.1153244972229004,105.017578125
2016-09-07,186.5556488037109,1.1253657341003418,104.94236755371094
2016-09-08,186.1296539306641,1.1241008043289185,103.6262435913086
2016-09-09,181.6747283935547,1.1271415948867798,101.91912078857422
2016-09-12,184.28126525878903,1.1241133213043213,101.97173309326172
2016-09-13,181.6321258544922,1.124353528022766,100.81353759765624
2016-09-14,181.56399536132807,1.12186861038208,100.96399688720705
2016-09-15,183.37841796875,1.1247328519821167,100.5277862548828
2016-09-16,182.6694793701172,1.124593734741211,101.33999633789062
2016-09-19,182.7037353515625,1.11584734916687,101.00907135009766
2016-09-20,182.7122802734375,1.118067979812622,101.36257934570312
2016-09-21,184.76698303222656,1.1153992414474487,102.18231964111328
2016-09-22,185.9312438964844,1.1193194389343262,102.99454498291016
2016-09-23,184.9125213623047,1.1210134029388428,102.89680480957033
2016-09-26,183.4143218994141,1.123923897743225,103.5511245727539
2016-09-27,184.55296325683597,1.124985933303833,104.31061553955078
2016-09-28,185.46902465820312,1.121956706047058,104.08503723144533
2016-09-29,183.79095458984372,1.1224982738494873,104.34831237792967
2016-09-30,185.17791748046875,1.121956706047058,103.41567993164062
2016-10-03,184.7327117919922,1.1234692335128784,103.07437896728516
2016-10-04,183.79095458984372,1.121038556098938,101.86888885498048
2016-10-05,184.6042938232422,1.121076226234436,101.39427185058594
2016-10-06,184.7327117919922,1.120824933052063,100.82919311523438
2016-10-07,184.09918212890625,1.1144545078277588,100.89704132080078
2016-10-10,185.0580291748047,1.1196954250335691,100.3018569946289
2016-10-11,182.7208709716797,1.1140819787979126,100.07579803466795
2016-10-12,182.96055603027344,1.1061947345733645,100.17378997802734
2016-10-13,182.3612823486328,1.1011881828308103,100.55043029785156
2016-10-14,182.45542907714844,1.1049723625183103,99.14154815673828
2016-10-17,181.8218994140625,1.0967799425125122,99.77444458007812
2016-10-18,182.96055603027344,1.1015641689300537,100.09835815429688
2016-10-19,183.44854736328125,1.0976948738098145,100.18135833740234
2016-10-20,183.1060943603516,1.0975141525268557,100.2867431640625
2016-10-21,183.19174194335935,1.0930395126342771,100.43743896484376
2016-10-24,183.9707946777344,1.0882576704025269,100.00048828125
2016-10-25,183.35433959960935,1.0875475406646729,100.2641830444336
2016-10-26,182.98622131347656,1.0887316465377808,99.5861358642578
2016-10-27,182.4982452392578,1.091202735900879,98.50112915039062
2016-10-28,181.9588928222656,1.0900371074676514,98.28273010253906
2016-10-31,181.9674530029297,1.0984665155410769,98.88542938232422
2016-11-01,180.6490173339844,1.0973334312438965,98.89295196533205
2016-11-02,179.561767578125,1.105705499649048,99.32320404052734
2016-11-03,178.73992919921875,1.1097548007965088,98.5608901977539
2016-11-04,178.54298400878906,1.1102476119995115,99.44403076171876
2016-11-07,182.48110961914065,1.1101243495941162,98.59857177734376
2016-11-08,183.3030242919922,1.1052166223526,98.1985321044922
2016-11-09,185.24642944335935,1.1019041538238523,94.03172302246094
2016-11-10,185.70867919921875,1.092060685157776,92.64280700683594
2016-11-11,185.28060913085935,1.0889687538146973,92.12198638916016
2016-11-14,185.4261932373047,1.0824854373931885,91.5709228515625
2016-11-15,186.87301635742188,1.0750375986099243,92.02383422851562
2016-11-16,186.52198791503903,1.0727311372756958,92.8541488647461
2016-11-17,187.48085021972656,1.0706638097763062,91.48788452148438
2016-11-18,187.06134033203125,1.062304139137268,91.22370910644533
2016-11-21,188.47393798828125,1.0584250688552856,91.45015716552734
2016-11-22,188.84210205078125,1.0638864040374756,91.41995239257812
2016-11-23,188.94479370117188,1.0633772611618042,91.06517791748048
2016-11-24,188.94479370117188,1.0545185804367063,91.06517791748048
2016-11-25,189.6468048095703,1.0561892986297607,91.20103454589844
2016-11-28,188.7564697265625,1.0612331628799438,91.87289428710938
2016-11-29,189.12461853027344,1.062134861946106,92.2578582763672
2016-11-30,188.6708831787109,1.0648492574691772,90.76323699951172
2016-12-01,187.97738647460935,1.0592098236083984,89.80490112304688
2016-12-02,188.0715484619141,1.0663141012191772,90.46295928955078
2016-12-05,189.20166015625,1.0582010746002195,90.3646240234375
2016-12-06,189.8009490966797,1.0757315158843994,90.29657745361328
2016-12-07,192.28366088867188,1.072041153907776,91.0680694580078
2016-12-08,192.75450134277344,1.0761945247650146,89.9939956665039
2016-12-09,193.91880798339844,1.062134861946106,88.87455749511719
2016-12-12,193.6962738037109,1.054741144180298,89.04095458984375
2016-12-13,194.98899841308597,1.0641694068908691,89.35861206054688
2016-12-14,193.3795623779297,1.062925100326538,88.36021423339844
2016-12-15,194.17567443847656,1.051414132118225,88.80648803710938
2016-12-16,193.79583740234372,1.0418837070465088,88.60226440429688
2016-12-19,194.2178955078125,1.0449975728988647,89.55526733398438
2016-12-20,194.9670867919922,1.0405826568603516,89.10906219482422
2016-12-21,194.4246368408203,1.039047360420227,89.5023422241211
2016-12-22,194.08868408203125,1.0428615808486938,89.34233093261719
2016-12-23,194.3728485107422,1.0437650680541992,89.52436065673828
2016-12-26,194.3728485107422,1.045478343963623,89.52436065673828
2016-12-27,194.8551483154297,1.0456969738006592,89.23614501953125
2016-12-28,193.2447509765625,1.046233057975769,89.88831329345703
2016-12-29,193.20169067382807,1.0416991710662842,90.20684051513672
2016-12-30,192.49557495117188,1.0575296878814695,90.3433837890625
2017-01-02,192.49557495117188,1.052698016166687,90.3433837890625
2017-01-03,193.9681396484375,1.0460032224655151,90.73014831542967
2017-01-04,195.1221160888672,1.0419923067092896,91.07897186279295
2017-01-05,194.9670867919922,1.0500892400741575,92.50470733642578
2017-01-06,195.6646270751953,1.0605915784835815,91.65534210205078
2017-01-09,195.018798828125,1.0531858205795288,92.39093017578124
2017-01-10,195.018798828125,1.0588620901107788,92.33024597167967
2017-01-11,195.5699005126953,1.055241942405701,92.64118194580078
2017-01-12,195.07904052734372,1.0597710609436035,92.43643951416016
2017-01-13,195.52682495117188,1.0616837739944458,91.99661254882812
2017-01-16,195.52682495117188,1.0628687143325806,91.99661254882812
2017-01-17,194.8379364013672,1.0602991580963137,92.959716796875
2017-01-18,195.2685394287109,1.0696789026260376,91.76908111572266
2017-01-19,194.54507446289065,1.062778353691101,91.1396713256836
2017-01-20,195.25994873046875,1.0659730434417725,90.95768737792967
2017-01-23,194.7517852783203,1.071375012397766,91.8676528930664
2017-01-24,196.00045776367188,1.0760787725448608,91.23819732666016
2017-01-25,197.69696044921875,1.0728693008422852,90.0931167602539
2017-01-26,197.49024963378903,1.0751993656158447,90.39646911621094
2017-01-27,197.18023681640625,1.068296194076538,90.7225570678711
2017-01-30,195.9574279785156,1.0713980197906494,90.44953918457033
2017-01-31,195.9402008056641,1.0708587169647217,91.07897186279295
2017-02-01,196.0176696777344,1.0803803205490112,90.51581573486328
2017-02-02,196.1469573974609,1.0767391920089722,90.4778060913086
2017-02-03,197.4989471435547,1.0761713981628418,90.4397964477539
2017-02-06,197.14581298828125,1.0782949924468994,90.98702239990234
2017-02-07,197.15447998046875,1.0743216276168823,91.65579986572266
2017-02-08,197.4127960205078,1.0678056478500366,92.90221405029295
2017-02-09,198.5839691162109,1.0692213773727417,91.83065032958984
2017-02-10,199.36761474609372,1.0658594369888306,91.77745056152344
2017-02-13,200.4527282714844,1.061954379081726,91.48863220214844
2017-02-14,201.2535858154297,1.059849739074707,90.82742309570312
2017-02-15,202.30419921875,1.057831645011902,90.40941619873048
2017-02-16,202.1319580078125,1.0607378482818604,90.90343475341795
2017-02-17,202.4505920410156,1.0672245025634766,91.44303131103516
2017-02-20,202.4505920410156,1.062665343284607,91.44303131103516
2017-02-21,203.65625,1.0609403848648071,91.28343200683594
2017-02-22,203.47540283203125,1.0542073249816897,91.43535614013672
2017-02-23,203.61309814453125,1.055408954620361,91.70902252197266
2017-02-24,203.8715667724609,1.0584474802017212,92.72743225097656
2017-02-27,204.1901397705078,1.055275321006775,92.18024444580078
2017-02-28,203.6389923095703,1.0584250688552856,92.52220153808594
2017-03-01,206.48947143554688,1.0569148063659668,90.97189331054688
2017-03-02,205.1891326904297,1.0535852909088137,90.64447021484376
2017-03-03,205.3182678222656,1.0509721040725708,90.88045501708984
2017-03-06,204.7068023681641,1.062044620513916,90.44644927978516
2017-03-07,204.0954132080078,1.0579211711883545,90.17235565185548
2017-03-08,203.7165069580078,1.0570154190063477,89.68500518798828
2017-03-09,203.974853515625,1.054741144180298,88.96919250488281
2017-03-10,204.6896209716797,1.0578428506851196,89.28143310546875
2017-03-13,204.7928924560547,1.0690041780471802,88.71795654296875
2017-03-14,204.00924682617188,1.0651443004608154,89.1443862915039
2017-03-15,205.7746734619141,1.0612443685531616,90.2332763671875
2017-03-16,205.36990356445312,1.0737909078598022,89.77637481689453
2017-03-17,205.0092620849609,1.077470064163208,90.33985900878906
2017-03-20,204.78440856933597,1.0742985010147097,90.72819519042967
2017-03-21,202.15501403808597,1.073767900466919,91.48204803466795
2017-03-22,202.6307678222656,1.081244707107544,91.84756469726562
2017-03-23,202.41452026367188,1.0790164470672607,91.71807861328124
2017-03-24,202.2675018310547,1.0783880949020386,92.04557037353516
2017-03-27,202.05987548828125,1.0849517583847046,92.46436309814452
2017-03-28,203.53030395507807,1.0860947370529177,91.84756469726562
2017-03-29,203.72056579589844,1.0817711353302002,92.39578247070312
2017-03-30,204.3691864013672,1.0759629011154177,91.64958190917967
2017-03-31,203.8935089111328,1.0687072277069092,91.91608428955078
2017-04-03,203.53887939453125,1.0668829679489136,92.8432388305664
2017-04-04,203.6686553955078,1.067008137702942,92.33959197998048
2017-04-05,203.0631866455078,1.0680338144302368,92.62195587158205
2017-04-06,203.634033203125,1.0672472715377808,92.484619140625
2017-04-07,203.42649841308597,1.0644639730453491,92.1106414794922
2017-04-10,203.5475616455078,1.0582010746002195,92.53800964355467
2017-04-11,203.30540466308597,1.0597598552703855,93.4155502319336
2017-04-12,202.41452026367188,1.0611318349838257,93.9268035888672
2017-04-13,201.099853515625,1.0670650005340576,94.21672821044922
2017-04-14,201.099853515625,1.0616387128829956,94.21672821044922
2017-04-17,202.881591796875,1.0610530376434326,93.9268035888672
2017-04-18,202.2761688232422,1.0644525289535522,95.15533447265624
2017-04-19,201.90426635742188,1.0728693008422852,94.63648223876952
2017-04-20,203.5475616455078,1.0715012550354004,94.27019500732422
2017-04-21,202.8988494873047,1.0714898109436035,94.27019500732422
2017-04-24,205.13038635253903,1.087393879890442,93.80471801757812
2017-04-25,206.3239288330078,1.0864840745925903,92.67536926269533
2017-04-26,206.19422912597656,1.0928245782852173,93.18663787841795
2017-04-27,206.3671875,1.090893268585205,93.15611267089844
2017-04-28,205.9174041748047,1.0864251852035522,93.36207580566406
2017-05-01,206.4363555908203,1.0907504558563232,92.58599090576172
2017-05-02,206.51417541503903,1.090893268585205,93.06009674072266
2017-05-03,206.26336669921875,1.0935654640197754,93.12128448486328
2017-05-04,206.5054931640625,1.0888975858688354,92.66244506835938
2017-05-05,207.31857299804688,1.098152995109558,92.74655151367188
2017-05-08,207.2840118408203,1.0965152978897097,92.24190521240234
2017-05-09,207.0937042236328,1.0927767753601074,92.23422241210938
2017-05-10,207.46556091308597,1.0886842012405396,92.127197265625
2017-05-11,207.0417938232422,1.087074637413025,92.127197265625
2017-05-12,206.69581604003903,1.086495876312256,92.8230438232422
2017-05-15,207.8374938964844,1.0927289724349976,92.5707015991211
2017-05-16,207.6472320556641,1.0981770753860474,92.91477966308594
2017-05-17,203.96270751953125,1.1093976497650146,94.26824188232422
2017-05-18,204.78440856933597,1.115635633468628,94.37529754638672
2017-05-19,206.1163482666016,1.1113580465316772,94.5970687866211
2017-05-22,207.1628875732422,1.120485782623291,94.33708953857422
2017-05-23,207.6212615966797,1.123885989189148,93.70242309570312
2017-05-24,208.10565185546875,1.11793053150177,94.23001861572266
2017-05-25,209.1002960205078,1.123090744018555,94.26063537597656
2017-05-26,209.05706787109372,1.121076226234436,94.42121887207033
2017-05-29,209.05706787109372,1.1176055669784546,94.42121887207033
2017-05-30,208.8753967285156,1.1129041910171509,94.88762664794922
2017-05-31,208.8235015869141,1.117168664932251,95.12466430664062
2017-06-01,210.484130859375,1.124353528022766,95.1346435546875
2017-06-02,211.18472290039065,1.1215791702270508,96.26107788085938
2017-06-05,211.0290069580078,1.128082513809204,95.66340637207033
2017-06-06,210.35438537597656,1.1256824731826782,96.18446350097656
2017-06-07,210.74362182617188,1.1271415948867798,95.72471618652344
2017-06-08,210.84735107421875,1.125517725944519,95.4717788696289
2017-06-09,210.5273284912109,1.118480563163757,95.32620239257812
2017-06-12,210.484130859375,1.1201971769332886,95.29556274414062
2017-06-13,211.5133514404297,1.1196202039718628,95.31086730957033
2017-06-14,211.24526977539065,1.1208877563476562,96.78218841552734
2017-06-15,210.83876037597656,1.1215791702270508,96.62889099121094
2017-06-16,210.8848571777344,1.1146905422210691,96.82046508789062
2017-06-19,212.6404571533203,1.120824933052063,96.68253326416016
2017-06-20,211.20632934570312,1.1144545078277588,97.5484390258789
2017-06-21,211.1542053222656,1.1136974096298218,97.74767303466795
2017-06-22,211.0586395263672,1.1167196035385132,97.96224212646484
2017-06-23,211.31069946289065,1.1149640083312988,97.91620635986328
2017-06-26,211.44976806640625,1.1198835372924805,98.28407287597656
2017-06-27,209.7462310791016,1.118355631828308,97.23429870605467
2017-06-28,211.62355041503903,1.1339154243469238,96.91244506835938
2017-06-29,209.7636566162109,1.1382650136947632,96.10018920898438
2017-06-30,210.15475463867188,1.144164800643921,95.8779296875
2017-07-03,210.5111083984375,1.1423088312149048,95.56925201416016
2017-07-04,210.5111083984375,1.1371389627456665,95.56925201416016
2017-07-05,210.99778747558597,1.1360150575637815,95.59225463867188
2017-07-06,209.0682830810547,1.134687423706055,94.80135345458984
2017-07-07,210.42416381835935,1.1424784660339355,94.23316955566406
2017-07-10,210.65017700195312,1.140380859375,94.37139892578124
2017-07-11,210.4937438964844,1.140380859375,94.53263854980467
2017-07-12,212.07553100585935,1.1473942995071411,95.18533325195312
2017-07-13,212.43186950683597,1.1418914794921875,94.5863800048828
2017-07-14,213.4226531982422,1.140393853187561,94.7015609741211
2017-07-17,213.39659118652344,1.147539138793945,94.96265411376952
2017-07-18,213.50958251953125,1.1474337577819824,95.79192352294922
2017-07-19,214.66552734375,1.1549744606018066,95.83031463623048
2017-07-20,214.76107788085935,1.1528440713882446,96.10679626464844
2017-07-21,214.5699462890625,1.1628718376159668,96.51372528076172
2017-07-24,214.5177764892578,1.1681697368621826,96.1374969482422
2017-07-25,215.03921508789065,1.1638869047164917,94.88583374023438
2017-07-26,215.0478973388672,1.164456129074097,95.0394058227539
2017-07-27,214.84799194335935,1.1728004217147827,94.57105255126952
2017-07-28,214.595947265625,1.1688660383224487,95.13157653808594
2017-07-31,214.47430419921875,1.1747292280197144,95.2467803955078
2017-08-01,214.9523468017578,1.182410478591919,95.9154815673828
2017-08-02,215.056640625,1.1811256408691406,95.96935272216795
2017-08-03,214.6395263671875,1.1851149797439575,96.96204376220705
2017-08-04,215.0305328369141,1.1884952783584597,96.13871002197266
2017-08-07,215.4303436279297,1.1778424978256226,96.24634552001952
2017-08-08,214.9001617431641,1.1800941228866575,95.90006256103516
2017-08-09,214.89154052734372,1.1754610538482666,96.42337799072266
2017-08-10,211.8582305908203,1.1761523485183716,97.246826171875
2017-08-11,212.1710968017578,1.177024483680725,97.29296875
2017-08-14,214.2743682861328,1.182550311088562,96.79273223876952
2017-08-15,214.2483062744141,1.1775789260864258,96.38488006591795
2017-08-16,214.62203979492188,1.174122333526611,96.73890686035156
2017-08-17,211.2759552001953,1.1774264574050903,97.4622802734375
2017-08-18,210.9456329345703,1.171550154685974,97.43915557861328
2017-08-21,211.1108245849609,1.1756268739700315,97.67774963378906
2017-08-22,213.31832885742188,1.1811953783035278,97.30066680908205
2017-08-23,212.55355834960935,1.176221489906311,97.96247100830078
2017-08-24,212.05812072753903,1.1816558837890625,97.6007843017578
2017-08-25,212.55355834960935,1.1802195310592651,97.97786712646484
2017-08-28,212.56219482421875,1.1951857805252075,97.9162368774414
2017-08-29,212.8055877685547,1.1963869333267212,98.23179626464844
2017-08-30,213.8137664794922,1.1970456838607788,98.20100402832033
2017-08-31,215.10009765625,1.1893434524536133,98.49346160888672
2017-09-01,215.4042510986328,1.191043257713318,97.74009704589844
2017-09-04,215.4042510986328,1.1882835626602173,97.74009704589844
2017-09-05,213.85720825195312,1.1893434524536133,99.2900390625
2017-09-06,214.58726501464844,1.1924067735671997,98.6808624267578
2017-09-07,214.5612030029297,1.1927765607833862,99.69098663330078
2017-09-08,214.30918884277344,1.2029062509536743,99.47511291503906
2017-09-11,216.59494018554688,1.2017642259597778,98.28759765625
2017-09-12,217.3250274658203,1.1959433555603027,97.77090454101562
2017-09-13,217.4293365478516,1.1974613666534424,97.38534545898438
2017-09-14,217.3597869873047,1.1890605688095093,97.78633880615234
2017-09-15,217.6524658203125,1.1921650171279907,97.82489776611328
2017-09-18,218.11534118652344,1.193716287612915,97.26193237304688
2017-09-19,218.333740234375,1.1959290504455566,97.0229034423828
2017-09-20,218.4123077392578,1.199256420135498,97.09230041503906
2017-09-21,217.82711791992188,1.1872113943099976,97.03834533691406
2017-09-22,217.8707733154297,1.194557547569275,97.31597900390624
2017-09-25,217.42530822753903,1.1927196979522705,97.92510223388672
2017-09-26,217.55636596679688,1.185564637184143,97.7477569580078
2017-09-27,218.403564453125,1.1786059141159058,96.27490234375
2017-09-28,218.66558837890625,1.1749638319015503,95.9896011352539
2017-09-29,219.43418884277344,1.178175449371338,96.20551300048828
2017-10-02,220.38626098632807,1.1807351112365725,96.02935028076172
2017-10-03,220.85794067382807,1.173378348350525,96.12207794189452
2017-10-04,221.11993408203125,1.17475688457489,96.12977600097656
2017-10-05,222.43014526367188,1.175723671913147,95.76663970947266
2017-10-06,222.1768341064453,1.1712344884872437,95.49618530273438
2017-10-09,221.8099670410156,1.1742464303970337,95.79757690429688
2017-10-10,222.3952178955078,1.1741636991500854,95.95205688476562
2017-10-11,222.7445831298828,1.1814883947372437,96.1375503540039
2017-10-12,222.41270446777344,1.1865493059158323,96.54703521728516
2017-10-13,222.68341064453125,1.1831799745559692,97.24243927001952
2017-10-16,222.9803924560547,1.181404709815979,97.17290496826172
2017-10-17,223.1375732421875,1.1794538497924805,97.29655456542967
2017-10-18,223.35597229003903,1.1771907806396484,96.65520477294922
2017-10-19,223.4171600341797,1.179523468017578,96.82522583007812
2017-10-20,224.5699920654297,1.184805989265442,95.79757690429688
2017-10-23,223.6965789794922,1.175364375114441,95.96751403808594
2017-10-24,224.08966064453125,1.1759172677993774,95.37256622314452
2017-10-25,222.9803924560547,1.1759034395217896,94.91668701171876
2017-10-26,223.26861572265625,1.182075023651123,94.59986114501952
2017-10-27,225.0941162109375,1.163724422454834,95.22579193115234
2017-10-30,224.255615234375,1.160456299781799,96.1375503540039
2017-10-31,224.60501098632807,1.1652703285217283,96.16841888427734
2017-11-01,224.90200805664065,1.165175199508667,96.59664154052734
2017-11-02,224.9893341064453,1.1628718376159668,97.0225067138672
2017-11-03,225.7404327392578,1.1661807298660278,97.28575897216795
2017-11-06,226.08987426757807,1.1614941358566284,97.64971160888672
2017-11-07,225.93264770507807,1.1612648963928225,98.06011199951172
2017-11-08,226.31689453125,1.1601063013076782,97.8433074951172
2017-11-09,225.4958648681641,1.15968918800354,97.56452178955078
2017-11-10,225.42599487304688,1.164686679840088,96.09329986572266
2017-11-13,225.6356201171875,1.166112780570984,96.29463958740234
2017-11-14,225.1116180419922,1.1664936542510986,96.945068359375
2017-11-15,223.9848480224609,1.1792869567871094,97.99816131591795
2017-11-16,225.8889923095703,1.1792869567871094,97.14640808105467
2017-11-17,225.22512817382807,1.177745342254639,97.86650848388672
2017-11-20,225.6094512939453,1.1731857061386108,97.82780456542967
2017-11-21,227.0855712890625,1.174122333526611,98.13753509521484
2017-11-22,226.8846435546875,1.173722743988037,98.45498657226562
2017-11-23,226.8846435546875,1.1814744472503662,98.45498657226562
2017-11-24,227.40870666503903,1.1853959560394287,98.18399810791016
2017-11-27,227.2951812744141,1.1926485300064087,98.04462432861328
2017-11-28,229.6010284423828,1.1904903650283811,98.17626190185548
2017-11-29,229.46131896972656,1.184805989265442,97.20834350585938
2017-11-30,231.4701995849609,1.18519926071167,96.88313293457033
2017-12-01,230.98980712890625,1.1898245811462402,98.19051361083984
2017-12-04,230.7103729248047,1.1859863996505735,98.23709106445312
2017-12-05,229.88059997558597,1.1867746114730835,98.72589874267578
2017-12-06,229.9242706298828,1.1832919120788574,99.06727600097656
2017-12-07,230.6492156982422,1.1804285049438477,98.29136657714844
2017-12-08,231.9069366455078,1.1772184371948242,98.29914855957033
2017-12-11,232.60568237304688,1.176996827125549,98.0973892211914
2017-12-12,233.0162506103516,1.1777591705322266,98.05860137939452
2017-12-13,232.9900054931641,1.1742602586746216,98.79571533203124
2017-12-14,232.0379638671875,1.1835860013961792,99.21471405029295
2017-12-15,233.97024536132807,1.1774957180023191,99.5871810913086
2017-12-18,235.45384216308597,1.1743566989898682,98.6793212890625
2017-12-19,234.54966735839844,1.1784253120422363,97.39913940429688
2017-12-20,234.4267425537109,1.1841325759887695,96.32059478759766
2017-12-21,234.90956115722656,1.1878176927566528,96.88195037841795
2017-12-22,234.8480987548828,1.185733199119568,97.01419830322266
2017-12-25,234.8480987548828,1.1856067180633545,97.01419830322266
2017-12-26,234.56716918945312,1.187253713607788,97.30184173583984
2017-12-27,234.68136596679688,1.1857894659042358,98.56926727294922
2017-12-28,235.1641845703125,1.1900794506072998,98.48371887207033
2017-12-29,234.27757263183597,1.1941723823547363,98.63922882080078
2018-01-01,234.27757263183597,1.200494647026062,98.63922882080078
2018-01-02,235.95431518554688,1.2011579275131226,97.573974609375
2018-01-03,237.4466552734375,1.2063454389572144,98.0405502319336
2018-01-04,238.44754028320312,1.2010425329208374,98.02497863769533
2018-01-05,240.0366058349609,1.2068840265274048,97.7450942993164
2018-01-08,240.4755401611328,1.2037460803985596,97.68285369873048
2018-01-09,241.01974487304688,1.1970456838607788,96.37659454345705
2018-01-10,240.65110778808597,1.1929330825805664,96.25992584228516
2018-01-11,242.406982421875,1.195614457130432,96.656494140625
2018-01-12,243.987060546875,1.2042099237442017,96.81980895996094
2018-01-15,243.987060546875,1.2192296981811523,96.81980895996094
2018-01-16,243.15304565429688,1.2268433570861816,97.22410583496094
2018-01-17,245.47076416015625,1.227129340171814,97.09193420410156
2018-01-18,245.05812072753903,1.218397855758667,96.19000244140624
2018-01-19,246.1731109619141,1.2236607074737549,95.68460083007812
2018-01-22,248.17477416992188,1.2255502939224243,95.77787017822266
2018-01-23,248.701416015625,1.2256253957748413,96.19000244140624
2018-01-24,248.6049041748047,1.2310267686843872,95.66897583007812
2018-01-25,248.71026611328125,1.239111304283142,96.45433044433594
2018-01-26,251.5896759033203,1.239234209060669,96.09664916992188
2018-01-29,249.92173767089844,1.2428072690963743,95.42800903320312
2018-01-30,247.35829162597656,1.2381141185760498,94.86813354492188
2018-01-31,247.48118591308597,1.2409565448760986,95.42800903320312
2018-02-01,247.20030212402344,1.241865873336792,94.04497528076172
2018-02-02,241.81871032714844,1.2510008811950684,93.1723175048828
2018-02-05,231.7052001953125,1.244694471359253,94.0527801513672
2018-02-06,236.2703399658203,1.2367818355560305,93.46842956542967
2018-02-07,234.98858642578125,1.238129496574402,92.58014678955078
2018-02-08,226.17442321777344,1.2268133163452148,92.47885131835938
2018-02-09,229.5719451904297,1.2260762453079224,91.8944854736328
2018-02-12,232.94308471679688,1.2252799272537231,92.29962921142578
2018-02-13,233.52247619628903,1.2303755283355713,92.71258544921876
2018-02-14,236.6741180419922,1.235376238822937,91.68408966064452
2018-02-15,239.6941070556641,1.2467273473739624,91.99575805664062
2018-02-16,239.76446533203125,1.2503595352172852,92.49443817138672
2018-02-19,239.76446533203125,1.241187572479248,92.49443817138672
2018-02-20,238.2631683349609,1.2398641109466553,92.08928680419922
2018-02-21,237.0780029296875,1.233532428741455,90.95948028564452
2018-02-22,237.3852996826172,1.2281843423843384,91.23219299316406
2018-02-23,241.1690216064453,1.2326656579971311,92.0425033569336
2018-02-26,243.9695281982422,1.228712558746338,92.07369995117188
2018-02-27,240.92323303222656,1.2315573692321775,91.94120025634766
2018-02-28,238.48269653320312,1.2230321168899536,92.52561950683594
2018-03-01,235.0150146484375,1.2191256284713743,93.15723419189452
2018-03-02,236.2263946533203,1.2270842790603638,92.39988708496094
2018-03-05,238.956787109375,1.2315422296524048,92.15007019042967
2018-03-06,239.5625,1.2336541414260864,92.23595428466795
2018-03-07,239.47476196289065,1.2416653633117676,92.13446044921876
2018-03-08,240.6335601806641,1.2414649724960327,92.66536712646484
2018-03-09,244.8211212158203,1.2306632995605469,92.0563735961914
2018-03-12,244.5138092041016,1.2308752536773682,92.58729553222656
2018-03-13,242.93359375,1.2339584827423096,93.0557098388672
2018-03-14,241.68698120117188,1.239234209060669,93.87549591064452
2018-03-15,241.4236297607422,1.2375624179840088,93.87549591064452
2018-03-16,241.68544006347656,1.2309207916259766,93.53978729248048
2018-03-19,238.41534423828125,1.228078842163086,93.24309539794922
2018-03-20,238.82080078125,1.233684539794922,92.86834716796876
2018-03-21,238.36253356933597,1.2251899242401123,92.96985626220705
2018-03-22,232.40411376953125,1.234766125679016,93.89111328125
2018-03-23,227.4504547119141,1.2324985265731812,93.82083892822266
2018-03-26,233.67330932617188,1.235437273979187,93.461669921875
2018-03-27,229.6981506347656,1.2457488775253296,94.46105194091795
2018-03-28,229.0194549560547,1.240787148475647,94.71088409423828
2018-03-29,231.9457092285156,1.2310267686843872,95.17152404785156
2018-03-30,231.9457092285156,1.2302846908569336,95.17152404785156
2018-04-02,226.9392242431641,1.231420874595642,95.35929107666016
2018-04-03,229.8479156494141,1.229271411895752,94.62383270263672
2018-04-04,232.3071136474609,1.2278525829315186,94.42823028564452
2018-04-05,234.1404571533203,1.228682279586792,93.72406005859376
2018-04-06,228.9224548339844,1.2251598834991455,94.7490005493164
2018-04-09,230.0506896972656,1.227144479751587,94.905517578125
2018-04-10,233.70855712890625,1.2322403192520142,94.73336029052734
2018-04-11,232.48333740234372,1.2363078594207764,95.06977081298828
2018-04-12,234.3960418701172,1.2371643781661987,94.37342834472656
2018-04-13,233.70855712890625,1.2329696416854858,94.59251403808594
2018-04-16,235.6300201416016,1.233258605003357,94.62383270263672
2018-04-17,238.15093994140625,1.2385127544403076,94.88201904296876
2018-04-18,238.3272857666016,1.237317442893982,94.12310028076172
2018-04-19,237.0050048828125,1.237914800643921,93.35635375976562
2018-04-20,234.99546813964844,1.2345526218414309,92.68348693847656
2018-04-23,234.9602508544922,1.2273402214050293,92.70691680908205
2018-04-24,231.7958984375,1.22089684009552,92.28447723388672
2018-04-25,232.3688201904297,1.2241400480270386,91.66635131835938
2018-04-26,234.73101806640625,1.2171669006347656,92.30794525146484
2018-04-27,234.95140075683597,1.2109616994857788,93.01990509033205
2018-04-30,233.1444396972656,1.2122827768325806,93.18419647216795
2018-05-01,233.5587921142578,1.2081234455108645,92.84862518310548
2018-05-02,231.9897918701172,1.1991558074951172,92.74665069580078
2018-05-03,231.47857666015625,1.19510018825531,93.16226959228516
2018-05-04,234.4754180908203,1.1989257335662842,93.30338287353516
2018-05-07,235.26866149902344,1.195500135421753,93.15440368652344
2018-05-08,235.26866149902344,1.1933743953704834,93.06816864013672
2018-05-09,237.54270935058597,1.1867886781692505,92.5114517211914
2018-05-10,239.76394653320312,1.184721827507019,93.2563247680664
2018-05-11,240.49554443359372,1.1917530298233032,93.49156188964844
2018-05-14,240.61009216308597,1.1952143907546997,92.99755859375
2018-05-15,238.9530029296875,1.1931180953979492,91.93898010253906
2018-05-16,239.95785522460935,1.1820889711380005,91.58617401123048
2018-05-17,239.75509643554688,1.1816978454589844,91.12350463867188
2018-05-18,239.15577697753903,1.179523468017578,91.90765380859376
2018-05-21,240.95384216308597,1.1766643524169922,91.95467376708984
2018-05-22,240.28390502929688,1.1792453527450562,91.81356048583984
2018-05-23,240.94505310058597,1.1788560152053833,92.48007202148438
2018-05-24,240.45152282714844,1.1710150241851809,93.21715545654295
2018-05-25,239.87844848632807,1.1722642183303833,93.79743194580078
2018-05-28,239.87844848632807,1.1688934564590454,93.79743194580078
2018-05-29,237.11965942382807,1.162696123123169,95.85183715820312
2018-05-30,240.28390502929688,1.1539349555969238,95.20882415771484
2018-05-31,238.8119659423828,1.1667250394821167,95.05201721191406
2018-06-01,241.1565704345703,1.1693171262741089,94.54979705810548
2018-06-04,242.3023834228516,1.1668611764907837,93.8659896850586
2018-06-05,242.4787139892578,1.1700559854507446,94.0860366821289
2018-06-06,244.50596618652344,1.1726216077804563,93.3236846923828
2018-06-07,244.47950744628903,1.178550362586975,94.22754669189452
2018-06-08,245.2022857666016,1.179523468017578,93.94459533691406
2018-06-11,245.5284576416016,1.1783976554870603,93.7716827392578
2018-06-12,245.84576416015625,1.177412509918213,93.79525756835938
2018-06-13,245.06121826171875,1.17482590675354,93.7480926513672
2018-06-14,245.67832946777344,1.1807769536972046,94.52619171142578
2018-06-15,245.36485290527344,1.1566576957702637,94.61262512207033
2018-06-18,244.86019897460935,1.159595012664795,94.52619171142578
2018-06-19,243.921630859375,1.163074612617493,95.07633972167967
2018-06-20,244.3378448486328,1.1588560342788696,94.2432632446289
2018-06-21,242.80612182617188,1.1579033136367798,94.7384262084961
2018-06-22,243.24876403808597,1.1605775356292725,94.73053741455078
2018-06-25,239.9374847412109,1.1661399602890017,94.94275665283205
2018-06-26,240.46871948242188,1.1702749729156494,95.07633972167967
2018-06-27,238.47659301757807,1.1650259494781494,95.97234344482422
2018-06-28,239.8400115966797,1.1563634872436523,95.9958953857422
2018-06-29,240.18539428710935,1.1562966108322144,95.66580963134766
2018-07-02,240.69891357421875,1.1678558588027954,95.5909652709961
2018-07-03,239.84890747070312,1.1642121076583862,96.10301208496094
2018-07-04,239.84890747070312,1.1659224033355713,96.10301208496094
2018-07-05,241.80569458007807,1.166235089302063,96.37870025634766
2018-07-06,243.85086059570312,1.1695905923843384,96.69380950927734
2018-07-09,246.04656982421875,1.1752262115478516,96.0715103149414
2018-07-10,246.93202209472656,1.1756960153579712,96.0635757446289
2018-07-11,245.1257476806641,1.1727042198181152,96.4338607788086
2018-07-12,247.3480987548828,1.1676785945892334,96.42599487304688
2018-07-13,247.54283142089844,1.1665889024734497,96.67015075683594
2018-07-16,247.32151794433597,1.1679104566574097,96.2684555053711
2018-07-17,248.32199096679688,1.170946478843689,96.08722686767578
2018-07-18,248.8443298339844,1.1653246879577637,95.70130920410156
2018-07-19,247.9058837890625,1.164564609527588,96.30778503417967
2018-07-20,247.6226348876953,1.1655147075653076,95.126220703125
2018-07-23,248.0829162597656,1.1741912364959717,93.95250701904295
2018-07-24,249.3313751220703,1.1694128513336182,94.27549743652344
2018-07-25,251.45628356933597,1.1685519218444824,94.1258316040039
2018-07-26,250.86302185058597,1.1737502813339231,93.94465637207033
2018-07-27,249.16311645507807,1.16429340839386,94.10218048095705
2018-07-30,247.86154174804688,1.16604483127594,93.77920532226562
2018-07-31,249.0834045410156,1.170740842819214,94.29122924804688
2018-08-01,248.66729736328125,1.168961763381958,93.52304077148438
2018-08-02,250.0218505859375,1.1665889024734497,93.65728759765624
2018-08-03,251.09332275390625,1.1586008071899414,94.1230926513672
2018-08-06,252.0140686035156,1.1562297344207764,94.1783218383789
2018-08-07,252.84634399414065,1.1558021306991575,93.68881225585938
2018-08-08,252.7400360107422,1.1602946519851685,93.78361511230467
2018-08-09,252.39474487304688,1.1610760688781738,94.57307434082033
2018-08-10,250.7036895751953,1.1523923873901367,95.25994873046876
2018-08-13,249.76515197753903,1.1394712924957275,95.06257629394533
2018-08-14,251.3588409423828,1.1402509212493896,94.8494110107422
2018-08-15,249.48193359375,1.134571552276611,95.40202331542967
2018-08-16,251.5005340576172,1.134429931640625,95.39412689208984
2018-08-17,252.3859405517578,1.1371389627456665,95.51254272460938
2018-08-20,252.9259796142578,1.1437721252441406,96.1520538330078
2018-08-21,253.51910400390625,1.149134635925293,95.82837677001952
2018-08-22,253.36871337890625,1.1576753854751587,96.20729064941406
2018-08-23,253.03216552734372,1.1584800481796265,96.35730743408205
2018-08-24,254.55506896972656,1.154334545135498,96.54681396484376
2018-08-27,256.5648193359375,1.164890170097351,95.99417114257812
2018-08-28,256.6888122558594,1.1683608293533323,95.41781616210938
2018-08-29,258.0700378417969,1.1691256761550903,95.5441665649414
2018-08-30,257.0252685546875,1.1709738969802856,95.74945831298828
2018-08-31,257.0340576171875,1.1664663553237915,95.52837371826172
2018-09-03,257.0340576171875,1.1601063013076782,95.52837371826172
2018-09-04,256.59136962890625,1.161548137664795,94.97603607177734
2018-09-05,255.90084838867188,1.1586545705795288,94.72284698486328
2018-09-06,255.13055419921875,1.1635212898254397,95.07099151611328
2018-09-07,254.63479614257807,1.162006974220276,94.263916015625
2018-09-10,255.07745361328125,1.1561094522476196,94.6120834350586
2018-09-11,255.91847229003903,1.159595012664795,93.89199829101562
2018-09-12,255.98046875,1.1596084833145142,94.11359405517578
2018-09-13,257.4945068359375,1.1629259586334229,94.25602722167967
2018-09-14,257.5387878417969,1.169180393218994,93.80496215820312
2018-09-17,256.1753845214844,1.1628988981246948,93.80496215820312
2018-09-18,257.5653076171875,1.1669156551361084,92.82382202148438
2018-09-19,257.83990478515625,1.167992353439331,92.26995086669922
2018-09-20,259.9292907714844,1.167460560798645,92.69720458984376
2018-09-21,259.6917724609375,1.1775927543640137,92.65763092041016
2018-09-24,258.8290100097656,1.1751019954681396,92.42028045654295
2018-09-25,258.5889892578125,1.175295352935791,92.3253402709961
2018-09-26,257.8152770996094,1.1763184070587158,92.97415161132812
2018-09-27,258.5357360839844,1.1748534440994265,93.03746795654295
2018-09-28,258.5622863769531,1.1637378931045532,92.79216766357422
2018-10-01,259.4605407714844,1.1605371236801147,92.11093139648438
2018-10-02,259.3093566894531,1.157755732536316,92.67399597167967
2018-10-03,259.4516296386719,1.1551746129989624,91.06412506103516
2018-10-04,257.42388916015625,1.147631287574768,90.42176818847656
2018-10-05,255.98309326171875,1.1518083810806274,89.64459228515625
2018-10-08,255.98309326171875,1.1522595882415771,89.34324645996094
2018-10-09,255.60955810546875,1.1494120359420776,90.247314453125
2018-10-10,247.51608276367188,1.1506949663162231,90.00147247314453
2018-10-11,242.06430053710935,1.1533360481262207,91.09587860107422
2018-10-12,245.42613220214844,1.1590440273284912,90.77863311767578
2018-10-15,244.04751586914065,1.1551345586776731,90.73897552490234
2018-10-16,249.3837738037109,1.1583458185195925,90.94517517089844
2018-10-17,249.4283142089844,1.1575279235839844,90.40592193603516
2018-10-18,245.82635498046875,1.1500862836837769,90.37421417236328
2018-10-19,245.69284057617188,1.1460003852844238,90.17594909667967
2018-10-22,244.5901031494141,1.1509466171264648,90.05697631835938
2018-10-23,243.3449249267578,1.1467890739440918,90.34246826171876
2018-10-24,235.9719696044922,1.147315263748169,91.02449035644533
2018-10-25,240.2053985595703,1.139925837516785,90.64381408691406
2018-10-26,235.9808654785156,1.1377859115600586,91.19098663330078
2018-10-29,234.67344665527344,1.1398738622665403,90.9848175048828
2018-10-30,238.15087890625,1.137617588043213,90.5328140258789
2018-10-31,240.6946563720703,1.1346358060836792,90.07283020019533
2018-11-01,243.25592041015625,1.1316697597503662,90.15630340576172
2018-11-02,241.815185546875,1.140328884124756,89.03541564941406
2018-11-05,243.14927673339844,1.1397570371627808,89.38520050048828
2018-11-06,244.6878967285156,1.141291856765747,89.32952880859375
2018-11-07,249.92642211914065,1.1438506841659546,89.44880676269531
2018-11-08,249.4727783203125,1.1434059143066406,89.44087219238281
2018-11-09,247.035888671875,1.1368415355682373,90.10861206054688
2018-11-12,242.41993713378903,1.132502794265747,90.69689178466795
2018-11-13,241.96633911132807,1.123342990875244,90.6412124633789
2018-11-14,240.31204223632807,1.1311193704605105,90.69689178466795
2018-11-15,242.82009887695312,1.131183385848999,90.65716552734376
2018-11-16,243.45162963867188,1.1324899196624756,91.18181610107422
2018-11-19,239.3337860107422,1.141396164894104,91.43622589111328
2018-11-20,234.90460205078125,1.1455016136169434,91.4679718017578
2018-11-21,235.7050628662109,1.1372424364089966,91.43622589111328
2018-11-22,235.7050628662109,1.1388354301452637,91.43622589111328
2018-11-23,234.1309051513672,1.1403158903121948,91.53160095214844
2018-11-26,237.91075134277344,1.133735418319702,91.32488250732422
2018-11-27,238.7111968994141,1.1333370208740234,91.42823791503906
2018-11-28,244.20755004882807,1.1298797130584717,90.98307037353516
2018-11-29,243.6739501953125,1.1368545293807983,91.34080505371094
2018-11-30,245.15921020507807,1.1392766237258911,91.68262481689452
2018-12-03,248.4055328369141,1.1342240571975708,92.33362579345705
2018-12-04,240.3565216064453,1.135486125946045,93.8794403076172
2018-12-05,240.3565216064453,1.1342884302139282,93.8794403076172
2018-12-06,239.9918975830078,1.13490629196167,94.17425537109376
2018-12-07,234.4154815673828,1.1374752521514893,94.34954071044922
2018-12-10,234.86016845703125,1.1400948762893677,94.73995971679688
2018-12-11,234.9135284423828,1.1356538534164429,94.7239990234375
2018-12-12,236.09640502929688,1.1323105096817017,94.3017349243164
2018-12-13,236.01634216308597,1.1373459100723269,94.07864379882812
2018-12-14,231.6584014892578,1.1363636255264282,94.40530395507812
2018-12-17,227.11361694335935,1.1305949687957764,94.95511627197266
2018-12-18,226.8646240234375,1.1349835395812988,95.52375793457033
2018-12-19,223.46710205078125,1.137539982795715,96.78572845458984
2018-12-20,219.8295745849609,1.138952136039734,96.4343032836914
2018-12-21,215.3252716064453,1.1456853151321411,96.41830444335938
2018-12-24,209.6358337402344,1.1372811794281006,96.8975601196289
2018-12-25,209.6358337402344,1.140393853187561,96.8975601196289
2018-12-26,220.2276306152344,1.1415525674819946,95.85922241210938
2018-12-27,221.91845703125,1.1361312866210938,95.87517547607422
2018-12-28,221.6321563720703,1.143105387687683,96.681884765625
2018-12-31,223.5733642578125,1.1439945697784424,97.04927825927734
2019-01-01,223.5733642578125,1.1493064165115356,97.04927825927734
2019-01-02,223.80596923828125,1.14617121219635,97.56046295166016
2019-01-03,218.4652862548828,1.1318106651306152,98.670654296875
2019-01-04,225.78302001953125,1.1391078233718872,97.52851104736328
2019-01-07,227.5631866455078,1.1410444974899292,97.24092864990234
2019-01-08,229.7012634277344,1.1479737758636477,96.98538208007812
2019-01-09,230.77474975585935,1.1456066370010376,96.83364868164062
2019-01-10,231.58880615234372,1.1554949283599854,96.21065521240234
2019-01-11,231.6782684326172,1.151012897491455,96.58602142333984
2019-01-14,230.26480102539065,1.146013617515564,96.22662353515624
2019-01-15,232.90386962890625,1.1472889184951782,95.87517547607422
2019-01-16,233.4674072265625,1.1416828632354736,95.97106170654295
2019-01-17,235.2387237548828,1.1398088932037354,95.9949951171875
2019-01-18,238.36968994140625,1.13926362991333,95.49180603027344
2019-01-21,238.36968994140625,1.1365574598312378,95.49180603027344
2019-01-22,235.14920043945312,1.136932134628296,96.13878631591795
2019-01-23,235.64117431640625,1.1364023685455322,96.09883880615234
2019-01-24,235.7664794921875,1.1388224363327026,96.72980499267578
2019-01-25,237.7613983154297,1.1313496828079224,96.2665557861328
2019-01-28,235.9542999267578,1.1413049697875977,96.17071533203124
2019-01-29,235.64117431640625,1.143000841140747,96.65789031982422
2019-01-30,239.37159729003903,1.1435366868972778,96.58602142333984
2019-01-31,241.4738922119141,1.1487650871276855,97.41666412353516
2019-02-01,241.59017944335935,1.1449507474899292,96.82833099365234
2019-02-04,243.2898712158203,1.1455278396606443,96.39602661132812
2019-02-05,244.3097686767578,1.1436283588409424,96.83631896972656
2019-02-06,243.98764038085935,1.140992522239685,96.8843765258789
2019-02-07,241.66183471679688,1.1365960836410522,97.52474212646484
2019-02-08,241.9569091796875,1.1338768005371094,97.94098663330078
2019-02-11,242.0911865234375,1.1324259042739868,97.55679321289062
2019-02-12,245.2042999267578,1.1279042959213257,97.30860900878906
2019-02-13,246.00042724609372,1.1334655284881592,96.94039154052734
2019-02-14,245.454833984375,1.12649405002594,97.49272918701172
2019-02-15,248.1295166015625,1.1295350790023804,97.64482879638672
2019-02-18,248.1295166015625,1.1298030614852903,97.64482879638672
2019-02-19,248.5589904785156,1.131196141242981,97.89299774169922
2019-02-20,249.05990600585935,1.1343011856079102,97.61280822753906
2019-02-21,248.17437744140625,1.1346358060836792,96.74024963378906
2019-02-22,249.71299743652344,1.1343011856079102,97.31661224365234
2019-02-25,250.0528564453125,1.1342240571975708,97.02841186523438
2019-02-26,249.8739776611328,1.1367511749267578,97.50871276855467
2019-02-27,249.76670837402344,1.139315485954285,96.404052734375
2019-02-28,249.30148315429688,1.1380189657211304,96.07585906982422
2019-03-01,250.85812377929688,1.1373459100723269,95.18782043457033
2019-03-04,249.9455718994141,1.1375917196273804,95.9338607788086
2019-03-05,249.60562133789065,1.133735418319702,96.13442993164062
2019-03-06,248.09375,1.1307101249694824,96.48736572265624
2019-03-07,246.01837158203125,1.1314009428024292,97.11305236816406
2019-03-08,245.5262756347656,1.1198333501815796,97.5221710205078
2019-03-11,249.08677673339844,1.1232421398162842,97.23338317871094
2019-03-12,250.0261383056641,1.1259232759475708,97.91522979736328
2019-03-13,251.6810302734375,1.1287446022033691,97.7307586669922
2019-03-14,251.5200653076172,1.133105993270874,97.02481079101562
2019-03-15,252.7626800537109,1.1308379173278809,97.66657257080078
2019-03-18,253.67913818359372,1.1319772005081177,97.61044311523438
2019-03-19,253.74203491210935,1.133619785308838,97.39386749267578
2019-03-20,252.97836303710935,1.135486125946045,98.4126205444336
2019-03-21,255.8356475830078,1.1427918672561646,98.62920379638672
2019-03-22,250.9116973876953,1.1375011205673218,100.16141510009766
2019-03-25,250.72300720214844,1.129586100578308,100.32183837890624
2019-03-26,252.5919342041016,1.131580114364624,100.2496109008789
2019-03-27,251.2711181640625,1.127484679222107,101.17218017578124
2019-03-28,252.22360229492188,1.1251758337020874,101.52508544921876
2019-03-29,253.81399536132807,1.1230024099349976,101.4288558959961
2019-04-01,256.823974609375,1.1223849058151243,99.9881820678711
2019-04-02,256.94976806640625,1.1205737590789795,100.17306518554688
2019-04-03,257.3541259765625,1.1203854084014893,99.30481719970705
2019-04-04,258.0369567871094,1.1246949434280396,99.58619689941406
2019-04-05,259.2859802246094,1.1225864887237549,99.71484375
2019-04-08,259.483642578125,1.121956706047058,99.36109161376952
2019-04-09,258.15380859375,1.1256444454193115,99.67464447021484
2019-04-10,259.03436279296875,1.126697063446045,99.91575622558594
2019-04-11,258.96240234375,1.127650022506714,99.32892608642578
2019-04-12,260.7146911621094,1.1260753870010376,98.62139129638672
2019-04-15,260.5438842773437,1.1305055618286133,98.87065887451172
2019-04-16,260.7146911621094,1.1304928064346311,98.25163269042967
2019-04-17,260.07666015625,1.128502607345581,98.29185485839844
2019-04-18,260.5887756347656,1.129713773727417,98.80633544921876
2019-04-19,260.5887756347656,1.1235954761505127,98.80633544921876
2019-04-22,260.8134460449219,1.1244546175003052,98.33199310302734
2019-04-23,263.1585998535156,1.1258978843688965,98.54104614257812
2019-04-24,262.5745544433594,1.122435212135315,99.3449935913086
2019-04-25,262.41278076171875,1.1153494119644165,99.20030212402344
2019-04-26,263.6347961425781,1.113684892654419,99.53792572021484
2019-04-29,264.0480041503906,1.1150261163711548,98.9028091430664
2019-04-30,264.1830139160156,1.1185182332992554,99.40934753417967
2019-05-01,262.1971435546875,1.121604323387146,99.81939697265624
2019-05-02,261.63104248046875,1.1200841665267944,99.34407043457033
2019-05-03,264.1919250488281,1.1173559427261353,99.62608337402344
2019-05-06,263.10467529296875,1.1185808181762695,99.89997100830078
2019-05-07,258.7109069824219,1.1201846599578855,100.6653289794922
2019-05-08,258.3515625,1.1191065311431885,100.23026275634766
2019-05-09,257.5697937011719,1.1198333501815796,100.6411590576172
2019-05-10,258.86376953125,1.1222084760665894,100.5041961669922
2019-05-13,252.3583984375,1.1236460208892822,101.2937469482422
2019-05-14,254.64068603515625,1.1232547760009766,100.99560546875
2019-05-15,256.1321716308594,1.1204482316970823,101.61599731445312
2019-05-16,258.5042419433594,1.1207244396209717,101.27760314941406
2019-05-17,256.8329772949219,1.1173559427261353,101.50325012207033
2019-05-20,255.134765625,1.1165324449539185,101.2937469482422
2019-05-21,257.4349975585937,1.1168566942214966,101.13258361816406
2019-05-22,256.6443786621094,1.1168566942214966,101.71266174316406
2019-05-23,253.508544921875,1.1155484914779663,102.8566665649414
2019-05-24,254.08355712890625,1.1184556484222412,102.94525909423828
2019-05-27,254.08355712890625,1.1209630966186523,102.94525909423828
2019-05-28,251.72039794921875,1.11938214302063,103.6865005493164
2019-05-29,250.03109741210935,1.1170687675476074,104.00069427490234
2019-05-30,250.71409606933597,1.1137346029281616,104.89496612548828
2019-05-31,247.33560180664065,1.1131147146224976,106.20819854736328
2019-06-03,246.70660400390625,1.1174057722091677,106.91859436035156
2019-06-04,252.0618896484375,1.124631643295288,105.69951629638672
2019-06-05,254.2452087402344,1.1254037618637085,105.1021728515625
2019-06-06,255.8985137939453,1.1229015588760376,105.44120025634766
2019-06-07,258.4593200683594,1.127650022506714,106.35350036621094
2019-06-10,259.64532470703125,1.1320157051086426,105.35240173339844
2019-06-11,259.5823974609375,1.1318106651306152,105.41702270507812
2019-06-12,259.1242370605469,1.1329518556594849,105.49771118164062
2019-06-13,260.1935119628906,1.1295605897903442,105.86100006103516
2019-06-14,259.9058837890625,1.128044366836548,106.12742614746094
2019-06-17,260.0048217773437,1.1217050552368164,106.31305694580078
2019-06-18,262.7273254394531,1.1224603652954102,106.84590911865234
2019-06-19,263.32037353515625,1.1198208332061768,106.9992904663086
2019-06-20,265.836181640625,1.1238480806350708,107.2818603515625
2019-06-21,265.4496765136719,1.1295605897903442,106.10316467285156
2019-06-24,265.1247253417969,1.1384724378585815,106.89436340332033
2019-06-25,262.5243835449219,1.140029788017273,107.22531127929688
2019-06-26,262.26251220703125,1.1369967460632324,106.5391616821289
2019-06-27,263.19244384765625,1.1374752521514893,107.28994750976562
2019-06-28,264.5467834472656,1.1372941732406616,107.21724700927734
2019-07-01,266.94854736328125,1.1364928483963013,106.9665298461914
2019-07-02,267.64373779296875,1.1287446022033691,107.79156494140624
2019-07-03,269.7835693359375,1.1293054819107056,108.5600357055664
2019-07-04,269.7835693359375,1.128795504570007,108.5600357055664
2019-07-05,269.4766845703125,1.128579020500183,107.12022399902344
2019-07-08,267.99591064453125,1.1227376461029053,107.2658233642578
2019-07-09,268.32989501953125,1.121604323387146,107.22531127929688
2019-07-10,269.6119689941406,1.120824933052063,106.63489532470705
2019-07-11,270.244140625,1.125885248184204,105.2112808227539
2019-07-12,271.45391845703125,1.1252391338348389,105.33258056640624
2019-07-15,271.54425048828125,1.1272051334381104,105.9391860961914
2019-07-16,270.6683654785156,1.126176834106445,105.6238021850586
2019-07-17,268.8265380859375,1.121227145195007,106.76432037353516
2019-07-18,269.81072998046875,1.12296462059021,106.77237701416016
2019-07-19,268.3119506835937,1.1261515617370603,106.52165222167967
2019-07-22,268.97100830078125,1.1218308210372925,106.7238311767578
2019-07-23,270.89422607421875,1.1206114292144775,106.14141845703124
2019-07-24,272.1672058105469,1.11512553691864,106.6025390625
2019-07-25,270.8671264648437,1.1142433881759644,106.0929183959961
2019-07-26,272.6819152832031,1.1146159172058103,106.3436508178711
2019-07-29,272.185302734375,1.1132138967514038,106.37602996826172
2019-07-30,271.51715087890625,1.1143054962158203,106.63489532470705
2019-07-31,268.54669189453125,1.1157974004745483,107.49229431152344
2019-08-01,266.2082214355469,1.107174515724182,109.62712097167967
2019-08-02,264.2037048339844,1.1078859567642212,110.64021301269533
2019-08-05,256.25836181640625,1.1108025312423706,112.55304718017578
2019-08-06,259.851806640625,1.1243788003921509,113.45265197753906
2019-08-07,260.0053100585937,1.1206992864608765,113.49315643310548
2019-08-08,265.1066589355469,1.12043559551239,113.7362823486328
2019-08-09,263.30078125,1.1187183856964111,113.50934600830078
2019-08-12,260.095703125,1.1208499670028689,115.87600708007812
2019-08-13,264.1405639648437,1.1218308210372925,115.4789047241211
2019-08-14,256.3305969238281,1.1177055835723877,118.08059692382812
2019-08-15,257.0076904296875,1.1143302917480469,119.39361572265624
2019-08-16,260.79986572265625,1.1113580465316772,118.43716430664062
2019-08-19,263.9418334960937,1.109385371208191,116.74321746826172
2019-08-20,261.9194030761719,1.1083157062530518,117.95088958740234
2019-08-21,264.0502319335937,1.1097793579101562,117.16465759277344
2019-08-22,263.96905517578125,1.10907781124115,116.38662719726562
2019-08-23,257.18829345703125,1.108401656150818,118.29940032958984
2019-08-26,260.03240966796875,1.1143054962158203,117.82125091552734
2019-08-27,259.0120849609375,1.1103708744049072,119.63673400878906
2019-08-28,260.8359680175781,1.109004020690918,119.7906723022461
2019-08-29,264.1676330566406,1.1085859537124634,119.3368682861328
2019-08-30,264.0502319335937,1.1061947345733645,119.36921691894533
2019-09-02,264.0502319335937,1.099178910255432,119.36921691894533
2019-09-03,262.5063171386719,1.0968520641326904,119.52352142333984
2019-09-04,265.4858093261719,1.0974539518356323,119.70211791992188
2019-09-05,268.8987731933594,1.10349702835083,117.53428649902344
2019-09-06,269.1064147949219,1.1036310195922852,118.37055206298828
2019-09-09,269.24188232421875,1.1020619869232178,116.26768493652344
2019-09-10,269.1786193847656,1.1048381328582764,114.22978973388672
2019-09-11,271.09283447265625,1.1050333976745603,114.02677917480467
2019-09-12,272.03173828125,1.101345777511597,113.27982330322266
2019-09-13,271.8511962890625,1.1058276891708374,110.86024475097656
2019-09-16,271.0116271972656,1.1083402633666992,112.27304077148438
2019-09-17,271.6976623535156,1.100594401359558,112.88198852539062
2019-09-18,271.8602600097656,1.1074687242507937,113.36101531982422
2019-09-19,271.8422546386719,1.1031439304351809,113.70195770263672
2019-09-20,270.5577697753906,1.1048502922058103,115.20404052734376
2019-09-23,270.49432373046875,1.1019041538238523,115.17972564697266
2019-09-24,268.37176513671875,1.0993722677230835,116.56810760498048
2019-09-25,269.9590759277344,1.1016855239868164,114.86305236816406
2019-09-26,269.396728515625,1.0952903032302856,115.60191345214844
2019-09-27,267.9454650878906,1.0922753810882568,115.88607788085938
2019-09-30,269.1881103515625,1.0942714214324951,116.1702117919922
2019-10-01,265.9862365722656,1.0899657011032104,116.5199966430664
2019-10-02,261.28765869140625,1.0934937000274658,116.80464935302734
2019-10-03,263.4283752441406,1.0963709354400637,117.8701171875
2019-10-04,266.9930419921875,1.0975382328033447,118.74044799804688
2019-10-07,265.8410339355469,1.098659634590149,117.75630950927734
2019-10-08,261.7139587402344,1.0972130298614502,118.07352447509766
2019-10-09,264.1992492675781,1.0960105657577517,117.4065399169922
2019-10-10,265.9862365722656,1.098780393600464,115.65780639648438
2019-10-11,268.74365234375,1.1011033058166504,114.22635650634766
2019-10-14,268.4443664550781,1.1030004024505615,115.05601501464844
2019-10-15,271.1021728515625,1.1029006242752075,113.66519165039062
2019-10-16,270.66668701171875,1.1034727096557615,113.80339813232422
2019-10-17,271.46484375,1.107493281364441,113.52691650390624
2019-10-18,270.2765808105469,1.1127183437347412,113.52691650390624
2019-10-21,272.1087951660156,1.1155734062194824,112.67285919189452
2019-10-22,271.2199401855469,1.1151753664016724,113.33162689208984
2019-10-23,272.00909423828125,1.112928867340088,113.4455337524414
2019-10-24,272.4535217285156,1.1132385730743408,113.21782684326172
2019-10-25,273.5692138671875,1.1103955507278442,112.66473388671876
2019-10-28,275.1112365722656,1.108426213264465,111.6399383544922
2019-10-29,275.0295715332031,1.1099148988723757,111.71305084228516
2019-10-30,275.8731689453125,1.1114816665649414,113.34796142578124
2019-10-31,275.1384582519531,1.1154489517211914,114.8770980834961
2019-11-01,277.6872863769531,1.1157102584838867,114.52344512939452
2019-11-04,278.8029479980469,1.1166571378707886,113.0161590576172
2019-11-05,278.49462890625,1.1128545999526978,111.7450942993164
2019-11-06,278.55810546875,1.107419729232788,112.42131042480467
2019-11-07,279.5376892089844,1.1070396900177002,110.38445281982422
2019-11-08,280.2270812988281,1.1019697189331057,109.91999816894533
2019-11-11,279.69189453125,1.102244257926941,109.99333953857422
2019-11-12,280.2815856933594,1.1035456657409668,110.49846649169922
2019-11-13,280.3722229003906,1.1012367010116575,111.21548461914062
2019-11-14,280.7804260253906,1.101321578025818,112.3643035888672
2019-11-15,282.8121337890625,1.1020498275756836,112.2420883178711
2019-11-18,283.02081298828125,1.105509877204895,112.44580841064452
2019-11-19,282.93914794921875,1.1072357892990112,113.38273620605467
2019-11-20,281.8869323730469,1.1080001592636108,114.55602264404295
2019-11-21,281.4334411621094,1.1078859567642212,113.83903503417967
2019-11-22,282.059326171875,1.1065863370895386,113.98568725585938
2019-11-25,284.24530029296875,1.1022562980651855,114.31975555419922
2019-11-26,284.8893737792969,1.1014429330825806,114.98784637451172
2019-11-27,286.1592712402344,1.1022562980651855,114.65377044677734
2019-11-28,286.1592712402344,1.1004853248596191,114.65377044677734
2019-11-29,285.0980224609375,1.101176142692566,114.40937042236328
2019-12-02,282.6761779785156,1.1019041538238523,112.88394165039062
2019-12-03,280.7804260253906,1.1079105138778689,115.2508544921875
2019-12-04,282.5128479003906,1.1085245609283447,114.10002899169922
2019-12-05,283.02081298828125,1.108303427696228,113.5450210571289
2019-12-06,285.6058959960937,1.1105434894561768,112.91657257080078
2019-12-09,284.7078857421875,1.105888843536377,113.16144561767578
2019-12-10,284.39044189453125,1.106499433517456,113.16960144042967
2019-12-11,285.1977844238281,1.1092746257781982,114.05924987792967
2019-12-12,287.65582275390625,1.1135857105255127,112.18202209472656
2019-12-13,287.82830810546875,1.1186057329177856,113.4797134399414
2019-12-16,289.8055725097656,1.1124460697174072,112.45954132080078
2019-12-17,289.869140625,1.1136974096298218,112.30445861816406
2019-12-18,289.8872375488281,1.115138053894043,111.3822021484375
2019-12-19,291.0754699707031,1.1115927696228027,111.56040954589844
2019-12-20,292.3515625,1.1125946044921875,111.70751190185548
2019-12-23,292.7983093261719,1.1079840660095217,111.54402923583984
2019-12-24,292.8074035644531,1.109385371208191,111.86286926269533
2019-12-25,292.8074035644531,1.1090162992477417,111.86286926269533
2019-12-26,294.3660583496094,1.1095454692840576,112.13265991210938
2019-12-27,294.2930603027344,1.110111951828003,112.2552719116211
2019-12-30,292.6705627441406,1.1182304620742798,111.84654998779295
2019-12-31,293.381591796875,1.120229721069336,110.75114440917967
2020-01-01,293.381591796875,1.1220825910568235,110.75114440917967
2020-01-02,296.125244140625,1.1220825910568235,112.00183868408205
2020-01-03,293.8829345703125,1.1171437501907349,113.72669219970705
2020-01-06,295.004150390625,1.1161960363388062,113.08087158203124
2020-01-07,294.1746520996094,1.1197994947433472,112.52503204345705
2020-01-08,295.742431640625,1.1154738664627075,111.7811279296875
2020-01-09,297.747802734375,1.1113210916519165,112.1734848022461
2020-01-10,296.8909912109375,1.1111111640930176,113.17082977294922
2020-01-13,298.9328308105469,1.111666917800903,112.82750701904295
2020-01-14,298.4770202636719,1.1135733127593994,113.40789031982422
2020-01-15,299.1514892578125,1.113089919090271,114.1599349975586
2020-01-16,301.6399230957031,1.1154004335403442,113.80030059814452
2020-01-17,302.5788879394531,1.1139578819274902,112.82750701904295
2020-01-20,302.5788879394531,1.1094592809677124,112.82750701904295
2020-01-21,301.986328125,1.109693169593811,114.01287078857422
2020-01-22,302.02276611328125,1.108561396598816,114.41336059570312
2020-01-23,302.3691711425781,1.1096439361572266,115.21451568603516
2020-01-24,299.6802978515625,1.1055220365524292,116.14642333984376
2020-01-27,294.8764038085937,1.102535843849182,117.95299530029295
2020-01-28,297.9666442871094,1.101976990699768,117.02931213378906
2020-01-29,297.7204284667969,1.1022562980651855,118.17375946044922
2020-01-30,298.68670654296875,1.1016855239868164,118.1900863647461
2020-01-31,293.2631225585937,1.1029127836227417,119.2691650390625
2020-02-03,295.4416198730469,1.1089794635772705,119.17254638671876
2020-02-04,299.944580078125,1.1062926054000854,117.56758880615234
2020-02-05,303.4083251953125,1.1047282218933103,116.28208923339844
2020-02-06,304.4292297363281,1.100231051445007,116.80615997314452
2020-02-07,302.8067626953125,1.0982975959777832,118.26365661621094
2020-02-10,305.0673522949219,1.0949305295944214,118.59123229980467
2020-02-11,305.5959777832031,1.0913456678390503,117.99340057373048
2020-02-12,307.56494140625,1.091941475868225,117.3957061767578
2020-02-13,307.2366943359375,1.0875948667526243,117.8460464477539
2020-02-14,307.7289123535156,1.0845986604690552,118.36196899414062
2020-02-17,307.7289123535156,1.0841753482818604,118.36196899414062
2020-02-18,306.9359436035156,1.0840108394622805,119.17254638671876
2020-02-19,308.4034729003906,1.079540491104126,119.16438293457033
2020-02-20,307.1365051269531,1.081009864807129,120.09786224365234
2020-02-21,303.9735107421875,1.078799843788147,121.21959686279295
2020-02-24,293.8921203613281,1.0839051008224487,123.02922821044922
2020-02-25,284.98651123046875,1.0849199295043943,123.68431091308594
2020-02-26,283.9382629394531,1.0881996154785156,123.02922821044922
2020-02-27,271.1861267089844,1.088589429855347,124.36389923095705
2020-02-28,270.04669189453125,1.0997228622436523,127.17252349853516
2020-03-02,281.7415466308594,1.1051311492919922,126.2367935180664
2020-03-03,273.6745300292969,1.114404797554016,128.1967010498047
2020-03-04,285.17791748046875,1.118067979812622,126.83548736572266
2020-03-05,275.6981811523437,1.113908290863037,129.9926300048828
2020-03-06,271.1405639648437,1.1223849058151243,136.7579345703125
2020-03-09,249.9659576416016,1.1386020183563232,140.46456909179688
2020-03-10,262.90045166015625,1.139796018600464,133.26458740234375
2020-03-11,250.0844268798828,1.1316505670547483,128.36074829101562
2020-03-12,226.15707397460935,1.1261515617370603,129.1561737060547
2020-03-13,245.4904327392578,1.1184931993484497,126.2367935180664
2020-03-16,218.6279144287109,1.115536093711853,134.41262817382812
2020-03-17,230.43209838867188,1.1163206100463867,125.44963073730467
2020-03-18,218.76461791992188,1.101552128791809,118.37268829345705
2020-03-19,219.22950744628903,1.0961546897888184,121.59542846679688
2020-03-20,209.78196716308597,1.0657345056533811,130.73886108398438
2020-03-23,204.41819763183597,1.0694386959075928,136.12655639648438
2020-03-24,222.939208984375,1.0764610767364502,133.59259033203125
2020-03-25,226.27664184570312,1.080263614654541,133.28916931152344
2020-03-26,239.4889068603516,1.0889569520950315,133.94517517089844
2020-03-27,232.3555908203125,1.1048258543014526,137.52053833007812
2020-03-30,239.9014587402344,1.113908290863037,136.3889923095703
2020-03-31,236.32568359375,1.1030466556549072,135.2819366455078
2020-04-01,225.6898498535156,1.102657437324524,137.17726135253906
2020-04-02,230.89773559570312,1.0953621864318848,138.0477752685547
2020-04-03,227.5602569580078,1.0847399234771729,138.3762664794922
2020-04-06,242.8446044921875,1.0806955099105835,138.01492309570312
2020-04-07,243.09225463867188,1.0803803205490112,136.569580078125
2020-04-08,251.25250244140625,1.0895144939422607,135.57589721679688
2020-04-09,255.0758514404297,1.0863661766052246,135.82229614257812
2020-04-10,255.0758514404297,1.0927408933639526,135.82229614257812
2020-04-13,252.74696350097656,1.0932666063308716,134.58224487304688
2020-04-14,260.201171875,1.0922993421554563,134.54931640625
2020-04-15,254.67239379882807,1.098538875579834,138.1134490966797
2020-04-16,255.90109252929688,1.0905101299285889,139.68199157714844
2020-04-17,262.8142395019531,1.0858471393585205,137.80960083007812
2020-04-20,258.18408203125,1.0866966247558594,138.9182586669922
2020-04-21,250.34469604492188,1.0864840745925903,140.66748046875
2020-04-22,255.90109252929688,1.0856467485427856,139.2303009033203
2020-04-23,255.8826904296875,1.080964207649231,139.96937561035156
2020-04-24,259.4493408203125,1.077702283859253,140.2979278564453
2020-04-27,263.19024658203125,1.08236825466156,137.68637084960938
2020-04-28,261.9799194335937,1.0824854373931885,139.27130126953125
2020-04-29,268.83819580078125,1.0836584568023682,138.5487060546875
2020-04-30,266.3350524902344,1.087725043296814,136.930908203125
2020-05-01,259.2843933105469,1.094546914100647,138.10348510742188
2020-05-04,259.9994812011719,1.0959625244140625,137.4539031982422
2020-05-05,262.4016418457031,1.0904293060302734,136.57398986816406
2020-05-06,260.6229553222656,1.0838581323623655,134.37034606933594
2020-05-07,263.7677917480469,1.0798553228378296,136.61508178710938
2020-05-08,268.13214111328125,1.0837171077728271,134.8389892578125
2020-05-11,268.1872253417969,1.0839520692825315,133.78648376464844
2020-05-12,262.8418273925781,1.080940842628479,135.15963745117188
2020-05-13,258.1932678222656,1.0846810340881348,136.10543823242188
2020-05-14,261.2831726074219,1.08236825466156,137.4375
2020-05-15,262.4842834472656,1.0806955099105835,137.0838623046875
2020-05-18,270.4794616699219,1.0821340084075928,134.07431030273438
2020-05-19,267.7012023925781,1.0915124416351318,134.57589721679688
2020-05-20,272.2489624023437,1.0927767753601074,134.978759765625
2020-05-21,270.3694152832031,1.0982975959777832,135.31593322753906
2020-05-22,270.8826904296875,1.0952903032302856,136.12997436523438
2020-05-25,270.8826904296875,1.0907801389694214,136.12997436523438
2020-05-26,274.2203063964844,1.0902997255325315,134.3044891357422
2020-05-27,278.3003845214844,1.0981770753860474,134.057861328125
2020-05-28,277.7869567871094,1.1016855239868164,133.56442260742188
2020-05-29,279.02471923828125,1.1079105138778689,134.51834106445312
2020-06-01,280.15240478515625,1.1118524074554443,133.61260986328125
2020-06-02,282.47216796875,1.1125946044921875,133.12684631347656
2020-06-03,286.2313842773437,1.118943691253662,131.35662841796875
2020-06-04,285.4795227050781,1.1235954761505127,129.4547119140625
2020-06-05,292.7962646484375,1.1337867975234983,128.53265380859375
2020-06-08,296.3354187011719,1.1319515705108645,129.02651977539062
2020-06-09,294.12567138671875,1.1305567026138306,130.49212646484375
2020-06-10,292.4845275878906,1.1332215070724487,132.42703247070312
2020-06-11,275.62310791015625,1.1365444660186768,134.92999267578125
2020-06-12,278.92388916015625,1.1288082599639893,133.62908935546875
2020-06-15,281.52783203125,1.1252011060714722,133.70323181152344
2020-06-16,286.9466247558594,1.1337740421295166,131.65306091308594
2020-06-17,285.75457763671875,1.1265701055526731,132.19642639160156
2020-06-18,285.8646850585937,1.1242902278900146,133.59619140625
2020-06-19,284.2308959960937,1.1211000680923462,133.70323181152344
2020-06-22,286.05438232421875,1.1177555322647097,133.71966552734375
2020-06-23,287.3712158203125,1.1279679536819458,132.80580139160156
2020-06-24,280.040771484375,1.1312345266342163,134.2301788330078
2020-06-25,283.0429992675781,1.1250872611999512,134.61717224121094
2020-06-26,276.3202819824219,1.1222084760665894,136.05796813964844
2020-06-29,280.3815002441406,1.1225864887237549,135.6298065185547
2020-06-30,283.9730529785156,1.1247202157974243,134.97113037109375
2020-07-01,285.9622802734375,1.1235954761505127,134.708984375
2020-07-02,287.5370483398437,1.1251378059387207,134.84913635253906
2020-07-03,287.5370483398437,1.1237848997116089,134.84913635253906
2020-07-06,291.97576904296875,1.1247202157974243,134.29684448242188
2020-07-07,288.96441650390625,1.1312856674194336,136.1845703125
2020-07-08,291.1745910644531,1.1275228261947632,135.6405029296875
2020-07-09,289.5170288085937,1.1339154243469238,137.8002166748047
2020-07-10,292.4731140136719,1.128795504570007,137.1077423095703
2020-07-13,289.940673828125,1.1310042142868042,137.5611572265625
2020-07-14,293.69793701171875,1.134549617767334,137.75894165039062
2020-07-15,296.3962707519531,1.1410704851150513,137.11598205566406
2020-07-16,295.4200134277344,1.1417193412780762,137.76719665527344
2020-07-17,296.27655029296875,1.139211654663086,137.47869873046875
2020-07-20,298.6708068847656,1.1442956924438477,137.8166046142578
2020-07-21,299.3063049316406,1.1458691358566284,137.89915466308594
2020-07-22,301.01007080078125,1.15340256690979,138.31126403808594
2020-07-23,297.4184875488281,1.1568717956542969,139.92697143554688
2020-07-24,295.5029296875,1.1596084833145142,139.918701171875
2020-07-27,297.6578063964844,1.1652567386627195,139.39932250976562
2020-07-28,295.7699890136719,1.1769275665283203,140.3638458251953
2020-07-29,299.4076232910156,1.171879529953003,140.12474060058594
2020-07-30,298.3393249511719,1.1782865524291992,141.04794311523438
2020-07-31,300.6968078613281,1.1872254610061646,140.957275390625
2020-08-03,302.78741455078125,1.1782310009002686,140.2476348876953
2020-08-04,303.95684814453125,1.1763322353363037,141.58447265625
2020-08-05,305.8447570800781,1.181544303894043,140.3466033935547
2020-08-06,307.8891906738281,1.187281847000122,141.13064575195312
2020-08-07,308.1101989746094,1.1876484155654907,140.1898651123047
2020-08-10,309.0312194824219,1.178272724151611,139.56272888183594
2020-08-11,306.480224609375,1.1737778186798096,137.90394592285156
2020-08-12,310.7532653808594,1.1736538410186768,136.6496124267578
2020-08-13,310.19146728515625,1.179380178451538,135.18898010253906
2020-08-14,310.2006530761719,1.1816558837890625,134.6608123779297
2020-08-17,311.18609619140625,1.1852554082870483,134.9990997314453
2020-08-18,311.8583679199219,1.1876484155654907,135.96463012695312
2020-08-19,310.55987548828125,1.1947859525680542,135.1147003173828
2020-08-20,311.52685546875,1.1843500137329102,136.33602905273438
2020-08-21,312.6318664550781,1.1873664855957031,137.15301513671875
2020-08-24,315.7998962402344,1.1798018217086792,136.93014526367188
2020-08-25,316.90496826171875,1.1794538497924805,135.88221740722656
2020-08-26,320.0821228027344,1.183501958847046,135.3623046875
2020-08-27,320.78204345703125,1.1842728853225708,133.05984497070312
2020-08-28,322.8539733886719,1.1819632053375244,132.9608154296875
2020-08-31,321.6845703125,1.1918240785598757,133.84384155273438
2020-09-01,324.71435546875,1.193901538848877,135.3746795654297
2020-09-02,329.4109802246094,1.1923214197158811,136.66354370117188
2020-09-03,318.0745849609375,1.184735894203186,137.05181884765625
2020-09-04,315.4775390625,1.1839784383773804,134.4493865966797
2020-09-07,315.4775390625,1.183445930480957,134.4493865966797
2020-09-08,306.85772705078125,1.182172775268555,135.27561950683594
2020-09-09,312.9174499511719,1.177024483680725,134.91204833984375
2020-09-10,307.4840087890625,1.1806375980377195,135.59776306152344
2020-09-11,307.6405639648437,1.1824384927749634,135.8869171142578
2020-09-14,311.69268798828125,1.1842728853225708,135.8787078857422
2020-09-15,313.2673645019531,1.187000036239624,135.54818725585938
2020-09-16,312.0240783691406,1.1844412088394165,135.1433563232422
2020-09-17,309.27978515625,1.1803449392318726,135.5564422607422
2020-09-18,305.7191467285156,1.1848200559616089,135.13514709472656
2020-09-21,302.3166809082031,1.1845533847808838,135.82083129882812
2020-09-22,305.3955078125,1.176800012588501,135.71339416503906
2020-09-23,298.3131103515625,1.1708368062973022,135.89517211914062
2020-09-24,299.1081848144531,1.1658544540405271,136.41571044921875
2020-09-25,303.9439392089844,1.1673243045806885,136.41571044921875
2020-09-28,308.9923095703125,1.1635348796844482,136.0273895263672
2020-09-29,307.3094482421875,1.167883276939392,136.1843719482422
2020-09-30,309.6394348144531,1.1742050647735596,134.8789520263672
2020-10-01,311.6273498535156,1.1726078987121582,135.10145568847656
2020-10-02,308.6686096191406,1.1744946241378784,134.5970458984375
2020-10-05,314.1423034667969,1.1720443964004517,131.96713256835938
2020-10-06,309.67645263671875,1.1792453527450562,132.6782989501953
2020-10-07,315.0669250488281,1.1737639904022217,131.710693359375
2020-10-08,317.8591613769531,1.176747441291809,132.4219970703125
2020-10-09,320.6977233886719,1.1767003536224363,132.39715576171875
2020-10-12,325.8569641113281,1.181683897972107,132.81895446777344
2020-10-13,323.7303771972656,1.1816140413284302,133.76998901367188
2020-10-14,321.6962585449219,1.1742188930511477,134.0760040283203
2020-10-15,321.29864501953125,1.1743981838226318,133.84437561035156
2020-10-16,321.1045227050781,1.1707134246826172,133.4722900390625
2020-10-19,316.2226867675781,1.171550154685974,132.96778869628906
2020-10-20,317.4893493652344,1.176885962486267,131.70245361328125
2020-10-21,316.8882751464844,1.1829839944839478,131.24754333496094
2020-10-22,318.62652587890625,1.1853959560394287,129.88302612304688
2020-10-23,319.7084350585937,1.1815024614334106,130.67691040039062
2020-10-26,313.8001708984375,1.184848070144653,131.89259338378906
2020-10-27,312.71844482421875,1.180944323539734,132.777587890625
2020-10-28,302.030029296875,1.1784114837646484,132.90164184570312
2020-10-29,305.0997009277344,1.1748672723770142,131.61154174804688
2020-10-30,301.9190673828125,1.1678695678710938,130.31307983398438
2020-11-02,305.3031005859375,1.1642121076583862,131.28916931152344
2020-11-03,310.6934814453125,1.1642799377441406,130.52749633789062
2020-11-04,317.6372985839844,1.176221489906311,133.35890197753906
2020-11-05,323.83209228515625,1.17326819896698,133.5907440185547
2020-11-06,323.7580871582031,1.1817537546157837,131.97628784179688
2020-11-09,327.8263244628906,1.1893010139465332,129.20277404785156
2020-11-10,327.3455810546875,1.182732105255127,128.4577178955078
2020-11-11,329.7772827148437,1.1818794012069702,128.92144775390625
2020-11-12,326.578125,1.1780297756195068,131.1152801513672
2020-11-13,331.0994567871094,1.1803393363952637,130.94146728515625
2020-11-16,335.2323913574219,1.1845253705978394,130.6267852783203
2020-11-17,333.42950439453125,1.1859441995620728,131.4795684814453
2020-11-18,329.4166564941406,1.186366319656372,131.86044311523438
2020-11-19,330.8036193847656,1.1847639083862305,132.53927612304688
2020-11-20,328.5382995605469,1.1866477727890017,133.7148895263672
2020-11-23,330.5076904296875,1.1866477727890017,133.10226440429688
2020-11-24,335.8334045410156,1.1842728853225708,131.77761840820312
2020-11-25,335.31561279296875,1.1900511980056765,131.37191772460938
2020-11-26,335.31561279296875,1.1920002698898315,131.37191772460938
2020-11-27,336.2495422363281,1.191599726676941,132.64691162109375
2020-11-30,334.7608947753906,1.1971460580825806,132.4812469482422
2020-12-01,338.4223327636719,1.193816065788269,130.52792358398438
2020-12-02,339.1342468261719,1.2074378728866575,129.49205017089844
2020-12-03,339.0417785644531,1.2114603519439695,130.5362091064453
2020-12-04,341.9635009765625,1.2145650386810305,128.6217803955078
2020-12-07,341.2608642578125,1.212135910987854,129.7821044921875
2020-12-08,342.2593994140625,1.2113136053085327,130.39544677734375
2020-12-09,339.18963623046875,1.2110936641693115,129.96441650390625
2020-12-10,339.0787658691406,1.207875370979309,131.11634826660156
2020-12-11,338.6811828613281,1.2144293785095217,131.5804443359375
2020-12-14,337.16485595703125,1.213340401649475,131.21583557128906
2020-12-15,341.7230834960937,1.214889645576477,130.77659606933594
2020-12-16,342.2593994140625,1.2154301404953003,130.42857360839844
2020-12-17,344.1732788085937,1.2199585437774658,130.0833740234375
2020-12-18,342.7990417480469,1.226271629333496,129.69351196289062
2020-12-21,341.5733337402344,1.221612811088562,130.2078857421875
2020-12-22,340.9976806640625,1.223690629005432,130.87986755371094
2020-12-23,341.30419921875,1.2186651229858398,129.97555541992188
2020-12-24,342.6319274902344,1.2191405296325684,130.48992919921875
2020-12-25,342.6319274902344,1.2184720039367676,130.48992919921875
2020-12-28,345.575439453125,1.2205095291137695,130.5479736328125
2020-12-29,344.9161682128906,1.2223445177078247,130.38211059570312
2020-12-30,345.4082946777344,1.225295066833496,130.6642303466797
2020-12-31,347.1631774902344,1.2299896478652954,130.85496520996094
2021-01-01,347.1631774902344,1.218026876449585,130.85496520996094
2021-01-04,342.4369201660156,1.2250697612762451,130.69735717773438
2021-01-05,344.7955017089844,1.2251598834991455,129.72669982910156
2021-01-06,346.85675048828125,1.230027437210083,127.06356048583984
2021-01-07,352.01025390625,1.2341108322143557,125.94364166259766
2021-01-08,354.0158996582031,1.227144479751587,125.53722381591795
2021-01-11,351.62957763671875,1.218620538711548,125.32972717285156
2021-01-12,351.7038269042969,1.2160701751708984,125.23019409179688
2021-01-13,352.65087890625,1.220889449119568,126.64049530029295
2021-01-14,351.4158935546875,1.2162491083145142,125.4541244506836
2021-01-15,348.8531799316406,1.2151259183883667,125.9519271850586
2021-01-18,348.8531799316406,1.2068113088607788,125.9519271850586
2021-01-19,351.5923156738281,1.207729458808899,126.35845184326172
2021-01-20,356.4579772949219,1.213886857032776,126.48287200927734
2021-01-21,356.7828674316406,1.2115631103515625,125.59516143798828
2021-01-22,355.52008056640625,1.2166293859481812,126.00177764892578
2021-01-25,356.9222412109375,1.216944694519043,127.48672485351562
2021-01-26,356.36505126953125,1.214624047279358,127.24612426757812
2021-01-27,347.6553649902344,1.216299295425415,127.56964111328124
2021-01-28,350.64520263671875,1.2105072736740112,126.86453247070312
2021-01-29,343.6254272460937,1.2120037078857422,126.10125732421876
2021-02-01,349.3452453613281,1.2123857736587524,126.24742889404295
2021-02-02,354.2850341796875,1.2068694829940796,125.4334716796875
2021-02-03,354.5636901855469,1.203905463218689,124.32050323486328
2021-02-04,358.5935974121094,1.2042388916015625,123.98828887939452
2021-02-05,360.0050048828125,1.1966731548309326,122.95008087158205
2021-02-08,362.6048583984375,1.2048773765563965,123.48992156982422
2021-02-09,362.3634033203125,1.2053595781326294,123.5812759399414
2021-02-10,362.2056274414063,1.2119992971420288,124.40353393554688
2021-02-11,362.7905578613281,1.2121212482452393,123.72252655029295
2021-02-12,364.5827026367188,1.2131506204605105,122.18592071533205
2021-02-15,364.5827026367188,1.2122093439102173,122.18592071533205
2021-02-16,364.2669372558594,1.2132196426391602,120.3253936767578
2021-02-17,364.3505554199219,1.2092483043670654,121.08953857421876
2021-02-18,362.7998352050781,1.2048004865646362,120.59952545166016
2021-02-19,362.1591491699219,1.209189772605896,118.99650573730467
2021-02-22,359.3735046386719,1.2126356363296509,118.09114837646484
2021-02-23,359.8099670410156,1.2166796922683716,117.75064849853516
2021-02-24,363.7747802734375,1.215214490890503,116.9782485961914
2021-02-25,355.00933837890625,1.2171372175216677,115.0678939819336
2021-02-26,353.1800842285156,1.2160420417785645,118.87193298339844
2021-03-01,361.74127197265625,1.208956003189087,117.30191040039062
2021-03-02,358.91851806640625,1.2051095962524414,117.3102035522461
2021-03-03,354.1644287109375,1.208546757698059,116.03793334960938
2021-03-04,349.7816467285156,1.2050660848617554,115.28952026367188
2021-03-05,356.2165222167969,1.1967735290527344,115.5140380859375
2021-03-08,354.44293212890625,1.1925631761550903,114.61595153808594
2021-03-09,359.5035400390625,1.185171127319336,116.20426177978516
2021-03-10,361.74127197265625,1.1897906064987185,116.43710327148438
2021-03-11,365.4090881347656,1.1926058530807495,115.5972671508789
2021-03-12,365.9011535644531,1.1986095905303955,113.14402770996094
2021-03-15,368.0832824707031,1.1950000524520874,113.8093032836914
2021-03-16,367.6190185546875,1.1925773620605469,113.3519058227539
2021-03-17,368.8724670410156,1.190164566040039,112.50375366210938
2021-03-18,363.5055541992188,1.1982792615890503,111.36450958251952
2021-03-19,362.83294677734375,1.1918240785598757,112.05467224121094
2021-03-22,365.730224609375,1.1883116960525513,113.31037139892578
2021-03-23,362.8515625,1.193303108215332,114.33319091796876
2021-03-24,361.0069885253906,1.1840205192565918,114.94857788085938
2021-03-25,363.0377807617188,1.1813069581985474,114.04216766357422
2021-03-26,368.8882446289063,1.1776621341705322,113.64299774169922
2021-03-29,368.7019653320313,1.1788004636764526,112.6783447265625
2021-03-30,367.7237548828125,1.177100658416748,113.26880645751952
2021-03-31,369.2142639160156,1.1723604202270508,112.6367416381836
2021-04-01,373.2014465332031,1.1728830337524414,114.50621032714844
2021-04-02,373.2014465332031,1.177994966506958,114.50621032714844
2021-04-05,378.5580749511719,1.176816701889038,114.006591796875
2021-04-06,378.3344421386719,1.1818934679031372,114.7810516357422
2021-04-07,378.7723083496094,1.1874228715896606,113.98160552978516
2021-04-08,380.57025146484375,1.1873664855957031,114.92259216308594
2021-04-09,383.33697509765625,1.1915684938430786,114.50621032714844
2021-04-12,383.4768371582031,1.1900511980056765,114.45626831054688
2021-04-13,384.6133728027344,1.1914690732955933,115.3139419555664
2021-04-14,383.2998046875,1.1954143047332764,114.94752502441406
2021-04-15,387.41748046875,1.1986095905303955,116.87115478515624
2021-04-16,388.7123107910156,1.1971746683120728,115.96343994140624
2021-04-19,386.8026123046875,1.1969454288482666,115.63038635253906
2021-04-20,383.9705505371094,1.204529047012329,116.16329956054688
2021-04-21,387.6037292480469,1.2032392024993896,116.39651489257812
2021-04-22,384.063720703125,1.2037750482559204,116.90445709228516
2021-04-23,388.2279357910156,1.2014753818511963,116.6296615600586
2021-04-26,389.0383605957031,1.2089852094650269,116.46306610107422
2021-04-27,388.9544982910156,1.2081671953201294,115.44721221923828
2021-04-28,388.8426513671875,1.2090305089950562,115.52216339111328
2021-04-29,391.3207092285156,1.213592290878296,115.1807098388672
2021-04-30,388.7496337890625,1.2127091884613037,115.44721221923828
2021-05-03,389.5880432128906,1.2027760744094849,115.51641845703124
2021-05-04,387.1845397949219,1.2061271667480469,116.30029296875
2021-05-05,387.3056335449219,1.2015043497085571,116.4920883178711
2021-05-06,390.3985595703125,1.2007973194122314,116.68391418457033
2021-05-07,393.2397766113281,1.2068549394607544,116.10848236083984
2021-05-10,389.3457336425781,1.2171076536178589,114.93267822265624
2021-05-11,385.87103271484375,1.2140932083129885,114.2822036743164
2021-05-12,377.673095703125,1.2144500017166138,113.0813446044922
2021-05-13,382.20989990234375,1.2078505754470823,113.25643157958984
2021-05-14,388.078857421875,1.207729458808899,114.31558227539062
2021-05-17,387.0913391113281,1.2150373458862305,114.07371520996094
2021-05-18,383.75634765625,1.215687274932861,113.78182220458984
2021-05-19,382.7502136230469,1.2223997116088867,113.50660705566406
2021-05-20,386.8677673339844,1.217285394668579,114.44058990478516
2021-05-21,386.5511169433594,1.222538709640503,114.80760955810548
2021-05-24,390.49163818359375,1.2183235883712769,115.2328872680664
2021-05-25,389.6252746582031,1.2214635610580444,116.30029296875
2021-05-26,390.3985595703125,1.2249093055725098,116.10015106201172
2021-05-27,390.6034240722656,1.21925950050354,115.6331558227539
2021-05-28,391.3021240234375,1.2193188667297363,115.44963836669922
2021-05-31,391.3021240234375,1.2190067768096924,115.44963836669922
2021-06-01,390.9573974609375,1.223286509513855,115.42382049560548
2021-06-02,391.5722961425781,1.2217769622802734,115.69107055664062
2021-06-03,390.1190185546875,1.220986247062683,115.25676727294922
2021-06-04,393.6870422363281,1.213300704956055,116.83519744873048
2021-06-07,393.3050537109375,1.2168411016464231,116.47608947753906
2021-06-08,393.3888244628906,1.2193634510040283,117.2944793701172
2021-06-09,392.802001953125,1.217285394668579,118.33011627197266
2021-06-10,394.6278381347656,1.218200445175171,119.03987884521484
2021-06-11,395.280029296875,1.2172558307647705,118.84781646728516
2021-06-14,396.1650695800781,1.2110203504562378,117.93759155273438
2021-06-15,395.4382934570313,1.212224006652832,117.79560089111328
2021-06-16,393.2304992675781,1.2127091884613037,117.69539642333984
2021-06-17,393.10009765625,1.1995586156845093,119.45750427246094
2021-06-18,387.7969970703125,1.1913414001464844,121.70399475097656
2021-06-21,393.3486633300781,1.1873664855957031,119.66629028320312
2021-06-22,395.4515380859375,1.1912561655044556,119.95858001708984
2021-06-23,394.9750061035156,1.1936734914779663,119.6496124267578
2021-06-24,397.3115234375,1.193317413330078,119.84164428710938
2021-06-25,398.7228088378906,1.1930327415466309,118.5972900390625
2021-06-28,399.5265502929688,1.1942152976989746,119.81664276123048
2021-06-29,399.7416076660156,1.1928904056549072,120.01705169677734
2021-06-30,400.0780334472656,1.1901928186416626,120.55154418945312
2021-07-01,402.2931518554688,1.1856770515441897,120.5582046508789
2021-07-02,405.3680725097656,1.1846235990524292,121.28569793701172
2021-07-05,405.3680725097656,1.1856207847595217,121.28569793701172
2021-07-06,404.6296997070313,1.186380386352539,122.70728302001952
2021-07-07,406.0596618652344,1.1824523210525513,123.79435729980467
2021-07-08,402.7510681152344,1.17933988571167,124.27942657470705
2021-07-09,407.0503540039063,1.184800386428833,122.53167724609376
2021-07-12,408.5083618164063,1.187295913696289,122.37278747558594
2021-07-13,407.1157836914063,1.186521053314209,121.43626403808594
2021-07-14,407.7232666015625,1.1775373220443726,122.81602478027344
2021-07-15,406.3307189941406,1.1833338737487793,124.17071533203124
2021-07-16,403.1436462402344,1.1811814308166504,123.9365463256836
2021-07-19,397.1900024414063,1.1814005374908447,126.6542510986328
2021-07-20,402.8819274902344,1.1793843507766724,125.43342590332033
2021-07-21,406.143798828125,1.1784114837646484,123.84459686279295
2021-07-22,406.9942626953125,1.179273009300232,125.01527404785156
2021-07-23,411.1814880371094,1.177273869514465,124.17904663085938
2021-07-26,412.19085693359375,1.177343249320984,123.8111343383789
2021-07-27,410.3122863769531,1.1807769536972046,125.13239288330078
2021-07-28,410.1439514160156,1.1823126077651978,125.1407470703125
2021-07-29,411.8450317382813,1.1845955848693848,124.44668579101562
2021-07-30,409.844970703125,1.189299702644348,125.03202056884766
2021-08-02,408.9849853515625,1.186704158782959,126.14715576171876
2021-08-03,412.3123168945313,1.1874650716781616,126.21414947509766
2021-08-04,410.2841796875,1.1869436502456665,126.47378540039062
2021-08-05,412.8825378417969,1.1837401390075684,125.82904052734376
2021-08-06,413.5647583007813,1.1835720539093018,123.72755432128906
2021-08-09,413.2283630371094,1.1749500036239624,123.28384399414062
2021-08-10,413.74224853515625,1.17384672164917,122.7144775390625
2021-08-11,414.7704162597656,1.172333002090454,122.63917541503906
2021-08-12,416.0134887695313,1.1741899251937866,122.43824005126952
2021-08-13,416.77056884765625,1.173626184463501,124.3722686767578
2021-08-16,417.75189208984375,1.179467797279358,124.67367553710938
2021-08-17,415.0133972167969,1.177994966506958,124.62345123291016
2021-08-18,410.47113037109375,1.1709738969802856,125.0420379638672
2021-08-19,411.1065979003906,1.1703298091888428,125.96300506591795
2021-08-20,414.3779296875,1.1676595211029053,126.04672241210938
2021-08-23,418.0230407714844,1.1697548627853394,125.96300506591795
2021-08-24,418.6865539550781,1.1744533777236938,124.98346710205078
2021-08-25,419.5650939941406,1.175309181213379,123.94525146484376
2021-08-26,417.0882568359375,1.177440166473389,124.28852081298828
2021-08-27,420.8175048828125,1.1756407022476196,125.1341552734375
2021-08-30,422.66802978515625,1.1799006462097168,125.460693359375
2021-08-31,422.0418395996094,1.1796904802322388,124.60665893554688
2021-09-01,422.2661437988281,1.1810280084609983,124.8154067993164
2021-09-02,423.5652465820313,1.1840906143188477,125.3603057861328
2021-09-03,423.4624633789063,1.1876484155654907,124.2202377319336
2021-09-06,423.4624633789063,1.1885942220687866,124.2202377319336
2021-09-07,421.9483947753906,1.187507390975952,123.17237091064452
2021-09-08,421.4344177246094,1.184356927871704,124.01065063476562
2021-09-09,419.6305236816406,1.1819101572036743,125.51121520996094
2021-09-10,416.3219604492188,1.182592272758484,124.40460205078124
2021-09-13,417.3873901367188,1.1811953783035278,125.15914916992188
2021-09-14,415.1349487304688,1.1811953783035278,126.67646026611328
2021-09-15,418.6023254394531,1.180498123168945,126.2321548461914
2021-09-16,417.9388427734375,1.1819995641708374,125.6537628173828
2021-09-17,413.8677062988281,1.176747441291809,125.05010986328124
2021-09-20,406.9667663574219,1.1729930639266968,126.60094451904295
2021-09-21,406.5823669433594,1.1730204820632937,126.4919662475586
2021-09-22,410.5484924316406,1.17229163646698,127.24654388427734
2021-09-23,415.5366516113281,1.168770432472229,124.37110137939452
2021-09-24,416.22113037109375,1.1740258932113647,123.15559387207033
2021-09-27,415.0303955078125,1.172305464744568,122.70281982421876
2021-09-28,406.6667785644531,1.1696795225143433,120.7915267944336
2021-09-29,407.3511962890625,1.1686338186264038,121.00109100341795
2021-09-30,402.3724365234375,1.1601601839065552,120.98438262939452
2021-10-01,407.1543273925781,1.1574475765228271,122.0025405883789
2021-10-04,401.903564453125,1.160725712776184,121.69195556640624
2021-10-05,406.08544921875,1.1618449687957764,120.51683807373048
2021-10-06,407.7731018066406,1.1596084833145142,121.19672393798828
2021-10-07,411.2986145019531,1.1555349826812744,119.92922973632812
2021-10-08,410.5484924316406,1.1559758186340332,119.08991241455078
2021-10-11,407.5762634277344,1.1566041707992554,118.78772735595705
2021-10-12,406.5728759765625,1.1553747653961182,120.81908416748048
2021-10-13,408.0356750488281,1.15340256690979,121.99411010742188
2021-10-14,414.8990783691406,1.1599582433700562,122.44741821289062
2021-10-15,418.0588684082031,1.159151554107666,121.73388671875
2021-10-18,419.2966003417969,1.1597026586532593,122.30471801757812
2021-10-19,422.53125,1.161386251449585,120.61754608154295
2021-10-20,424.1909790039063,1.1631964445114136,119.8033447265625
2021-10-21,425.2972717285156,1.1655012369155884,119.6606903076172
2021-10-22,424.8565673828125,1.1625338792800903,120.97848510742188
2021-10-25,427.1351013183594,1.164008855819702,120.79383087158205
2021-10-26,427.5194396972656,1.161170482635498,121.79261016845705
2021-10-27,425.62548828125,1.159823656082153,124.0085906982422
2021-10-28,429.7322692871094,1.1600120067596436,123.58895111083984
2021-10-29,430.604248046875,1.1683608293533323,123.96658325195312
2021-11-01,431.3450317382813,1.1556684970855713,123.07411193847656
2021-11-02,433.0890197753906,1.1599582433700562,123.62033081054688
2021-11-03,435.7330932617188,1.1579434871673584,122.34288024902344
2021-11-04,437.7864685058594,1.1615750789642334,123.62883758544922
2021-11-05,439.3053894042969,1.1555349826812744,125.47779846191406
2021-11-08,439.6805114746094,1.1568851470947266,125.2424545288086
2021-11-09,438.2272338867188,1.159151554107666,126.87287902832033
2021-11-10,434.7016906738281,1.1595547199249268,124.55329895019533
2021-11-11,434.8423461914063,1.148593544960022,124.36837005615234
2021-11-12,438.1239929199219,1.145081877708435,123.82203674316406
2021-11-15,438.2740478515625,1.144164800643921,122.26724243164062
2021-11-16,440.0086669921875,1.1366478204727173,121.95631408691406
2021-11-17,438.9397888183594,1.1321182250976562,122.92279815673828
2021-11-18,440.43060302734375,1.1321182250976562,123.38500213623048
2021-11-19,439.6430358886719,1.1368415355682373,124.68772888183594
2021-11-22,438.4053039550781,1.1275737285614014,123.2253875732422
2021-11-23,438.9866943359375,1.12421452999115,121.44365692138672
2021-11-24,440.1585998535156,1.124492645263672,123.39344787597656
2021-11-25,440.1585998535156,1.1202975511550903,123.39344787597656
2021-11-26,430.3417053222656,1.1209630966186523,126.51153564453124
2021-11-29,435.6205749511719,1.1293182373046875,125.4946060180664
2021-11-30,427.1444091796875,1.1293437480926514,127.40235900878906
2021-12-01,422.4000854492188,1.1330289840698242,128.1883087158203
2021-12-02,428.8696899414063,1.1319515705108645,128.34811401367188
2021-12-03,425.137939453125,1.1306205987930298,129.8796844482422
2021-12-06,430.1729431152344,1.13047993183136,128.095703125
2021-12-07,439.071044921875,1.128668189048767,127.06073760986328
2021-12-08,440.2337036132813,1.127650022506714,124.86457824707033
2021-12-09,437.261474609375,1.1345586776733398,125.56287384033205
2021-12-10,441.3775024414063,1.1293309926986694,125.25995635986328
2021-12-13,437.46771240234375,1.131183385848999,127.11121368408205
2021-12-14,434.4578857421875,1.1285407543182373,126.80834197998048
2021-12-15,441.2462463378906,1.1261261701583862,125.5881576538086
2021-12-16,437.3552551269531,1.1290758848190308,125.6370086669922
2021-12-17,432.700439453125,1.1334141492843628,127.06063079833984
2021-12-20,428.099365234375,1.124353528022766,126.1087875366211
2021-12-21,435.7020568847656,1.127751708030701,125.6286163330078
2021-12-22,440.0584716796875,1.128757357597351,126.20989227294922
2021-12-23,442.7965087890625,1.1328877210617063,125.11476135253906
2021-12-24,442.7965087890625,1.132733702659607,125.11476135253906
2021-12-27,449.0630798339844,1.1324259042739868,125.4179916381836
2021-12-28,448.6959838867188,1.1330032348632812,124.92097473144533
2021-12-29,449.27001953125,1.1314777135849,123.5562744140625
2021-12-30,448.0281066894531,1.1360150575637815,124.5924072265625
2021-12-31,446.89892578125,1.132502794265747,124.83673095703124
2022-01-03,449.4865112304688,1.1373459100723269,121.55976104736328
2022-01-04,449.33587646484375,1.1302244663238523,121.0543212890625
2022-01-05,440.7076721191406,1.1283625364303589,120.39720916748048
2022-01-06,440.2936706542969,1.1313496828079224,120.70893096923828
2022-01-07,438.5530090332031,1.1296881437301636,119.84124755859376
2022-01-10,438.0072326660156,1.1353960037231443,120.1361083984375
2022-01-11,441.9967346191406,1.1330417394638062,120.93638610839844
2022-01-12,443.1917114257813,1.1366478204727173,120.47306060791016
2022-01-13,437.0851440429688,1.144164800643921,121.5429229736328
2022-01-14,437.2639770507813,1.1457115411758425,119.70650482177734
2022-01-17,437.2639770507813,1.1410704851150513,119.70650482177734
2022-01-18,429.5201110839844,1.1410574913024902,118.02167510986328
2022-01-19,425.0602416992188,1.1329647302627563,118.83878326416016
2022-01-20,420.3556518554688,1.1343399286270142,119.57164764404295
2022-01-21,412.1036987304688,1.1313753128051758,120.995361328125
2022-01-24,413.8538208007813,1.1341469287872314,120.0013427734375
2022-01-25,408.8011779785156,1.132413029670715,119.8075180053711
2022-01-26,407.7755126953125,1.130454421043396,118.35860443115234
2022-01-27,405.761962890625,1.124353528022766,120.53205108642578
2022-01-28,415.8391723632813,1.1147029399871826,120.57415008544922
2022-01-31,423.3288269042969,1.1152374744415283,119.95069885253906
2022-02-01,426.1892700195313,1.12296462059021,119.55260467529295
2022-02-02,430.329345703125,1.1273956298828125,119.95751190185548
2022-02-03,420.2145080566406,1.1299946308135986,119.0211181640625
2022-02-04,422.1903381347656,1.14357590675354,117.26646423339844
2022-02-07,420.8355102539063,1.145514726638794,117.34246063232422
2022-02-08,424.298095703125,1.1442956924438477,116.55789184570312
2022-02-09,430.5081176757813,1.142126202583313,116.77717590332033
2022-02-10,422.77386474609375,1.142152190208435,114.92130279541016
2022-02-11,414.4372863769531,1.1415525674819946,116.62535095214844
2022-02-14,413.0823059082031,1.1365057229995728,115.17434692382812
2022-02-15,419.7440490722656,1.1306334733963013,113.86683654785156
2022-02-16,420.2145080566406,1.1356796026229858,114.54173278808594
2022-02-17,411.2380981445313,1.1375269889831543,115.39371490478516
2022-02-18,408.57525634765625,1.1366478204727173,116.60851287841795
2022-02-21,408.57525634765625,1.131721019744873,116.60851287841795
2022-02-22,404.1906433105469,1.1309658288955688,116.9121551513672
2022-02-23,397.0207824707031,1.13291335105896,115.3009033203125
2022-02-24,402.9956665039063,1.1305694580078125,115.37689971923828
2022-02-25,411.8873596191406,1.11906898021698,115.461181640625
2022-02-28,410.83349609375,1.118105411529541,117.9919662475586
2022-03-01,404.576416015625,1.1215918064117432,119.35619354248048
2022-03-02,412.0190734863281,1.1132758855819702,115.27625274658205
2022-03-03,409.96783447265625,1.1112345457077026,116.45034790039062
2022-03-04,406.6370544433594,1.1066844463348389,118.46076202392578
2022-03-07,394.6496887207031,1.087453007698059,117.55691528320312
2022-03-08,391.6575622558594,1.0865312814712524,116.37437438964844
2022-03-09,402.15826416015625,1.0898232460021973,115.2340087890625
2022-03-10,400.3422546386719,1.107382893562317,113.57842254638672
2022-03-11,395.25189208984375,1.1013944149017334,113.95852661132812
2022-03-14,392.3633117675781,1.093206763267517,111.29769897460938
2022-03-15,400.991455078125,1.0943193435668943,111.10344696044922
2022-03-16,409.88323974609375,1.0969363451004028,112.1930923461914
2022-03-17,415.01123046875,1.1021955013275146,111.35684204101562
2022-03-18,419.55670166015625,1.1099518537521362,112.7168197631836
2022-03-21,419.4339294433594,1.1043134927749634,110.1067123413086
2022-03-22,424.3419799804688,1.101722002029419,108.69602966308594
2022-03-23,418.8771667480469,1.1029735803604126,111.0781021118164
2022-03-24,425.1914978027344,1.1006306409835815,110.20806121826172
2022-03-25,427.2678527832031,1.1009578704833984,108.67912292480467
2022-03-28,430.30712890625,1.098189115524292,109.60831451416016
2022-03-29,435.63037109375,1.099384307861328,110.43610382080078
2022-03-30,432.9403991699219,1.1091516017913818,111.29769897460938
2022-03-31,426.2768859863281,1.116183519363403,111.56807708740234
2022-04-01,427.4850158691406,1.1072357892990112,111.99273681640624
2022-04-04,431.1471252441406,1.1047282218933103,111.21440887451172
2022-04-05,425.7011413574219,1.0975863933563232,108.70181274414062
2022-04-06,421.44439697265625,1.090643286705017,107.82196807861328
2022-04-07,423.5680541992188,1.0898232460021973,107.00979614257812
2022-04-08,422.4354553222656,1.0864840745925903,105.85079956054688
2022-04-11,415.215087890625,1.0884946584701538,104.17575073242188
2022-04-12,413.6765747070313,1.087795972824097,104.03190612792967
2022-04-13,418.4147338867188,1.0826143026351929,104.24339294433594
2022-04-14,413.2046813964844,1.089656949043274,102.15377044677734
2022-04-15,413.2046813964844,1.0820988416671753,102.15377044677734
2022-04-18,413.3745422363281,1.081525444984436,101.64620971679688
2022-04-19,420.0474853515625,1.0781787633895874,100.8848114013672
2022-04-20,419.7360534667969,1.0794472694396973,102.9151840209961
2022-04-21,413.4595642089844,1.0849870443344116,102.15377044677734
2022-04-22,402.114501953125,1.0835175514221191,101.51084899902344
2022-04-25,404.4458312988281,1.0811045169830322,102.5260238647461
2022-04-26,392.732666015625,1.0714209079742432,103.55816650390624
2022-04-27,393.8370056152344,1.0643619298934937,102.2299346923828
2022-04-28,403.7851257324219,1.0555092096328735,102.38221740722656
2022-04-29,388.8629760742188,1.050420165061951,101.05403137207033
2022-05-02,391.2036743164063,1.0535964965820312,99.30236053466795
2022-05-03,392.99700927734375,1.0509058237075806,99.97181701660156
2022-05-04,404.9649658203125,1.052853226661682,100.52267456054688
2022-05-05,390.5713195800781,1.0622477531433103,97.76852416992188
2022-05-06,388.2400207519531,1.0539740324020386,96.32786560058594
2022-05-09,375.80963134765625,1.053219199180603,97.17527770996094
2022-05-10,376.6779174804688,1.056579828262329,98.05662536621094
2022-05-11,370.6940612792969,1.0532968044281006,99.94642639160156
2022-05-12,370.3070983886719,1.05124831199646,99.76000213623048
2022-05-13,379.1603393554688,1.0379581451416016,98.28543853759766
2022-05-16,377.6217651367188,1.0400632619857788,98.18373107910156
2022-05-17,385.38958740234375,1.0438958406448364,96.99734497070312
2022-05-18,369.8539123535156,1.0547856092453003,99.06507873535156
2022-05-19,367.5887756347656,1.0472739934921265,99.30236053466795
2022-05-20,367.7492370605469,1.057898759841919,100.42945098876952
2022-05-23,374.6298828125,1.056981921195984,98.77696228027344
2022-05-24,371.76995849609375,1.0682048797607422,100.72606658935548
2022-05-25,375.0545349121094,1.0736525058746338,101.12432861328124
2022-05-26,382.5487060546875,1.0686614513397217,100.6667251586914
2022-05-27,391.9398193359375,1.0732953548431396,100.91248321533205
2022-05-30,391.9398193359375,1.073145627975464,100.91248321533205
2022-05-31,389.74072265625,1.0773539543151855,98.77696228027344
2022-06-01,386.5883483886719,1.0734105110168457,98.66404724121094
2022-06-02,393.9501953125,1.0654165744781494,98.7149887084961
2022-06-03,387.4850463867188,1.0751069784164429,98.50273895263672
2022-06-06,388.6647338867188,1.0726046562194824,96.6859893798828
2022-06-07,392.3929748535156,1.0691413879394531,97.73018646240234
2022-06-08,388.1267700195313,1.0698620080947876,96.8642807006836
2022-06-09,378.8959045410156,1.071765422821045,97.18688201904295
2022-06-10,367.9096374511719,1.0619205236434937,96.5841293334961
2022-06-13,353.9408264160156,1.0489987134933472,93.55339813232422
2022-06-14,352.87420654296875,1.0415147542953491,92.37336730957033
2022-06-15,357.90484619140625,1.0440592765808103,94.09674072265624
2022-06-16,346.0596923828125,1.0456204414367676,94.84380340576172
2022-06-17,346.8057556152344,1.0546854734420776,95.1494140625
2022-06-20,346.8057556152344,1.049141764640808,95.1494140625
2022-06-21,355.5361328125,1.0520778894424438,93.5364227294922
2022-06-22,354.8915100097656,1.053263545036316,96.10873413085938
2022-06-23,358.370361328125,1.0564124584197998,96.89822387695312
2022-06-24,369.7643432617188,1.052011489868164,95.556884765625
2022-06-27,368.3519592285156,1.0566133260726929,94.74192810058594
2022-06-28,360.825439453125,1.0580891370773315,95.18338012695312
2022-06-29,360.5316162109375,1.0523545742034912,96.66902160644533
2022-06-30,357.60260009765625,1.04465913772583,97.5179672241211
2022-07-01,361.3846740722656,1.0477677583694458,98.5191421508789
2022-07-04,361.3846740722656,1.0433948040008545,98.5191421508789
2022-07-05,362.0671997070313,1.0433186292648315,99.29322814941406
2022-07-06,363.2900695800781,1.0257673263549805,97.62596893310548
2022-07-07,368.7311706542969,1.0186411142349243,96.76687622070312
2022-07-08,368.4278259277344,1.0169836282730105,95.6950912475586
2022-07-11,364.2191162109375,1.0166114568710327,97.34527587890624
2022-07-12,360.9960632324219,1.004752516746521,97.92369079589844
2022-07-13,359.1003112792969,1.0033109188079834,99.04651641845705
2022-07-14,358.2281799316406,1.0032706260681152,98.23843383789062
2022-07-15,365.0721740722656,1.0025665760040283,98.79135131835938
2022-07-18,362.0577697753906,1.009631872177124,97.76210021972656
2022-07-19,371.84033203125,1.0145177841186523,97.23474884033205
2022-07-20,374.2100524902344,1.0231330394744873,97.48987579345705
2022-07-21,378.020751953125,1.0182781219482422,99.17410278320312
2022-07-22,374.5134582519531,1.0221081972122192,100.84136199951172
2022-07-25,374.9684143066406,1.0200231075286863,99.8546371459961
2022-07-26,370.5322265625,1.022494912147522,99.93118286132812
2022-07-27,380.1535034179688,1.0129557847976685,99.36978149414062
2022-07-28,384.9216003417969,1.0209290981292725,100.16085052490234
2022-07-29,390.5332946777344,1.0192328691482544,99.888671875
2022-08-01,389.3767700195313,1.0208247900009155,102.29435729980467
2022-08-02,386.8079223632813,1.0261356830596924,100.12980651855467
2022-08-03,392.8651428222656,1.015568733215332,101.7063446044922
2022-08-04,392.5997619628906,1.015764594078064,101.6722183227539
2022-08-05,391.9362487792969,1.024779200553894,99.25208282470705
2022-08-08,391.481201171875,1.0170871019363403,100.8541488647461
2022-08-09,389.9266052246094,1.0197629928588867,100.46212005615234
2022-08-10,398.1166076660156,1.0208144187927246,99.80599975585938
2022-08-11,398.1166076660156,1.0300782918930054,97.47958374023438
2022-08-12,404.8563232421875,1.0316723585128784,98.46808624267578
2022-08-15,406.5246276855469,1.0256409645080566,98.38286590576172
2022-08-16,407.3209228515625,1.0161981582641602,98.79188537597656
2022-08-17,404.4297180175781,1.0170663595199585,97.7607879638672
2022-08-18,405.6051635742188,1.0180189609527588,97.90564727783205
2022-08-19,400.1546020507813,1.0089900493621826,96.3291473388672
2022-08-22,391.8224792480469,1.0035223960876465,96.00531768798828
2022-08-23,390.87451171875,0.9939467906951904,95.47697448730467
2022-08-24,392.1257629394531,0.9966909885406494,94.77819061279295
2022-08-25,397.6616516113281,0.9969095587730408,96.09904479980467
2022-08-26,384.2012023925781,0.9971283078193665,96.82337188720705
2022-08-29,381.6607360839844,0.993867814540863,96.0223617553711
2022-08-30,377.4709777832031,1.0014019012451172,96.2609634399414
2022-08-31,374.5986633300781,1.0025062561035156,95.34061431884766
2022-09-01,375.774169921875,1.003905177116394,93.59512329101562
2022-09-02,371.8119201660156,0.995232880115509,94.12454223632812
2022-09-05,371.8119201660156,0.9909427762031556,94.12454223632812
2022-09-06,370.4090270996094,0.9952229857444764,91.79325103759766
2022-09-07,377.0633239746094,0.98979514837265,93.24496459960938
2022-09-08,379.5279235839844,0.9995701909065248,92.28855895996094
2022-09-09,385.4240417480469,1.0012015104293823,92.49346923828124
2022-09-12,389.5664367675781,1.0071406364440918,91.73347473144533
2022-09-13,372.6271362304688,1.0129557847976685,91.94694519042967
2022-09-14,374.0489807128906,0.9982032775878906,92.26292419433594
2022-09-15,369.8022766113281,0.9984025359153748,92.20315551757812
2022-09-16,366.9811401367188,0.9988313317298888,91.43455505371094
2022-09-19,369.8269958496094,1.002234935760498,91.6480484008789
2022-09-20,365.5819396972656,1.0029587745666504,90.73432159423828
2022-09-21,359.2048034667969,0.997078537940979,92.25436401367188
2022-09-22,356.1875305175781,0.983071506023407,89.89742279052734
2022-09-23,350.2196655273437,0.9841550588607788,90.2646255493164
2022-09-26,346.75506591796875,0.968992292881012,88.53961181640625
2022-09-27,345.86993408203125,0.9623712301254272,86.20826721191406
2022-09-28,352.6753845214844,0.959619164466858,89.09468841552734
2022-09-29,345.3083190917969,0.9708172082901,88.63353729248047
2022-09-30,339.9686584472656,0.9829555749893188,87.4892578125
2022-10-03,348.9441833496094,0.9792688488960266,88.87938690185547
2022-10-04,359.75689697265625,0.983206868171692,88.63113403320312
2022-10-05,358.919189453125,0.998432457447052,87.78369140625
2022-10-06,355.2166442871094,0.9910998940467834,87.2957992553711
2022-10-07,345.3083190917969,0.9789045453071594,86.44833374023438
2022-10-10,342.6718139648437,0.9735012650489808,85.10437774658203
2022-10-11,340.50164794921875,0.9710057377815248,85.48102569580078
2022-10-12,339.3784484863281,0.9700167775154114,85.90047454833984
2022-10-13,348.3350830078125,0.9707984328269958,85.07869720458984
2022-10-14,340.3969116210937,0.975134015083313,84.37677764892578
2022-10-17,349.1441955566406,0.973937451839447,83.96589660644531
2022-10-18,353.24639892578125,0.9846396446228028,84.16277313232422
2022-10-19,350.7431335449219,0.9863878488540648,82.6305160522461
2022-10-20,347.8021240234375,0.9766482710838318,81.2181167602539
2022-10-21,356.2541809082031,0.9778899550437928,79.75433349609375
2022-10-24,360.6134338378906,0.9860085844993592,79.09519958496094
2022-10-25,366.3719787597656,0.9886503219604492,81.39785766601562
2022-10-26,363.6116943359375,0.9963731169700624,82.57058715820312
2022-10-27,361.66998291015625,1.009193778038025,83.43519592285156
2022-10-28,370.2743225097656,0.9967803955078124,82.86165618896484
2022-10-31,367.5997619628906,0.9955002665519714,82.27098846435547
2022-11-01,365.9911804199219,0.9886307716369628,83.03987884521484
2022-11-02,356.80615234375,0.9877909421920776,82.67945098876953
2022-11-03,353.1322631835937,0.9814409017562866,82.23324584960938
2022-11-04,358.2148742675781,0.9749630093574524,80.85165405273438
2022-11-07,361.6414489746094,0.9928810596466064,80.04501342773438
2022-11-08,363.5926208496094,1.0018634796142578,80.92031860351562
2022-11-09,356.1018371582031,1.008084774017334,81.18632507324219
2022-11-10,375.671142578125,1.0019538402557373,84.30987548828125
2022-11-11,379.30706787109375,1.0192224979400637,84.00093841552734
2022-11-14,376.0803833007813,1.0328551530838013,83.79501342773438
2022-11-15,379.28802490234375,1.0319278240203855,85.15082550048828
2022-11-16,376.39453125,1.0357863903045654,87.0129623413086
2022-11-17,375.2428283691406,1.039501070976257,86.09477233886719
2022-11-18,376.9465942382813,1.036172866821289,85.5026626586914
2022-11-21,375.5759582519531,1.0330898761749268,85.863037109375
2022-11-22,380.6300659179688,1.0245691537857056,87.08157348632812
2022-11-23,383.0286254882813,1.0311086177825928,88.60047912597656
2022-11-24,383.0286254882813,1.04162335395813,88.60047912597656
2022-11-25,382.9430541992188,1.040810227394104,88.30011749267578
2022-11-28,376.8323669433594,1.0367528200149536,88.54898071289062
2022-11-29,376.1851806640625,1.034554123878479,87.51068115234375
2022-11-30,388.03515625,1.0324499607086182,88.15423583984375
2022-12-01,387.7496337890625,1.042535424232483,90.97037506103516
2022-12-02,387.3023071289063,1.052842140197754,92.11441802978516
2022-12-05,380.3349914550781,1.0544185638427734,90.8241729736328
2022-12-06,374.8525695800781,1.0496923923492432,91.99398803710938
2022-12-07,374.21490478515625,1.0469011068344116,94.16158294677734
2022-12-08,377.14642333984375,1.051325798034668,93.903564453125
2022-12-09,374.3291015625,1.0559661388397217,91.46070098876952
2022-12-12,379.7258605957031,1.0522217750549316,91.7531280517578
2022-12-13,382.6003723144531,1.0541739463806152,92.63909149169922
2022-12-14,380.1541748046875,1.062665343284607,93.03479766845705
2022-12-15,370.85498046875,1.0676347017288208,93.39778900146484
2022-12-16,366.4765930175781,1.064056158065796,92.35447692871094
2022-12-19,363.3689880371094,1.05850350856781,90.80243682861328
2022-12-20,363.8663024902344,1.0614584684371948,89.19007110595703
2022-12-21,369.3069763183594,1.062699317932129,89.41421508789062
2022-12-22,364.038330078125,1.0610079765319824,89.39700317382812
2022-12-23,366.13232421875,1.060333013534546,88.08638763427734
2022-12-26,366.13232421875,1.0667804479599,88.08638763427734
2022-12-27,364.6885986328125,1.064022183418274,86.34466552734375
2022-12-28,360.1562194824219,1.0637166500091553,85.83596801757812
2022-12-29,366.63916015625,1.062925100326538,86.81028747558594
2022-12-30,365.6734008789063,1.066075325012207,85.84456634521484
2023-01-02,365.6734008789063,1.0709733963012695,85.84456634521484
2023-01-03,364.1340026855469,1.0677714347839355,87.4828109741211
2023-01-04,366.9451599121094,1.0546854734420776,88.68134307861328
2023-01-05,362.757080078125,1.0606365203857422,89.05211639404297
2023-01-06,371.0758361816406,1.0522217750549316,90.69035339355467
2023-01-09,370.8655090332031,1.0656323432922363,91.1732177734375
2023-01-10,373.4662780761719,1.073318362236023,89.66429138183594
2023-01-11,378.18988037109375,1.0738946199417114,91.12149810791016
2023-01-12,379.5667724609375,1.0766000747680664,92.9149398803711
2023-01-13,381.039306640625,1.0860239267349243,92.04408264160156
2023-01-16,381.039306640625,1.082461953163147,92.04408264160156
2023-01-17,380.3412780761719,1.083012938499451,91.4491195678711
2023-01-18,374.3364868164063,1.0793308019638062,93.66507720947266
2023-01-19,371.61138916015625,1.0797853469848633,93.07875061035156
2023-01-20,378.5340881347656,1.083388328552246,91.56983184814452
2023-01-23,383.075927734375,1.086507797241211,91.13868713378906
2023-01-24,382.664794921875,1.0874292850494385,92.4493179321289
2023-01-25,382.8082275390625,1.088814616203308,92.67350006103516
2023-01-26,387.015380859375,1.0922038555145264,92.24240112304688
2023-01-27,387.9046630859375,1.0894432067871094,92.00955200195312
2023-01-30,383.0376892089844,1.0871455669403076,91.6732940673828
2023-01-31,388.6696472167969,1.0850694179534912,92.40619659423828
2023-02-01,392.8003234863281,1.0860947370529177,93.51702880859376
2023-02-02,398.5183410644531,1.1012852191925049,93.63807678222656
2023-02-03,394.282470703125,1.09051251411438,92.23761749267578
2023-02-06,391.872802734375,1.079086184501648,91.5547332763672
2023-02-07,396.99798583984375,1.0730764865875244,90.81991577148438
2023-02-08,392.6568908691406,1.0729728937149048,91.25215911865234
2023-02-09,389.25286865234375,1.0715816020965576,90.3876953125
2023-02-10,390.1613159179688,1.0742292404174805,89.37625885009766
2023-02-13,394.7413940429688,1.0677714347839355,90.12836456298828
2023-02-14,394.5597534179688,1.073041915893555,89.92090606689453
2023-02-15,395.841064453125,1.0735719203948977,89.08236694335938
2023-02-16,390.3907470703125,1.0691757202148438,87.82026672363281
2023-02-17,389.4154357910156,1.0665756464004517,88.50316619873047
2023-02-20,389.4154357910156,1.0684444904327393,88.50316619873047
2023-02-21,381.6034240722656,1.068261981010437,86.78290557861328
2023-02-22,381.0775451660156,1.065200924873352,87.57817840576172
2023-02-23,383.1046447753906,1.0605803728103638,88.43402862548828
2023-02-24,379.01214599609375,1.0598047971725464,87.28428649902344
2023-02-27,380.3030700683594,1.055475831031799,87.52632141113281
2023-02-28,378.89739990234375,1.0611205101013184,87.92400360107422
2023-03-01,377.4440612792969,1.0577309131622314,86.97943878173828
2023-03-02,380.3794860839844,1.066894292831421,86.20814514160156
2023-03-03,386.47998046875,1.0599732398986816,88.29662322998047
2023-03-06,386.7477416992188,1.0626201629638672,87.61204528808594
2023-03-07,380.8193664550781,1.0688328742980957,88.14933013916016
2023-03-08,381.4409484863281,1.05507493019104,88.23599243164062
2023-03-09,374.40338134765625,1.0549525022506714,88.45262908935547
2023-03-10,369.0009460449219,1.0584698915481567,91.5030288696289
2023-03-13,368.47503662109375,1.0683646202087402,91.71099853515624
2023-03-14,374.56591796875,1.0725010633468628,90.20311737060548
2023-03-15,372.2232666015625,1.0727657079696655,91.9449691772461
2023-03-16,378.75396728515625,1.0583354234695437,91.22569274902344
2023-03-17,374.3253479003906,1.0614134073257446,92.59489440917967
2023-03-20,377.92474365234375,1.0678855180740356,91.78032684326172
2023-03-21,382.8870239257813,1.071914792060852,90.9917221069336
2023-03-22,376.3601989746094,1.0774236917495728,92.2049789428711
2023-03-23,377.3776245117188,1.0870392322540283,92.2049789428711
2023-03-24,379.8540344238281,1.0835057497024536,92.59489440917967
2023-03-27,380.5643310546875,1.077818512916565,90.41976928710938
2023-03-28,379.7099609375,1.0807071924209597,90.5844268798828
2023-03-29,385.2290344238281,1.0839520692825315,90.40242767333984
2023-03-30,387.4846496582031,1.0843634605407717,90.81841278076172
2023-03-31,392.9461364746094,1.0904649496078491,92.178955078125
2023-04-03,394.4435424804688,1.080333590507507,92.61248016357422
2023-04-04,392.2550354003906,1.091226577758789,93.07292175292967
2023-04-05,391.2279968261719,1.0960105657577517,94.04597473144533
2023-04-06,392.754150390625,1.090334177017212,94.28922271728516
2023-04-07,392.754150390625,1.0920130014419556,94.28922271728516
2023-04-10,393.1572570800781,1.0913575887680054,92.76885223388672
2023-04-11,393.2628784179688,1.086932897567749,92.95997619628906
2023-04-12,391.659912109375,1.0917507410049438,92.86442565917967
2023-04-13,396.8622741699219,1.0999890565872192,92.13465118408205
2023-04-14,395.8927917480469,1.1054610013961792,91.29193115234376
2023-04-17,397.3133544921875,1.098659634590149,90.20594024658205
2023-04-18,397.5725708007813,1.0925379991531372,90.52737426757812
2023-04-19,397.5053405761719,1.0975382328033447,90.44050598144533
2023-04-20,395.3360595703125,1.095218300819397,91.21372985839844
2023-04-21,395.6432495117188,1.0970927476882937,90.7011489868164
2023-04-24,396.0559692382813,1.0992271900177002,91.57861328125
2023-04-25,389.7690734863281,1.1059499979019165,92.92523193359376
2023-04-26,388.1181335449219,1.0978394746780396,91.93482208251952
2023-04-27,395.8448181152344,1.1047282218933103,91.02259826660156
2023-04-28,399.223388671875,1.1032048463821411,92.4908447265625
2023-05-01,398.8202819824219,1.1010911464691162,89.82391357421875
2023-05-02,394.3379211425781,1.0969241857528689,92.06230926513672
2023-05-03,391.631103515625,1.1010911464691162,92.5761947631836
2023-05-04,388.8572082519531,1.1068925857543943,91.66168975830078
2023-05-05,396.0559692382813,1.102292776107788,91.35682678222656
2023-05-08,396.1615905761719,1.10186767578125,90.07649230957033
2023-05-09,394.42425537109375,1.0996140241622925,89.75422668457031
2023-05-10,396.2671508789063,1.096467137336731,90.6251983642578
2023-05-11,395.57611083984375,1.098406195640564,91.5832748413086
2023-05-12,395.0577697753906,1.0912145376205444,90.81681060791016
2023-05-15,396.4207763671875,1.0852696895599363,89.87618255615234
2023-05-16,393.7716369628906,1.0873701572418213,89.60617065429688
2023-05-17,398.5515747070313,1.0865668058395386,89.3448715209961
2023-05-18,402.3909301757813,1.0838346481323242,88.68293762207031
2023-05-19,401.805419921875,1.0775396823883057,88.05583953857422
2023-05-22,401.9685668945313,1.0822745561599731,87.74225616455078
2023-05-23,397.4573059082031,1.0811045169830322,87.99484252929688
2023-05-24,394.5778503417969,1.076971173286438,87.55937957763672
2023-05-25,397.9948120117188,1.0757315158843994,87.34161376953125
2023-05-26,403.1491088867188,1.072443604469299,88.047119140625
2023-05-29,403.1491088867188,1.0723055601119995,88.047119140625
2023-05-30,403.30267333984375,1.0707669258117676,88.92678833007812
2023-05-31,401.0663146972656,1.073306918144226,89.70196533203125
2023-06-01,404.8768005371094,1.0695186853408811,90.05391693115234
2023-06-02,410.7318420410156,1.0760787725448608,89.06708526611328
2023-06-05,409.94482421875,1.0698620080947876,88.90116882324219
2023-06-06,410.83740234375,1.0711798667907717,89.4251480102539
2023-06-07,409.4168395996094,1.0698047876358032,88.09773254394531
2023-06-08,411.8931579589844,1.0707440376281738,89.1281967163086
2023-06-09,412.63226318359375,1.078271746635437,89.00594329833984
2023-06-12,416.3756408691406,1.0750954151153564,89.26795959472656
2023-06-13,419.1207580566406,1.0762988328933716,88.38591003417969
2023-06-14,419.6199035644531,1.078934907913208,89.0932846069336
2023-06-15,424.8221435546875,1.084304690361023,89.9491195678711
2023-06-16,423.3752136230469,1.0945948362350464,89.59980773925781
2023-06-19,423.3752136230469,1.0942115783691406,89.59980773925781
2023-06-20,421.1786193847656,1.0924304723739624,90.21981811523438
2023-06-21,419.0206298828125,1.0920368432998655,90.4381332397461
2023-06-22,420.5331115722656,1.0992635488510132,89.34651947021484
2023-06-23,417.35394287109375,1.0958904027938845,90.23731231689452
2023-06-26,415.648681640625,1.0906671285629272,90.3333511352539
2023-06-27,420.20556640625,1.091048002243042,90.09757232666016
2023-06-28,420.41748046875,1.0957223176956177,90.48181915283205
2023-06-29,422.0745239257813,1.0915838479995728,88.8487548828125
2023-06-30,427.0553588867188,1.086802959442139,89.896728515625
2023-07-03,427.5466613769531,1.0907504558563232,89.38709259033203
2023-07-04,427.5466613769531,1.091309905052185,89.38709259033203
2023-07-05,426.9107971191406,1.0884946584701538,88.53770446777344
2023-07-06,423.5678405761719,1.0856584310531616,87.28548431396484
2023-07-07,422.4984436035156,1.0890636444091797,86.76012420654297
2023-07-10,423.5678405761719,1.0969723463058472,86.87393951416016
2023-07-11,426.2653503417969,1.100594401359558,87.3205337524414
2023-07-12,429.6950378417969,1.101406455039978,88.2925033569336
2023-07-13,433.1054992675781,1.1144545078277588,89.220703125
2023-07-14,432.8357238769531,1.1223469972610474,88.69530487060547
2023-07-17,434.3385620117188,1.1227755546569824,88.73908233642578
2023-07-18,437.5660400390625,1.123759627342224,89.14190673828125
2023-07-19,438.5390625,1.1228890419006348,90.14888763427734
2023-07-20,435.6296081542969,1.120523452758789,89.0543212890625
2023-07-21,435.6296081542969,1.113709807395935,89.08058166503906
2023-07-24,437.5756530761719,1.112532615661621,88.7566146850586
2023-07-25,438.7702941894531,1.1063170433044434,88.59022521972656
2023-07-26,438.8377075195313,1.1050456762313845,88.67781829833984
2023-07-27,435.92822265625,1.1078368425369265,86.95274353027344
2023-07-28,440.1961669921875,1.0978755950927734,87.39937591552734
2023-07-31,441.0342712402344,1.1024264097213743,87.6095199584961
2023-08-01,439.7721862792969,1.0997591018676758,86.1738510131836
2023-08-02,433.6546020507813,1.100788116455078,85.25186920166016
2023-08-03,432.4118041992188,1.0944151878356934,83.28498840332031
2023-08-04,430.4561462402344,1.095158338546753,84.76018524169922
2023-08-07,434.2134094238281,1.1002674102783203,83.92598724365234
2023-08-08,432.32513427734375,1.100315809249878,84.90064239501953
2023-08-09,429.4348754882813,1.0958904027938845,85.33969116210938
2023-08-10,429.5890502929688,1.0977671146392822,83.93476104736328
2023-08-11,429.338623046875,1.0981649160385132,83.74158477783203
2023-08-14,431.7085266113281,1.094439148902893,83.55718994140625
2023-08-15,426.6795959472656,1.0909883975982666,83.04791259765625
2023-08-16,423.5485534667969,1.0904173851013184,82.39815521240234
2023-08-17,420.3211364746094,1.0874884128570557,82.04693603515625
2023-08-18,420.5234680175781,1.0874648094177246,82.33666229248047
2023-08-21,423.2595520019531,1.087559461593628,81.23910522460938
2023-08-22,422.113037109375,1.0898351669311523,81.86251831054688
2023-08-23,426.81451416015625,1.0846692323684692,83.890869140625
2023-08-24,420.8992004394531,1.086578607559204,83.33769226074219
2023-08-25,423.866455078125,1.07991361618042,83.60990142822266
2023-08-28,426.5543212890625,1.0797386169433594,83.69767761230469
2023-08-29,432.7200927734375,1.082555651664734,84.56698608398438
2023-08-30,434.5024108886719,1.0869210958480835,84.47919464111328
2023-08-31,433.8665161132813,1.0932546854019165,84.85676574707031
2023-09-01,434.6758117675781,1.0844104290008545,83.53482818603516
2023-09-04,434.6758117675781,1.07758629322052,83.53482818603516
2023-09-05,432.7972106933594,1.0794472694396973,82.36346435546875
2023-09-06,429.8877258300781,1.0726161003112793,82.56603240966797
2023-09-07,428.5679016113281,1.0724204778671265,82.79502868652344
2023-09-08,429.2133483886719,1.0697818994522097,83.1120834350586
2023-09-11,432.0361022949219,1.071811318397522,82.51319122314453
2023-09-12,429.6661682128906,1.0750375986099243,82.98878479003906
2023-09-13,430.1671447753906,1.075326681137085,82.97116088867188
2023-09-14,433.8761596679688,1.073422074317932,82.37227630615234
2023-09-15,428.648681640625,1.0637166500091553,81.87028503417969
2023-09-18,428.9000549316406,1.0668259859085083,82.33704376220703
2023-09-19,428.0106201171875,1.0692671537399292,81.72935485839844
2023-09-20,424.0758361816406,1.0682048797607422,81.98477172851562
2023-09-21,417.0665283203125,1.065303087234497,79.87989044189453
2023-09-22,416.1287231445313,1.0661548376083374,80.52281188964844
2023-09-25,417.8786315917969,1.0648492574691772,78.54119873046875
2023-09-26,411.7394409179688,1.0591648817062378,78.26819610595703
2023-09-27,411.9037780761719,1.0569483041763306,77.8630599975586
2023-09-28,414.291748046875,1.0505305528640747,78.10086822509766
2023-09-29,413.2863464355469,1.0562450885772705,78.10968017578125
2023-10-02,413.1219482421875,1.0565240383148191,76.80211639404297
2023-10-03,407.59185791015625,1.0480751991271973,75.14997100830078
2023-10-04,410.5599060058594,1.0472300052642822,76.21017456054688
2023-10-05,410.4052429199219,1.0507071018218994,75.83026123046875
2023-10-06,415.2779541015625,1.0546631813049316,74.91142272949219
2023-10-09,417.9366455078125,1.056747317314148,76.66957092285156
2023-10-10,420.1118774414063,1.0578875541687012,76.56356048583984
2023-10-11,421.8327941894531,1.0604791641235352,78.16268920898438
2023-10-12,419.2610778808594,1.0624282360076904,76.04228210449219
2023-10-13,417.1728515625,1.0536741018295288,77.40287780761719
2023-10-16,421.5620727539063,1.052155375480652,76.15715026855469
2023-10-17,421.542724609375,1.055431246757507,75.31783294677734
2023-10-18,415.92572021484375,1.057305932044983,74.65521240234375
2023-10-19,412.2711486816406,1.053851842880249,73.12674713134766
2023-10-20,407.2051696777344,1.0586491823196411,73.5419921875
2023-10-23,406.4993591308594,1.0589966773986816,74.42549896240234
2023-10-24,409.5641479492188,1.0669853687286377,75.40620422363281
2023-10-25,403.6860046386719,1.059535264968872,73.72755432128906
2023-10-26,398.85205078125,1.056725025177002,74.85842895507812
2023-10-27,397.0440673828125,1.0564459562301636,74.54035186767578
2023-10-30,401.79107666015625,1.0562450885772705,74.20462799072266
2023-10-31,404.3144836425781,1.061503529548645,73.84239196777344
2023-11-01,408.6263427734375,1.0579099655151367,75.4434585571289
2023-11-02,416.45745849609375,1.05870521068573,77.16333770751953
2023-11-03,420.2569580078125,1.061909317970276,77.68636322021484
2023-11-06,421.2237243652344,1.073214769363403,76.93282318115234
2023-11-07,422.4225463867188,1.0721560716629028,78.06758117675781
2023-11-08,422.73193359375,1.0696102380752563,79.39736938476562
2023-11-09,419.4351196289063,1.07104229927063,77.5711441040039
2023-11-10,425.9803771972656,1.0667576789855957,78.00552368164062
2023-11-13,425.5743103027344,1.069015622138977,77.82821655273438
2023-11-14,433.8307189941406,1.0701825618743896,79.59242248535156
2023-11-15,434.7491760253906,1.0878314971923828,78.47540283203125
2023-11-16,435.2809448242188,1.0854581594467163,79.45056915283203
2023-11-17,435.8222961425781,1.0853756666183472,79.82290649414062
2023-11-20,439.1771545410156,1.090702772140503,80.31049346923828
2023-11-21,438.219970703125,1.0945948362350464,80.27503967285156
2023-11-22,439.9118957519531,1.0918222665786743,80.55873107910156
2023-11-23,439.9118957519531,1.0890873670578003,80.55873107910156
2023-11-24,440.1826171875,1.0906314849853516,79.61013793945312
2023-11-27,439.3898315429688,1.0940439701080322,80.9399185180664
2023-11-28,439.8248901367188,1.095842361450195,81.0995101928711
2023-11-29,439.5155029296875,1.100594401359558,82.11901092529297
2023-11-30,441.24609375,1.0973695516586304,81.1704330444336
2023-12-01,443.8564758300781,1.089205980300903,82.69918823242188
2023-12-04,441.5264892578125,1.088814616203308,82.37012481689453
2023-12-05,441.4394226074219,1.0837758779525757,84.1399154663086
2023-12-06,439.6605529785156,1.0793657302856443,85.26048278808594
2023-12-07,443.0152893066406,1.076669692993164,84.7713623046875
2023-12-08,444.919921875,1.079214334487915,84.07766723632812
2023-12-11,446.65045166015625,1.0765769481658936,83.8998031616211
2023-12-12,448.6903991699219,1.076658010482788,84.14879608154297
2023-12-13,454.87786865234375,1.0798670053482056,86.12313079833984
2023-12-14,456.3377990722656,1.0886130332946775,88.36345672607422
2023-12-15,455.5864868164063,1.0993602275848389,88.46157836914062
2023-12-18,458.149169921875,1.0895264148712158,87.75675201416016
2023-12-19,460.9350891113281,1.092382788658142,88.22962188720703
2023-12-20,454.54779052734375,1.0981045961380005,88.827392578125
2023-12-21,458.8577575683594,1.094570875167847,88.26531219482422
2023-12-22,459.7799072265625,1.100618600845337,87.86383056640625
2023-12-25,459.7799072265625,1.102657437324524,87.86383056640625
2023-12-26,461.7214050292969,1.1020255088806152,88.11363220214844
2023-12-27,462.5561828613281,1.1043012142181396,89.67498016357422
2023-12-28,462.73095703125,1.110864281654358,89.023681640625
2023-12-29,461.3913269042969,1.1068191528320312,88.220703125
2024-01-01,461.3913269042969,1.1055831909179688,88.220703125
2024-01-02,458.8092651367188,1.1038745641708374,87.71215057373047
2024-01-03,455.062255859375,1.0941756963729858,88.07794952392578
2024-01-04,453.596435546875,1.0927767753601074,86.73965454101562
2024-01-05,454.21771240234375,1.0947387218475342,85.90990447998047
2024-01-08,460.70208740234375,1.0942236185073853,86.75747680664062
2024-01-09,460.0032348632813,1.095170259475708,86.20431518554688
2024-01-10,462.604736328125,1.093242645263672,85.80284881591797
2024-01-11,462.40087890625,1.0975141525268557,86.28462219238281
2024-01-12,462.7212524414063,1.0981649160385132,86.1151123046875
2024-01-15,462.7212524414063,1.094570875167847,86.1151123046875
2024-01-16,461.0224609375,1.094570875167847,84.59835815429688
2024-01-17,458.4597778320313,1.087878942489624,84.46453094482422
2024-01-18,462.5367431640625,1.0885775089263916,83.67938232421875
2024-01-19,468.3028564453125,1.0879143476486206,83.94703674316406
2024-01-22,469.29296875,1.089229702949524,84.44668579101562
2024-01-23,470.66162109375,1.088020920753479,83.77752685546875
2024-01-24,471.1761779785156,1.0857881307601929,83.2868423461914
2024-01-25,473.7388610839844,1.088174819946289,83.83106994628906
2024-01-26,473.136962890625,1.0847046375274658,83.67047882080078
2024-01-29,476.8839416503906,1.0843517780303955,84.63406372070312
2024-01-30,476.5151062011719,1.0834470987319946,85.4013671875
2024-01-31,468.7396240234375,1.08433997631073,86.24000549316406
2024-02-01,474.8746032714844,1.0803920030593872,87.93170928955078
2024-02-02,479.8737182617188,1.0874648094177246,85.98939514160156
2024-02-05,478.12646484375,1.0780043601989746,84.25294494628906
2024-02-06,479.5146484375,1.0741831064224243,85.07642364501953
2024-02-07,483.5139465332031,1.075719952583313,84.66471099853516
2024-02-08,483.7275390625,1.077574610710144,84.17241668701172
2024-02-09,486.5231323242188,1.077725529670715,84.0023422241211
2024-02-12,486.30963134765625,1.0798202753067017,84.10079956054688
2024-02-13,479.6116027832031,1.0772264003753662,82.65973663330078
2024-02-14,483.97021484375,1.070893168449402,83.08040618896484
2024-02-15,487.3094787597656,1.073214769363403,83.51004791259766
2024-02-16,484.8826904296875,1.0773887634277344,83.02671813964844
2024-02-19,484.8826904296875,1.0784927606582642,83.02671813964844
2024-02-20,482.2131958007813,1.0775396823883057,83.09833526611328
2024-02-21,482.6499938964844,1.0813149213790894,82.507568359375
2024-02-22,492.638671875,1.082040309906006,82.91035461425781
2024-02-23,492.97845458984375,1.0825674533843994,84.0202407836914
2024-02-26,491.1728820800781,1.0820051431655884,83.76960754394531
2024-02-27,492.0853576660156,1.0850930213928225,83.17887115478516
2024-02-28,491.4350280761719,1.084481120109558,83.70696258544922
2024-02-29,493.20166015625,1.0838816165924072,84.2977294921875
2024-03-01,497.8320007324219,1.0804970264434814,84.82296752929688
2024-03-04,497.2981262207031,1.084269404411316,84.4817886352539
2024-03-05,492.3280334472656,1.0855170488357544,85.68495178222656
2024-03-06,494.8228149414063,1.0855995416641235,86.18775939941406
2024-03-07,499.734619140625,1.089953899383545,86.10693359375
2024-03-08,496.7350769042969,1.0950144529342651,85.95430755615234
2024-03-11,496.3079528808594,1.0942955017089844,85.90941619873047
2024-03-12,501.6469421386719,1.093135118484497,85.19108581542969
2024-03-13,500.8606872558594,1.0927767753601074,84.77806091308594
2024-03-14,499.87054443359375,1.0955302715301514,83.47615051269531
2024-03-15,496.4380798339844,1.0883406400680542,83.44922637939453
2024-03-18,499.3885498046875,1.0882576704025269,83.19780731201172
2024-03-19,502.1636657714844,1.087393879890442,83.43126678466797
2024-03-20,506.808349609375,1.0863306522369385,83.40431213378906
2024-03-21,508.4830932617188,1.0937210321426392,83.5838851928711
2024-03-22,507.5192260742188,1.0862362384796145,84.38301849365234
2024-03-25,506.1170654296875,1.0807539224624634,83.96100616455078
2024-03-26,505.1822204589844,1.0838228464126587,84.19442749023438
2024-03-27,509.427734375,1.0832358598709106,85.02947998046875
2024-03-28,509.3304138183594,1.0813382863998413,84.95765686035156
2024-03-29,509.3304138183594,1.0794472694396973,84.95765686035156
2024-04-01,508.4441528320313,1.0792726278305054,83.37396240234375
2024-04-02,505.2115173339844,1.0737217664718628,82.91452026367188
2024-04-03,505.7663879394531,1.076855182647705,82.89652252197266
2024-04-04,499.5930480957031,1.0838346481323242,83.4910659790039
2024-04-05,504.8121948242188,1.0837054252624512,82.32897186279297
2024-04-08,505.0946044921875,1.0830481052398682,82.31997680664062
2024-04-09,505.6788940429688,1.0863661766052246,83.0856704711914
2024-04-10,500.6153869628906,1.0859296321868896,81.27495574951172
2024-04-11,504.3935241699219,1.074171543121338,80.90560150146484
2024-04-12,497.431396484375,1.0726851224899292,81.33802032470703
2024-04-15,491.1994323730469,1.0649627447128296,80.07684326171875
2024-04-16,490.3035888671875,1.0625749826431274,79.54534149169922
2024-04-17,487.4018859863281,1.0621461868286133,80.42816925048828
2024-04-18,486.39892578125,1.0669398307800293,80.02279663085938
2024-04-19,482.1534729003906,1.0644185543060305,80.3110580444336
2024-04-22,486.5937194824219,1.065825343132019,80.17593383789062
2024-04-23,492.367919921875,1.065405249595642,80.20296478271484
2024-04-24,492.1342468261719,1.0704345703125,79.63542175292969
2024-04-25,490.2646789550781,1.0699878931045532,79.07688903808594
2024-04-26,494.9093933105469,1.072961449623108,79.49127960205078
2024-04-29,496.66204833984375,1.0706866979599,80.15791320800781
2024-04-30,488.7943115234375,1.0715701580047607,79.4732666015625
2024-05-01,487.2071838378906,1.0666552782058716,80.05904388427734
2024-05-02,491.7641906738281,1.0721560716629028,80.40258026123047
2024-05-03,497.8597412109375,1.073306918144226,81.21620178222656
2024-05-06,503.0010681152344,1.0758124589920044,81.53260040283203
2024-05-07,503.55615234375,1.0767507553100586,82.02977752685547
2024-05-08,503.6047973632813,1.0750491619110107,81.53260040283203
2024-05-09,506.5065307617188,1.0746910572052002,81.93035888671875
2024-05-10,507.1589660644531,1.078515887260437,81.46932983398438
2024-05-13,507.2270202636719,1.077040672302246,81.67723083496094
2024-05-14,509.5543518066406,1.079354166984558,82.13829803466797
2024-05-15,515.8641967773438,1.0814552307128906,83.2592544555664
2024-05-16,514.802734375,1.0889805555343628,83.17789459228516
2024-05-17,515.5428466796875,1.0867793560028076,82.6174087524414
2024-05-20,516.13671875,1.0875475406646729,82.37332916259766
2024-05-21,517.4026489257812,1.086082935333252,82.7981948852539
2024-05-22,515.9127807617188,1.0855170488357544,82.89763641357422
2024-05-23,512.1444091796875,1.0825204849243164,82.36428833007812
2024-05-24,515.5330200195312,1.0812681913375854,82.60838317871094
2024-05-27,515.5330200195312,1.0847634077072144,82.60838317871094
2024-05-28,515.893310546875,1.0861891508102417,81.42411041259766
2024-05-29,512.2807006835938,1.0851871967315674,80.4387435913086
2024-05-30,508.8825073242188,1.0801819562911987,81.21620178222656
2024-05-31,513.517333984375,1.0835410356521606,81.76763916015625
2024-06-03,513.9361572265625,1.0853049755096436,83.09017944335938
2024-06-04,514.5106201171875,1.0907385349273682,84.060791015625
2024-06-05,520.6256713867188,1.0881866216659546,84.6776123046875
2024-06-06,520.6159057617188,1.087453007698059,84.55061340332031
2024-06-07,519.9829711914062,1.0894432067871094,82.99946594238281
2024-06-10,521.5897216796875,1.077888250350952,82.4461441040039
2024-06-11,522.8457641601562,1.0764262676239014,83.29881286621094
2024-06-12,527.1399536132812,1.07403302192688,83.92472076416016
2024-06-13,528.2012939453125,1.0813149213790894,85.15837860107422
2024-06-14,528.5226440429688,1.0738831758499146,85.87496948242188
2024-06-17,532.7291870117188,1.0702168941497805,85.02230072021484
2024-06-18,534.0827026367188,1.0740677118301392,85.80241394042969
2024-06-19,534.0827026367188,1.0742292404174805,85.80241394042969
2024-06-20,532.6317138671875,1.0751532316207886,85.23092651367188
2024-06-21,531.9177856445312,1.0706409215927124,85.23092651367188
2024-06-24,530.188720703125,1.0687757730484009,85.57561492919922
2024-06-25,532.230224609375,1.0732723474502563,85.72076416015625
2024-06-26,532.8945922851562,1.0709619522094729,84.49618530273438
2024-06-27,533.7346801757812,1.068010926246643,84.83182525634766
2024-06-28,531.6343383789062,1.0708472728729248,83.25346374511719
2024-07-01,532.728515625,1.0735257863998413,81.81661224365234
2024-07-02,536.3136596679688,1.0737102031707764,82.4535903930664
2024-07-03,538.7069702148438,1.0748412609100342,83.5364761352539
2024-07-04,538.7069702148438,1.0793308019638062,83.5364761352539
2024-07-05,541.8133544921875,1.0810693502426147,84.22806549072266
2024-07-08,542.4386596679688,1.082602620124817,84.4100570678711
2024-07-09,542.9661865234375,1.0830950736999512,84.03697204589844
2024-07-10,548.3389282226562,1.0814785957336426,84.30083465576172
2024-07-11,543.6109008789062,1.083329677581787,85.1198501586914
2024-07-12,547.0396728515625,1.0872756242752075,85.48384094238281
2024-07-15,548.5440673828125,1.0885539054870603,84.50105285644531
2024-07-16,551.7969970703125,1.0901559591293335,85.69313049316406
2024-07-17,544.0602416992188,1.0902509689331057,85.71134185791016
2024-07-18,539.879150390625,1.094020128250122,85.05613708496094
2024-07-19,536.2940673828125,1.0901559591293335,84.55563354492188
2024-07-22,541.8233032226562,1.0899182558059692,84.30995178222656
2024-07-23,540.9733276367188,1.0889805555343628,84.19165802001953
2024-07-24,528.7134399414062,1.0850694179534912,83.28167724609375
2024-07-25,525.9586181640625,1.0839520692825315,83.96415710449219
2024-07-26,531.8493041992188,1.0851283073425293,84.61933135986328
2024-07-29,532.1620483398438,1.0853756666183472,85.0743408203125
2024-07-30,529.4656982421875,1.081946611404419,85.40193939208984
2024-07-31,538.0719604492188,1.081607222557068,86.27552795410156
2024-08-01,530.4524536132812,1.082391619682312,87.01964569091797
2024-08-02,520.5762329101562,1.078760266304016,89.73128509521484
2024-08-05,505.41510009765625,1.0910836458206177,90.2060546875
2024-08-06,510.0747985839844,1.0950982570648191,88.18829345703125
2024-08-07,506.6654357910156,1.0926215648651123,87.56745147705078
2024-08-08,518.3782348632812,1.0928125381469729,87.02875518798828
2024-08-09,520.6640625,1.0915720462799072,87.8869857788086
2024-08-12,520.9376220703125,1.091381311416626,88.20654296875
2024-08-13,529.5048217773438,1.0936251878738403,88.81829071044922
2024-08-14,531.1752319335938,1.0996986627578735,89.37522888183594
2024-08-15,540.2797241210938,1.101321578025818,88.65393829345703
2024-08-16,541.4910888671875,1.0972732305526731,88.96436309814453
2024-08-19,546.6685180664062,1.1024993658065796,89.37522888183594
2024-08-20,545.7796020507812,1.1086474657058716,90.08737182617188
2024-08-21,547.6551513671875,1.112792730331421,90.14214324951172
2024-08-22,543.3568115234375,1.115536093711853,89.24738311767578
2024-08-23,549.1302490234375,1.111716389656067,89.83171081542969
2024-08-26,547.8211059570312,1.118793487548828,89.60347747802734
2024-08-27,548.5734252929688,1.1164700984954834,89.44825744628906
2024-08-28,545.3888549804688,1.117793083190918,89.33868408203125
2024-08-29,545.4375,1.1124955415725708,89.04651641845703
2024-08-30,550.6444091796875,1.10804545879364,88.09698486328125
2024-09-02,550.6444091796875,1.1044842004776,88.09698486328125
2024-09-03,539.3126220703125,1.1067456007003784,89.53782653808594
2024-09-04,538.2088623046875,1.1048868894577026,90.6919937133789
2024-09-05,536.8997802734375,1.10804545879364,91.20494079589844
2024-09-06,527.8636474609375,1.1111111640930176,91.19576263427734
2024-09-09,533.773681640625,1.1087212562561035,91.5896453857422
2024-09-10,536.0987548828125,1.1037527322769165,92.23084259033205
2024-09-11,541.5985107421875,1.1020983457565308,92.15757751464844
2024-09-12,546.1604614257812,1.1010911464691162,91.72706604003906
2024-09-13,549.012939453125,1.1077877283096311,91.97434997558594
2024-09-16,549.8237915039062,1.1088441610336304,92.81708526611328
2024-09-17,550.0484008789062,1.1129536628723145,92.36824035644533
2024-09-18,548.4171752929688,1.1123099327087402,91.22325134277344
2024-09-19,557.7755126953125,1.1114816665649414,90.92097473144533
2024-09-20,556.811279296875,1.1161960363388062,90.57290649414062
2024-09-23,558.2026977539062,1.1160838603973389,90.38055419921876
2024-09-24,559.7998657226562,1.111172795295715,90.36222839355467
2024-09-25,558.5652465820312,1.1191190481185913,89.61112976074219
2024-09-26,560.77978515625,1.1131023168563845,89.82179260253906
2024-09-27,559.966552734375,1.117717981338501,90.28894805908205
2024-09-30,562.2105102539062,1.1169815063476562,89.85843658447266
2024-10-01,557.1738891601562,1.113660216331482,90.50719451904295
2024-10-02,557.4090576171875,1.1063904762268066,89.74447631835938
2024-10-03,556.3899536132812,1.1048502922058103,88.89906311035156
2024-10-04,561.446044921875,1.103557825088501,87.80551147460938
2024-10-07,556.370361328125,1.0974539518356323,87.14387512207031
2024-10-08,561.63232421875,1.0975743532180786,87.29088592529297
2024-10-09,565.5223388671875,1.0975743532180786,86.79464721679688
2024-10-10,564.5327758789062,1.0943313837051392,86.45465087890625
2024-10-11,567.913330078125,1.0933860540390017,86.10543823242188
2024-10-14,572.5579833984375,1.0925379991531372,86.16976165771484
2024-10-15,568.1092529296875,1.0909169912338257,87.21737670898438
2024-10-16,570.5784912109375,1.0884116888046265,87.58495330810547
2024-10-17,570.6275634765625,1.0862481594085691,86.19735717773438
2024-10-18,572.8224487304688,1.0829542875289917,86.26166534423828
2024-10-21,571.8817749023438,1.0868619680404663,84.75459289550781
2024-10-22,571.5780639648438,1.0817828178405762,84.83731079101562
2024-10-23,566.355224609375,1.079727053642273,84.60755920410156
2024-10-24,567.5801391601562,1.0780508518218994,85.14974975585938
2024-10-25,567.3841552734375,1.0824151039123535,84.67186737060547
2024-10-28,569.1381225585938,1.0796570777893066,84.4421615600586
2024-10-29,570.0592041015625,1.0816774368286133,84.57079315185547
2024-10-30,568.3346557617188,1.0820636749267578,84.81892395019531
2024-10-31,557.1934814453125,1.085917830467224,84.95674896240234
2024-11-01,559.545166015625,1.0886130332946775,83.75901794433594
2024-11-04,558.3399047851562,1.087453007698059,85.05909729003906
2024-11-05,565.0913696289062,1.0874056816101074,85.51091766357422
2024-11-06,579.1425170898438,1.093445897102356,83.16889953613281
2024-11-07,583.6205444335938,1.073306918144226,84.2108383178711
2024-11-08,586.1486206054688,1.0795172452926636,85.2803955078125
2024-11-11,586.7071533203125,1.0714898109436035,84.86548614501953
2024-11-12,584.8846435546875,1.066439151763916,83.59306335449219
2024-11-13,585.1687622070312,1.061672568321228,82.80010223388672
2024-11-14,581.4061279296875,1.0564124584197998,83.2795639038086
2024-11-15,573.9590454101562,1.0530084371566772,83.05827331542969
2024-11-18,576.310791015625,1.0533745288848877,83.20580291748047
2024-11-19,578.4175415039062,1.059490442276001,83.62993621826172
2024-11-20,578.6134033203125,1.0607603788375854,83.36253356933594
2024-11-21,581.7196044921875,1.0546187162399292,83.29798126220703
2024-11-22,583.5226440429688,1.0469341278076172,83.34407806396484
2024-11-25,585.5020141601562,1.0479873418807983,85.50170135498047
2024-11-26,588.5591430664062,1.0444300174713137,85.16976165771484
2024-11-27,586.7757568359375,1.0491198301315308,85.75988006591797
2024-11-28,586.7757568359375,1.0562450885772705,85.75988006591797
2024-11-29,590.4208984375,1.0563008785247805,86.64503479003906
2024-12-02,591.4791259765625,1.0545074939727783,86.85321807861328
2024-12-03,591.7534790039062,1.0501223802566528,86.10377502441406
2024-12-04,595.427978515625,1.0510826110839844,87.02902221679688
2024-12-05,594.4481811523438,1.051414132118225,87.20481872558594
2024-12-06,595.5750122070312,1.058559536933899,87.33434295654297
2024-12-09,592.5079956054688,1.056546330451965,86.52938079833984
2024-12-10,590.6658325195312,1.0555204153060913,86.12227630615234
2024-12-11,595.2320556640625,1.0532968044281006,85.30802917480469
2024-12-12,592.1650390625,1.0506850481033323,84.27177429199219
2024-12-13,592.0475463867188,1.0474056005477903,83.41130065917969
2024-12-16,594.5755004882812,1.051005244255066,83.66110229492188
2024-12-17,592.1257934570312,1.0517348051071167,83.86466979980469
2024-12-18,574.4784545898438,1.0495051145553589,82.81597900390625
2024-12-19,574.302001953125,1.0350252389907837,81.56205749511719
2024-12-20,581.2000732421875,1.0364949703216553,82.02644348144531
2024-12-23,584.6803588867188,1.0433076620101929,81.27411651611328
2024-12-24,591.1790771484375,1.0405826568603516,81.61779022216797
2024-12-25,591.1790771484375,1.0402579307556152,81.61779022216797
2024-12-26,591.2184448242188,1.0399551391601562,81.57132720947266
2024-12-27,584.9949340820312,1.0423181056976318,80.90257263183594
2024-12-30,578.3193359375,1.0429377555847168,81.55274200439453
2024-12-31,576.21533203125,1.040615200996399,81.11620330810547
2025-01-02,574.7994384765625,1.0351860523223877,81.3391342163086
2025-01-03,581.9864501953125,1.0268205404281616,81.07904052734375
2025-01-06,585.339111328125,1.030534744262695,80.71680450439453
2025-01-07,578.7223510742188,1.0386372804641724,79.8065414428711
2025-01-08,579.5678100585938,1.034554123878479,79.90870666503906
2025-01-09,579.5678100585938,1.0314701795578003,79.90870666503906
2025-01-10,570.7194213867188,1.0297601222991943,79.37925720214844
2025-01-13,571.6043090820312,1.0244431495666504,79.35140228271484
2025-01-14,572.3907470703125,1.026525378227234,79.22137451171875
2025-01-15,582.8025512695312,1.030683517456055,80.58676147460938
2025-01-16,581.6817016601562,1.0295268297195437,80.84683990478516
2025-01-17,587.521728515625,1.0301949977874756,80.98616790771484
2025-01-20,587.521728515625,1.0277386903762815,80.98616790771484
2025-01-21,592.899658203125,1.0420682430267334,81.7106704711914
2025-01-22,596.2326049804688,1.040593504905701,81.28339385986328
2025-01-23,599.4868774414062,1.0410159826278689,80.65178680419922
2025-01-24,597.73681640625,1.041601538658142,81.01402282714844
2025-01-27,589.2815551757812,1.0467586517333984,81.97073364257812
2025-01-28,594.3449096679688,1.0445064306259155,81.91502380371094
2025-01-29,591.6805419921875,1.04290509223938,81.74781799316406
2025-01-30,594.856201171875,1.0425245761871338,82.0543441772461
2025-01-31,591.6903686523438,1.0397279262542725,81.5156021118164
2025-02-03,587.7085571289062,1.024779200553894,82.17930603027344
2025-02-04,591.651123046875,1.0327378511428833,82.43098449707031
2025-02-05,594.0499267578125,1.0372798442840576,83.79195404052734
2025-02-06,596.1145629882812,1.0400848388671875,83.75467681884766
2025-02-07,590.6580200195312,1.0385725498199463,83.21399688720703
2025-02-10,594.66943359375,1.0311616659164429,82.96232604980469
2025-02-11,595.1216430664062,1.0301525592803955,82.43098449707031
2025-02-12,593.2044677734375,1.0364949703216553,81.31240844726562
2025-02-13,599.4672241210938,1.039198637008667,82.66403198242188
2025-02-14,599.437744140625,1.0461673736572266,83.10214233398438
2025-02-17,599.437744140625,1.0489217042922974,83.10214233398438
2025-02-18,601.1975708007812,1.048536777496338,82.12336730957031
2025-02-19,602.6133422851562,1.044833779335022,82.22590637207031
2025-02-20,600.1062622070312,1.0421009063720703,82.53351593017578
2025-02-21,589.842041015625,1.050056219100952,83.53095245361328
2025-02-24,587.1580200195312,1.0474823713302612,83.77332305908203
2025-02-25,584.2379150390625,1.0461344718933103,85.21814727783203
2025-02-26,584.5328369140625,1.0524100065231323,85.72154235839844
2025-02-27,575.2025146484375,1.0488777160644531,85.11561584472656
2025-02-28,584.178955078125,1.039511799812317,86.15962219238281
2025-03-03,573.9441528320312,1.0413846969604492,86.56172943115234
2025-03-04,567.1504516601562,1.0485037565231323,85.49573516845703
2025-03-05,573.24609375,1.062699317932129,84.81309509277344
2025-03-06,563.0703125,1.0794938802719116,84.53257751464844
2025-03-07,566.2262573242188,1.0787951946258545,84.26139068603516
2025-03-10,551.14453125,1.086059331893921,85.14038848876953
2025-03-11,546.5629272460938,1.0839403867721558,84.53257751464844
2025-03-12,549.4632568359375,1.0914170742034912,84.02761840820312
2025-03-13,542.1386108398438,1.0886249542236328,84.76634979248047
2025-03-14,553.3369750976562,1.085564136505127,84.31749725341797
2025-03-17,557.6038818359375,1.0881274938583374,84.73828887939453
2025-03-18,551.5770874023438,1.091917634010315,84.82245635986328
2025-03-19,557.5841674804688,1.093948245048523,85.2619400024414
2025-03-20,555.9718627929688,1.0911908149719238,85.31805419921875
2025-03-21,556.1552734375,1.0856702327728271,84.81309509277344
2025-03-24,566.1151733398438,1.083576202392578,83.94346618652344
2025-03-25,567.47607421875,1.0803569555282593,83.93412780761719
2025-03-26,560.7013549804688,1.0787487030029297,83.38240051269531
2025-03-27,559.2122802734375,1.0742061138153076,83.1392593383789
2025-03-28,547.95068359375,1.080100178718567,84.2894515991211
2025-03-31,551.6289672851562,1.082391619682312,85.12167358398438
2025-04-01,553.18701171875,1.0818880796432495,85.85930633544922
2025-04-02,556.687744140625,1.0795987844467163,85.80300903320312
2025-04-03,529.2537841796875,1.090869426727295,86.1971435546875
2025-04-04,498.2696838378906,1.1043744087219238,87.13560485839844
2025-04-07,497.3821716308594,1.098454475402832,84.50792694091797
2025-04-08,489.591796875,1.0915361642837524,82.91254425048828
2025-04-09,541.0084228515625,1.0980443954467771,83.40055084228516
2025-04-10,517.302001953125,1.0952062606811523,81.1013412475586
2025-04-11,526.5321044921875,1.1257838010787964,81.54241180419922
2025-04-14,531.6401977539062,1.1343141794204712,82.12425231933594
2025-04-15,530.151123046875,1.1339668035507202,82.41516876220703
2025-04-16,518.366943359375,1.1292672157287598,82.87503051757812
2025-04-17,519.1064453125,1.1396790742874146,82.14301300048828
2025-04-21,506.7503662109375,1.1396790742874146,80.70716857910156
2025-04-22,519.9348754882812,1.1512778997421265,81.15766143798828
2025-04-23,527.991455078125,1.1351252794265747,81.9459457397461
2025-04-24,539.1051635742188,1.132733702659607,82.80933380126953
2025-04-25,543.0003662109375,1.1371906995773315,83.41931915283203
2025-04-28,543.2074584960938,1.1343141794204712,83.9448471069336
2025-04-29,546.6292724609375,1.1409143209457395,84.64869689941406
2025-04-30,546.8462524414062,1.1389262676239014,83.96363067626953
2025-05-01,550.7217407226562,1.1324899196624756,83.53790283203125
2025-05-02,558.896728515625,1.1296498775482178,82.6336441040039
2025-05-05,555.6917724609375,1.1323232650756836,82.17210388183594
2025-05-06,551.047119140625,1.1313369274139404,82.44525909423828
2025-05-07,553.3645629882812,1.1342755556106567,82.79377746582031
2025-05-08,557.2202758789062,1.1306205987930298,81.87069702148438
2025-05-09,556.5103759765625,1.122422695159912,81.9931640625
2025-05-12,574.9015502929688,1.12296462059021,81.23019409179688
2025-05-13,578.6981201171875,1.1095577478408811,80.9005355834961
2025-05-14,579.437744140625,1.1185556650161743,80.3636474609375
2025-05-15,582.2678833007812,1.1181930303573608,81.07008361816406
2025-05-16,585.9559936523438,1.1192693710327148,81.28673553466797
2025-05-19,586.596923828125,1.1187559366226196,81.05123901367188
2025-05-20,584.6246948242188,1.123342990875244,80.46726989746094
2025-05-21,574.7733154296875,1.128795504570007,79.09207916259766
2025-05-22,575.0001220703125,1.133118748664856,79.50650787353516
2025-05-23,571.0753173828125,1.1281843185424805,79.63836669921875
2025-05-26,571.0753173828125,1.1372811794281006,79.63836669921875
2025-05-27,582.9484252929688,1.1388484239578247,80.74982452392578
2025-05-28,579.57568359375,1.1337097883224487,80.40132141113281
2025-05-29,581.8635864257812,1.123368263244629,81.14543914794922
2025-05-30,581.2127685546875,1.1378376483917236,81.26788330078125
2025-06-02,584.4866333007812,1.1353315114974976,80.51154327392578
2025-06-03,587.8197631835938,1.1453442573547363,80.36974334716797
2025-06-04,587.6619262695312,1.1384464502334597,81.67440795898438
2025-06-05,584.8218994140625,1.1422044038772583,81.73110961914062
2025-06-06,590.8274536132812,1.1453834772109983,80.69117736816406
2025-06-09,591.3599853515625,1.1407841444015503,80.77626037597656
2025-06-10,594.7128295898438,1.1428048610687256,81.1922378540039
2025-06-11,593.0166625976562,1.143746018409729,81.43807220458984
2025-06-12,595.37353515625,1.1509333848953247,82.41181945800781
2025-06-13,588.7171020507812,1.1600254774093628,81.61768341064453
2025-06-16,594.3182983398438,1.1556684970855713,80.79517364501953
2025-06-17,589.23974609375,1.1551345586776731,81.77840423583984
2025-06-18,589.1510009765625,1.1482638120651243,81.92021942138672
2025-06-19,589.1510009765625,1.1477497816085815,81.92021942138672
2025-06-20,587.7673950195312,1.1512778997421265,81.76895904541016
2025-06-23,593.5730590820312,1.1500862836837769,82.03366088867188
2025-06-24,600.13037109375,1.1599044799804688,82.6292724609375
2025-06-25,600.4666748046875,1.161224365234375,82.7332763671875
2025-06-26,605.1646118164062,1.1683744192123413,83.14925384521484
2025-06-27,608.1713256835938,1.1692214012145996,82.61982727050781
2025-06-30,611.0791015625,1.1727453470230105,83.4328842163086
2025-07-01,610.8812866210938,1.178717017173767,83.63973999023438
2025-07-02,613.6505737304688,1.180553913116455,83.10834503173828
2025-07-03,618.4869995117188,1.18002450466156,82.52949523925781
2025-07-04,618.4869995117188,1.1771491765975952,82.52949523925781
2025-07-07,613.8780517578125,1.178078293800354,81.74188232421875
2025-07-08,613.5418090820312,1.1736538410186768,81.63749694824219
2025-07-09,617.2210083007812,1.1724566221237185,82.49153900146484
2025-07-10,618.9617309570312,1.17311692237854,82.54846954345703
2025-07-11,616.7857666015625,1.1702749729156494,81.40973663330078
2025-07-14,617.9627075195312,1.1682106256484983,81.23892974853516
2025-07-15,615.322021484375,1.1666297912597656,80.66957092285156
2025-07-16,617.3792114257812,1.160739183425903,80.78343200683594
2025-07-17,621.1573486328125,1.1635754108428955,80.76445770263672
2025-07-18,620.7024536132812,1.161548137664795,80.8878173828125
2025-07-21,621.87939453125,1.163074612617493,81.6090087890625
2025-07-22,621.9684448242188,1.1694538593292236,82.10245513916016
2025-07-23,627.2598266601562,1.1739156246185305,81.64698791503906
2025-07-24,627.4674682617188,1.1774264574050903,81.5046157836914
2025-07-25,630.1181030273438,1.1756131649017334,82.0170669555664
2025-07-28,629.9598388671875,1.1756821870803833,81.48564147949219
2025-07-29,628.2982788085938,1.1596757173538208,82.86162567138672
2025-07-30,627.5070190429688,1.1550945043563845,82.43460083007812
2025-07-31,625.1531372070312,1.1429355144500732,82.48204040527344
2025-08-01,614.9066162109375,1.142374038696289,83.65465545654297
2025-08-04,624.2530517578125,1.158668041229248,83.88326263427734
2025-08-05,621.088134765625,1.1584129333496094,84.1404800415039
2025-08-06,625.845458984375,1.1579166650772097,83.65465545654297
2025-08-07,625.3212280273438,1.1663167476654053,83.51175689697266
2025-08-08,630.1972045898438,1.1676650047302246,83.14979553222656
2025-08-11,628.9510498046875,1.1647952795028689,83.24504089355469
2025-08-12,635.6469116210938,1.1618449687957764,82.8259048461914
2025-08-13,637.8228149414062,1.1677058935165403,83.51175689697266
2025-08-14,637.882080078125,1.171289324760437,82.8926010131836
2025-08-15,636.3886108398438,1.1651345491409302,82.302001953125
2025-08-18,636.2501220703125,1.1706587076187134,82.06385803222656
2025-08-19,632.7984008789062,1.1668338775634766,82.54015350341797
2025-08-20,631.1170043945312,1.164252758026123,82.72112274169922
2025-08-21,628.5850830078125,1.165175199508667,82.3115234375
2025-08-22,638.2381591796875,1.16130530834198,82.92118072509766
2025-08-25,635.42919921875,1.1709601879119873,82.68303680419922
2025-08-26,638.0897827148438,1.1618449687957764,82.6353988647461
2025-08-27,639.543701171875,1.1639411449432373,82.54015350341797
2025-08-28,641.8085327148438,1.1647952795028689,83.0831069946289
2025-08-29,637.98095703125,1.1681560277938845,82.49250793457031
2025-09-01,637.98095703125,1.169180393218994,82.49250793457031
2025-09-02,633.2533569335938,1.1715912818908691,81.8786392211914
2025-09-03,636.6853637695312,1.163602590560913,82.77745819091797
2025-09-04,642.0062866210938,1.16604483127594,83.40855407714844
2025-09-05,640.1469116210938,1.165691375732422,84.68028259277344
2025-09-08,641.7195434570312,1.1713168621063232,85.80857849121094
2025-09-09,643.2031860351562,1.1769136190414429,85.32093811035156
2025-09-10,645.0625,1.1702749729156494,85.80857849121094
2025-09-11,650.4231567382812,1.1703435182571411,86.3823013305664
2025-09-12,650.2055053710938,1.1734747886657717,86.00939178466797
2025-09-15,653.6671752929688,1.1726491451263428,86.2101821899414
2025-09-16,652.76708984375,1.1763737201690674,86.39185333251953
2025-09-17,651.9561767578125,1.1871408224105835,86.17194366455078
2025-09-18,655.0023803710938,1.1826341152191162,85.28266906738281
2025-09-19,658.2465209960938,1.1791062355041504,85.12013244628906
2025-09-22,661.3607177734375,1.173695087432861,84.81415557861328
2025-09-23,657.7606201171875,1.1801080703735352,85.40699768066406
2025-09-24,655.6678466796875,1.181446552276611,85.08189392089844
2025-09-25,652.6429443359375,1.1744670867919922,85.08189392089844
2025-09-26,656.3819580078125,1.166275978088379,85.00538635253906
2025-09-29,658.2266845703125,1.170823097229004,85.70341491699219
2025-09-30,660.7061157226562,1.1731443405151367,85.45480346679688
2025-10-01,662.95751953125,1.1735849380493164,85.67549896240234
2025-10-02,663.7210693359375,1.1734058856964111,85.92495727539062
2025-10-03,663.7113037109375,1.1725116968154907,85.76184844970703
2025-10-06,666.0914916992188,1.171248197555542,85.08058166503906
2025-10-07,663.6219482421875,1.171028733253479,85.56993865966797
2025-10-08,667.5791625976562,1.1654603481292725,85.6371078491211
2025-10-09,665.6452026367188,1.1631964445114136,85.56993865966797
2025-10-10,647.6542358398438,1.156644344329834,86.95165252685547
2025-10-13,657.5919189453125,1.160240888595581,86.90367126464844
2025-10-14,656.78857421875,1.1566845178604126,87.18193817138672
2025-10-15,659.7044067382812,1.1602274179458618,86.99003601074219
2025-10-16,655.2116088867188,1.1646324396133425,87.64250183105469
2025-10-17,658.9308471679688,1.1699601411819458,87.50816345214844
2025-10-20,665.7840576171875,1.165745735168457,87.84400939941406
2025-10-21,665.7741088867188,1.164442539215088,88.27577209472656
2025-10-22,662.3128051757812,1.160038948059082,88.33335876464844
2025-10-23,666.2402954101562,1.1608469486236572,87.72886657714844
2025-10-24,671.6851806640625,1.1618045568466189,87.7672348022461
2025-10-27,679.6095581054688,1.1631693840026855,88.06468963623047
2025-10-28,681.41455078125,1.165175199508667,88.29496765136719
2025-10-29,681.7418823242188,1.1657865047454834,87.40262603759766
2025-10-30,674.2440185546875,1.1603351831436155,86.89408111572266
2025-10-31,676.4556274414062,1.157246708869934,86.63499450683594
2025-11-03,677.72509765625,1.152804255485535,86.41834259033203
2025-11-04,669.691650390625,1.1519144773483276,86.6109390258789
2025-11-05,672.012451171875,1.1485539674758911,85.6672134399414
2025-11-06,664.8021850585938,1.1496764421463013,86.4375991821289
2025-11-07,665.4567260742188,1.1549211740493774,86.25463104248047
2025-11-10,675.8406982421875,1.1543878316879272,86.2353744506836
2025-11-11,677.387939453125,1.1557220220565796,86.63020324707031
2025-11-12,677.7648315429688,1.1587486267089844,86.78427124023438
2025-11-13,666.5180053710938,1.159218668937683,86.0716552734375
2025-11-14,666.4088134765625,1.1631964445114136,85.58055114746094
2025-11-17,660.2003173828125,1.161534547805786,85.79239654541016
2025-11-18,654.65625,1.159057378768921,85.76351165771484
2025-11-19,657.185302734375,1.1581177711486816,85.59016418457031
2025-11-20,647.1683349609375,1.154068112373352,85.92721557617188
2025-11-21,653.6148681640625,1.1534557342529297,86.18721771240234
2025-11-24,663.2351684570312,1.1507612466812134,86.67833709716797
2025-11-25,669.4735717773438,1.1520073413848877,86.89984130859375
2025-11-26,674.09521484375,1.156483769416809,87.28501892089844
2025-11-27,674.09521484375,1.1602139472961426,87.28501892089844
2025-11-28,677.7747192382812,1.1599851846694946,86.8709487915039
2025-12-01,674.6803588867188,1.1601465940475464,85.78950500488281
2025-12-02,675.9299926757812,1.1607661247253418,85.82815551757812
2025-12-03,678.2706298828125,1.1627906560897827,86.06977081298828
2025-12-04,678.7664794921875,1.1666841506958008,85.60589599609375
2025-12-05,680.0557861328125,1.1642799377441406,85.20964813232422
2025-12-08,678.0126953125,1.164022445678711,84.92938995361328
2025-12-09,677.4276123046875,1.1641442775726318,85.01637268066406
2025-12-10,681.92041015625,1.1628313064575195,85.34494018554688
2025-12-11,683.5072021484375,1.1701242923736572,85.2289810180664
2025-12-12,676.1581420898438,1.1739431619644165,84.40751647949219
2025-12-15,675.1365966796875,1.1737639904022217,84.46552276611328
2025-12-16,673.2918701171875,1.1754610538482666,84.92938995361328
2025-12-17,665.8832397460938,1.1749500036239624,84.85206604003906
2025-12-18,670.9115600585938,1.1742326021194458,85.25798034667969
2025-12-19,676.9923095703125,1.1725666522979736,84.93975830078125
2025-12-22,681.2098999023438,1.1708093881607056,84.75541687011719
2025-12-23,684.3233032226562,1.1765950918197632,84.89125061035156
2025-12-24,686.7305297851562,1.179551362991333,85.40544128417969
2025-12-26,686.660888671875,1.1785364151000977,85.12409210205078
2025-12-29,684.2138671875,1.177273869514465,85.44425201416016
2025-12-30,683.3783569335938,1.1772878170013428,85.24050903320312
2025-12-31,678.3152465820312,1.1747292280197144,84.56138610839844
2026-01-02,679.55859375,1.175046682357788,84.43525695800781
2026-01-05,684.0845336914062,1.1704667806625366,84.8524398803711
2026-01-06,688.1529541015625,1.1714951992034912,84.67781066894531
2026-01-07,685.9347534179688,1.1688251495361328,85.172607421875
2026-01-08,685.8651123046875,1.1676785945892334,84.7457046508789
2026-01-09,690.4010009765625,1.1657865047454834,85.30842590332031
2026-01-12,691.4852294921875,1.1623716354370115,85.05616760253906
2026-01-13,690.1026000976562,1.1666978597640991,85.20171356201172
2026-01-14,686.7106323242188,1.164252758026123,85.69650268554688
2026-01-15,688.5806884765625,1.1646324396133425,85.67709350585938
2026-01-16,688.0037231445312,1.1609008312225342,85.18230438232422
2026-01-19,688.0037231445312,1.162493348121643,85.18230438232422
2026-01-20,673.9981689453125,1.1639139652252195,84.06658935546875
2026-01-21,681.77685546875,1.1727865934371948,84.70690155029297
2026-01-22,685.3379516601562,1.1672970056533811,85.07557678222656
2026-01-23,685.5865478515625,1.1754610538482666,85.30842590332031
2026-01-26,689.0680541992188,1.1858457326889038,85.71590423583984
2026-01-27,691.8134765625,1.1876484155654907,85.18230438232422
2026-01-28,691.7438354492188,1.2017642259597778,84.98827362060547
2026-01-29,690.3711547851562,1.1977769136428833,85.00767517089844
2026-01-30,688.3120727539062,1.19657301902771,84.53227233886719
2026-02-02,691.7339477539062,1.1849182844161987,84.29075622558594
2026-02-03,685.885009765625,1.1798714399337769,84.49526977539062
2026-02-04,682.5626831054688,1.1816140413284302,84.28102111816406
2026-02-05,674.0379638671875,1.180163860321045,85.19648742675781
2026-02-06,686.96923828125,1.177786946296692,85.25492095947266
2026-02-09,690.2816772460938,1.182578206062317,85.23543548583984
2026-02-10,688.4613037109375,1.1904053688049316,86.21907043457031
2026-02-11,688.3021850585938,1.1889617443084717,85.76133728027344
2026-02-12,677.668701171875,1.1876062154769895,86.90079498291016
2026-02-13,678.1461181640625,1.1868449449539185,87.37799835205078
2026-02-16,678.1461181640625,1.1867464780807495,87.37799835205078
2026-02-17,679.2402954101562,1.184988498687744,87.52409362792969
2026-02-18,682.662109375,1.185185194015503,87.1929702758789
2026-02-19,680.8616333007812,1.1788839101791382,87.2806167602539
2026-02-20,685.7855834960938,1.1769136190414429,87.07610321044922
2026-02-23,678.7827758789062,1.1834739446640017,87.3974838256836
2026-02-24,683.7164916992188,1.1793843507766724,87.55331420898438
2026-02-25,689.4859008789062,1.1775233745574951,87.56304931640625
2026-02-26,685.6561889648438,1.181516408920288,87.91363525390625
2026-02-27,682.3637084960938,1.1803030967712402,88.44928741455078
2026-03-02,682.751708984375,1.1759449243545532,87.56107330322266
2026-03-03,676.7337036132812,1.169727444648743,87.38518524169922
2026-03-04,681.5082397460938,1.161224365234375,87.11158752441406
2026-03-05,677.70849609375,1.1635618209838867,86.75982666015625
2026-03-06,668.82568359375,1.1608065366744995,86.43737030029297
2026-03-09,674.6845703125,1.152325987815857,87.18976593017578
2026-03-10,673.6002807617188,1.161723494529724,86.26148223876953
2026-03-11,672.7548217773438,1.1611299514770508,85.14754486083984
2026-03-12,662.5390625,1.1543211936950684,84.98143768310547
2026-03-13,658.7890014648438,1.1521666049957275,84.56127166748047
2026-03-16,665.493408203125,1.1435105800628662,85.21595001220703
2026-03-17,667.2440185546875,1.1499539613723757,85.45046997070312
2026-03-18,657.9335327148438,1.153948187828064,84.97167205810547
2026-03-19,656.3121948242188,1.1464471817016602,85.48955535888672
2026-03-20,646.9034423828125,1.157755732536316,83.86750793457031
2026-03-23,653.6959228515625,1.1560158729553225,84.4146957397461
2026-03-24,651.5015869140625,1.1607122421264648,84.04338836669922
2026-03-25,655.1322021484375,1.16146719455719,84.85440063476562
2026-03-26,643.432373046875,1.1561496257781982,84.14110565185547
2026-03-27,632.4606323242188,1.1535090208053589,83.68185424804688
2026-03-30,630.3460693359375,1.149200677871704,84.7957763671875
2026-03-31,648.6688842773438,1.1460003852844238,84.70783996582031
2026-04-01,653.5562744140625,1.1574207544326782,84.62445068359375
2026-04-02,654.144775390625,1.159057378768921,85.1444091796875
2026-04-03,654.144775390625,1.1541746854782104,85.1444091796875
2026-04-06,657.23681640625,1.150999665260315,85.00706481933594
2026-04-07,657.5260009765625,1.1541212797164917,84.99725341796875
2026-04-08,674.27294921875,1.1686612367630005,85.27194213867188
2026-04-09,678.162841796875,1.16593599319458,85.05611419677734
2026-04-10,677.7140502929688,1.1691256761550903,84.85009002685547
2026-04-13,684.3369750976562,1.1675150394439695,85.10517120361328
2026-04-14,692.675537109375,1.176885962486267,85.55643463134766
2026-04-15,698.1414184570312,1.179940938949585,85.18364715576172
2026-04-16,699.8569946289062,1.1809163093566897,84.64407348632812
2026-04-17,708.3152465820312,1.178272724151611,85.4190902709961
2026-04-20,706.8988037109375,1.174122333526611,85.39947509765625
2026-04-21,702.2708129882812,1.1784392595291138,84.92857360839844
2026-04-22,709.3825073242188,1.174425721168518,85.09535217285156
2026-04-23,706.6295776367188,1.1706037521362305,84.90895080566406
2026-04-24,712.10546875,1.16838800907135,85.06591796875
2026-04-27,713.332275390625,1.1706448793411257,84.64407348632812
2026-04-28,709.8612060546875,1.1723467111587524,84.73237609863281
2026-04-29,709.7515258789062,1.171783447265625,84.07506561279297
2026-04-30,716.8132934570312,1.168470025062561,83.99658203125
2026-05-01,718.7982177734375,1.172910451889038,84.29691314697266
2026-05-04,716.1649780273438,1.1726628541946411,83.6568832397461
2026-05-05,721.9102172851562,1.1691941022872925,84.11967468261719
2026-05-06,731.9443359375,1.1715774536132812,84.75970458984375
2026-05-07,729.7001342773438,1.1747430562973022,84.33628845214844
2026-05-08,735.724609375,1.1731581687927246,84.75970458984375
2026-05-11,737.4002685546875,1.176885962486267,84.24766540527344
2026-05-12,736.2831420898438,1.177994966506958,83.68640899658203
2026-05-13,740.4025268554688,1.1735436916351318,83.49933624267578
2026-05-14,746.2474975585938,1.1716049909591677,83.61749267578125
2026-05-15,737.2706298828125,1.166208028793335,82.3768310546875
2026-05-18,736.751953125,1.161440134048462,82.27835083007812
2026-05-19,731.8446044921875,1.1655147075653076,81.74662780761719
2026-05-20,739.3452758789062,1.1607122421264648,82.62298583984375
2026-05-21,740.8114624023438,1.1625338792800903,82.92823028564453
2026-05-22,743.7239990234375,1.1621150970458984,83.38117980957031
2026-05-25,743.7239990234375,1.164225697517395,83.38117980957031
2026-05-26,748.6613159179688,1.1637378931045532,83.79473114013672
2026-05-27,748.5316162109375,1.1636837720870972,83.99166870117188
2026-05-28,752.6609497070312,1.16179096698761,84.42491149902344
2026-05-29,754.5361328125,1.1652837991714478,84.4446029663086
2026-06-01,756.5908203125,1.164890170097351,84.4900894165039
2026-06-02,757.6182250976562,1.1635483503341677,84.66801452636719
2026-06-03,752.3018798828125,1.1622096300125122,84.33191680908203
2026-06-04,755.1445922851562,1.160941243171692,84.51973724365234
2026-06-05,735.65478515625,1.1612648963928225,84.08477783203125
2026-06-08,737.3204345703125,1.1522595882415771,83.64982604980469
2026-06-09,735.1560668945312,1.1528440713882446,84.14409637451172
2026-06-10,723.56591796875,1.1535356044769287,83.90684509277344
2026-06-11,735.8642578125,1.1535621881484983,84.9942398071289
2026-06-12,739.843994140625,1.157594919204712,84.78663635253906
2026-06-15,752.890380859375,1.1603081226348877,84.73721313476562
2026-06-16,748.4019775390625,1.1594202518463137,85.20182800292969
2026-06-17,739.0560302734375,1.1609952449798584,85.34022521972656
2026-06-18,746.739990234375,1.150734782218933,85.75540924072266
2026-06-19,746.739990234375,1.1458560228347778,85.75540924072266
2026-06-22,744.3900146484375,1.146276354789734,85.10297393798828
2026-06-23,733.5800170898438,1.1427135467529297,85.21170806884766
2026-06-24,733.239990234375,1.1379542350769043,86.37818145751953
2026-06-25,734.2999877929688,1.1354217529296875,86.34852600097656
2026-06-26,728.989990234375,1.1361699104309082,86.35841369628906
2026-06-29,741.0,1.1385631561279297,86.44738006591797
2026-06-30,746.77001953125,1.1422044038772583,85.42918395996094
2026-07-01,745.760009765625,1.1413310766220093,84.85173797607422
2026-07-02,744.780029296875,1.13779878616333,84.8418197631836
2026-07-03,744.780029296875,1.1422696113586426,84.8418197631836
2026-07-06,751.280029296875,1.1437721252441406,84.78227996826172
2026-07-07,747.7100219726562,1.144177794456482,83.88932037353516
2026-07-08,745.4000244140625,1.140380859375,83.7008056640625
2026-07-09,751.7100219726562,1.1422044038772583,83.82978057861328
2026-07-10,754.9500122070312,1.1433405876159668,83.80994415283203
2026-07-13,749.1699829101562,1.1404459476470947,83.31385040283203
2026-07-14,751.8300170898438,1.1384334564208984,83.4229965209961
2026-07-15,754.8099975585938,1.1424654722213743,83.58174133300781
2026-07-16,750.719970703125,1.1470258235931396,83.55197143554688
2026-07-17,743.2899780273438,1.1444659233093262,83.85954284667969
2026-07-20,742.0900268554688,1.142765760421753,83.2344741821289
2026-07-21,748.280029296875,1.1418131589889526,83.00627899169922
2026-07-22,747.4099731445312,1.140380859375,82.7879867553711
2026-07-23,738.1799926757812,1.1411746740341189,82.52009582519531
2026-07-24,738.9299926757812,1.137682318687439,82.59947204589844
2026-07-27,739.0900268554688,1.1394972801208496,83.09556579589844
2026-07-28,740.8599853515625,1.1369450092315674,83.58174133300781
2026-07-29,729.4600219726562,1.1386538743972778,82.20259857177734
2026-07-30,741.6900024414062,1.1467232704162598,82.15299224853516
2026-07-31,747.030029296875,1.1523525714874268,81.60728454589844
2026-08-03,757.6699829101562,1.154401183128357,81.87625885009766
2026-08-04,771.3300170898438,1.150734782218933,82.50385284423828
2026-08-05,769.7899780273438,1.153242826461792,82.68316650390625
2026-08-06,768.5599975585938,1.1557353734970093,82.20499420166016
2026-08-07,773.260009765625,1.1524720191955566,82.44408416748047
2026-08-10,773.030029296875,1.155641794204712,81.74674987792969
2026-08-11,770.5599975585938,1.1546411514282229,81.87625885009766
2026-08-12,772.489990234375,1.1543744802474976,81.79656219482422
2026-08-13,777.8800048828125,1.1530035734176636,82.27472686767578
2026-08-14,776.3400268554688,1.1535356044769287,81.7268295288086
2026-08-17,772.6699829101562,1.1573940515518188,81.03946685791016
2026-08-18,767.4500122070312,1.1582788228988647,81.3482894897461
2026-08-19,769.0599975585938,1.1579434871673584,82.70308685302734
2026-08-20,762.5999755859375,1.1673787832260132,82.02568054199219
2026-08-21,765.719970703125,1.1687841415405271,81.7367935180664
2026-08-24,763.469970703125,1.1681560277938845,82.24484252929688
2026-08-25,765.9099731445312,1.1668338775634766,83.15137481689453
2026-08-26,766.0800170898438,1.1674741506576538,82.98202514648438
2026-08-27,771.0999755859375,1.1654876470565796,82.81266784667969
2026-08-28,769.3499755859375,1.1656370162963867,82.5636215209961
2026-08-31,767.0499877929688,1.1588962078094482,82.20499420166016
2026-09-01,761.780029296875,1.1617640256881714,81.87000274658203
2026-09-02,765.1599731445312,1.1595547199249268,81.94999694824219
2026-09-03,773.1699829101562,1.1585336923599243,82.06999969482422
2026-09-04,770.1900024414062,1.1621150970458984,82.20999908447266
