Date,SPY,EURUSD,TLT
2005-01-04,-0.012294673513841229,-0.014057773546132503,-0.010535360365074372
2005-01-05,-0.006924779453359556,-0.00014603826794047447,0.005338176962674498
2005-01-06,0.005071536856473886,-0.007330234671186995,0.0006793091020629656
2005-01-07,-0.001434263961798011,-0.009303419465095048,0.0022617071938561203
2005-01-10,0.004717351516093923,0.003742508666709804,0.0015802704341893676
2005-01-11,-0.006915233573842178,0.0005376181953160435,0.005845688082305444
2005-01-12,0.0032952049473894793,0.010535824658863052,0.0013450261702589318
2005-01-13,-0.008044407684739326,-0.003387785693861592,0.009582480803567954
2005-01-14,0.005257482524457985,-0.008524387633613358,-0.00011111987028780573
2005-01-17,0.0,-0.0036609785605764404,0.0
2005-01-18,0.010348724163741056,-0.0025417638930766416,0.003321817136259718
2005-01-19,-0.01051847273973113,-0.0011448597807843745,0.0028692413208539205
2005-01-20,-0.0061087599970620935,-0.003090005582806678,0.001982202103379746
2005-01-21,-0.0061465968866549064,0.0027779770071502978,0.0010995658010667562
2005-01-24,-0.0019710755165191236,0.003072487096648495,0.004275740771237358
2005-01-25,0.0028269891389213872,-0.005228077624189512,-0.009454228054846284
2005-01-26,0.0029901345786116466,0.008218507799413527,0.0018759853514160247
2005-01-27,0.0017044362775571523,-0.002834013929793513,-0.0018759853514161212
2005-01-28,0.0,0.0003000568924160849,0.010001130082855119
2005-01-31,0.00619755889571321,0.0005349070355446444,0.0028393829901816785
2005-02-01,0.006327036518064702,-0.0009913801733909024,-0.0015883168949667082
2005-02-02,0.00302287378671526,-0.000534522995774739,0.002299942258775515
2005-02-03,-0.0026025863413763027,-0.004615622727806629,-0.0005474955465488647
2005-02-04,0.01061928670092397,-0.008833744952873195,0.01380277850697777
2005-02-07,-0.0013316773482281313,-0.007327903890523666,0.007418860771635377
2005-02-08,0.001164738523865701,0.0004596755694005537,0.0056626047956909575
2005-02-09,-0.0075144184465886065,0.0033641410418626602,0.002659423566822895
2005-02-10,0.00359790099291946,0.004906587234685771,-0.013584826594073493
2005-02-11,0.00856513575090225,-0.0014796398456874032,-0.0006471954460618977
2005-02-14,-0.000745412607355895,0.008988718780747315,0.003121406539447071
2005-02-15,0.0037217990619339944,0.0033785982228849926,-0.005062261117788682
2005-02-16,0.000659720373416994,0.00046878050907379134,-0.003787098520194111
2005-02-17,-0.008117786300865704,0.003979980585949364,-0.006306319876152917
2005-02-18,0.0013298124246037236,-0.0004575228178914976,-0.00898485339027333
2005-02-21,0.0,-0.0003789804395113189,0.0
2005-02-22,-0.01497938572508236,0.014965235686048501,-0.004411541985697461
2005-02-23,0.00714084273518247,-0.004379800060503592,0.0033105646807688885
2005-02-24,0.006591860407669061,-0.0015171949149544136,-0.0022055977493098825
2005-02-25,0.009848182891613318,0.004770521610753075,0.0048466726741710695
2005-02-28,-0.006609997826494133,-0.002196509479546146,-0.010827657373657843
2005-03-01,0.004962126269168508,-0.0034174112177283184,-0.0003118158964115098
2005-03-02,-0.0004949940955526423,-0.0027359193185726525,-0.001337762775085722
2005-03-03,0.0004121700878474091,-0.002283163265140238,-0.0005596546669879432
2005-03-04,0.012379353866956327,0.01069914804598416,0.010774923272872163
2005-03-07,0.0004894408802200564,-0.0018924774333221306,0.003969648082774513
2005-03-08,-0.003753740881071358,0.009792271703493158,-0.009508547824980595
2005-03-09,-0.01117947458690856,0.0018710235849407507,-0.016466214770198325
2005-03-10,0.0022294090659029445,0.004545208970067141,0.006080311028448387
2005-03-11,-0.007035793089451072,0.002596827034732675,-0.007324093850743582
2005-03-14,0.006210299010332421,-0.008037863734853724,0.005975480639661705
2005-03-15,-0.008288779381027915,-0.004121251799079319,-0.006313744872479955
2005-03-16,-0.00852623928580637,0.007548567936771639,0.006089303461336731
2005-03-17,0.0020123339245720967,-0.0023842814150051655,0.0032550824777624835
2005-03-18,-0.002973275601633659,-0.004272098505456954,-0.006295099263510954
2005-03-21,-0.0037189371095592556,-0.012155429134461814,-0.002824518256135597
2005-03-22,-0.010212402787786946,-0.006402003505070992,-0.008517880362821766
2005-03-23,0.0008549641306831777,-0.006452244780691129,0.004778456243697083
2005-03-24,0.0011958000085020904,-0.004705412382513888,0.0020424963047964762
2005-03-25,0.0,0.0018639365279674788,0.0
2005-03-28,0.0014501642454539815,-0.004717816450333636,-0.006136365373975346
2005-03-29,-0.006671188555027391,0.003319567927657984,0.005908775186242717
2005-03-30,0.014059802222818139,-0.001771009313603442,0.00497364067569577
2005-03-31,-0.001863118061477385,0.004011810964506458,0.0071908796375150285
2005-04-01,-0.00450288362710172,-0.004476570065356683,0.003364710650254064
2005-04-04,0.0017015860608981825,-0.004585105660243513,-0.00022361889255785515
2005-04-05,0.004749133007835566,0.0006170074925245999,-0.0025798640235485523
2005-04-06,0.0034636390700939525,0.0007074252837870988,0.0034757545590581983
2005-04-07,0.005381497934742704,-0.0013244327763116796,-0.008090587208627693
2005-04-08,-0.010453991447207735,0.00658801109986671,0.0034910283810711254
2005-04-11,0.0007628834500762337,0.0027848094449227055,0.005381391551073718
2005-04-12,0.005152039507728327,-0.0043229557836958225,0.009239044320513031
2005-04-13,-0.011864464421064027,-0.0002323525502976025,-0.002439827103610773
2005-04-14,-0.013129618397285091,-0.009113063522298367,-0.001555885062581182
2005-04-15,-0.014091820178901369,0.005851574954127108,0.013148915677113342
2005-04-18,0.003061478238870082,0.011429275786146489,-0.0007689258750811561
2005-04-19,0.007916333079097438,0.003612523643618029,0.009621529589911464
2005-04-20,-0.01404839409434185,0.0016737249347204355,-0.0025054719583120287
2005-04-21,0.019233552396004865,-0.0030576490944757093,-0.010527810434226612
2005-04-22,-0.003799902919411682,0.0011487638401549657,0.008344119550391665
2005-04-25,0.0065548763620509,-0.005224172073671852,0.002947834682309779
2005-04-26,-0.009761483629578974,-0.0006884875196580442,-0.0015270317626059054
2005-04-27,0.0038983699469741008,-0.004935041640168072,0.0034861879874371502
2005-04-28,-0.012617351927806511,-0.0012396305553890779,0.007371029623904316
2005-04-29,0.01348155315376327,-0.0022558235159523404,-0.001729229608837153
2005-05-02,0.005599854033722796,-0.002327922018584755,-0.0002170169658916637
2005-05-03,0.0017170171051060974,0.003178117764264273,0.002710407712690224
2005-05-04,0.007689198840337006,0.004883093495334539,-0.008810837476630464
2005-05-05,-0.0003409029935843978,0.0004663259084091764,0.002292991960683951
2005-05-06,-0.0031551229655270166,-0.011183147837589136,-0.007441471487005001
2005-05-09,0.006215441811351703,0.003349595207970564,0.0009889186368530088
2005-05-10,-0.010408614692577261,0.0024841332258749697,0.007105029904640356
2005-05-11,0.005473458661975972,-0.00567984344703205,0.0030456883922855
2005-05-12,-0.011064164658202522,-0.01042730993869637,0.0039026814917993567
2005-05-13,-0.001985308170810986,-0.0051352711962564905,0.0038861934578719075
2005-05-16,0.00928941320124806,0.0018941478023991802,-0.0011857870118426289
2005-05-17,0.006656012136396949,-0.0029282144211908467,0.002801395183712115
2005-05-18,0.01023850211124264,0.006169337815048234,0.006648536376728808
2005-05-19,0.004200152007537439,-0.0036328746993322205,-0.0025692805099522945
2005-05-20,-0.0014257933596290493,-0.006197176992559717,0.0011785595764130716
2005-05-23,0.00552479206373996,0.0011181800668151687,0.007782230381351398
2005-05-24,-0.002339944472043519,-0.0002388069451628306,0.002757346502853686
2005-05-25,-0.0007535958440387228,0.002466408354497429,-0.007014570439664283
2005-05-26,0.00534509345342066,-0.0067805250273478,-0.0003202679431471759
2005-05-27,0.0016647629477212372,0.00542070288801488,0.0010673238764971125
2005-05-30,0.0,-0.007895317663559446,0.0
2005-05-31,-0.006423467757091699,-0.01411801415588027,0.01228530030368026
2005-06-01,0.008500157806343228,-0.009139827699492611,0.012170022977280573
2005-06-02,0.00215576703330629,0.005797685506019848,0.0023980048136550644
2005-06-03,-0.005064304653755341,-0.003013112115264007,-0.008259325617207726
2005-06-06,-0.000915944850955873,0.002448923715035941,0.005234406795317463
2005-06-07,0.0007494547671369102,0.0015458986274750849,0.007907236224564953
2005-06-08,-0.001833316635339824,-0.003346546907311359,-0.004778410462017228
2005-06-09,0.004742711754551373,-0.000819549566493637,-0.0008332224317901192
2005-06-10,-0.0023269884511289574,-0.007467812568814279,-0.011317267153815884
2005-06-13,0.003156465012294411,-0.0015643961445166398,-0.006024117993891384
2005-06-14,0.0023200362162149124,-0.007617303214674026,-0.006596593539557071
2005-06-15,0.0019006759468752348,0.007944539597191108,0.0018139324436583113
2005-06-16,0.002557171145596065,-0.0018892558298778473,0.004993769290519043
2005-06-17,0.003698350330867247,0.014760324634496653,-0.00010603234980321809
2005-06-20,0.0003291777369542452,-0.010395138796400938,-0.0016969983463115993
2005-06-21,0.0005768624028188763,0.001812296479804265,0.0073002350560089175
2005-06-22,0.000822826891403943,-0.0043610019964599464,0.01205076091906826
2005-06-23,-0.014165855731253407,-0.007619222691386578,-0.0010432395190957079
2005-06-24,-0.007369067716048451,0.005718103518406759,0.004992855584989886
2005-06-27,0.0014277611239185061,0.005434641105493961,0.002693566165483604
2005-06-28,0.008357574543008629,-0.007501301681996326,-0.00685188572231691
2005-06-29,-0.00266682816767314,0.000410574789239694,-0.00156428510795231
2005-06-30,-0.005438944638455721,0.0010755401980804477,0.00893381461455333
2005-07-01,0.002932229583517518,-0.012902265252443297,-0.012194033341446864
2005-07-04,0.0,-0.002265198904439832,0.0
2005-07-05,0.007999003651979253,0.001847540384300793,-0.009499441602174611
2005-07-06,-0.008417635791676118,-0.0001669723583689136,0.005498686603978981
2005-07-07,0.003925715352134928,0.001336994855278396,0.0021073700797623893
2005-07-08,0.011357247412805152,0.003014653479974366,-0.0041120836791192165
2005-07-11,0.005097404903439709,0.0073110891299754815,0.0
2005-07-12,0.002620559452992604,0.013254845398430202,-0.005617772296019584
2005-07-13,0.0013899423422197204,-0.01233707058630098,-0.001487782702679092
2005-07-14,0.003912895782589884,0.0011482038116812881,-0.0025581415686668726
2005-07-15,-0.0005692803139854492,-0.003971053807993222,0.002663822567846056
2005-07-18,-0.003997546227399148,0.0008315253626943602,-0.007476788394133244
2005-07-19,0.005461263645030577,-0.0021677064696737063,0.00353176076484052
2005-07-20,0.0034084857287529973,0.010594197672005125,0.0054332976133222985
2005-07-21,-0.005849754802866841,0.00024313353758671031,-0.013693668727359411
2005-07-22,0.0066594554858633165,-0.008259557322173865,0.0077264424725670714
2005-07-25,-0.0028371895839838287,0.00033767516849479825,-0.0036416454062675047
2005-07-26,0.0012174049069533976,-0.003985542025490019,0.0016082289252249647
2005-07-27,0.003640900860784615,0.004142432744214162,-0.0016082289252249576
2005-07-28,0.0062818408163164904,0.005372163884952638,0.008865134449796908
2005-07-29,-0.006685429178166365,-0.0006549250562160054,-0.00993774879557101
2005-08-01,-0.0007275592224529739,0.004934536564574146,-0.0037263812631893713
2005-08-02,0.0059667758860624705,0.0008166389805580018,-0.003251086987966318
2005-08-03,0.0026497789742426824,0.011503804673669342,0.004872104372098579
2005-08-04,-0.008050549133715374,0.004041645241327653,-0.0020539672008798
2005-08-05,-0.0068127571303433915,-0.0015344896099574008,-0.007824498130637092
2005-08-08,-0.0018739319910316685,-0.0012111437884694928,-0.0018570891600996286
2005-08-09,0.006015645057349394,0.00218855746071446,0.0037098312672906287
2005-08-10,-0.00048638701569950644,0.0006438925218518536,-0.0010889869729590052
2005-08-11,0.003965209468110573,0.006997768242689736,0.006952660210772601
2005-08-12,-0.006156746648247861,-0.0022551164314659985,0.010125411297322258
2005-08-15,0.006156746648247851,-0.005955783188261158,-0.0025758401156382774
2005-08-16,-0.01308822149208011,-0.001705705769396316,0.006959115960318612
2005-08-17,-8.160120102400635e-05,-0.005836851887915097,-0.0066370973446330025
2005-08-18,-8.160786032340421e-05,-0.007693216445345661,0.007384232498834756
2005-08-19,0.002288551470154705,-0.0023852713477501807,-0.00010702155206036735
2005-08-22,0.0,0.0064874407272308195,-0.0010665731716983026
2005-08-23,-0.0018797528779832624,7.336999140431996e-05,0.004579491234746252
2005-08-24,-0.008956752360408174,0.003186249905556907,0.0009565210413329285
2005-08-25,0.003625047332665321,0.0022732093478580696,0.0031785350752554734
2005-08-26,-0.006849380839600508,-0.0006394725156289607,-0.0003167676964684843
2005-08-29,0.007671672978341987,-0.00481998673778602,0.0012696628854455077
2005-08-30,-0.005273020283492243,-0.0013814867114645463,0.006322976328867694
2005-08-31,0.012560201409128453,0.010007557211845236,0.008369287691997152
2005-09-01,-0.0007349046231811882,0.012005489250158322,-0.006040300300667888
2005-09-02,-0.0017974261231085507,0.003440642601714289,0.000841772436714539
2005-09-05,0.0,-0.0004886346403127312,0.0
2005-09-06,0.011627292399754014,-0.005521597447979844,-0.00706580085097561
2005-09-07,0.0016963723064635314,-0.003370492032443182,-0.009464563517545987
2005-09-08,-0.003314060884301576,-0.0017738644687997716,0.001067547465161738
2005-09-09,0.008867642145349627,0.0013642879004181635,0.003197742975615492
2005-09-12,-0.0020088648382521742,-0.009707750999312405,-0.006938833290281139
2005-09-13,-0.005564145029662721,-0.0008968684002241743,0.005235140217903778
2005-09-14,-0.0036455533384827056,-8.601277032821065e-05,-0.003843854561030369
2005-09-15,-0.0004872798521057502,-0.0035056292606258778,-0.00827095497216506
2005-09-16,0.007085791471743974,0.00024479903246904007,-0.006601800096930633
2005-09-19,-0.0033259360255307917,-0.008203074248679226,0.0021698144360609486
2005-09-20,-0.00848421767962785,-0.0016496060127702385,0.002596244113286428
2005-09-21,-0.009384288204936472,0.0,0.009250191978672304
2005-09-22,0.0035498490381434366,0.0028885581380158247,-0.0009640218593902533
2005-09-23,0.0008237134222920844,-0.009351257854046287,-0.007529868371773205
2005-09-26,0.0011519865962445483,0.002664586143098116,-0.004545271332250857
2005-09-27,-0.00024688698108984444,-0.004493165125343708,0.001408861242738483
2005-09-28,0.0009869070077070856,0.0035760438181061576,0.006693824513769423
2005-09-29,0.00810400731216868,-0.0034077418599958616,-0.004529907486792497
2005-09-30,0.0030930413463691173,0.0005891807727522694,-0.0034640449959203973
2005-10-03,-0.00358243587274147,-0.009612189051746097,-0.00784913561792356
2005-10-04,-0.011319648542284566,0.000500508246900167,0.003286970035163111
2005-10-05,-0.013203780243750976,0.007777472214841268,0.004365996303636419
2005-10-06,-0.0036005893895930162,0.013228177919505809,-0.003819121222759123
2005-10-07,0.0034336331324915283,-0.003450804008327268,0.0040361052082658715
2005-10-10,-0.008479705889259895,-0.006697588998810086,-0.0006532985787566226
2005-10-11,-0.0014345271822152636,-0.0053355114715172465,-0.0020718854940080834
2005-10-12,-0.00788407056268824,0.0035899351491534104,-0.009765693454607927
2005-10-13,-0.0005960182393701689,-0.0007574827308626001,-0.0036450331325826044
2005-10-14,0.01050447349359497,0.004819249718603669,-0.0015504359160777932
2005-10-17,0.0037007615725759024,-0.00548003685916397,-0.00022077310476671834
2005-10-18,-0.01088971329794805,-0.004673374057590675,0.0011082759372456966
2005-10-19,0.016499185365409928,0.0015912814186837278,0.00044217015972315417
2005-10-20,-0.017772625455021826,0.003658767773569433,0.0026536398610375453
2005-10-21,0.0039017023358729206,-0.005333713572491347,0.009229435979945709
2005-10-24,0.0153725387210088,0.001842584802061448,-0.007795963779821528
2005-10-25,-0.0020031532210945243,0.01128501004081458,-0.008634986091722356
2005-10-26,-0.0029273071001356555,-0.004049327795036268,-0.007365000732007696
2005-10-27,-0.010696365692926396,0.006608192533800715,0.003577760172733356
2005-10-28,0.014292022950962687,-0.005944525811194899,0.00011135326903000918
2005-10-31,0.002750953967876086,-0.006820919705369491,0.0018953693252044919
2005-11-01,0.002991693195921622,0.0029175628814955184,-0.001152940798974847
2005-11-02,0.010403569258231705,0.003613661887010188,-0.004715638926829166
2005-11-03,0.004261879186675738,-0.00961958859617233,-0.006775086986007425
2005-11-04,-0.0013097516562256268,-0.011692189805536294,-0.0015878727559559523
2005-11-07,0.0009824745304413043,-0.0016996083418627853,0.0033985378216548935
2005-11-08,0.0,-0.0021204767141411703,0.009680060847137862
2005-11-09,0.0013081012810803282,0.0008477181984552169,-0.010359098429950708
2005-11-10,0.007732553176930536,-0.008736436707257055,0.012149262114050631
2005-11-11,0.0033991693250253843,0.005080104742413435,0.0005589259491059882
2005-11-14,-0.0005660425033280232,-0.0036780084086311857,-0.007514930946587851
2005-11-15,-0.0036445083119757875,0.00341984964809498,0.006508555720025949
2005-11-16,0.0020264970748500853,-0.004693510459089761,0.010459967930531755
2005-11-17,0.009269336101723832,0.006055381692715348,0.0024326579790438342
2005-11-18,0.003923441540068771,0.0023877291912578202,-0.0046482509918032424
2005-11-21,0.005022050652674692,-0.003327193509903123,0.002990210121855856
2005-11-22,0.00428493497541417,0.006547195946444109,0.0013263557656424414
2005-11-23,0.005763182224837364,-0.000507881407691593,-0.00387403097477679
2005-11-24,0.0,-0.0022881578636730518,0.0
2005-11-25,0.0007868317544125217,-0.0047717197927250885,0.0036529838677161358
2005-11-28,-0.007104138875520248,0.010608536007165128,0.004959687342290885
2005-11-29,-0.0011100576531794127,-0.006943607277574915,-0.009500173471181756
2005-11-30,-0.0054076267031033624,0.0031351554929304666,-0.0011101756498073899
2005-12-01,0.01015501731935877,-0.005345109660044886,-0.0015635452233900308
2005-12-02,0.0012617275355904746,-0.0019706822769623342,0.00033507335118919266
2005-12-05,-0.0021303543237992354,0.005794145937643072,-0.00447890427284906
2005-12-06,0.0018943420148379553,0.000931634986589071,0.010160929668574311
2005-12-07,-0.0058523036313410754,-0.0068078752930269305,-0.003783653944028663
2005-12-08,-0.0006345173941706006,0.00808281586887566,0.006447037698865212
2005-12-09,0.0026151469265047887,8.274527849556887e-05,-0.007899151222513643
2005-12-12,0.0009499359580520241,0.011944215757612339,-0.0018999686479044353
2005-12-13,0.006777339608915952,-0.0005857486322519653,0.003685828216284415
2005-12-14,0.0039199736332134446,0.0020932729631926343,0.010204509955371765
2005-12-15,-0.0028987246217375058,-0.0005865594602848372,-0.0024308561086783215
2005-12-16,-0.0032234708395152095,0.003920814747519126,0.0033123948643107998
2005-12-19,-0.005157662906271368,-0.0005883791713594575,0.0009928186068697096
2005-12-20,0.0009540904788015214,-0.011057143475311764,-0.0012126592548323482
2005-12-21,0.0015879543989475576,-0.0034496302610209154,-0.0017661315792029
2005-12-22,0.005223535442110066,0.003283375015465625,0.007922206713873286
2005-12-23,0.0005525338181751879,-8.313798922913808e-05,0.006119057208180337
2005-12-26,0.0,-0.0028687756092232544,0.0
2005-12-27,-0.010228853205899884,0.0015281755186312845,0.008137731524864553
2005-12-28,0.0022289587371184406,-0.0006756028820583676,-0.002792742939524351
2005-12-29,-0.004463074334054055,0.0001659004213943699,0.002172780291711556
2005-12-30,-0.005446631372137195,-0.0007580945672631534,-0.0022818050364909466
2006-01-02,0.0,-0.002034588492747508,0.0
2006-01-03,0.017435905704829172,0.01811304870329681,-0.0013059190794669593
2006-01-04,0.004724520946906291,0.006543246546145695,0.0023933797649801957
2006-01-05,0.0006282181114573397,-0.00041168873684475156,-0.0011964973179840112
2006-01-06,0.008287277499276876,0.0038817563086495453,-0.0018516519799072842
2006-01-09,0.002565738373954448,-0.006529687652801062,0.0006547695329109735
2006-01-10,0.0010092672243155831,-0.0009052183712828674,-0.00809674939560329
2006-01-11,0.0031753469121607305,0.0061959538988384764,-0.0016473896023212879
2006-01-12,-0.003951675609884427,-0.0077750583128544945,0.0066884317832423
2006-01-13,-0.0009322525334301344,0.008102807605059732,0.005775126882146131
2006-01-16,0.0,-0.0022196590033976863,0.0
2006-01-17,-0.00272327977078767,-0.0006297919547457851,0.004445284220404856
2006-01-18,-0.003982346241891036,-3.6427670304904696e-05,-0.0003245935443194276
2006-01-19,0.0038264045897285783,-0.0014034752621391658,-0.0029260125967757776
2006-01-20,-0.018405239612013454,0.003718816279432901,0.002601233550795722
2006-01-23,0.0035654409419882565,0.013747064094996127,-0.0003253653568763673
2006-01-24,0.0010281066475144734,-0.003181662844508498,-0.004884046861225758
2006-01-25,0.0008686392231537667,-0.001629828263892348,-0.01094079891707873
2006-01-26,0.005511118629210654,-0.0024581756473356186,-0.004300065669488793
2006-01-27,0.009222716185698832,-0.009954393660605,0.0
2006-01-30,-0.0007779849597186564,-0.0006529396417630722,-0.0009952879051738288
2006-01-31,-0.007345689696575773,0.005149898660757911,0.002761248850815555
2006-02-01,0.0069560807009981405,-0.006731854159330575,-0.003425870861905812
2006-02-02,-0.011673173379067684,0.0014128829175009342,0.0018857915638256697
2006-02-03,-0.004976911070452948,-0.004725752548756046,0.007070084065326852
2006-02-06,0.0026099504135454867,-0.005337835436600159,0.0019799790096338555
2006-02-07,-0.008886092004378654,0.002503415710290351,-0.0047346881663726595
2006-02-08,0.009044139849677803,-0.002335921043996027,-0.0023211169345573146
2006-02-09,-0.0016600903148669517,0.002419909750198401,0.004525929543318004
2006-02-10,0.001818113184992066,-0.007277768780254572,-0.005522520566520894
2006-02-13,-0.001818113184992062,0.00041679917459765814,0.0001108086126944513
2006-02-14,0.010544894122570425,0.00033359442192101293,-0.0035496855719992153
2006-02-15,0.0035164569535334313,-0.002523028670692511,0.002441210008476946
2006-02-16,0.007460579649649398,0.0017726350741738186,0.0002223164715174989
2006-02-17,-0.0027135754345332095,0.002933418411826851,0.007948600232900263
2006-02-20,0.0,-0.0006685415703134679,0.0
2006-02-21,-0.0024875448884646694,-0.0011808000546799876,-0.0016507291870688384
2006-02-22,0.0060520419423484555,-0.0003336831903147659,0.006805245340665276
2006-02-23,-0.0014708235184752506,0.0005005830321471893,-0.00252003926141559
2006-02-24,0.0025535490341228916,-0.0036889851697372296,-0.0015360695856261998
2006-02-27,0.0003861095052107826,-0.0023609698826720753,-0.0016480231671360424
2006-02-28,-0.009546188939567086,0.006729766532618566,0.004937639054566279
2006-03-01,0.00885051762585184,-0.0008467113220418398,-0.0060597052543877
2006-03-02,-7.729806507043062e-05,0.009942830206237223,-0.006988423142559209
2006-03-03,-0.004648938637331954,0.0005780037708891324,-0.0058041092111849315
2006-03-06,-0.004592283711928,-0.002490399224668445,-0.008769406328111101
2006-03-07,-0.0015621139860202684,-0.01054239405875138,0.0006771664076804207
2006-03-08,0.002107749388761528,0.0031081307595809938,-0.000338069628974254
2006-03-09,-0.006728623038814132,-0.0019302709582450278,0.00033806962897440113
2006-03-10,0.009453984881602127,0.0005834559376983349,-0.0037313096367138886
2006-03-13,0.0018650262838652476,0.004691992041875473,-0.0007932350113478747
2006-03-14,0.010424306902017176,0.004329439239752162,0.006666836378328499
2006-03-15,0.004445238825699812,0.0043241081920564455,-0.005420808622103169
2006-03-16,0.0020629927814541536,0.008570884998657696,0.009017022769383685
2006-03-17,0.0008347161699719624,0.0014011427278653272,-0.003033672164126217
2006-03-20,-0.0016092824429111377,-0.0023868364374000453,0.00157467470226318
2006-03-21,-0.006307033704599755,-0.004526544106376268,-0.005182332893754054
2006-03-22,0.006077033787607817,-0.0023945324022297586,0.002143727696154031
2006-03-23,-0.0020728935646154197,-0.008898769862727399,-0.003161024400756761
2006-03-24,0.000768447212512994,0.005245571578341346,0.0073224097344876575
2006-03-27,-0.0014605379300550831,-0.001995811828747522,-0.0037103411530270015
2006-03-28,-0.0061716717056776605,0.0,-0.009396240736797476
2006-03-29,0.0062486983545106175,0.0016588785769306596,-0.004787234050821366
2006-03-30,-0.0017701316367627078,0.01132492195118332,-0.00699533862560519
2006-03-31,0.00023094220729178816,-0.004358853634659159,-0.00034497706675998215
2006-04-03,-0.000770612000135726,0.001976724958151662,0.0003234987624255799
2006-04-04,0.0063773895518758625,0.009918005849360768,-0.0010403896193372922
2006-04-05,0.003441489855524,0.00228298028635211,0.0013866921667692416
2006-04-06,-0.0010698229913271937,-0.006039769791432209,-0.007651011692275405
2006-04-07,-0.0102142336273492,-0.009796333460045194,-0.009821585326499172
2006-04-10,0.0015423760287655542,0.001404001669205044,0.0018781567379617685
2006-04-11,-0.008514896315881443,0.002971785868108545,0.0035128986268306763
2006-04-12,0.001864395141245532,-0.002802217820896405,-0.006096166962379828
2006-04-13,-0.0013202397389877215,0.00016963768815453134,-0.007080330610579301
2006-04-14,0.0,-0.00033920573536677233,0.0
2006-04-17,-0.0003886276372275154,0.011658843277266231,0.0036639114699259043
2006-04-18,0.015731751844466454,0.009183531396874717,0.0017682167279949505
2006-04-19,0.0019110988160158536,0.0008908493429412366,-0.006143273319788996
2006-04-20,0.0013732065283813513,-0.005591671595787801,-0.0008305115960702134
2006-04-21,0.00015232153020015076,0.002588268509211019,0.005795695311150009
2006-04-24,-0.0018313358219906569,0.0038826827000252085,0.004001316594241021
2006-04-25,-0.004133849088219827,0.0032262187740079032,-0.011933958476809644
2006-04-26,0.00023044190243624727,0.0016046660651645136,-0.0016652614812557402
2006-04-27,0.004819705469306512,0.006644863604506852,0.001308615805733513
2006-04-28,0.003352567279200591,0.00826760236172215,0.000713425148227449
2006-05-01,-0.008172272748506956,-0.004438013057854198,-0.007544033409644462
2006-05-02,0.007487344156310503,0.0029354471549831803,0.0026403870563542903
2006-05-03,-0.0037368759287778755,0.0004794802208979682,-0.0021591766820845976
2006-05-04,0.0035843999074428165,0.006153845875736307,-0.0016833199457151398
2006-05-05,0.008792374451842028,0.002123257907461012,0.005999201858793222
2006-05-08,-0.0012082818400804135,-0.0019709375915264553,0.000597640358633643
2006-05-09,0.0019621748783268714,0.005030312423480176,-0.000597640358633506
2006-05-10,-0.0005280244546413451,0.0005875174281937835,0.0017924600801889228
2006-05-11,-0.012143896221229668,0.006047733081751017,-0.0049079905596951
2006-05-12,-0.013144833779100371,0.006045859835349868,-0.008313942321215973
2006-05-15,0.0020100096609026053,-0.010879327218100593,0.003985442720739358
2006-05-16,-0.0014687222748989007,0.004679295759930909,0.007444030079982882
2006-05-17,-0.019206909602772427,-0.008445241483864874,-0.006240358992965341
2006-05-18,-0.005058273340623271,0.008522330266385929,0.013509897426562037
2006-05-19,0.007026796099561872,-0.006558167669646246,0.002608845571828742
2006-05-22,-0.0076608721230031545,0.006712420157343083,0.0021292946939455624
2006-05-23,-0.007640615892403001,-0.005460417870518412,-0.0005899094621708784
2006-05-24,0.007957484878589868,-0.0007028393823765343,0.00047269664829749245
2006-05-25,0.012288798785101644,0.002814168190519901,-0.003909409628052476
2006-05-26,0.005076073190021038,-0.005556827315730726,-0.0007115178238485063
2006-05-29,0.0,0.0009431031202563077,0.0
2006-05-30,-0.01791945860976136,0.008901542825102901,-0.00047583946417606
2006-05-31,0.011119379453473485,-0.0038136996019872637,-0.005956544686936576
2006-06-01,0.009522191757957953,-0.00039716174545518054,0.0044531407215858375
2006-06-02,0.0020956926358111595,0.00832313840843239,0.012819121191006404
2006-06-05,-0.014681523199087047,-0.0013167028155889355,-0.0012983685393032083
2006-06-06,-0.002441716302459143,-0.0061478377425670605,0.00471305645470924
2006-06-07,-0.007519385344905587,-0.0015629732493834005,0.0002349811285459404
2006-06-08,-0.0008741311970598383,-0.012025286727839984,0.0019953263155968503
2006-06-09,-0.0031860386814630795,-0.0006322032824184526,0.0052631915055458695
2006-06-12,-0.010908916163599625,-0.00435168626168237,0.0008159299372910234
2006-06-13,-0.011682007926673987,-0.003191786510807495,0.0006996245949479978
2006-06-14,0.007722145428068491,0.005018502294383033,-0.01006804967327084
2006-06-15,0.020992969746096424,0.002449052811487121,-0.005781306141504754
2006-06-16,-0.007313765829782869,0.0003918807193921517,-0.0022515140495106864
2006-06-19,-0.007893335090071962,-0.0051457920115929555,-0.001424289221268858
2006-06-20,0.0033902615776932733,0.0007172703794377151,-0.0016646131939708675
2006-06-21,0.00738693305379784,0.005693824497079458,0.00023803330859316024
2006-06-22,-0.004409779912020644,-0.0060210413408220455,-0.0057262370433003055
2006-06-23,-0.00016042320596804764,-0.004858606239090171,-0.0020360797457114827
2006-06-26,0.00441022138817802,0.005185823082832815,-0.0019188886777287881
2006-06-27,-0.008678665819948856,-0.0015975103582966236,0.00491234459130805
2006-06-28,0.006756356127643471,-0.0018334038348102601,-0.0052730209917135635
2006-06-29,0.019999248324929636,0.009365370117246618,0.003359351507352746
2006-06-30,7.80849552588862e-05,0.00935168197427941,0.009650979463504244
2006-07-03,0.004077471716477515,0.0014070854312624858,-0.0009878432665374626
2006-07-04,0.0,-0.0008573045908928146,0.0
2006-07-05,-0.005728162146531305,-0.004390163308075298,-0.008016205965184719
2006-07-06,0.0029074346076424676,0.003290765739701162,0.006107387801355344
2006-07-07,-0.006533988149588376,0.003750451315832554,0.0064277760718104236
2006-07-10,0.0018932269776700658,-0.006174904189814338,0.0009482349647818756
2006-07-11,0.004405312175952882,0.0017603495376866014,0.0031950492657798306
2006-07-12,-0.010731747716708111,-0.004356947792424389,0.00023605582787184355
2006-07-13,-0.01639693848027985,-0.001181540003307359,0.003889536541827935
2006-07-14,-0.0038789283229618836,-0.004181207807113774,0.0005891379324559082
2006-07-17,-0.001457704344729181,-0.010014298138597572,0.001527944703685418
2006-07-18,0.005094562185431232,-0.001276043290273441,-0.008608530715511504
2006-07-19,0.013778888716286611,0.007731113288475531,0.00942976883410133
2006-07-20,-0.00686557992769899,0.002687121818321156,0.0029280197991628063
2006-07-21,-0.0070746327798191675,0.0057646385914954384,-0.0018730838042066615
2006-07-24,0.018069070454277296,-0.0064717669817498475,-0.0005860324137625267
2006-07-25,0.0035587830906551217,-0.003176202001812247,-0.0029357500927900725
2006-07-26,0.0013416882680934018,0.010194516236336774,0.0036389477884940587
2006-07-27,-0.0009467490682454496,-0.0013340178208113482,-0.0015236261458932397
2006-07-28,0.009973194508151616,0.0043259585784296934,0.005733641486151969
2006-07-31,-0.0010165717036460713,0.0017995560049545065,0.0012822526881499778
2006-08-01,-0.004939742850781115,0.003595934944970853,-9.333576333503589e-05
2006-08-02,0.006737378426138073,-0.002189817909358722,0.003736648646930519
2006-08-03,0.0026508572427845012,0.0005501395494782312,0.00023417462999625893
2006-08-04,-0.0017145742417054252,0.006226967058490283,0.0060426589924111665
2006-08-07,-0.0023428270318622607,-0.004664191757599403,0.000578501991444195
2006-08-08,-0.0038384264233803384,-0.004068194790429433,-0.002201963195262785
2006-08-09,-0.003380643602754995,0.008423276792302849,-0.0032547668589226197
2006-08-10,0.0030665965144741902,-0.00639121068862434,-0.0015140331745828425
2006-08-11,-0.0028304370458719784,-0.005320463811241321,-0.004323499941505904
2006-08-14,0.0007869401473582116,-0.00016545365255599755,-0.0017578580401822674
2006-08-15,0.0118872378793004,0.005332432437814901,0.008409846051728552
2006-08-16,0.00828414761460359,0.0040628955124496,0.006723930666358232
2006-08-17,0.0025412784550468176,-0.0008600679688531479,-0.0003468222519113218
2006-08-18,0.005062842763984979,-0.00030791733378379477,0.00288524332229753
2006-08-21,-0.004293918773254521,0.0034953336949795155,0.0035665662954906664
2006-08-22,-7.730611315290491e-05,-0.0047517713355793925,0.0003446749288739972
2006-08-23,-0.002770619823678072,-0.0024184696289945118,0.000459161360442851
2006-08-24,-0.0008477693895576265,-0.0014942839592491147,0.0018336322035885832
2006-08-25,0.0012335298092784417,-0.0003827740871964704,0.0014886678333395765
2006-08-28,0.004764298206630358,0.0027720546003188883,0.000913907322739403
2006-08-29,0.0011497991693402907,0.002856852477721754,0.0013705712616825577
2006-08-30,0.0006124780808378485,0.0009241393739663098,0.002620718847021732
2006-08-31,-0.00015348496497337045,-0.0024881114668699102,0.0023873624934783754
2006-09-01,0.0059530159276793716,0.002102955956966126,0.0003422343190049188
2006-09-04,0.0,0.0016315295758154143,0.0
2006-09-05,0.001900316408917386,-0.0025681096147348705,-0.0062870013489617705
2006-09-06,-0.008848688856539236,-0.0003846420842231741,-0.0013770484285795712
2006-09-07,-0.004608016282479175,-0.006809366420828909,0.0019496768084185335
2006-09-08,0.0028439652194048133,-0.004649095399598617,0.0008017867315182984
2006-09-11,0.0009972820286655013,0.0029191081377163194,-0.0009160393980830165
2006-09-12,0.009767323967617524,-0.001181344691054494,0.005030114881188522
2006-09-13,0.004016695224632613,0.0001522980101292906,0.00045594919558619295
2006-09-14,7.557838613419759e-05,0.0020463542130882352,-0.0022820737132683176
2006-09-15,0.002344839658035664,-0.005671079293281995,-0.0007997895216362057
2006-09-18,0.0013627286251104798,0.004412229525440513,-0.0016023225355673311
2006-09-19,-0.0025003386665381913,-0.002360614829481858,0.011159868165022539
2006-09-20,0.005296402159696048,0.0008623130826507097,0.0014715014733154505
2006-09-21,-0.00484143575429504,0.007309586892705994,0.009118049831602786
2006-09-22,-0.0030380834918520712,0.001483672537638885,0.004918704321059156
2006-09-25,0.0076533262073083174,-0.004304323870715119,0.007000092704131458
2006-09-26,0.008268984285006751,-0.004564947887193459,-0.004215449469376555
2006-09-27,0.0011974344001212543,0.0014981340914556,-0.0028955725052134014
2006-09-28,-0.0003745057992697846,-0.0001905691902114753,-0.0016739959785418887
2006-09-29,-0.0008229286008514014,-0.0032721706623685854,-0.0012307879486061332
2006-10-02,-0.0037506945335787885,0.006287458366739856,0.002736525717799741
2006-10-03,0.0021024738791823225,-0.0005477370050458743,-0.0013446008379679514
2006-10-04,0.011629456331162373,-0.0017304342563392162,0.007261583754116645
2006-10-05,0.0019249316930891104,-0.0013720460987372894,-0.007037077523606572
2006-10-06,-0.0012580397783755848,-0.007235661779162002,-0.01048087913152157
2006-10-09,0.0005925550166160163,-0.00023941228607752356,0.002715628720787226
2006-10-10,0.0013315000938602596,-0.0054915412727985615,-0.007940805849379121
2006-10-11,-0.0011841266117991656,-0.0006389633995271695,-0.002965341054808089
2006-10-12,0.008622445625312933,0.002872173062261645,0.0005719016694006991
2006-10-13,0.002565124733089678,-0.004386380378048497,-0.005036548082475299
2006-10-16,0.001535858302110561,0.0028803213795028527,0.004464646413074669
2006-10-17,-0.0031474173904274733,0.00031353761879019954,0.0007993143283552385
2006-10-18,0.001318785259788169,-0.00047666547602821644,0.0020516365430412885
2006-10-19,0.001609837809936752,0.0069962433735178044,-0.00182321518164862
2006-10-20,0.00021879432070256015,-0.0008709133867989162,-0.00102773568974795
2006-10-23,0.004593312664713428,-0.005171846216307196,-0.004004953652922046
2006-10-24,0.0029783170907752934,0.0006403400781511017,0.0
2006-10-25,0.003402807930591119,0.004531506138156045,0.007881122550238701
2006-10-26,0.0031031927088212754,0.00616298121393981,0.006463957740255504
2006-10-27,-0.006288744926635993,0.0038537477440230426,0.00462459981704909
2006-10-30,-0.0007249796126096845,-0.001973288818902049,0.002808985082866152
2006-10-31,-0.00014520231747399106,0.0038482023621698694,0.007712309161391908
2006-11-01,-0.006772332892657325,-0.0009824869722384196,0.005518380597978854
2006-11-02,-0.0005849695703625404,0.0020043996672046258,-0.004121918075523139
2006-11-03,-0.0017564826068306378,-0.005734613822926522,-0.011902794891742823
2006-11-06,0.01121604566604022,0.0014624307037942792,0.0029331066052192345
2006-11-07,0.003830964172842155,0.0041955059172415,0.0046070360466627346
2006-11-08,0.0021624137611953808,-0.001494046172681271,0.0035816976313128635
2006-11-09,-0.0052693389227913895,0.0056686790778752915,-0.0005589147078871345
2006-11-10,0.00043415603805221095,0.001669622710527332,0.004349671892652201
2006-11-13,0.002456373249005976,-0.002182727284075983,-0.00022350693891870399
2006-11-14,0.00747691459923749,-0.0009358251909987133,0.0038887015019283965
2006-11-15,0.002860602607798641,0.0008587717265917784,-0.00377725881921821
2006-11-16,0.0025681974301152853,-0.00242095716504331,-0.004573791209372558
2006-11-17,0.0002842454665459398,0.004372325691854353,0.005686031274771695
2006-11-20,0.0005694978903966436,-0.0024897930702208818,0.001555661478630489
2006-11-21,0.000995607563171238,0.0021813784995858092,0.002438853160218329
2006-11-22,0.0019893361657917917,0.007206866877766688,0.0016600769039174872
2006-11-23,0.0,0.0010098105147594955,0.0
2006-11-24,-0.004053213863128208,0.010219352306519484,0.0017670353255702866
2006-11-27,-0.013846856799105231,0.0036574785883362816,0.0036349039204590992
2006-11-28,0.004325449111685434,0.005385783518544372,0.002086843122362424
2006-11-29,0.010375802697527263,-0.004242635380701603,-0.002306888023373052
2006-11-30,0.00042762645525495354,0.007800857030279221,0.006576796210449894
2006-12-01,-0.0022087274308015287,0.00676759607638885,0.0025410833715846133
2006-12-04,0.007602081119494616,-0.0003734872369364384,0.0017487086768795729
2006-12-05,0.004308045834868154,-0.0012794396254906634,-0.004706514086308688
2006-12-06,-0.0008457808601657184,-0.002434413610155041,-0.0019764038676265833
2006-12-07,-0.0043826471695332025,-3.9837220099502234e-05,-0.0007704424799936694
2006-12-08,0.0018400732028345155,0.008097312982503884,-0.007286574195585663
2006-12-11,0.002895095378366248,-0.010737731366210972,0.004311743841102033
2006-12-12,-0.0007759124614106215,0.0025606494497704057,0.002095059142871271
2006-12-13,0.0010577937490316685,-0.005048775887443793,-0.008958770830803682
2006-12-14,0.008772265312735894,-0.004668205235648688,-0.003673344819786122
2006-12-15,9.135959718616856e-05,-0.004384725329122204,0.0005574211098483321
2006-12-18,-0.002743656702386725,0.0005371596014467245,0.00033376610452621244
2006-12-19,0.0019005629401577825,0.007683363055979611,-0.0013376328554018072
2006-12-20,-0.0005627902359313356,-0.0015175474725008403,-0.00011191960416518137
2006-12-21,-0.0036651454470527146,-0.000237415381201727,0.005008821904222106
2006-12-22,-0.00616178639112304,-0.0035664686480837257,-0.0076894503607716
2006-12-25,0.0,-7.876828905297324e-05,0.0
2006-12-26,0.005879508306508646,-0.001981592393291103,0.0030165870848019543
2006-12-27,0.006546959716008929,0.0011543321995789557,-0.0073799015624914505
2006-12-28,-0.0021071637083200216,0.0017471372992905203,-0.002257684805189841
2006-12-29,-0.004157517923074409,0.0037938273873117743,-0.0007911955277423929
2007-01-01,0.0,0.0015850077965793696,0.0
2007-01-02,0.0,0.004305410947605112,0.0
2007-01-03,-0.001767012869214684,-0.00793400140373165,0.007098483413323996
2007-01-04,0.002120441486648088,-0.005948768739402194,0.006045557123219268
2007-01-05,-0.00800894442397896,-0.008279714683493073,-0.0043625750688576544
2007-01-08,0.0046146018732775755,0.004229060481475689,0.0017926656619689368
2007-01-09,-0.0008500409551031884,-0.0033066575143049803,0.0
2007-01-10,0.0033255482794719757,-0.004396289480035525,-0.004487147876881936
2007-01-11,0.0043713752332699175,-0.003474810499555011,-0.005861126165142893
2007-01-12,0.007568221673484598,0.002556548257492989,-0.004646440915032319
2007-01-15,0.0,0.0006077529942698177,0.0
2007-01-16,-0.00195637827371449,-0.001228146985555113,0.0021559171558494694
2007-01-17,0.00041930106880747525,0.001538656233347586,-0.003065148738674739
2007-01-18,-0.0033618672531780668,0.0016187982179742618,0.0030651487386748172
2007-01-19,0.0019625197863895488,0.0006222994126600615,-0.0027240498294641862
2007-01-22,-0.0030858117307642095,-0.0014644175882648875,0.002383558316099319
2007-01-23,0.0029456393551793125,0.005623168426004685,-0.006597656801963464
2007-01-24,0.0080210028950198,-0.004625531049788098,-0.00011427444375870743
2007-01-25,-0.011809959201530822,-0.0017743174185859563,-0.007216558271271122
2007-01-26,-0.0009138721462144102,-0.0008536254205263411,-0.0008049465037072464
2007-01-29,-0.0005627628070339523,0.0026279428391123454,-0.0021881265812156788
2007-01-30,0.0051950775089948786,0.0002333713714125127,0.0011519166104956386
2007-01-31,0.006701064206283374,0.00439215967837555,0.008373570484228649
2007-02-01,0.005965314162515339,-0.00031246539892226094,-0.0012051316155326213
2007-02-02,0.0013818116910306255,-0.004235269142216337,0.0012614212401220355
2007-02-05,0.0002756814829780677,-0.0024730445044245544,0.0013761311248899157
2007-02-06,0.0002759819619441841,0.004016963027088081,0.005481654676614044
2007-02-07,0.0022064702621658427,0.003003816018474825,0.0029572173577604726
2007-02-08,-0.0013090954370511112,0.0013030985259663663,0.0007941748990606633
2007-02-09,-0.007475055778029504,-0.0025395237343378563,-0.005689273115476838
2007-02-12,-0.0034104568091087198,-0.0033891058414167504,-0.0022853509888653444
2007-02-13,0.008399955245760373,0.005315941108024146,-0.0021754716905879184
2007-02-14,0.006545649619414419,0.00824414292428635,0.009469310269903159
2007-02-15,0.0013040939070647903,-0.0003678588334679295,0.002948084460500723
2007-02-16,-0.00048002141933964663,0.00022332659529165493,0.003503164648675788
2007-02-19,0.0,0.001064766046840074,0.0
2007-02-20,0.002124446188655942,-0.00030251005156478145,0.0022538716051866783
2007-02-21,-0.00041100220824479694,-0.0006834093913023712,-0.0016902051837203629
2007-02-22,-0.0007542297382083906,-0.0010637279079879903,-0.0054264976615330815
2007-02-23,-0.003914763611084848,0.0033393417693650938,0.00711670284525346
2007-02-26,-0.0008952692953634805,0.001898089268337443,0.006619327182858919
2007-02-27,-0.03984047236005188,0.002880487207310668,0.01255684395299598
2007-02-28,0.010198989858896893,-0.00023813946426285714,-0.004538862613007314
2007-03-01,-0.0029854035968176437,-0.004461413760450013,-0.000634494435117925
2007-03-02,-0.013181259725535658,-0.0003819583009357749,0.005001412308765226
2007-03-05,-0.009564598524658716,-0.005945963267554178,0.0016619823716534272
2007-03-06,0.016964977293491956,0.003894437852204436,-0.0029929680375045797
2007-03-07,-0.0010027719454607056,0.003079013688115637,0.003878587353071311
2007-03-08,0.008419635410025439,-0.0027768172457007926,-0.000885619315566716
2007-03-09,0.00028442762078461454,-0.0019824983021725544,-0.010570645136412713
2007-03-12,0.0014903330322996247,0.0054711412153719075,0.003907250455993971
2007-03-13,-0.019625426461576556,0.00015835570411889548,0.00599883992083794
2007-03-14,0.0074225431260264586,0.0034087743743156035,-0.004551343468636314
2007-03-15,0.0013634787879095835,0.0036197877463282706,-0.00011115143137272368
2007-03-16,-0.002804194489775449,0.002633432217415417,-0.0002217933913489801
2007-03-19,0.011983084158117673,-0.0003861289599613003,-0.0021176706729700615
2007-03-20,0.005477214366897823,0.00022634175857639703,0.0005577948888588
2007-03-21,0.016323451851570466,0.006224513827090509,0.0004453241546313106
2007-03-22,-0.0007679375868096646,-0.00486539240890155,-0.00794233004876168
2007-03-23,0.0014656477326302402,-0.0027829361817312344,-0.00281147237391686
2007-03-26,-0.0013261719927217417,0.002622982853071202,0.00123818275312755
2007-03-27,-0.0023770839441272992,0.002482783509662501,-0.0016891132137946416
2007-03-28,-0.007306310595748148,-0.0037485595184143534,-0.002030202259991932
2007-03-29,0.0010569168496911232,0.0014924211550835132,-0.0013558938291669475
2007-03-30,0.00021167790171705043,0.0018018553959377706,-0.0019238498097417526
2007-04-02,0.001126281826609175,0.0008285633882327921,0.0016597014720189903
2007-04-03,0.010704677480425702,-0.0033768877244499513,-0.0012505348632036648
2007-04-04,0.0011128916424775575,0.0036710770593378008,0.0010225020797658062
2007-04-05,0.002707783108992768,0.004329092139057655,-0.003752942673472105
2007-04-06,0.0,-0.0022405201456337474,0.0
2007-04-09,0.001385075294133653,-0.003505219756541824,-0.006631519373192842
2007-04-10,0.0011767730503539655,0.005745739902175573,0.002978283326567601
2007-04-11,-0.004088714042542649,0.0005912560467894349,-0.0006867000423590148
2007-04-12,0.004434145052294092,0.0037972904237567047,0.00022876579593610763
2007-04-13,0.004552011011273723,0.002214976977085171,-0.003094447443499169
2007-04-16,0.009451789606861844,0.000595119701227114,0.005494929682958363
2007-04-17,0.0026548037480081913,0.0031707562070625063,0.0055774155885763895
2007-04-18,0.0012228755411401707,0.003085694759200224,0.0049819961443226994
2007-04-19,-0.0002718505222600257,0.0007626541274699375,-0.0016956046397838952
2007-04-20,0.009396936387874281,-0.0025988920806359708,-0.0026053812956657037
2007-04-23,-0.003775529133421108,-0.0003668451842609759,0.003623215453661651
2007-04-24,0.00040575628574599247,0.0038244163163706326,0.0037232463573721947
2007-04-25,0.00913954331926466,0.0002181818381190629,-0.003497087520468246
2007-04-26,0.0011367552846955778,-0.003675752970228529,-0.00725811785924706
2007-04-27,-0.0008022129419280928,0.0048494114800435644,-0.00022780648355567293
2007-04-30,-0.008327265688600758,-0.00021844980700544766,0.010420084170991679
2007-05-01,0.002559138353546549,-0.003747260473820311,0.0007241107130360443
2007-05-02,0.00583490611597972,-0.0009516025951878427,-0.0005663802733996701
2007-05-03,0.005401696728259814,-0.0023616065764961794,-0.0022632100546293426
2007-05-04,0.0037846584516286735,0.00242950797246619,0.004070804779073003
2007-05-07,0.00019833411646120514,0.0008156844765441158,0.0027055547925268117
2007-05-08,-0.0013258782517032522,-0.004356118412528027,-0.00225434294869398
2007-05-09,0.0027162077314989647,-0.001028613929169563,-0.0039563252892413515
2007-05-10,-0.010507512380951252,-0.0032546969872818657,0.0023761923156541114
2007-05-11,0.00852083805533032,0.002808412138111633,-0.00350892170307049
2007-05-14,-0.002189621344104392,0.0016237566728037366,-0.0026115109994054933
2007-05-15,0.0002657472395648427,0.003908054717428495,-0.00034152087661518826
2007-05-16,0.006816953718616595,-0.005315475432871865,-0.0006822030868015604
2007-05-17,-0.0019807592793139556,-0.0019994951675517837,-0.004104930792689092
2007-05-18,0.008686912928154681,0.0011883908784634518,-0.006650484001980978
2007-05-21,-0.0005244944543944612,-0.0034802681974606445,0.002986870869036398
2007-05-22,-0.0007869370431431278,-0.0010363797099100915,-0.0051750268578928055
2007-05-23,0.00013102098657006133,0.00044405383243243854,-0.0028859582501052717
2007-05-24,-0.009094198503925358,-0.0020838521647750805,0.0009245418289804205
2007-05-25,0.0041618902398766755,0.0014918842769631976,-0.0023129592588198304
2007-05-28,0.0,0.00014791405537950772,0.0
2007-05-29,0.003619540928206323,-0.00045719513623861867,-0.00011578851386046134
2007-05-30,0.008112364324942053,-0.001034912072294042,0.002081340051875426
2007-05-31,-0.001043098119797412,0.0017881354745269262,-0.001849131480448973
2007-06-01,0.0049441021003527996,-0.0010490313377885293,-0.00526752239542165
2007-06-04,0.00013003263879860844,0.0037168598859442527,0.004546209413281199
2007-06-05,-0.003965905646608357,0.0020799338177413472,-0.006299926127029883
2007-06-06,-0.010808354506036958,-0.002012432460841141,-0.00046847550169248876
2007-06-07,-0.018209969132755632,-0.004818869443093122,-0.018078987238012736
2007-06-08,0.012927179141987237,-0.005076310705902944,-0.0008348570579216793
2007-06-11,0.0017199141177729512,-0.00030725973420890894,-0.0028678123687040278
2007-06-12,-0.010965230624284943,-0.003745923237829175,-0.014586459812895636
2007-06-13,0.014857092279590442,0.000306084047586499,0.011830025987530428
2007-06-14,0.006365606574550541,0.0004393001998877837,-0.00252292876419302
2007-06-15,0.005674220598222222,0.0047249863218787646,0.006834154758160742
2007-06-18,-0.0011767673880457399,0.0027598583267902125,-0.002034225931150975
2007-06-19,0.0024820450115740638,0.0006038622315252051,0.009296063687011401
2007-06-20,-0.013994379701864906,-0.0020918888029170667,-0.008098573616270994
2007-06-21,0.005542357964354707,-0.00014737588191894604,-0.00479475407488356
2007-06-22,-0.009453137331158256,0.005722156959942775,0.006468105959463526
2007-06-25,-0.004793869132673707,-0.0002155056929058223,0.005475947251074094
2007-06-26,-0.01033167315909428,-0.0014131328376477863,0.0002371766698121393
2007-06-27,0.014128566068166261,0.0004439781614408838,0.0009491317334762356
2007-06-28,-0.0001329477371311188,-0.0005918373940478888,-0.00023703392267139688
2007-06-29,0.00033197659636117365,0.006597241793516568,0.010268307941802361
2007-07-02,0.009000441162090683,0.0072817671387979425,0.00524206384733369
2007-07-03,0.003616862795423346,-0.0016893359222049837,-0.006115443676022506
2007-07-04,0.0,0.000231439513204386,0.0
2007-07-05,-0.0010505905572487319,-0.0011837684252300237,-0.011269811914523798
2007-07-06,0.0052428694511808364,0.002273607244147827,-0.004064745706674097
2007-07-09,0.0007842981849146332,-0.00043609050675609226,0.0035872271842753234
2007-07-10,-0.014341812958021012,0.009940263148137809,0.016807279149294647
2007-07-11,0.007065077643792681,-0.00044028507718104655,-0.010382766642079204
2007-07-12,0.015666691011816686,0.002465126504058409,-0.0034445576976276765
2007-07-13,0.002975337684664028,-0.00022066750106031912,0.00273322253783086
2007-07-16,-0.0001291269441234773,-0.0005787917497040263,0.009567131342947163
2007-07-17,-0.0005169542368794251,0.0009510966933654294,-0.0021178166481010913
2007-07-18,-0.0018104666853729847,0.001228072762420278,0.0037627050366119594
2007-07-19,0.0038766123440884914,-0.0006487943293982995,-0.0002354441988460451
2007-07-20,-0.010176521509681777,0.0025974811527189954,0.008997611804294429
2007-07-23,0.0030574928799318698,-0.0021005699083487366,-0.0016293996047043195
2007-07-24,-0.01749316654111326,0.001450538454918856,0.0037213651502529957
2007-07-25,0.0020463439667068673,-0.007176983869525978,0.0019720774167735896
2007-07-26,-0.023963802735797117,0.0017447446360917636,0.008307563139190828
2007-07-27,-0.019855514638405788,-0.008325252356067583,0.002868514672430636
2007-07-30,0.015522524473525144,0.005551602663971917,-0.002868514672430726
2007-07-31,-0.011327394155831725,-0.002916328418624026,0.0072116500647995945
2007-08-01,0.004860553711042492,0.00036919018966253387,-0.002166168387653464
2007-08-02,0.007958607687715507,0.002190715266523799,0.0025220127207453463
2007-08-03,-0.026082832264523445,0.005814949717205861,0.006617724339610582
2007-08-06,0.016620750602411007,0.0007172283245640309,-0.007304700377449445
2007-08-07,0.010612982447668796,-0.004061829637418618,-0.0008027397710790151
2007-08-08,0.013844815411723357,0.0045034236919898685,-0.012227393419250119
2007-08-09,-0.03008242563265722,-0.009383369748191803,0.0013914816756631211
2007-08-10,-0.004687615165754888,0.0010945427312621665,-0.0023205328195964547
2007-08-13,0.0035872224940103233,-0.0055695850626722,0.002901061440731513
2007-08-14,-0.015404327643834202,-0.0057552514679918,0.0026605013567723313
2007-08-15,-0.013871518803547958,-0.007927119607856283,-0.0035878809681925633
2007-08-16,0.007487856900465749,-0.0002282700527195141,0.010264928488085889
2007-08-17,0.018200767052906065,0.005128152778545628,-0.004024160810455365
2007-08-20,-0.00048377310153321955,-0.0014159826082836004,0.0005762461938944956
2007-08-21,0.0020031929095516263,-0.0014810707618207813,0.004824074187218492
2007-08-22,0.011797292710275643,0.007034744555211308,-0.0016050189981308706
2007-08-23,-0.000887035392400626,0.0005149764814417804,0.003437718558235803
2007-08-24,0.012278169214565952,0.00808540311765737,0.004907249215638975
2007-08-27,-0.009347263014773288,-0.00212975292522103,0.005221772179735275
2007-08-28,-0.022225332317322495,-0.0028598645250534544,0.001697018803339921
2007-08-29,0.019431245330941142,0.005509077347500566,-0.002716411287893843
2007-08-30,-0.0026649535624885456,-0.002349178582383144,0.006665448956685181
2007-08-31,0.009804755909935191,0.0,0.0007877537248492221
2007-09-03,0.0,-0.0020577366462438515,0.0
2007-09-04,0.010045191938577005,0.00044927744302697756,0.00047476962719307265
2007-09-05,-0.008690749791593032,0.0024820048252687404,0.007984416291195725
2007-09-06,0.0022975244456407895,0.0030768737367854316,-0.0025798921771512783
2007-09-07,-0.014004387715687,0.0057550817696605805,0.014052136253683668
2007-09-10,-0.0019183773813308195,0.0,0.00772254713298566
2007-09-11,0.011592998900545248,0.00470835640824636,-0.0007701042591074912
2007-09-12,0.0025732419600954484,0.00489750997095469,-0.0037463063245763597
2007-09-13,0.0070086773997528815,-0.0029580294153666847,-0.008981697245537315
2007-09-14,-6.720947462844226e-05,0.0008045814224107345,0.0014471729001437922
2007-09-17,-0.005387209290613859,-0.0009431691687932653,0.004770495104518451
2007-09-18,0.02901436188032024,0.008255959021026103,-0.007555151952049625
2007-09-19,0.005886123115729616,-0.0007826730666743821,-0.009299828142550157
2007-09-20,-0.0070673178259891365,0.007839351228417807,-0.01909270895825491
2007-09-21,0.0026950022145665925,0.0009296893624302651,0.008454050351628163
2007-09-24,-0.0018441316543820556,-0.0012815633235391103,0.0028403452212916796
2007-09-25,-0.00197990071379426,0.00553221182547798,-0.0035228149861544025
2007-09-26,0.00527102535963052,-0.001343515502836976,0.0009108959410935675
2007-09-27,0.005895923415658174,0.0013435155028370047,0.006913823761684389
2007-09-28,-0.00333681297761486,0.007942515909544388,0.0022570416790315445
2007-10-01,0.011209726331199458,-0.0020235582804168785,0.005697785801478755
2007-10-02,-0.0013623389471391794,-0.005918957629127547,0.0031461460801891295
2007-10-03,-0.0020132428890539387,-0.0036868239894071414,-0.0029202972679544556
2007-10-04,0.0015595328229675016,0.0024846652860422962,0.0038177964794259478
2007-10-05,0.01181105174727466,-0.00014135679947215534,-0.010817102434187164
2007-10-08,-0.005339595427314028,-0.005960532199119793,-0.0007923794562465039
2007-10-09,0.009374025312458418,0.004110848232382134,-0.0012477995782816842
2007-10-10,-0.0016629224047687563,0.002415159913789221,0.0005664239537849946
2007-10-11,-0.004812510043956254,0.004294031785872975,-0.001020259492012436
2007-10-12,0.005515965116286026,-0.0008376405831204329,-0.0048957197144361185
2007-10-15,-0.008479647120731938,0.0009796550042017666,0.00022735600877608788
2007-10-16,-0.007965900002215863,-0.0019015764632828417,0.00034303986936356503
2007-10-17,0.0030510878605471193,0.0028252689716715884,0.010889023616215705
2007-10-18,-0.003636864324398093,0.005460015257666824,0.005513262951943308
2007-10-19,-0.026504366767683626,0.00014292513915757575,0.01481187481681178
2007-10-22,0.0057955610672532736,-0.008215492747765838,0.00010982616190226005
2007-10-23,0.008071518946304432,0.0054884730270725116,-0.0013267219230701996
2007-10-24,-0.001846899129116717,0.0003565272379224033,0.007388348039676829
2007-10-25,0.0023736750112176705,0.0044027541379229535,-0.0034115692440954176
2007-10-26,0.011654988936233646,0.004666836661072209,-0.002318387154700244
2007-10-29,0.0033148196384694016,0.0017286203443797165,0.0038600959553078285
2007-10-30,-0.006967187998817663,0.0015294238140221845,-0.000549660641067835
2007-10-31,0.010334768842762656,0.002211837484761853,-0.009072730418089904
2007-11-01,-0.023685693517887768,-0.003106636625978278,0.012909904978940978
2007-11-02,0.0011248111373369652,0.00420710309124672,0.0031907924096606466
2007-11-05,-0.007634600080568764,-0.0006807023299797544,-0.0004397929966479893
2007-11-06,0.013372038864748718,0.0059245733203781474,-0.0048470033343064505
2007-11-07,-0.027737241131619676,0.0041008517282169,0.0017650481044705732
2007-11-08,-0.005083507574671506,0.0038975245587246927,-0.001765048104470552
2007-11-09,-0.013821594884378667,-0.0004108722256162473,0.008466993321152711
2007-11-12,-0.009970984563641726,-0.01035094150447523,0.0036062653673756577
2007-11-13,0.030024902628166667,0.006659580270824283,-0.003715995317166378
2007-11-14,-0.002772897307288934,0.001990444458030221,0.0010949732555511707
2007-11-15,-0.014528810916983381,-0.0019904444580301594,0.009362622705007564
2007-11-16,0.0017163017988618672,0.0008923087357443026,0.0014072735641545101
2007-11-19,-0.014021819661201255,0.002388173919256924,0.006471974361863257
2007-11-20,0.006102638715487399,0.0111220140116236,-0.0010748553185400808
2007-11-21,-0.020677451547028325,0.0016776262589660075,0.00579397544198822
2007-11-22,0.0,-0.00013375671727195018,0.0
2007-11-23,0.017145279776712773,-0.0037070439225824862,0.00299278201364966
2007-11-26,-0.022310578391783645,0.0,0.019544842686876056
2007-11-27,0.011427576777394012,0.0024895732020006676,-0.009566885565597035
2007-11-28,0.031483921786681746,0.00020774051180167774,-0.0067823821888717195
2007-11-29,0.00033953579198049407,-0.005476143340527102,0.008576751992629777
2007-11-30,0.010005138876049932,-0.004344673585207022,-0.004861045855175755
2007-12-03,-0.006613627440477002,-0.0017619557634471063,0.007903725781749641
2007-12-04,-0.008978408543503517,0.00652006317598136,-0.00010556210454601086
2007-12-05,0.016601126206666962,-0.011378693278526978,-0.01199862822943504
2007-12-06,0.014211875338863048,0.0041107566498157526,-0.008799280495531584
2007-12-07,-0.00019913214552703642,-0.00020519392829726832,-0.011271080736182949
2007-12-10,0.007723395801411616,0.003597188534872544,-0.006012519247284129
2007-12-11,-0.02780288052179159,-0.0029962023253582567,0.019437223285322325
2007-12-12,0.009822863176018772,0.003481628824519075,-0.010377496678839464
2007-12-13,-0.0020777922151126757,-0.005869084003516574,-0.010925406138046864
2007-12-14,-0.01276074914235367,-0.013268676781390409,-0.004625002936603526
2007-12-17,-0.014371712692375044,-0.00167338966241109,0.008900711390998257
2007-12-18,0.0055680132625272,0.0,0.006432027019389557
2007-12-19,0.0,-0.0020157655751713633,0.013172420130139076
2007-12-20,0.006286394799704153,-0.003546524750527479,-0.0021475645410117183
2007-12-21,0.014312742107374484,0.003834231201776903,-0.01472713217770645
2007-12-24,0.007398408573868957,0.0006189676888680295,-0.004702030391779237
2007-12-25,0.0,-7.203996482267203e-05,0.0
2007-12-26,0.0021419821911710423,0.006368857065757975,-0.00880582205767214
2007-12-27,-0.012650737715308785,0.008657710207985734,0.010842466784531279
2007-12-28,-0.002508525504332797,0.007098151091698471,0.015473655238039693
2007-12-31,-0.007427575403808003,-0.007974705688657017,0.0060373153606993624
2008-01-01,0.0,0.0013003971967928403,0.0
2008-01-02,-0.008792965755650438,0.0066008428157930225,0.01429918255392613
2008-01-03,-0.00048309885005080644,0.0019001900849274437,-0.001377551537421229
2008-01-04,-0.024811665579418003,0.0006785673760695462,0.00021236274670560217
2008-01-07,-0.0008498549172183226,-0.004886721899964419,0.004339324536344018
2008-01-08,-0.01628014640213543,0.05871945893296162,-0.0011624924688715815
2008-01-09,0.01045592434874122,-0.06001070511602003,0.0019010526704239521
2008-01-10,0.006532320374183031,0.009296151102222712,-0.013600409065352979
2008-01-11,-0.008100913886127967,-0.0007398044182470798,0.007779558501376323
2008-01-14,0.008030103868012197,0.00532368410132199,0.003708251451187396
2008-01-15,-0.022258737055428697,-0.004509945441508732,0.01114862994595091
2008-01-16,-0.008650021290553167,-0.009370085343788819,-0.007242957170893406
2008-01-17,-0.02625798195416112,-0.0016410373246401988,0.012874825511546385
2008-01-18,-0.010320565640616881,-0.001506803123841998,-0.006888137498490573
2008-01-21,0.0,-0.013632886736837574,0.0
2008-01-22,-0.010198730018696887,0.015681521806396714,0.010625870972001227
2008-01-23,0.023736748581615584,-0.0010833873338453707,-0.0022821752575480346
2008-01-24,0.00840633131796677,0.009659835743934735,-0.02024705368389571
2008-01-25,-0.014550703325980734,-0.006729052981029263,0.016710181668645706
2008-01-28,0.016401237159728545,0.007674994959570421,-0.0037597996484320115
2008-01-29,0.004941960450786202,-0.0010936926165645777,-0.006822706001060123
2008-01-30,-0.007385090563248888,0.003996334044014725,-0.006551540836859744
2008-01-31,0.018069879184264268,0.0022866311865930326,0.007078009274603213
2008-02-01,0.01596025428160845,-0.004390326777096091,0.005992874346838618
2008-02-04,-0.01268974824984362,0.0018961379014617878,-0.010344176279821992
2008-02-05,-0.02713871369287144,-0.012891063796714643,0.007609970351568631
2008-02-06,-0.008084985558439062,-0.0014335183768834543,-0.0030581818973310646
2008-02-07,0.006592686348760463,-0.009499692069245143,-0.02178239857539246
2008-02-08,-0.006441748705724826,0.07271671061074682,0.011377673791825117
2008-02-11,0.005096588517847161,-0.07112277799298591,0.004153160532231832
2008-02-12,0.009228384153113629,0.005496916684268352,-0.0059692691696661615
2008-02-13,0.010171046391810632,-0.001777463168810088,-0.0106411100415056
2008-02-14,-0.008838551498780352,0.006029861134033083,-0.014805246327384282
2008-02-15,-0.00022190637639206607,0.0021842987897274495,0.0076479598290966865
2008-02-18,0.0,-0.0017742672877364772,0.0
2008-02-19,0.0028079989022655417,0.005435273627407993,-0.010174073354241342
2008-02-20,0.0029471993343734215,-0.00047120450446771757,0.006903756027359326
2008-02-21,-0.008348810550813024,0.006232492481184052,0.010535668869101594
2008-02-22,0.006139087544986528,0.0007410500929176951,-0.005742724347885622
2008-02-25,0.01253033238890777,0.000667303504610822,-0.010268164586504988
2008-02-26,0.007471824781299986,0.010739323515435691,0.0003299456630382033
2008-02-27,-0.0010125004224616106,0.008100639987673944,0.0008770875770639378
2008-02-28,-0.00981445279915352,0.00513818960509774,0.017609165980554578
2008-02-29,-0.022536194453224814,-0.0002582843624746663,0.015184394315801993
2008-03-03,-0.00239414502358181,0.0005318737629685603,-0.00258139615862714
2008-03-04,-0.0038276940974676372,0.0006538640224066449,-0.009765240638249458
2008-03-05,0.006296996570538828,0.004390105590546174,-0.012043648699931502
2008-03-06,-0.02091530403875612,0.007052188261370356,0.005334962046219649
2008-03-07,-0.010354235376575465,-0.003194945445012618,0.0013016800133471857
2008-03-10,-0.013271017095804452,0.00032206790253123594,0.014637566723551985
2008-03-11,0.03530670074106678,6.138630958228054e-05,-0.008584184700390067
2008-03-12,-0.009395256984746327,0.012831057854317375,0.019107323691870164
2008-03-13,0.002205068427338407,0.005266292446049868,-0.00785430305262914
2008-03-14,-0.015616999127282103,-0.00026551166577569495,0.012284866116777083
2008-03-17,-0.010158730768444693,0.008296214580660608,0.007656095810255414
2008-03-18,0.040704368212200304,-0.0057315856944794,-0.0038729985142865724
2008-03-19,-0.025082522455453723,-0.0012205477372256625,0.01643310947526716
2008-03-20,0.01835354717117049,-0.012665235872254469,0.0024719930045335194
2008-03-21,0.0,0.01637854274413686,0.0
2008-03-24,0.01979059375135623,-0.016841680915764372,-0.019534192357281467
2008-03-25,0.0009643603782510557,0.0114096023366153,0.004187339412321861
2008-03-26,-0.01231121582158121,0.01348564241189417,-0.004187339412321733
2008-03-27,-0.0031583838044777234,-0.0006327823746180622,-0.007055556226126375
2008-03-28,-0.009610495780213987,-0.0033627094019841493,0.009675441990120099
2008-03-31,0.0034917502730111346,-0.00018910765675342382,0.003551464711640136
2008-04-01,0.034555737063333,0.0,-0.016408889580972457
2008-04-02,0.000658989811768315,-0.005092554441072868,0.0021267203404195705
2008-04-03,0.002483548515885023,-0.0006895841729453946,0.0022289378106262344
2008-04-04,-0.001095312224236208,0.004443596055149054,0.009073880697087682
2008-04-07,0.0005115025320985211,-0.002028030116645547,-0.00526526035670395
2008-04-08,-0.0010227215177739618,-0.008117764125219978,-0.003490191985838988
2008-04-09,-0.0072622471437762265,0.015668936234090117,0.010330821431317696
2008-04-10,0.001398219695556806,-0.005192616882220931,-0.00336236604707352
2008-04-11,-0.01959997359827166,0.005066047230019034,0.0067121402343801725
2008-04-14,-0.0033800412063926056,0.00018984847135591283,-0.00587078619115787
2008-04-15,0.002329854796746204,-0.002465635310064624,-0.01248389593305674
2008-04-16,0.026732990642532276,0.010840409753311304,-0.009842912794847317
2008-04-17,0.00146075804740545,-0.003520512894285333,-0.0017216009583630957
2008-04-18,0.01038014113491021,-0.010629473028641551,-0.0008617694725019038
2008-04-21,0.0005055539867344217,0.011249838853026951,0.0039804842595318355
2008-04-22,-0.004413008515430139,0.004769069764052747,0.003429334991360233
2008-04-23,-0.0015958091057697464,-0.007153036524648969,-0.0033219565150577656
2008-04-24,0.004347224367968008,-0.012039050187667943,-0.00851768635522321
2008-04-25,0.009211109081876808,-0.0030068546323999083,-0.005863436481404239
2008-04-28,0.00021490445289531964,0.0010169221709530505,0.0030444736900696228
2008-04-29,-0.003947016430474628,-0.005494715901927384,0.003793469437463212
2008-04-30,-0.005913078245286305,0.0035243189313304947,0.007113238542836828
2008-05-01,0.02047487942081388,0.0,6.487890204837379e-05
2008-05-02,0.0027591706962030445,-0.012111515885263322,-0.01269092200278271
2008-05-05,-0.00481671645195964,0.004144876062821357,0.0
2008-05-06,0.00862600745209989,0.002436119177440471,-0.007230608760548016
2008-05-07,-0.01797132800158091,-0.009755338422466819,0.004279160438820037
2008-05-08,-0.0025832554623038922,0.005121009568524395,0.00893734522975062
2008-05-09,-0.0018705979813115638,0.0016714092612361274,0.003681755119855548
2008-05-12,0.011168953943244648,0.003227147791657818,-0.001514422067873783
2008-05-13,0.00014181585398292287,-0.004063273456001686,-0.01099499709892785
2008-05-14,0.002062515421040408,-0.0005105651146711448,0.00043751401558919634
2008-05-15,0.012425203714464293,-0.0011749736466106328,0.009041772661005346
2008-05-16,0.0009113924038103575,0.009345001887813053,-0.0041297199688993735
2008-05-19,0.0027302471006097756,-0.004372885043214056,0.001306056750063088
2008-05-20,-0.00814221675501503,0.008091672195996756,0.005204792077082987
2008-05-21,-0.01705875008358544,0.008520653279491155,0.00021688433876109684
2008-05-22,0.00014318395135605347,-0.003561685120518135,-0.01185891885997093
2008-05-23,-0.013495039268148467,0.003372298202706694,0.00436813259373338
2008-05-26,0.0,-0.0003630163297508519,0.0
2008-05-27,0.0073834974847603535,-0.005617459001472995,-0.006779000454051606
2008-05-28,0.004605250433927257,-0.0022255286980346818,-0.008926142731971686
2008-05-29,0.005012172637533093,-0.0088534132743667,-0.007221291418467359
2008-05-30,0.002496924814990709,0.0014753849480859044,0.006557354067701681
2008-06-02,-0.010385151652971106,0.0003264091821131771,0.003850139691470634
2008-06-03,-0.005848514457797742,-0.006183725367504459,0.007173067559112393
2008-06-04,-0.0005071614758639932,-0.0011426535886271242,-0.008946349106671308
2008-06-05,0.019800207580978536,0.010081728595128014,-0.006008960265861203
2008-06-06,-0.03241355779659712,0.012502273534429804,0.012863344521852404
2008-06-09,0.0024182252096880664,-0.00900422025385678,0.0
2008-06-10,-0.004989627276427162,-0.011540579984029261,-0.006521837887251016
2008-06-11,-0.014821722269394306,0.006049176181887985,-0.002331474793959603
2008-06-12,0.003800380322603275,-0.006250318670354929,-0.010054128841108186
2008-06-13,0.01256491387524302,-0.005965513092707209,-0.0021363323366898057
2008-06-16,0.0005875167460022734,0.006800810569355219,0.00022500198116767785
2008-06-17,-0.004856365103732201,0.0030996318714935412,0.0020228915474903033
2008-06-18,-0.009784775458810855,0.001040413643268146,0.008384660726034198
2008-06-19,0.0012660799154846328,-0.001816246780800255,-0.005918408057507651
2008-06-20,-0.01636485513503888,0.007581956816354292,0.005807852117268609
2008-06-23,-0.0009889027667350234,-0.006744070735507417,0.002111715189059796
2008-06-24,-0.0019798549128129273,0.0030315228118867055,0.006645701048858676
2008-06-25,0.00471491064650167,0.006654897479041317,0.0004412174282914982
2008-06-26,-0.027535972381428665,0.005028297362824255,0.006707385027061674
2008-06-27,-0.005473618120769073,0.0,0.011657366674605126
2008-06-30,0.003521978961914617,-0.00018897598044401482,0.00021752668659287173
2008-07-01,0.003120763952915588,0.0,-0.0023717581897658865
2008-07-02,-0.017285151978320843,0.008096668816535283,0.00521503765589253
2008-07-03,0.001029931701399431,-0.011273126436746037,-0.0021706371073258153
2008-07-04,0.0,0.000879556160546862,0.0
2008-07-07,-0.010265839284161136,0.00039296592271552996,0.004552608997529525
2008-07-08,0.017601439608489068,-0.024871661813691187,0.00646684886376931
2008-07-09,-0.019442855988858223,0.025878212054127152,0.004394055453659335
2008-07-10,0.0040789490230651905,0.0031206040581007715,-0.00010758626003311743
2008-07-11,-0.011720783133968566,0.010329298292958498,-0.014327870170825836
2008-07-14,-0.009085043862250928,-0.003645709353015772,0.008749584630224728
2008-07-15,-0.014197394444616127,0.0005085623795430962,-0.00032186657914866487
2008-07-16,0.024250802542588008,-0.004853231522822666,-0.018241772591572666
2008-07-17,0.009953765795359872,0.0021382310389206276,-0.0051632718449892995
2008-07-18,0.0062108255911122725,-0.00012684162381650116,-0.0037522993642084114
2008-07-21,0.0005552930348548834,0.0037803644697723383,0.0038627943663108125
2008-07-22,0.0112805551358017,-0.007688524706527425,-0.004968121877457258
2008-07-23,0.00539839820784149,-0.006328421880499874,-0.001994853418190398
2008-07-24,-0.020972182566184033,-0.00023529475334783216,0.009711972287010205
2008-07-25,-0.00023873943326964476,-0.0010036442049052674,-0.010044420436318995
2008-07-28,-0.014772221378827005,0.004350905701333952,0.010044420436318955
2008-07-29,0.021127384136155225,-0.009603175501684673,-0.004071524666881816
2008-07-30,0.017660461803059684,-0.001106388430525835,0.0009913693667620842
2008-07-31,-0.013314415491002263,0.001246684222451814,0.009865983266970682
2008-08-01,-0.005297115479433316,0.0,0.002210323999269289
2008-08-04,-0.009317222622746384,0.0,-0.0022970310431700705
2008-08-05,0.02660517846617034,0.0,-0.00747405254464912
2008-08-08,0.007837587463013758,-0.03552190306552724,0.014783368029589862
2008-08-11,0.010304758266002195,0.0,-0.009611635029907441
2008-08-12,-0.010459217236054717,0.0,0.009284908866355907
2008-08-13,-0.006048276456144525,0.0,-0.0034853793737454107
2008-08-26,-0.009220275432616581,-0.027006015106835084,0.02627429845056781
2008-08-27,0.009686967972806894,0.005301938141333536,0.001699433913725606
2008-08-28,0.012054679234523776,-0.0007949470425621587,0.00010626259002049596
2008-08-29,-0.010811860885637124,-0.0029384254476455826,-0.00446584620814854
2008-09-01,0.0,-0.0065656570947245875,0.0
2008-09-02,-0.0062308384813736855,-0.004058170856785097,0.009261687540365724
2008-09-03,-0.0008602302245114788,-0.0020591425221934043,0.004229520696142549
2008-09-04,-0.03056891991206537,-0.015381144871580115,0.007988185343675482
2008-09-05,0.003139699900958727,0.0006992204603607609,-0.0005240359885740252
2008-09-08,0.02044544741523092,0.05287759535229797,0.004180794242980906
2008-09-09,-0.030136877362842998,-0.061773920728298674,0.009858807978026596
2008-09-10,0.004049466264081543,-0.0116888800173726,-0.006215032661594826
2008-09-11,0.014364579474521801,0.0008533801121197061,-0.0005195423556636687
2008-09-12,0.004610292997624131,0.01727956539955487,-0.012975810605398142
2008-09-15,-0.04875441352304996,0.0020383837580587273,0.0319260897582586
2008-09-16,0.01659893517552614,-0.009430018949630059,-0.0002046444406874431
2008-09-17,-0.04600538233262841,0.013648198564252673,0.004987976330512072
2008-09-18,0.029239962997022986,-0.0017037373595345552,-0.01472944736075628
2008-09-19,0.03894539468113769,0.007870055715632276,-0.03224957996229295
2008-09-22,-0.022899255686109937,0.02588063811327514,-0.00010669209261093251
2008-09-23,-0.02301478854544585,-0.006988811716418743,-0.0038390017325959985
2008-09-24,0.0032005588532527094,-0.004076347876194521,0.0043707463474683735
2008-09-25,0.015518028517772689,0.0006002187028519885,-0.002022931210080436
2008-09-26,0.000496765926209106,-0.002938722433576498,0.007221780461975814
2008-09-29,-0.08160240988750384,-0.014191183822729101,0.02868464548847602
2008-09-30,0.04055656524035441,-0.020838726747097962,-0.024672030507919634
2008-10-01,0.0006031785062725191,-0.005706855754467501,0.012502211375222614
2008-10-02,-0.03694855368225369,-0.014968789940075682,0.008007338843804281
2008-10-03,-0.013592300176509616,-0.0016694470894127007,0.008764986295236041
2008-10-06,-0.05227631747186454,-0.020520458544919223,0.018009268017123256
2008-10-07,-0.04581966351917819,0.006136527503310467,-0.0030292036470814985
2008-10-08,-0.025515482780111932,0.09599245337352873,-0.014466384809685637
2008-10-09,-0.07239782609355098,-0.0952585030440745,-0.008450052114711892
2008-10-10,-0.024554363725484182,-0.014820246346670198,-0.007061729475502967
2008-10-13,0.13557741610748583,0.016575979413581615,-0.012902996610742479
2008-10-14,-0.014911191061624312,-0.0002860325044499448,-0.006460676702395937
2008-10-15,-0.10363727608553461,-0.012867675287039299,0.00951788824373919
2008-10-16,0.04081278298145043,0.003420673689635183,-0.005171325597541
2008-10-17,-0.005989592854141327,-0.004978869049058091,-0.006900545996979387
2008-10-20,0.05834380766360534,-0.00820799603272654,0.007959058630979449
2008-10-21,-0.0303097001862335,-0.019120233843420667,0.00527039952954847
2008-10-22,-0.05599337035922779,-0.01888969224809695,0.020086835971854962
2008-10-23,0.011517697754799296,0.009956725545702923,0.007391561811264607
2008-10-24,-0.05204534820543794,-0.024638939857002353,-0.010694814539908053
2008-10-27,-0.03614651559209987,-0.013174293530413102,0.0007232876635798981
2008-10-28,0.11051675028150042,0.027254175474300528,-0.014672440856976663
2008-10-29,-0.0072786878488415255,0.011659930314412394,-0.0050451506873152585
2008-10-30,0.03400867498503995,-0.0070637075725946945,-0.009103141992726172
2008-10-31,0.005488739997061054,-0.012989200305231121,-0.013054919564474557
2008-11-03,0.002887476408868575,-0.006633764291643426,0.0026988452381955675
2008-11-04,0.0334173789300528,0.028593508882069955,0.018594582566878456
2008-11-05,-0.04293662307687868,-0.005089801198032505,0.011787705928557877
2008-11-06,-0.05700541325783338,-0.01741593036892256,-0.007246365225196546
2008-11-07,0.03248459296724834,0.0014990597560185584,-0.006555017303673598
2008-11-10,-0.013190951695828422,0.002660882597178923,0.0048678766802320115
2008-11-11,-0.03136295097001641,-0.01836591218615012,0.002952512947710619
2008-11-12,-0.044998205361170295,-0.004557884112118673,0.0064002102575912035
2008-11-13,0.06047363878049985,0.026115889570376614,-0.024241767485129198
2008-11-14,-0.05119467995614371,-0.0151039700456851,0.019628470948345904
2008-11-17,-0.013365638995843266,0.0037230246233954153,0.004403947902052556
2008-11-18,0.018661510348328195,-0.000556132234981122,0.012785498102336455
2008-11-19,-0.06622425476423674,-0.010471644434272998,0.025291188089054624
2008-11-20,-0.07713301525653671,-0.005313025748497885,0.05037211609677226
2008-11-21,0.05253885459747893,0.012139198333224207,-0.01456534612058371
2008-11-24,0.06699528784567085,0.02562069748939223,-0.015766804856330294
2008-11-25,0.007381488721456163,0.00896618244535278,0.028990529542335268
2008-11-26,0.03791363822320056,-0.010399079114808474,0.0013416214345788081
2008-11-27,0.0,-0.00032239832092330133,0.0
2008-11-28,0.01251045311291224,-0.015406356418535274,0.01227735766322828
2008-12-01,-0.09274992889583773,-0.007816670136345322,0.03757993591088889
2008-12-02,0.0377633147394584,0.009023625248262727,0.0038321687001036824
2008-12-03,0.0237563728447348,-0.00041941686852584996,0.0028181822102403323
2008-12-04,-0.023405054660751722,0.005185596045427306,0.019512942711192822
2008-12-05,0.030366734307570656,-0.004473666898441223,-0.016338710442886414
2008-12-08,0.03431889517744844,0.159631874406008,-0.0021758157951539945
2008-12-09,-0.016620830743684804,-0.1433236378744117,0.019581858405427238
2008-12-10,0.006791919820604785,0.006783340415443277,-0.0024038814400657144
2008-12-11,-0.024376127493784615,0.023983908263089614,0.0019598075559875234
2008-12-12,0.01186940949154808,0.0018011885169566776,0.0
2008-12-15,-0.014032083911330057,0.025289060823933424,0.011326429001472748
2008-12-16,0.045991362482813096,0.02636695123180153,0.024423958262486226
2008-12-17,-0.009733851402982215,0.02433972096073151,0.026773069899117118
2008-12-18,-0.01886038995809511,-0.008036335195657648,0.020764999239390222
2008-12-19,-0.004310921814851623,-0.026015022679856767,0.0010647941270236232
2008-12-22,-0.012895875894084776,0.002370156525694562,-0.007718887185900796
2008-12-23,-0.010391443246734165,-0.001520320636100451,-0.001319909934898697
2008-12-24,0.005786075039617628,0.005086286986281764,-0.002148053702597274
2008-12-25,0.0,0.00043431648775933164,0.0
2008-12-26,0.005753328899077743,0.0008553197495614791,0.003303323903530598
2008-12-29,-0.0028722861568800696,0.000856032321046737,-0.0012006272928327063
2008-12-30,0.02342600472605126,0.007171514794892139,0.009478960935561541
2008-12-31,0.01417358234969073,-0.011388330538015646,-0.021139641119833685
2009-01-01,0.0,0.0013569437686815394,0.0
2009-01-02,0.02969677447699313,-0.005444765780106236,-0.02545873800070842
2009-01-05,-0.0011839293241051054,-0.020096308939095725,-0.02612214583868459
2009-01-06,0.006655039283276215,-0.01000690086785891,-0.01010804992007376
2009-01-07,-0.030413856614737944,0.00744470286978558,0.003913607927790181
2009-01-08,0.004072168047710979,0.006445180304046515,-0.0008001341669631325
2009-01-09,-0.02165188632331051,-0.017974966191582543,0.001510139947675781
2009-01-12,-0.0243139059913468,-0.007079140061624425,0.010324348752162774
2009-01-13,0.0018385699623410232,-0.011899495401654971,0.0010532541502485
2009-01-14,-0.03195983070694194,0.001136003906681811,0.01635491337467517
2009-01-15,0.0003559244586523941,-0.004470509656238141,0.001637020996939068
2009-01-16,0.007788927674280901,0.01013017565649961,-0.015538797591734639
2009-01-19,0.0,-0.01501316273440482,0.0
2009-01-20,-0.054230340224737494,-0.016093174041099355,-0.0001750730657612594
2009-01-21,0.04228526752627065,0.009281438754452476,-0.03209885617948649
2009-01-22,-0.015587855823731197,0.00013006218851575993,-0.019433383195687614
2009-01-23,0.004341181843472174,-0.003220412475070374,-0.007862507988412152
2009-01-26,0.006834908675561026,0.017354114945374602,-0.00876715082582153
2009-01-27,0.010106848881621583,0.0018221839147202772,0.02324117432889641
2009-01-28,0.03327435355171289,-0.004759664983317552,-0.025304403010191257
2009-01-29,-0.03303816545085763,-0.016501872780047812,-0.023266720350260343
2009-01-30,-0.02055276239969936,-0.007835455932161062,-0.0031756288166319615
2009-02-02,-0.003022474436285218,-0.0017187178056127512,0.01843431256089539
2009-02-03,0.013948851955097116,0.015328147161452766,-0.02410464548719895
2009-02-04,-0.004907881531570053,-0.012157904159987775,-0.0035052235695526767
2009-02-05,0.014770707940743671,-0.005026766324964116,0.0008773015046447547
2009-02-06,0.028098772589031856,0.010570033916624895,-0.003122916156788066
2009-02-09,0.0013790690634919041,0.0024722230720384004,0.0032202698958182707
2009-02-10,-0.04689222883884786,-0.003480014092613479,0.02149859990572473
2009-02-11,0.005878301839804311,-0.003570815098175574,0.012886887024019706
2009-02-12,0.0007177753251260817,0.0017773839914638817,-0.00945905802186853
2009-02-13,-0.010816301701318483,-0.001931734017419516,-0.026974674331651727
2009-02-16,0.0,-0.005222914182929435,0.0
2009-02-17,-0.043716113362405155,-0.017105883149587477,0.030674395031094114
2009-02-18,-0.0024011116606007022,-0.001031182309841962,-0.008559471506246181
2009-02-19,-0.01081384146440811,0.007139451179711698,-0.01714846174010445
2009-02-20,-0.009768224507860314,0.021406074113407895,0.009670635705079667
2009-02-23,-0.03643475947848246,-0.01989852339597043,0.009195665230908884
2009-02-24,0.03720899812850456,0.01533069794205785,-0.0010493579498702663
2009-02-25,-0.007903580970000313,-0.011698156424098882,-0.01161694985902865
2009-02-26,-0.01639541167310965,-0.0002926260094189969,-0.010581020246353313
2009-02-27,-0.022602549665844986,-0.0032764489450785653,-0.0057737263110186916
2009-03-02,-0.0460880840790698,-0.00910006907937546,0.016419925429240752
2009-03-03,-0.007535441591730501,-0.002572305185430479,-0.006703908391373435
2009-03-04,0.0234143820399543,0.008444393100459061,-0.004591250353445345
2009-03-05,-0.04170534173082841,-0.007253181117832078,0.02743048218928
2009-03-06,0.0017426314264489169,0.007253181117831999,-0.006691738283782608
2009-03-09,-0.011822528877241603,-0.0012125351002551263,-0.005867256855411645
2009-03-10,0.05790051659808849,0.0074117858563315445,-0.019386481894656093
2009-03-11,0.006491306582044203,0.007057106346311402,0.010762844520620806
2009-03-12,0.03861706854776268,0.007171893000244536,0.004756832330958181
2009-03-13,0.007784110572428329,0.0024020189162898406,-0.005049091737985168
2009-03-16,-0.0030269824556044675,0.003562020395544233,-0.01589553860341452
2009-03-17,0.030123891134541454,0.004395518798526304,-0.005454352590142206
2009-03-18,0.022137500397855333,0.03400181136959132,0.037188062551437064
2009-03-19,-0.012462645533416672,0.013111129583699902,0.0012441597249839113
2009-03-20,-0.021524595574208903,-0.005871060606620556,-0.005565240866594108
2009-03-23,0.06936699636632454,0.0028291294286644487,-0.008698833567277648
2009-03-24,-0.019900122253440143,-0.010271407936797084,0.009467807017015457
2009-03-25,0.010490256631161592,0.007075682847711305,-0.013552924749112218
2009-03-26,0.020176191101585788,-0.0034155451351217435,0.011532905763731106
2009-03-27,-0.018213845072010234,-0.017795948917794246,0.007390332528737553
2009-03-30,-0.035165671118814364,-0.007996337506278465,0.0038185147108925196
2009-03-31,0.009222480090907911,0.004599325750559984,0.007119610064951079
2009-04-01,0.01918129140421943,-0.0004503208555883319,0.009085476438710457
2009-04-02,0.02881817972394983,0.016918637299002292,-0.012297220517104714
2009-04-03,0.009899913269399742,0.0016444120816444389,-0.020675130861536543
2009-04-06,-0.007864271310855852,-0.00619921205208972,-0.0042826756804347724
2009-04-07,-0.023601602769582307,-0.009619158295263375,0.0025328939566469674
2009-04-08,0.010720414691667303,-0.0019630702429045336,0.008818127388450012
2009-04-09,0.03897348740787159,-0.006919777514935391,-0.01262091075096644
2009-04-10,0.0,0.0012114710813765403,0.0
2009-04-13,0.0002328270968011902,0.014171819305623487,0.009142125551595656
2009-04-14,-0.017393196810715696,-0.00675267676357618,0.005214513664827733
2009-04-15,0.010612769844597303,-0.0036304466600069053,-0.001735728465456954
2009-04-16,0.014556357100388446,-0.003446125430687802,-0.007942386669862052
2009-04-17,0.006682650927006347,-0.010332530175624343,-0.011049817501000236
2009-04-20,-0.0428193494465783,-0.008934880080757457,0.015028585813721667
2009-04-21,0.019348709351886685,0.00046551987379874366,-0.00992885912645667
2009-04-22,-0.006131358834599947,0.005460424074720514,-0.006083412590489957
2009-04-23,0.009769583357829277,0.010340918132273074,-9.809399467733735e-05
2009-04-24,0.014997950891614749,0.008869933829737676,-0.010090928430351621
2009-04-27,-0.009507844141888074,-0.018195787420551904,0.004266119090642217
2009-04-28,-0.0031501130660085102,0.008563912837585817,-0.01647164355456085
2009-04-29,0.021045983114808077,0.010228640818117725,-0.008898267544707851
2009-04-30,0.0003435016467733858,-0.0023188577343014544,-0.003967755511294453
2009-05-01,0.005361648371860513,0.002478079023925897,-0.006905682484525134
2009-05-04,0.03345435055119718,0.011288197134526641,0.003289137837591725
2009-05-05,-0.0034165748802747185,-0.007686083740179227,-0.0012311749654207776
2009-05-06,0.017185786410071523,-0.00022634175857630032,-0.002366990028673137
2009-05-07,-0.013989213755849488,0.005928475363935283,-0.02471604342667767
2009-05-08,0.023064251681702952,0.018271989020801675,0.0024254772600512883
2009-05-11,-0.01889121150633481,-0.00360785618454506,0.014119440718017934
2009-05-12,-0.0029629985684102612,0.004044426562454919,0.0036284919806393685
2009-05-13,-0.02549573382804421,-0.004139518444179716,0.01080642376692451
2009-05-14,0.008533773821094742,0.003484766228150962,0.00388141369964056
2009-05-15,-0.008195151164331423,-0.009878022251002481,-0.0003054157728722636
2009-05-18,0.028010719410813973,0.004140075400984862,-0.015624394280095112
2009-05-19,-0.0012065914632682364,0.005465240039142713,-0.0052986361548868245
2009-05-20,-0.006716731484636205,0.010263154962271254,0.010464637994036722
2009-05-21,-0.014467370035179615,0.009618287200858314,-0.025471064781650617
2009-05-22,-0.0021321733641097313,0.006949321564701465,-0.011163757003377501
2009-05-25,0.0,0.0002800415433116527,0.0
2009-05-26,0.02529039495369164,-0.0009240089359553149,-0.015189181832479727
2009-05-27,-0.018015165436491978,-0.011506566481380924,-0.017853924921802166
2009-05-28,0.01384373428788988,0.006996729754814124,0.014372990303891718
2009-05-29,0.017552856553785932,0.016093850929070994,0.025489357485844195
2009-06-01,0.02392048267508241,0.00048136642316980833,-0.03000919488493852
2009-06-02,0.0008435481638920765,0.010164514831264352,0.005365024268302585
2009-06-03,-0.012732322967297083,-0.011169603005919059,0.009346679273549225
2009-06-04,0.009352753829765154,0.00199705961400183,-0.02087830201681856
2009-06-05,0.0002120110996299971,-0.014637432775472926,-0.007651746218726611
2009-06-08,-0.0041336326690295565,-0.00494775352537382,-0.002562914608793265
2009-06-09,0.005084712619299921,0.01146593711216765,-0.00011116326759427772
2009-06-10,-0.0025390695187132548,-0.005665513098056201,-0.01586182851626032
2009-06-11,0.004438958157956018,0.009046368771814797,0.011050808505361744
2009-06-12,0.0027385578652737463,-0.007815041343329204,0.00893134593551389
2009-06-15,-0.02319520767088475,-0.015559548217554954,0.008963064870884828
2009-06-16,-0.013656139339702836,0.0032585377806486054,0.01725481652140523
2009-06-17,-0.000982117647780536,0.007788917882399293,-0.005646095435301602
2009-06-18,0.007291578354234927,-0.0016572780740828012,-0.015250765092599473
2009-06-19,0.003679300610515074,0.002298617101785081,0.013616530398047264
2009-06-22,-0.030445563095734575,-0.005882256947526395,0.009659031494373263
2009-06-23,0.0007838117782384485,0.014806136518114214,0.011706022614430739
2009-06-24,0.008580592451500236,-0.009356210270206338,-0.010086935251329135
2009-06-25,0.021515840547597462,0.0031976598080342726,0.018167765430569718
2009-06-26,-0.0026100292799028217,0.004808573969686594,0.0016920955260655694
2009-06-29,0.009320481509929559,0.002349606646556784,0.0014793639134813756
2009-06-30,-0.008123887165532216,-0.0033609299714689933,-0.0016906688636487582
2009-07-01,0.004124608732113567,0.007242178140674165,-0.001985282591363906
2009-07-02,-0.027672498325891727,-0.013051340351973934,0.00233485371422595
2009-07-03,0.0,0.0001814769900484367,0.0
2009-07-06,-0.00011188785467861253,0.001215260266433631,-0.001910572598197283
2009-07-07,-0.01956637577591969,-0.0043792104788934446,0.006670726577619037
2009-07-08,-0.0006815788397721307,-0.002654385918258181,0.01830171011271784
2009-07-09,0.0019299738265760684,0.010674195225456188,-0.011988262733180818
2009-07-10,-0.002384226590950221,-0.006724811944232116,0.009187184160092343
2009-07-13,0.024037592350563155,0.004021105435285719,-0.00562772845171521
2009-07-14,0.005644587716068722,-0.0013282770157532601,-0.01675571401117981
2009-07-15,0.02882659683720185,0.009292293702401234,-0.02605413090704631
2009-07-16,-0.0016100175628229023,0.0027677722959460506,0.010740962810199452
2009-07-17,0.010895545928904226,-0.002556206849905267,-0.015552216636760373
2009-07-20,0.01056775235109818,0.007546352851452053,0.005247262202448744
2009-07-21,0.0046142494310371105,-0.0009375514432937283,0.0197556959539051
2009-07-22,-0.0002091103270999677,0.0005254459045502823,-0.009018774340465241
2009-07-23,0.021842551503884974,-0.0030070792465378294,-0.01850743551215121
2009-07-24,0.004087504807263743,0.0034334443554243396,0.0048224780194147795
2009-07-27,0.0029523824459610367,0.002461591104315358,-0.011547679179581155
2009-07-28,-0.004687747200986216,-0.007112420506473814,0.008811054459469564
2009-07-29,-0.0024547165410781853,-0.009335073511541043,0.0054669569171943546
2009-07-30,0.010391289070532191,0.0050016229606511175,0.014076743338138359
2009-07-31,0.001417885494679154,0.012358159921764153,0.019275389898054378
2009-08-03,0.016362031415061977,0.010594071507457191,-0.015269985096873655
2009-08-04,0.0025850669079609504,0.0005333743179454742,-0.007984041396496454
2009-08-05,-0.002883896958666903,-0.0005478496789579947,-0.015060358088873073
2009-08-06,-0.005192443889155973,-0.0026912572385692324,0.003402697284999426
2009-08-07,0.01302938218626731,-0.012739248013745312,-0.008363351958782184
2009-08-10,-0.002077539587972466,-0.00423414480597996,0.01240932118033259
2009-08-11,-0.012555148217239064,0.0013433682317959433,0.011503550342963114
2009-08-12,0.010672055368991086,0.004723138854991133,-0.010739237682645057
2009-08-13,0.007610019107414527,0.004131435442031511,0.014078704074509243
2009-08-14,-0.007709092738311164,-0.0048420602177822345,0.003863532406974688
2009-08-17,-0.024913583681217724,-0.007134837089584154,0.014674863771896971
2009-08-18,0.007902904093695953,0.004184190326702685,-0.0058232755321986265
2009-08-19,0.008741177258917729,0.006252046140693286,0.008248229453461601
2009-08-20,0.010251668807748552,0.0004277722230019529,0.008180686307575409
2009-08-21,0.019416083981233817,0.004258531347762606,-0.02079063230873681
2009-08-24,-9.718625733799755e-05,-0.0019457463697590803,0.017966438651611488
2009-08-25,0.0019410318770977904,-0.0006286435826815868,0.005641421574678308
2009-08-26,9.669751952361174e-05,-0.003351194498703161,0.004571943873120272
2009-08-27,0.002226659573211838,0.009555392011256684,-0.003948790537191887
2009-08-28,-0.00019317396774172314,-0.0009051174851781665,0.004570084991361941
2009-08-31,-0.008939183150215094,-0.0012055225233143238,0.0009322003578282103
2009-09-01,-0.022304127450014664,-0.00915157886809881,-0.0024227093688013596
2009-09-02,-0.003799929833659324,0.004358331612528916,0.014469424418366201
2009-09-03,0.008280846729058197,-0.001241126465564239,-0.00617569347491041
2009-09-04,0.013911580383398443,0.0026408507217955185,-0.01718072925267903
2009-09-07,0.0,0.0026479520216309434,0.0
2009-09-08,0.008585799383123916,0.011937900135362485,-0.007062654802077064
2009-09-09,0.007645160413040798,0.0030213395076040127,-0.001164930970517692
2009-09-10,0.010166837103252087,0.0022866815609291144,0.018259562078862725
2009-09-11,-0.0001913012348311682,-8.748159621725039e-05,0.00549577426699661
2009-09-14,0.004856143370566855,0.0043250049163589465,-0.009977377204654029
2009-09-15,0.004170611990082854,0.0018908128244945895,-0.005130485698276539
2009-09-16,0.015020847059441785,0.0027913687387891195,0.0017818977517698891
2009-09-17,-0.0014919335764465253,0.0014280871750399762,0.012498286968003574
2009-09-18,0.0006375676692298223,-0.001148576406181736,-0.008939907883372875
2009-09-21,-0.0025331130216882073,-0.002175601723122646,0.0022940983109909644
2009-09-22,0.005807505619243968,0.008671736339453676,0.0020809331524322535
2009-09-23,-0.008347245196383336,-0.005818908361053961,0.0030116128282963116
2009-09-24,-0.011079809447723615,-0.005111607306385965,0.002897689393810168
2009-09-25,-0.0053479280315907275,0.0023175538913464285,0.012633197034466885
2009-09-28,0.017745251295329303,-0.004322719906256064,0.008738940945483602
2009-09-29,-0.003014361076746895,-0.0020448955228323158,-0.0009107844105863075
2009-09-30,-0.0038751149320544707,0.004328539614152708,-0.0009123813221839141
2009-10-01,-0.025126042329422563,-0.009538804484458692,0.013602669283759937
2009-10-02,-0.004672563242551858,0.005093513742767313,-0.006944112443986575
2009-10-05,0.01481832874110343,0.004782403331256961,0.00010045473385198533
2009-10-06,0.014222210361559831,0.004201471885613791,-0.009946420112679355
2009-10-07,0.0027447146729632603,-0.000691606206369541,0.01166116026976008
2009-10-08,0.007626949887419123,0.0047335679864074385,-0.010539773165582385
2009-10-09,0.006078369473726148,-0.00320235757093146,-0.023190366511970217
2009-10-12,0.00390796352644449,0.003986036042489614,0.001562144383810094
2009-10-13,-0.0020447957793583446,0.003586384382157092,0.005192413716433146
2009-10-14,0.017068928376216683,0.005776870106051113,-0.014921628072570525
2009-10-15,0.0036527107635081543,0.0015990026972394623,-0.004636968564301562
2009-10-16,-0.007502381465293835,-0.003210401726072161,0.008100737686743796
2009-10-19,0.008231063146113906,0.003808821517313419,0.00782574096704679
2009-10-20,-0.0052962116516766505,-0.0020331366620663554,0.005390881994902953
2009-10-21,-0.009014450088811396,0.0048354416855880475,-0.006014185326626534
2009-10-22,0.010112226761785947,0.0023288212437660755,-0.004900299764523307
2009-10-23,-0.01149937873934839,-0.0021186548612736797,-0.007554346563272742
2009-10-26,-0.010884546797725382,-0.009932137573453494,-0.0130387672511381
2009-10-27,-0.004593655127428055,-0.0030124157205675193,0.013564854216341758
2009-10-28,-0.019067674450322536,-0.006704480322511892,0.004726121727269184
2009-10-29,0.0212264961829823,0.008261427013941842,-0.010956139461057758
2009-10-30,-0.02940156705871813,-0.007245287126007325,0.014406705855215092
2009-11-02,0.007312476554478966,0.002788426845134525,-0.00442905999855934
2009-11-03,0.0031581999206012797,-0.0029209716208634527,-0.010046664487953256
2009-11-04,0.0025767259233203774,0.009323759374994479,-0.009180205209896555
2009-11-05,0.018228172133845144,0.0006098505109553054,0.0
2009-11-06,0.0026169952956753596,-0.0019619200476894564,0.0009650000760607753
2009-11-09,0.0225203573881526,0.010658646776519598,0.001177779139777433
2009-11-10,0.00018271096601758826,-0.0012148304254551994,-0.001820404688263228
2009-11-11,0.00509680178774507,-0.00038967818635332743,0.004172277724564958
2009-11-12,-0.010219808368194376,-0.008519445834414162,-0.0018165934203408366
2009-11-13,0.005396822931284111,0.0034974141883518895,0.004588360980383915
2009-11-16,0.014400283245670518,0.0050070746502096555,0.011644245224674513
2009-11-17,0.001168145500475365,-0.007151619088631517,0.005352618579063793
2009-11-18,-0.0006287465928600682,0.005160741075628836,-0.005878947341373291
2009-11-19,-0.013116870865728504,-0.0025240136591121727,0.0017889021704937307
2009-11-20,-0.0035580299575404067,-0.0035141361630797808,-0.00021061453204204193
2009-11-23,0.012622577412614529,0.006576577177872717,-0.001262443954051294
2009-11-24,0.0015326355234665087,0.00031426739570351,0.006295818117517111
2009-11-25,0.0035076462964045655,0.010713511782507611,0.004591601705933139
2009-11-26,0.0,-0.010294323696855233,0.0
2009-11-27,-0.016384167879354868,0.0011985418898353367,0.003741808124796081
2009-11-30,0.0033713952433992375,0.003198143005990216,0.0023832561238163307
2009-12-01,0.012294681647002826,0.0033895727500187047,-0.01120230782900084
2009-12-02,-0.0004494499578595554,-0.00134214190959636,0.0008395511757751535
2009-12-03,-0.007850854997281057,-0.00028632161771508267,-0.010439105807597587
2009-12-04,0.005691030639296925,-0.013928523991728394,-0.010656512391839245
2009-12-07,-0.001532822671042703,-0.0010690926460089581,0.001284876562729046
2009-12-08,-0.011158778885559467,-0.009762268503943279,0.0014961608856024708
2009-12-09,0.003733725696634169,0.0027816483692903464,-0.004604634831335212
2009-12-10,0.005619495119044662,-0.0005746166380247928,-0.011550607459848575
2009-12-11,0.004238835989729421,-0.007527862370553391,-0.00010873721128259653
2009-12-14,0.006816539203350292,0.0025909605860300294,0.001194376086651829
2009-12-15,-0.004658841305654191,-0.007869014766812227,-0.004456629352648003
2009-12-16,0.001525346189467094,-0.0011045733053306746,-0.0011993054695178416
2009-12-17,-0.012088457936879227,-0.012400677330579707,0.01633571154045832
2009-12-18,0.005641413470788491,0.0001434031718653089,-0.004301253717754129
2009-12-21,0.01011097216454175,-0.004352535098154882,-0.017941471309792362
2009-12-22,0.0035866896785729904,-0.0022689841604015518,-0.005612916834020526
2009-12-23,0.0019673466036617977,0.005718051743872658,0.00022124099619751976
2009-12-24,0.004722968858129722,0.0034034017111928072,-0.010423279910789906
2009-12-25,0.0,0.0009786385497139152,0.0
2009-12-28,0.002131289749032244,-0.0016688583224906217,-0.0027909724140937294
2009-12-29,-0.0014206274685803824,-0.0022256901578875045,0.0065741486195175945
2009-12-30,-0.00035499544728713527,-7.172884769849826e-05,0.006554423398511906
2009-12-31,-0.009644659335255937,-0.0010463464530747226,-0.0047720636699903375
2010-01-01,0.0,0.004379247917253258,0.0
2010-01-04,0.016817077604130846,0.0023627630442169213,-0.000890748129065602
2010-01-05,0.002643926851728116,-0.0040305221069684306,0.00643718046344964
2010-01-06,0.0007041918138888893,0.002646804798315725,-0.013476347704606964
2010-01-07,0.004212262231688572,-0.005988525735909824,0.001680389238601751
2010-01-08,0.0033223183124632357,0.006478351153559585,-0.0004485198519797242
2010-01-11,0.0013952752835974115,0.006926876198316234,-0.0055023675677235845
2010-01-12,-0.009369670253117407,-0.0023914361899113113,0.016972477221314886
2010-01-13,0.008410627660275156,0.0032624165675256152,-0.011693225501462595
2010-01-14,0.0027005813663498993,-0.0016543361948232623,0.013905060956482846
2010-01-15,-0.011287332907472662,-0.007540404328297255,0.006167416234830898
2010-01-18,0.0,0.0010943292439722868,0.0
2010-01-19,0.012417948746758512,-0.008764058934729351,-0.0028593569820938194
2010-01-20,-0.010220511622006398,-0.012023455501879625,0.010079636404472314
2010-01-21,-0.019416230790521332,-0.0009448887352589319,0.0045672489018150145
2010-01-22,-0.022544136787683043,0.0031202553669439537,-0.0017381507631157136
2010-01-25,0.005114553346805072,0.0006365998603516985,-0.004574940855337207
2010-01-26,-0.00419948662624143,-0.00479955913635074,0.00032750561100234975
2010-01-27,0.004745826460965286,-0.003654736000310232,-0.0005457211023825868
2010-01-28,-0.01153855066833957,-0.004493678129876433,-0.0005469708263417491
2010-01-29,-0.010928356573961863,-0.007264974338785467,0.008704983399582866
2010-02-01,0.01543137335260747,0.004321987427387519,-0.009119692587397863
2010-02-02,0.012030900532874669,0.0035297275541919383,0.0028491759145076005
2010-02-03,-0.0049953666431806635,-0.005394201396022321,-0.011664037896400473
2010-02-04,-0.031351915999149695,-0.011293223003581414,0.015703112424746167
2010-02-05,0.0020644456278497945,-0.004730733220285858,0.0021766501775993094
2010-02-08,-0.007245393251855221,-0.0018587840154328738,0.0013036791983398416
2010-02-09,0.012482286584919051,0.009287239831575736,-0.010039191884414012
2010-02-10,-0.0019605031167002963,-0.002092706982513662,-0.009587310436759632
2010-02-11,0.010411565467219202,-0.005212626465916843,-0.005440584078395464
2010-02-12,-0.0008326076596538299,-0.003428251752621481,0.0041113919645515366
2010-02-15,0.0,-0.0023424364887807947,0.0
2010-02-16,0.01561250062179541,0.011987830695040481,0.0018825068644380146
2010-02-17,0.004727273791659514,-0.01170218360079305,-0.0114638284829297
2010-02-18,0.0058776084504944745,-0.010745953065451137,-0.004038103739844928
2010-02-19,0.0020722083129017994,0.011344846050983796,0.005380499711840715
2010-02-22,0.00017953342878797955,-0.0006941288237528771,-0.004144849623125531
2010-02-23,-0.012218803083910237,-0.005792763300923249,0.015483484694104805
2010-02-24,0.009155423956260967,0.0011911152884733632,0.00242935417364408
2010-02-25,-0.0013544717146415192,-0.0005280938935947858,0.0056069479907022365
2010-02-26,0.0006321858715055718,0.006995482680619629,0.005140683866048797
2010-03-01,0.01033147474890288,-0.005071458325896351,-0.00043850582297803945
2010-03-02,0.002766654795685425,0.004308478211709109,-0.0013140981325592666
2010-03-03,0.0008907831406542385,0.005928833785702982,-0.0025249909450850414
2010-03-04,0.0030227955040294657,-0.008622155066121798,0.005262263805531202
2010-03-05,0.014192658689831087,0.0033063934556413514,-0.013207058135071104
2010-03-08,0.00017455733409482447,-0.0008855623903915136,-0.0052191358507823185
2010-03-09,0.0016616443801267986,-0.0007350346069989022,0.00022238318489443078
2010-03-10,0.004445461744901359,0.0026706168401981092,-0.0025642599369652902
2010-03-11,0.00416655068650258,0.003074386641760194,0.0036765342129149404
2010-03-12,8.686229104876118e-05,0.006163676066468489,0.006208940331025686
2010-03-15,0.00025921384517040865,-0.006738314588262822,-0.0013277586015346544
2010-03-16,0.007934688969881493,0.006655721326007922,0.007936775302869794
2010-03-17,0.005909796380973515,-0.0022143784452942263,0.0042735794926484355
2010-03-18,-0.0005119756612964383,-0.009094421161701699,-0.003286007271656005
2010-03-19,-0.0050750528790567025,-0.005674542232874572,0.0009864624572876739
2010-03-22,0.0053319030442052304,0.002222510096576412,0.0010962896073764966
2010-03-23,0.007008558189166966,-0.007326482010404814,-0.00471813127186556
2010-03-24,-0.004866286939171553,-0.010223632308132048,-0.018424430203439774
2010-03-25,-0.001627372299976395,-0.0017980234110052788,-0.006406149034698937
2010-03-26,-0.0006006538926605894,0.007707804989096178,0.002814584243004697
2010-03-29,0.0063274743919856345,0.005284100879331864,-0.0038295315026568863
2010-03-30,0.0006823765044943599,-0.004237636731491626,0.0031550092370292134
2010-03-31,-0.003413589868760693,0.0062348001309614105,0.0068395949253154
2010-04-01,0.006814183955174096,0.005608017460515234,-0.002448568351881125
2010-04-02,0.0,-0.005837583715019452,0.0
2010-04-05,0.008116438469004821,-0.0011742507574594597,-0.01677775196478055
2010-04-06,0.0023549883366693345,-0.006480696650848827,0.0015986497415917357
2010-04-07,-0.0057288211590328835,-0.003999225824925799,0.012702736743236019
2010-04-08,0.0034580994067393254,0.0009481548735943754,0.0004505596224342189
2010-04-09,0.006545987358158485,0.01040894266375973,0.0023628224322353388
2010-04-12,0.0015877577107178916,0.0070179832710689045,0.005268271635948813
2010-04-13,0.0007514314075794555,0.0009249428923986608,0.0032372116946947937
2010-04-14,0.01128555838036813,0.0034762566030123536,-0.0070448231922995205
2010-04-15,0.0008247078941350862,-0.006017827303584209,0.0011217365559619676
2010-04-16,-0.016040079273820052,-0.005171809284392402,0.007259303306334394
2010-04-19,0.003762763730525069,-0.0012416783781394466,-0.002451256344924395
2010-04-20,0.00889160649217748,-0.003876713889154276,0.0035634991995280086
2010-04-21,-0.0018220760955386234,-0.0033665699312842,0.00819188357347299
2010-04-22,0.0029794857755023976,-0.008997571964234662,-0.002980992252274985
2010-04-23,0.006506669846648863,0.008555801171260513,-0.0035452872389004383
2010-04-26,-0.003783670655670622,0.0012856772942977386,0.0011095686969233088
2010-04-27,-0.023934784695805636,-0.017350595323902363,0.013979780244246174
2010-04-28,0.007567172875496862,0.003192375500305,-0.008563069449994118
2010-04-29,0.012321773368209487,0.0037860425403388816,0.004180728448039331
2010-04-30,-0.017107737228880943,0.002642793494121407,0.01146315439915348
2010-05-03,0.012878825374460282,-0.007406060624911719,-0.00130815626856898
2010-05-04,-0.023795731563802186,-0.018039068609863564,0.017834435745165057
2010-05-05,-0.0059741961627667395,-0.011561530236906613,0.005876305001738512
2010-05-06,-0.033777660468470236,-0.014301298926443492,0.030418425636788572
2010-05-07,-0.014986781370097077,0.009698510652536201,-0.012579277267555068
2010-05-10,0.04309876174341843,0.0018130244848811644,-0.020933103630505257
2010-05-11,-0.0028449231664959026,-0.011751436422303828,-0.002568224703640853
2010-05-12,0.013888766638309239,0.0007200971762973788,-0.007632835510291132
2010-05-13,-0.012508521506083812,-0.007780520819727087,0.006562146253448839
2010-05-14,-0.018270675961619392,-0.014541713473336576,0.01722092443631036
2010-05-17,0.0005265662719780297,0.0026609142594338016,-0.003694483003864905
2010-05-18,-0.01369596063751457,-0.017420541411739418,0.015221864407329517
2010-05-19,-0.005710112610979796,0.017457670512705855,0.0033293208191319985
2010-05-20,-0.03849105950953134,0.006877180708703355,0.020859878381420033
2010-05-21,0.014493878418430528,0.007037874568230381,0.0010170077129703042
2010-05-24,-0.01291420334552877,-0.017428508509895628,-0.003460665961033251
2010-05-25,0.0010206979402281027,-0.00032109748809052677,0.004882044249400399
2010-05-26,-0.006046770795140201,-0.01411019910489194,-0.002844654929867764
2010-05-27,0.03294927595384866,0.01427076073688679,-0.022949480494583598
2010-05-28,-0.012628897017434797,-0.006007743200723137,0.004569754608399795
2010-05-31,0.0,0.0011297805807935497,0.0
2010-06-01,-0.016966669085048094,-0.004475054329738393,0.0070044067061145595
2010-06-02,0.02570570036546901,0.0004894631085020045,-0.009544815830501867
2010-06-03,0.0034387152289292776,-0.005699372486833643,-0.007323932483948375
2010-06-04,-0.03576952185418895,-0.016438877880181633,0.02652799243184682
2010-06-07,-0.012528579295635361,-0.004026206980611523,0.007640150443283478
2010-06-08,0.0106547483411133,0.004109951497747085,-0.004985351116844053
2010-06-09,-0.005360175576530817,0.0016655661095444536,-0.0011221922391164217
2010-06-10,0.028812597990831603,0.009712600726572622,-0.018030080283224417
2010-06-11,0.004843693310408406,0.0004117173657361627,0.012604302393836045
2010-06-14,-0.001551279642768387,0.008552695671447725,-0.005146923660023597
2010-06-15,0.022483156725511474,0.008232084215862382,-0.004135557398791745
2010-06-16,-0.0003573986164957903,-0.0005788409597696201,0.00568232344485877
2010-06-17,0.001606517128469817,0.005679618852154692,0.008106528168954063
2010-06-18,0.0010836968758509442,0.0008794776975884809,-0.0016371623031159455
2010-06-21,-0.0028679152940139967,-0.006226657623137047,-0.002869208251881413
2010-06-22,-0.016653957242087503,-0.0033320921830013402,0.011837696609400497
2010-06-23,-0.0031075449483543485,0.0035784942161648527,0.006774037865058304
2010-06-24,-0.01670954782461278,0.001491632255975468,-0.005963298057975729
2010-06-25,0.004180199062362177,0.0028788196091727477,0.004046770142884897
2010-06-28,-0.003156408115525765,-0.007789398795184143,0.00934487040817168
2010-06-29,-0.031361947046025414,-0.007412309622866366,0.010843980578667317
2010-06-30,-0.009546085139650233,0.003577106199264277,0.0067058906425982645
2010-07-01,-0.004465853040043352,0.022434959929625495,0.0015751262105349899
2010-07-02,-0.005464976157351958,0.0050658469285492815,-0.00800367368037473
2010-07-05,0.0,-0.0027116938579534516,0.0
2010-07-06,0.006534873906590742,0.006919288695354777,0.00820087001942507
2010-07-07,0.031010226215747984,0.0007197730453446378,-0.011779871069828455
2010-07-08,0.00984646759441435,0.004812213760014204,-0.0063924330050975425
2010-07-09,0.00743778018933903,-0.003952752093030131,-0.005728372365482778
2010-07-12,0.000648340819156358,-0.004277160303314195,-0.0004035440029714355
2010-07-13,0.014975617249605815,0.01033933500313667,-0.008607169195665811
2010-07-14,-9.101997404960686e-05,0.0015403690623002038,0.010018339625660086
2010-07-15,0.0002733122271014349,0.014656530180525616,0.009918359517906972
2010-07-16,-0.0279207032406029,0.0002586043942033506,0.004873125107850053
2010-07-19,0.005889299924162832,0.0005821452256836634,-0.0061695264429641235
2010-07-20,0.011030418107193199,-0.003590791079218506,0.0014947965825431347
2010-07-21,-0.013083542420501141,-0.009750962757509874,0.016802895611599287
2010-07-22,0.022076834840447496,0.010524922553194389,-0.011632757577379683
2010-07-23,0.008641335240180835,0.0007744690481291679,-0.010666578853143482
2010-07-26,0.010361858885770889,0.006633442012646263,-0.0017052170750132306
2010-07-27,-8.910638968194227e-05,-0.0006237988062238497,-0.009684160853249775
2010-07-28,-0.006475746275810435,0.0001039629092840535,0.003238197698696964
2010-07-29,-0.004884479110212282,0.006582753168812028,-0.00030314560458348283
2010-07-30,-0.00018082448295150212,-0.0029904301752239084,0.015445091512126618
2010-08-02,0.022329132605187058,0.010446432862118028,-0.014137682057659865
2010-08-03,-0.004800044958884928,0.003722536109771636,0.0057562042379527036
2010-08-04,0.0066608732315545215,0.0,-0.007681770842099135
2010-08-05,-0.001062996192047887,-0.0050786815117946455,0.004656468902828957
2010-08-06,-0.004084071647277575,0.0017646474237551716,0.010847208310191462
2010-08-09,0.005324288476702069,0.007887125187317354,-0.003702653940196214
2010-08-10,-0.005413458080096533,-0.004202688781353308,0.002103653446928695
2010-08-11,-0.027789614424675323,-0.003407553186880817,0.013318401570511043
2010-08-12,-0.006149344154408529,-0.02619518817946638,-0.0024714534740336246
2010-08-13,-0.002949693442141607,-0.001103967401704031,0.012394297095312921
2010-08-16,-0.00046207435334487493,-0.004608142791233524,0.024719250340915988
2010-08-17,0.012210664831565689,0.0032105568602751244,-0.005738912511867705
2010-08-18,0.0018235144684342565,0.005292525997281421,0.0026821730259676602
2010-08-19,-0.017549952573968994,-0.001827205331509851,0.015473553036453877
2010-08-20,-0.003249305709427478,-0.0037726963300603726,-0.0011311719566821463
2010-08-23,-0.003820865832934815,-0.007680836874902004,0.00018896128131871845
2010-08-24,-0.014954209145457094,-0.0059180871120244295,0.015901466121432523
2010-08-25,0.0038779391492271137,-0.0001642736980887827,-0.003253827634155115
2010-08-26,-0.006724795231748889,0.002453840014940038,0.009359962790473414
2010-08-27,0.015371429806660036,0.003348889293448562,-0.028724712058766394
2010-08-30,-0.014611398410117521,0.0037299821012289247,0.0189923343353668
2010-08-31,0.0,-0.006926953201297012,0.01102289336435534
2010-09-01,0.029472781850286636,0.0016860217365177637,-0.02089412847922122
2010-09-02,0.009269339836716461,0.009074472093895964,-0.010621580768862951
2010-09-03,0.012888169923822223,0.0017940314883815697,-0.012472832866915648
2010-09-06,0.0,0.005298241237920658,0.0
2010-09-07,-0.011336457681680812,-0.00199656779676877,0.020260655563388706
2010-09-08,0.006998445030942305,-0.014905775134682301,-0.007978805523214783
2010-09-09,0.004608543175901743,0.004256166238409801,-0.019937920202870805
2010-09-10,0.005036333770477077,-0.003063653161283119,-0.004582384524054508
2010-09-13,0.011061481448314677,0.0018803207976895843,0.004874200548144929
2010-09-14,-0.0006209967782024178,0.012116094124892242,0.009582931895668048
2010-09-15,0.0038095516735120174,0.009259067637498604,-0.014946785831357685
2010-09-16,-0.0002655415416268351,0.001794455693757999,-0.009924282219846892
2010-09-17,0.0003736020491648356,0.004670317385591432,0.004039912578262352
2010-09-20,0.01517473163067212,-0.0024552993407984166,0.005787215890958687
2010-09-21,-0.0020162968614135393,0.0017624675229667383,0.013790199292567116
2010-09-22,-0.004925075124256844,0.014438189232468136,0.008929729777255563
2010-09-23,-0.008144393215793584,0.010059428719971675,0.0028641672644309246
2010-09-24,0.02041268687392314,-0.005382034059724173,-0.013532228078512957
2010-09-27,-0.00480189439775592,0.011938324449518322,0.017242134620971485
2010-09-28,0.00349444408664478,-0.0029744172808687758,0.00681551598546874
2010-09-29,-0.001745519556108117,0.009763951553616946,-0.004159196319915768
2010-09-30,-0.002974888228462437,0.004202116302138856,-0.0006637632149702724
2010-10-01,0.004197124525439331,-0.000435887455197779,-0.004844717732108062
2010-10-04,-0.007532058047032044,0.011301804002874788,0.0025780380311421105
2010-10-05,0.019931907668176405,-0.007494084714141646,-0.006025021470033609
2010-10-06,-8.651282445103095e-05,0.011621940993247981,0.012487731899043031
2010-10-07,-0.0012068348901213043,0.0062030022828410275,-0.008371341116720074
2010-10-08,0.005592782693920298,0.0005707906624242484,-0.004404292274288562
2010-10-11,0.0009437854533625502,0.003557968270295541,0.00019213654331121324
2010-10-12,0.0030812786575035627,-0.006992247269975627,-0.009930195134952592
2010-10-13,0.007746833213156901,0.0026407171180504964,-0.0015513803827661354
2010-10-14,-0.003908474057424268,0.0036109743582841878,-0.015057148989585597
2010-10-15,0.0020411394432597657,0.00747240431001589,-0.012290954838513175
2010-10-18,0.00491556456382036,-0.0076818729058569,0.008046219504108436
2010-10-19,-0.013190888205190038,-0.002036708965121064,0.006016469656637329
2010-10-20,0.00971879942580774,-0.014224451459383529,0.0021615804916649286
2010-10-21,0.0022034205951001404,0.016177411923508914,-0.011944596486265302
2010-10-22,0.0018602878768921316,-0.0033177572614473817,0.00672911892457256
2010-10-25,0.0029531143469769105,0.0019503246474671958,0.0028568232593123117
2010-10-26,0.00016853235990670206,0.0003486567540382671,-0.01556266783345637
2010-10-27,-0.0028679835874297274,-0.0068118389124068365,-0.00882913342137748
2010-10-28,0.0001689878809063034,-0.005512598943926412,0.002716801996868493
2010-10-29,0.0007595393775212178,0.0,0.009304154789852775
2010-11-01,0.0003379737426405979,0.014195311128468011,-0.004314089144566841
2010-11-02,0.007899047150816334,-0.004601149220226048,0.01305778454561405
2010-11-03,0.004009562536734428,0.008956863160489622,-0.020611673257352477
2010-11-04,0.01907491306117058,0.006477529785477337,0.00775349335999612
2010-11-05,0.0037552309192215687,0.007102992808711045,-0.017301387902234417
2010-11-08,-0.0018760995894382447,-0.010755222451550838,0.0044810791079133855
2010-11-09,-0.007209802272281359,-0.014754701630107765,-0.02229565441750856
2010-11-10,0.004021033205506034,-0.007062371717888688,0.0013497245021512028
2010-11-11,-0.0037745006637230237,0.00026172033842768085,-0.0005186978446658573
2010-11-12,-0.011908529405169404,-0.011287233725628645,-0.005413054291313102
2010-11-15,-0.0014158109563783456,0.0052853524569610255,-0.021095495597842698
2010-11-16,-0.01570187238765376,-0.008684748826313858,0.024534076969827946
2010-11-17,0.0005074805737076912,-0.006224990968142396,-0.005527732805400706
2010-11-18,0.014611475136127976,0.004692205558127927,0.0040706693797399485
2010-11-19,0.002746645717258243,0.0075919229732363085,0.006126554459823181
2010-11-22,-0.0008311850774697888,0.006357057443670333,0.00423589724845963
2010-11-23,-0.014582798805219259,-0.010418692601628437,0.004936652161788634
2010-11-24,0.014666065799627086,-0.015976469224680656,-0.018011900317670665
2010-11-25,0.0,-0.002126081609495989,0.0
2010-11-26,-0.011715696482123589,-0.0013616062857695526,0.013796472845463736
2010-11-29,0.0030254302609030105,-0.007654296583068306,0.008514689544767102
2010-11-30,-0.005638562464257024,-0.010181003400475444,0.005195887733000728
2010-12-01,0.02104470285212968,-0.008572467909573613,-0.02248051469840776
2010-12-02,0.012727381030634996,0.010172388768411924,-0.0026100331491698695
2010-12-03,0.002689113468701301,0.006914477075129106,-0.007872676992706175
2010-12-06,-0.0010585543123716947,0.01501982086632797,0.014022474982724136
2010-12-07,0.0005701173942881827,-0.009666231231329044,-0.021639226895482432
2010-12-08,0.0036568209030726057,-0.003183907449486137,-0.0097108235884031
2010-12-09,0.0038863763621978893,0.00046369032544568266,0.004920619674539032
2010-12-10,0.005800783351459536,-0.0006622619605450978,-0.006099886486421189
2010-12-13,0.0006422704752457936,-0.003397481941385476,0.0037493135511100528
2010-12-14,0.0008828025829010971,0.014917942056763405,-0.014651865532607042
2010-12-15,-0.0045827830112859244,-0.002581966069253917,-0.013109229729445086
2010-12-16,0.005785181294881877,-0.010301564827892904,0.006903567216804824
2010-12-17,0.0010706153533572846,0.001204167071185813,0.018073692850007046
2010-12-20,0.002410455254939005,-0.0056771074032288945,-0.0010738126524413797
2010-12-21,0.0063204885649782005,-0.00357442036638203,0.006955423539918282
2010-12-22,0.003105511359127792,-0.0021359203069993963,-0.007170453282772304
2010-12-23,-0.0014320839368925464,0.0019391577993921958,-0.0020416724824225
2010-12-24,0.0,0.0008922552685333885,0.0
2010-12-27,0.00039769211405389453,-0.0036165516330958457,0.008891480200311708
2010-12-28,0.001431833648011134,0.0083667580069463,-0.019778440066331303
2010-12-29,0.0007151089404145216,-0.007869529179463017,0.016778256957134204
2010-12-30,-0.0015896576571831585,0.010510944369789865,-0.0007528343528153917
2010-12-31,0.00023866163009637775,0.005782565559017043,0.011004722996181835
2011-01-03,0.01028461857636159,0.004252149381005968,-0.007572389977543667
2011-01-04,-0.0005509758568841569,-8.014293648722583e-05,0.0011765119026643023
2011-01-05,0.005184193885328061,-0.0026811686131298852,-0.02227327741586645
2011-01-06,-0.0019604823053934553,-0.012404565265891997,0.004364303813160313
2011-01-07,-0.0019644122061456197,-0.013538462981196372,0.005319389402322092
2011-01-10,-0.0012592993737890463,-0.006559274229663774,0.005398720023439183
2011-01-11,0.003537455168696695,0.005404806830928461,-0.005614913833586722
2011-01-12,0.008984116296399208,0.0014660361185259315,-0.007828489515089446
2011-01-13,-0.0016344560379936372,0.011058331339293227,0.008910413691316399
2011-01-14,0.007218808402059111,0.016987137040285576,-0.006403442710794395
2011-01-17,0.0,0.002018398499029463,0.0
2011-01-18,0.0016998122446043383,-0.007225863458861638,-0.00469302395844797
2011-01-19,-0.009854109057461233,0.007065304177615816,0.007194374739840449
2011-01-20,-0.0013262010552545036,0.0055135520643753615,-0.013889665845240326
2011-01-21,0.002261689466052213,0.0011844727598855896,0.007898443356186105
2011-01-24,0.0056704272440983175,0.011187004268384345,0.0004366232376749959
2011-01-25,0.0005422410900662302,0.0017993609499582805,0.009456691180781247
2011-01-26,0.003863331105897864,0.003074654798690274,-0.015262384975093317
2011-01-27,0.002465018201740378,0.0017533191205943912,0.004494010167717261
2011-01-28,-0.01761746480263838,0.0009464381911931488,0.00523559784535155
2011-01-31,0.007488641255056025,-0.011013589801631637,-0.0076436279529294845
2011-02-01,0.015881705656634,0.010341441443834263,-0.004963004755046012
2011-02-02,-0.0019138755946419542,0.008428214648800938,0.00022129487342448516
2011-02-03,0.0022198879187221754,-0.0008708792191564442,-0.00832508916542921
2011-02-04,0.0028249030223480368,-0.014091146651487621,-0.010194464209580112
2011-02-07,0.006233259126169057,-0.0036448069825923807,0.005166485829035414
2011-02-08,0.004536122869861058,0.001249711868901054,-0.009229092230992018
2011-02-09,-0.0022655272859313388,0.002572171414704725,0.008668723345629745
2011-02-10,0.000377868720354235,0.006877982506284142,-0.011612233887403527
2011-02-11,0.005952522415023609,-0.008715887067009048,0.014298466434772821
2011-02-14,0.002401014822838668,-0.006778061147924772,0.0006700829770307176
2011-02-15,-0.003152256629925062,-0.002145678192252829,0.004458364215708264
2011-02-16,0.006295656431705861,0.0012949713556189896,-0.003230146893609108
2011-02-17,0.002983673620681223,0.005671923890932834,0.0015604644173137048
2011-02-18,0.0020832574617086607,0.0037265989873324114,-0.0031237003694752135
2011-02-21,0.0,0.006397415525529514,0.0
2011-02-22,-0.020273624453119733,-0.002273853873248204,0.014862834911223652
2011-02-23,-0.0061636018454351025,-0.0006291640435710969,0.003626958000092189
2011-02-24,-0.0006869573754915835,0.006584959722761727,0.006342110171536681
2011-02-25,0.010635932777653337,0.004054861981699148,0.005868632234236998
2011-02-28,0.006177319260736365,-0.0062134108425232456,0.0012998989683905666
2011-03-01,-0.01681325203838985,0.006323988320142943,0.00289453030204415
2011-03-02,0.0021361792422042343,-0.003600907318075315,-0.015492522464761762
2011-03-03,0.017077592649897954,0.006854273404183277,-0.009833798409101138
2011-03-04,-0.007520403389695053,0.006636313575586683,0.00829358290552063
2011-03-07,-0.007881947232636325,0.002277849059524925,-0.0064072630726011055
2011-03-08,0.008711724981832206,-0.0019148780882221393,-0.006114838011441965
2011-03-09,-0.0014337816211303525,-0.004736478296190604,0.009654989190692811
2011-03-10,-0.018678981528797583,0.0003058256639182276,0.01664657983178332
2011-03-11,0.006901727515674511,-0.007285940264144612,-0.005663594491425263
2011-03-14,-0.006056109116507843,0.009610277810928372,-0.0004367880662377929
2011-03-15,-0.011523263880972351,0.004119090114892922,0.014859059494470205
2011-03-16,-0.018685835154967568,-0.0004196014614677923,0.011242068913219565
2011-03-17,0.01314782760178598,-0.007274305353067595,-0.0076938562579101765
2011-03-18,0.0036305593618428385,0.010608528143582223,0.0026771332856985177
2011-03-21,0.015378680415425594,0.009758236005273894,-0.005901354465455583
2011-03-22,-0.00347428741553894,0.0032788511749044322,0.003330170865980169
2011-03-23,0.0028576205189514156,-0.003448881865391004,-0.0012876289236588515
2011-03-24,0.009518000207874185,-0.004396579999943803,-0.0075468670824582855
2011-03-25,0.003051399560404421,0.004665873036686528,-0.0024929796400871727
2011-03-28,-0.0024403438242785926,-0.010348458425385098,0.0014092910445363887
2011-03-29,0.006696100069368061,0.0038223155090464124,-0.007721587001007031
2011-03-30,0.006877601635808826,0.0022271443473864377,0.007939035865053783
2011-03-31,-0.0013567886591037673,0.0007198385926761102,-0.0020602028689402176
2011-04-01,0.0042147392924756204,0.00264427337899569,0.004849471185355279
2011-04-04,0.0008257931809890766,0.004555258551591935,0.0010837029687414076
2011-04-05,-0.00014990959939839904,-0.00022757676402840172,-0.004016796005183158
2011-04-06,0.0031472756862107056,-7.100784488771909e-05,-0.01512753937237012
2011-04-07,-0.002546798664575659,0.008137852341283986,-0.0019898974852374392
2011-04-08,-0.0034568695919248472,-0.002319553553933248,-0.005326030766985115
2011-04-11,-0.0030149150967572888,0.01113145467756859,0.0008896987790689507
2011-04-12,-0.007502463171020341,-0.0016761853499484781,0.01072521041885076
2011-04-13,-7.563082260325627e-05,0.0026601441342125054,0.006248671175276891
2011-04-14,0.0007604519810252938,-0.0023713673931142335,-0.0007651424964061379
2011-04-15,0.0036416574503149984,-0.0006930226081929647,0.013470788490237832
2011-04-18,-0.01127179097275094,-0.0013268596090236307,0.0022631449510586927
2011-04-19,0.005727842156527525,-0.013201218389951367,0.0042975424411705885
2011-04-20,0.013540044109466704,0.007983030985188096,-0.006452079627279367
2011-04-21,0.005095963173113428,0.012204045850334869,-0.000863831176645677
2011-04-22,0.0,0.0028197058735337246,0.0
2011-04-25,-0.0010469514554712475,0.0001454486848794958,0.003772842582801439
2011-04-26,0.008568030028559579,0.001500587530156706,0.009635807429182446
2011-04-27,0.006507294090503279,0.0074483253643903595,-0.01028179213463453
2011-04-28,0.0032382763564295304,0.006247150367585486,0.007614356405222806
2011-04-29,0.002348108584300336,0.004325157197473037,0.00309369182662143
2011-05-02,-0.0015404135243279394,-0.0033787059479023535,0.0016031603700289439
2011-05-03,-0.003603700100315217,0.002013989446320694,0.005643841962629603
2011-05-04,-0.006652993476004599,0.000637587034117974,0.004449135513976144
2011-05-05,-0.009089320859756809,-0.0002372689773262205,0.009470065804426515
2011-05-06,0.0044058153266433794,-0.01942983162322825,-0.004407727270812774
2011-05-09,0.0038676283634688506,-0.013249060409645273,-0.0010524702851883432
2011-05-10,0.008499636166619312,0.0016089019789561146,-0.007185988270738433
2011-05-11,-0.01058030065268773,0.0024324576723161345,0.005710182396455222
2011-05-12,0.0047496596241204695,-0.013981429050206752,-0.006346268979618357
2011-05-13,-0.007729237564470774,0.0018918337014444718,0.008979898390434053
2011-05-16,-0.006361806575620695,-0.0112977703556589,0.005559219669050992
2011-05-17,-0.00015013831604886673,0.005675407039250048,0.010197129642005927
2011-05-18,0.008896421069290818,0.0078031559590804175,-0.013340111201365135
2011-05-19,0.002378655729762827,-0.0009698341247313935,-0.00042040046495742876
2011-05-20,-0.007976333171077746,0.0042713937529626446,0.0005250562230908726
2011-05-23,-0.011668738221947396,-0.014807295825034742,0.0048136689179435815
2011-05-24,-0.0008333756049190988,-0.00491080546945864,0.0037520405570073932
2011-05-25,0.0033291172038471643,0.0044313439043920265,-0.004690547811786614
2011-05-26,0.004596903670774139,-0.001000576421538962,0.008531745469243856
2011-05-27,0.0038274625908763754,0.0035557552337789756,-0.00041413520258009326
2011-05-30,0.0,0.011415397512140444,0.0
2011-05-31,0.010357203058639748,0.0017457562225031591,0.0022774501036584476
2011-06-01,-0.022717097402084087,0.007345661044578403,0.013423590035717838
2011-06-02,-0.0010621236478506578,-0.0057688880701898095,-0.019232845209573975
2011-06-03,-0.009994470167235677,0.009787892775456952,0.0057270829892404175
2011-06-06,-0.010637448990736442,0.011597947006651978,-0.007607704264778216
2011-06-07,-0.00062032249936118,-0.004926573458887725,0.004592127689927757
2011-06-08,-0.0041961837833115545,0.007039112620537417,0.0077784941965044355
2011-06-09,0.007601971112428243,-0.005740449916637188,-0.004036931867608677
2011-06-10,-0.01400783558166007,-0.0059254296558551925,0.007646884505695865
2011-06-13,0.0007834473882738608,-0.012692808665095298,-0.00505732356133364
2011-06-14,0.01260656365071486,0.0058647989181821346,-0.015221492392030352
2011-06-15,-0.017945568221779264,0.0022949095577444933,0.018011297195244157
2011-06-16,0.0022016823711016025,-0.0187242904703874,0.004528522286855189
2011-06-17,0.0029797905016600203,0.0012062446435934565,-0.004734789014425061
2011-06-20,0.005102958280105141,0.0060386183828864196,0.0012372648479657049
2011-06-21,0.01361119388839593,0.00281814011555654,-0.004441824665400746
2011-06-22,-0.006043543164272315,0.003918490776311298,0.0006210217417912797
2011-06-23,-0.002880121769501362,-0.0046917760211844595,0.0076277251519283615
2011-06-24,-0.011681474152677744,-0.0031013901197990096,-0.004218891616145655
2011-06-27,0.008871454597881911,-0.006939573877147329,-0.013809334836164354
2011-06-28,0.01296883282465074,0.010212755077597753,-0.00808253336520659
2011-06-29,0.008527520100335032,0.0028675385374914127,-0.006662921292723537
2011-06-30,0.009517222408930414,0.008391341255214162,-0.0015927077044782714
2011-07-01,0.014667783271776336,0.0012459111671488774,-0.0016001790994817533
2011-07-04,0.0,0.0029618306887010224,0.0
2011-07-05,-0.0008217492560115267,0.0009018643223208997,0.0022403689319877634
2011-07-06,0.0011953720824085738,-0.008621839124782656,0.005102542624457882
2011-07-07,0.010321653664853268,-0.006715271964029441,-0.002973188753184091
2011-07-08,-0.0071171144691734994,0.0022956118798976646,0.0140437924318977
2011-07-11,-0.018245945293853056,-0.011383380227067048,0.01488244307221602
2011-07-12,-0.004328921450398464,-0.011423944125107234,0.0034028355418842925
2011-07-13,0.003343367042629262,-0.005111737197767232,0.0027762711180511898
2011-07-14,-0.006926440116549713,0.018810520333179828,-0.01437324867254686
2011-07-15,0.005787780966566594,-0.005422794293077598,0.001664577283612804
2011-07-18,-0.008234958917972733,-0.002417961070239476,-0.009717288032980486
2011-07-19,0.01610147193889164,-0.0007905338338717138,0.020576689984877626
2011-07-20,-0.0006032410802492358,0.004313475947415048,-0.011899932231626767
2011-07-21,0.013776064588830886,0.006826186504122887,-0.007731246730182369
2011-07-22,0.000668656367523787,0.01045733930256299,0.007522949846022716
2011-07-25,-0.0055880971967470815,-0.0021894102326816866,-0.01099137335654836
2011-07-26,-0.003743095296320951,-0.0011791597831046106,0.006818558779858653
2011-07-27,-0.0206879689269773,0.009457845483739503,0.00010501698654829687
2011-07-28,-0.002913931532109424,-0.009357234372762336,0.003755818626931757
2011-07-29,-0.006858055896447042,-0.0028562109862000085,0.019594087126593364
2011-08-01,-0.004261734496005286,0.0022095686914159834,0.010043527671970415
2011-08-02,-0.02587977010729539,-0.0070990908034767085,0.029583511008068986
2011-08-03,0.005404185328777746,-0.00624157307721745,0.0019682683638558517
2011-08-04,-0.04797380119124397,0.012594024584066252,0.03496180603416476
2011-08-05,-0.0014980829154294668,-0.02012000780048922,-0.029277755977051657
2011-08-08,-0.06734057430352931,0.016009126384070146,0.031079381328957392
2011-08-09,0.04545039883954209,-0.00866735690859503,0.003027606737077174
2011-08-10,-0.04518302855036163,0.014876011691912184,0.029319481233607607
2011-08-11,0.04390543640899851,-0.01812998575949092,-0.05176688335748752
2011-08-12,0.006710499049210364,0.0071727551751329995,0.019609268903148996
2011-08-15,0.020944142480673045,0.003348851544809517,-0.010186977490296598
2011-08-16,-0.008575744776986164,0.01144158353839791,0.016419438674902812
2011-08-17,0.0006689306153405307,-0.0027971431025229287,0.017357934220498254
2011-08-18,-0.04407604772547174,0.002162104171317879,0.02032971306830227
2011-08-19,-0.01646516559370137,-0.0072889300409729,0.00803639145365308
2011-08-22,0.0007983991539023332,0.003127549809473143,-0.0025213692179532794
2011-08-23,0.03238079138425487,-0.0005745892309911405,-0.013889624770778953
2011-08-24,0.013986232495859846,0.005284477204432829,-0.028842294928493176
2011-08-25,-0.015361349752868618,-0.0017165651054168517,0.010762084617792246
2011-08-26,0.014429146195674699,-0.0027345999796553155,0.009819254319162096
2011-08-29,0.02833107770468843,0.008458165568049786,-0.013923959581919977
2011-08-30,0.0026332914927029217,0.0020169063278352513,0.015949289004011904
2011-08-31,0.004428411844955651,-0.006298246965419108,-0.01557417052324295
2011-09-01,-0.010528876195067058,-0.004061876891663101,0.02097575638153044
2011-09-02,-0.025881179606877008,-0.00786068113706364,0.031969540719286656
2011-09-05,0.0,-0.007346438675037588,0.0
2011-09-06,-0.007324519788359066,-0.0067024208587802584,0.010345228272960357
2011-09-07,0.02781698495450191,-0.004266017699107671,-0.019273320219374244
2011-09-08,-0.010446093442622447,0.005870477632930883,0.008928091946413984
2011-09-09,-0.02655875978050025,-0.012972900658712348,0.010609075248149254
2011-09-12,0.006449036670887447,-0.0220572234221509,0.0010544882463055345
2011-09-13,0.009129327895923953,0.004361773914953828,-0.014333486520350394
2011-09-14,0.013749157405117144,0.0018869418026663388,0.008430810453532622
2011-09-15,0.017109613805500686,0.004375422555973543,-0.015406407009073923
2011-09-16,0.005901336075717255,0.008905725369257938,0.007242485634806596
2011-09-19,-0.010006754288407246,-0.012158241542317379,0.01888733628030984
2011-09-20,-0.0011644483632724711,-0.00701793477064049,0.004187791690001077
2011-09-21,-0.029901209721250772,0.006470001854692044,0.03254796773516771
2011-09-22,-0.032857916253236634,-0.00791112328165159,0.03689745683289983
2011-09-23,0.0060066071141048555,-0.007768149485341671,-0.018774345859541314
2011-09-26,0.023502073844483082,0.004891980751379578,-0.01618670207907842
2011-09-27,0.011121469199482922,-0.0021381407579063793,-0.015426845114164773
2011-09-28,-0.020629670714811636,0.004742617170867145,-0.00034210944938721776
2011-09-29,0.007872330087041314,-0.003295049128505972,0.0068977139710530225
2011-09-30,-0.025306656971035534,0.0035531410374235097,0.0248086838260318
2011-10-03,-0.02887100833157897,-0.016692734873780066,0.027148834507124926
2011-10-04,0.021686556503521286,-0.012494336403770704,-0.012761993753259508
2011-10-05,0.018345810261973322,0.010185547222206373,-0.007224866125976125
2011-10-06,0.01792970171828311,0.0007334911524802194,-0.018630992422410907
2011-10-07,-0.006718668102938139,0.006651891750708847,-0.007414320642038564
2011-10-10,0.03289855839874329,-0.003204324606318766,-0.014224170378929687
2011-10-11,0.0010031043051039966,0.01846812889909215,-0.003351692906063934
2011-10-12,0.00873376827141399,0.0007502681894222245,-0.014653245182953011
2011-10-13,-0.0019895802271539392,0.010659367654543648,0.009907899946166794
2011-10-14,0.01694929713981297,-0.004101649642825564,-0.014635317049064844
2011-10-17,-0.01927559776711895,0.010396739799124631,0.017140875717288978
2011-10-18,0.01935743008548833,-0.00977847161224981,-0.006230807078156848
2011-10-19,-0.011899603345668818,-0.0002886106177473735,-0.000346983953612974
2011-10-20,0.004365845836718286,0.0018153769005150302,-0.007146925282250656
2011-10-21,0.018809427313670708,0.0010191461677501643,-0.010638638758140697
2011-10-24,0.012186126033157716,0.004972779627426743,0.001678116761898998
2011-10-25,-0.0196350167987705,0.005373474888955781,0.025097307926737818
2011-10-26,0.010107540277493565,-0.0012800483196722503,-0.017623762237058076
2011-10-27,0.03424141098360213,-0.0019862878480350443,-0.034485084880402236
2011-10-28,-0.00023273859085661975,0.02117679458620206,0.010462161571416587
2011-10-31,-0.02440126760369955,-0.00239252200635293,0.03888878794096107
2011-11-01,-0.028284684148253872,-0.020004690410207387,0.0329262724718344
2011-11-02,0.016179722381865467,-0.014830645922874523,-0.012551727668091739
2011-11-03,0.018063365842712533,0.002488550171164383,-0.013829242366946767
2011-11-04,-0.006117479436169923,0.010168339083803348,0.0012029786483850394
2011-11-07,0.006196378654356816,-0.002941386783075982,0.00633320739847173
2011-11-08,0.012749020502379062,-0.0021213249233894968,-0.012879401471339312
2011-11-09,-0.03760771809910769,0.004813917186178885,0.02052738255040166
2011-11-10,0.009374574870993812,-0.021921876021723154,-0.015011770471377424
2011-11-11,0.01864763749237823,0.006146491362933261,-0.006120870897575074
2011-11-14,-0.009519545472807141,0.01291731230363892,0.01595521366296891
2011-11-15,0.00492956152319037,-0.011882458131531732,-0.001362750451443211
2011-11-16,-0.01598980665190086,-0.008627619080228318,0.009077212516322897
2011-11-17,-0.0160047976257706,-0.004904600520091122,0.007990078723362727
2011-11-18,-0.0010649584290547453,0.0012642820600115257,-0.0002510194106944737
2011-11-21,-0.01920256932503891,0.005330151020494553,0.0059315926305513285
2011-11-22,-0.003935489091863883,-0.003376779108307488,0.011100307013942644
2011-11-23,-0.022312632431448483,0.002781611528772255,0.00975494587394087
2011-11-24,0.0,-0.012643902231596815,0.0
2011-11-25,-0.0018890628740085267,-0.0015742945900413458,-0.014627063860135021
2011-11-28,0.028554987333022697,-0.0013188670609156415,-0.0004971133849980593
2011-11-29,0.0028363577230071106,0.0002662579405180645,-0.00823333047985573
2011-11-30,0.04032512062903161,0.0005328401093880924,-0.01573889973022614
2011-12-01,-0.00016004080125724327,0.008953751721584781,-0.005030362025635357
2011-12-02,-0.0008803659435048681,0.001708834052709402,0.013919964340843378
2011-12-05,0.010833152905315648,-0.0035622765220722865,-0.0020253036562590597
2011-12-06,0.0003165737664443446,-0.0024125830984946276,-0.009589376532918479
2011-12-07,0.003715997111577511,0.0018893801748214758,0.003575413354071742
2011-12-08,-0.022180951568162608,-0.0006168565991606585,0.012412629768144886
2011-12-09,0.016800646988883478,-0.004360036407616262,-0.020774674192507656
2011-12-12,-0.014704945252180173,0.0019636871984335218,0.011076628256345705
2011-12-13,-0.009382995641168752,-0.015115494136826025,0.009278648848872993
2011-12-14,-0.01070328232683022,-0.011602076165823342,0.018713692114175933
2011-12-15,0.0036077629449762093,-0.0023926060770595933,-0.003714731737431269
2011-12-16,0.0014811759392301714,0.00320015492202198,0.011593533082346744
2011-12-19,-0.010748929085689682,0.0005604067527000442,0.0125927725609058
2011-12-20,0.02981187021979122,-0.00223975638032038,-0.025262261950552586
2011-12-21,0.0019342514323396776,0.006145455045773066,-0.014007194923774016
2011-12-22,0.008820020033959644,-0.0036710010387116356,0.004189223067307333
2011-12-23,0.008900876699776713,0.0012265345745920365,-0.01118269082080025
2011-12-26,0.0,-0.0008482269087014572,0.0
2011-12-27,0.0007907945776917418,0.00043050615470083324,0.004739455028818097
2011-12-28,-0.013210255275149806,0.0016457621879670619,0.018319306534541446
2011-12-29,0.01028098396077683,-0.011140426244686018,0.0018219534817427556
2011-12-30,-0.004928236980508282,0.0022259091925654617,0.0032220742141021936
2012-01-02,0.0,0.00031094713551327216,0.0
2012-01-03,0.015810736746252833,-0.001476294778110477,-0.015123918882360277
2012-01-04,0.0015674420466130492,0.008851823260751207,-0.011962061680251596
2012-01-05,0.002658650074219008,-0.009589221588583361,-0.0017806550817739955
2012-01-06,-0.0025804462341398452,-0.010522396330770371,0.00786376116072113
2012-01-09,0.002424358858794895,-0.009082195049580685,-0.001770525039377601
2012-01-10,0.008633322978267636,0.007509521425102243,-0.0016885048910719905
2012-01-11,0.0005420753620515344,-0.0018890205884631987,0.012931142730798699
2012-01-12,0.002396357009630483,-0.002190950600397528,-0.0014188581955020731
2012-01-13,-0.005186960345025508,0.007561179282910563,0.00989341076924041
2012-01-16,0.0,-0.013624806787234869,0.0
2012-01-17,0.00387318999724952,0.001582201094193974,0.004622019662912837
2012-01-18,0.010995536972724844,0.006213452606059644,-0.012179491516416337
2012-01-19,0.005262554310247425,0.009373893106579193,-0.013848223451033398
2012-01-20,0.0037206074263729885,0.0076588581926248876,-0.01138999490337646
2012-01-23,-0.002580063904020462,-0.006203948598389735,-0.006345265408238435
2012-01-24,-0.001140543522352583,0.010973357237505723,0.0018045295277438092
2012-01-25,0.008333019836776237,0.0010817927973258263,-0.0024073241420817376
2012-01-26,-0.005142963969779998,0.005072846961054672,0.013169283816631096
2012-01-27,-0.0004549932684152428,-0.0011135545992719772,0.0031389697742496294
2012-01-30,-0.003419774433435189,0.008758027146282257,0.01170269104042698
2012-01-31,-0.0003803322588645134,-0.005190425851082879,0.011484520495126655
2012-02-01,0.008718887774304716,-0.004771364838780931,-0.0115210640341129
2012-02-02,0.0015837313594110934,0.007086626342989132,-0.0004191921983520139
2012-02-03,0.013921499847078658,-0.0024991788451783035,-0.021723661851009893
2012-02-06,-0.0006692506249394713,-0.0007617070612134089,0.009901805250481262
2012-02-07,0.0025254882732432043,-0.0004199085772778022,-0.012479001173613844
2012-02-08,0.0029632677577477954,0.009624903949070934,0.0007741125190924983
2012-02-09,0.0012569559347689727,0.0,-0.007505397900250037
2012-02-10,-0.007415337699235739,0.0022548533864811308,0.012904923995771561
2012-02-13,0.007415337699235781,-0.003142081581407857,0.0012816930321707773
2012-02-14,-0.0012569559347690776,-0.005978392592412813,0.00527909224795174
2012-02-15,-0.0046705438252739925,-0.0018404004398632808,-0.0017852355107642148
2012-02-16,0.011012343437467978,-0.005775290821672951,-0.008029201808344136
2012-02-17,0.0026420446957742495,0.005250071880237071,-0.0002571557079194572
2012-02-20,0.0,0.007616250294251725,0.0
2012-02-21,0.00044004670358379353,-0.0016917171206937813,-0.011126589401114138
2012-02-22,-0.0032296380148639906,0.002909280005583503,0.012498402953939797
2012-02-23,0.004401718838940198,0.0009407535629053901,0.0
2012-02-24,0.0021930412746487666,0.008854252024843193,0.006488757610274573
2012-02-27,0.001678180844971866,0.0069650518107681305,0.00881190887650202
2012-02-28,0.0029119245001211175,-0.004501296873633843,-0.0032951425634957046
2012-02-29,-0.003933258710000864,0.005309678317946272,-0.006112352087838227
2012-03-01,0.005168571955820331,-0.01172431625357161,-0.009459394759332785
2012-03-02,-0.003054352606370721,0.00013324235170368798,0.009348415022391239
2012-03-05,-0.004086414068060116,-0.010298493213170072,-0.007970146117630058
2012-03-06,-0.014733349553897882,0.002997753502724959,0.01205878590356904
2012-03-07,0.006951572091104626,-0.0077729242684906295,-0.006139930373547994
2012-03-08,0.009899592893168621,0.0012606650839612945,-0.010058089815589422
2012-03-09,0.0038604507149662044,0.01022232014269834,0.0019854328212696743
2012-03-12,7.273603820131855e-05,-0.011351733684889787,-0.00017198395266449822
2012-03-13,0.017865069659928144,0.0032866561325980946,-0.017750786710916358
2012-03-14,-0.0010714857467517339,-0.0066934155038114425,-0.025518063702621312
2012-03-15,0.005772947780669087,-0.004437467232810932,0.0015298938598167576
2012-03-16,0.0013834280826338342,0.004306770378691392,0.0019763281657068947
2012-03-19,0.003912914704689888,0.007495963026750442,-0.012007653728974464
2012-03-20,-0.002915340158585977,0.003947674646958991,0.00398869639531253
2012-03-21,-0.0016390497071745488,0.0006351659930329813,0.011244342867392659
2012-03-22,-0.007229886301504299,-0.0014286315996364265,0.003215015859127144
2012-03-23,0.0032275247244277897,-0.0010569483511521601,0.009407142833430778
2012-03-26,0.013937668702766326,0.0059068709937708545,-0.005135997034437001
2012-03-27,-0.003111996647802187,0.005781443740594299,0.007166157905900102
2012-03-28,-0.004970972225309338,-0.0023485638912794206,-0.0014120688516031316
2012-03-29,-0.0017096054590373332,-0.00018658498722988308,0.007475834563161278
2012-03-30,0.0041275668515310835,-0.000932462583469887,-0.01705537846169755
2012-04-02,0.007287935426429085,0.0033340279933281388,0.005524845047300466
2012-04-03,-0.0040973256274266625,-0.0018683789688872718,-0.01748054681919491
2012-04-04,-0.009960393990683472,-0.008140106869707436,0.013652747899058569
2012-04-05,-0.0005005915216620613,-0.006157205126725358,0.007199353104301125
2012-04-06,0.0,-0.006028089273925127,0.0
2012-04-09,-0.011294668048514322,0.0010718930789401378,0.023112369959483077
2012-04-10,-0.01692744395567827,0.002461893528647215,0.011273506895194952
2012-04-11,0.008061728866879364,-0.002880336799999552,-0.012052918732031188
2012-04-12,0.012981046003887884,0.0035361162191303876,-0.004166162061504428
2012-04-13,-0.011959383395551675,0.005261813324024981,0.016046993297112205
2012-04-16,-0.0006566887491495452,-0.010104434712292337,-0.0014555820075971687
2012-04-17,0.01470318701000736,0.005367571161522159,-0.0005999448934757058
2012-04-18,-0.0033844485278797794,0.0006565486513047517,0.0029108891648716665
2012-04-19,-0.006442033071270173,-0.0011814984245596726,0.0009408727392898392
2012-04-20,0.001668446855256509,0.001969930835327263,0.0001700250018796274
2012-04-23,-0.008443972274514159,0.004479552111485653,0.0072355972032596425
2012-04-24,0.0037941125370902075,-0.00400612013976583,-0.007064237356271124
2012-04-25,0.013598519929966833,0.003478129990540043,-0.005136966827887588
2012-04-26,0.006945065657528714,0.0026430230552151124,0.005990990021572702
2012-04-27,0.0016394248992797659,-0.0031707498898219497,0.0008526137494480735
2012-04-30,-0.0037107197188807222,0.0038325762457608417,0.000256011868369934
2012-05-01,0.006200571643346618,-0.0001323482424511239,-0.0051996722969952554
2012-05-02,-0.002988413806359342,0.0,0.007018356519630044
2012-05-03,-0.007654584301551419,-0.006992582137937368,-0.0002557407627588654
2012-05-04,-0.016290130691206918,0.0006575988363031403,0.007817580069811312
2012-05-07,0.0007297432464551502,-0.01422541464811494,0.00016882042761475323
2012-05-08,-0.004020014924123347,0.00701557572102152,0.005318201841726002
2012-05-09,-0.005949375650812217,-0.005081105594241374,0.0006723750171562032
2012-05-10,0.00206064533143917,-0.004538151038832012,-0.002948416295650005
2012-05-11,-0.00301873129109168,-0.00012929310372926858,0.008234462010461449
2012-05-14,-0.011122931174024091,-0.0027126475267236125,0.013878076259564063
2012-05-15,-0.005758146706001281,-0.005275033838975709,0.004035800302369238
2012-05-16,-0.00383199540537684,-0.007542386821841305,0.002873267846930968
2012-05-17,-0.014941878225762519,-0.0003819737284095427,0.017548098309537304
2012-05-18,-0.008596064045613113,-0.0025429984175698956,0.0002416116802642061
2012-05-21,0.01704226228821574,0.005858493118947677,-0.0020950835945635258
2012-05-22,0.0017416706115806922,0.002942062817123102,-0.01119773643640646
2012-05-23,0.0005290286178502566,-0.011463643314812278,0.006912116793003316
2012-05-24,0.0019639395520503807,-0.008198335999706171,-0.0038158292912915145
2012-05-25,-0.0032496215225371575,-0.0020076839053987964,0.0037348752506449687
2012-05-28,0.0,0.0026360258467293643,0.0
2012-05-29,0.012038575730910788,-0.0035131701496244226,-0.0030844495273318444
2012-05-30,-0.014615873920293973,-0.003750514069733303,0.025045053085978354
2012-05-31,-0.0022034159731322204,-0.008325603736316979,0.011508190801406767
2012-06-01,-0.02549923410066282,-0.000989540607500082,0.023462463430000677
2012-06-04,-0.0004682205324848791,0.003219473991748515,-0.007931942826367513
2012-06-05,0.007543904717400834,0.0085944941124048,-0.013466725389698677
2012-06-06,0.022219246819317924,-0.0037458462319731444,-0.020186529847579276
2012-06-07,0.0006062906729489389,0.008887825815465206,0.0015176979094667883
2012-06-08,0.007920133525160878,-0.0002514601675505825,-0.0002392925113904975
2012-06-11,-0.012778550613934197,0.005925750663966616,0.004541760060661379
2012-06-12,0.01142483618689242,-0.013315093840244313,-0.009185051706106362
2012-06-13,-0.006414718771494711,0.0021234780766652577,0.009821380754356868
2012-06-14,0.010544439483823257,0.005517325267162982,-0.001272611604809312
2012-06-15,0.010174924608150273,0.004284340363286039,0.0055535685077825695
2012-06-18,0.001936312679175897,0.00607974464967934,0.005365828511193135
2012-06-19,0.009626795115530497,-0.00847626681486473,-0.01314912695147577
2012-06-20,-0.0016229086504808868,0.006572341197575767,0.004931184248964888
2012-06-21,-0.02269413566289675,0.0,0.0053013609524280286
2012-06-22,0.007671981357137773,-0.010218955642809375,-0.013427262416620392
2012-06-25,-0.016164794328534793,-0.0011290236798987073,0.014452713237038431
2012-06-26,0.005013264743673852,-0.0026295053401312342,-0.0039492157794797705
2012-06-27,0.0089758227384611,-0.001374578399849958,0.0015813609471614597
2012-06-28,-0.002857049502971139,-0.0011231776588813778,0.002447167238556852
2012-06-29,0.024620707347992987,-0.002616018276440206,-0.013093316595419832
2012-07-02,0.0030082168601721277,0.017077075094517457,0.010264441376421083
2012-07-03,0.006571388047889266,-0.005817033089813545,-0.00771403734113747
2012-07-04,0.0,0.0018889965824749808,0.0
2012-07-05,-0.004522381745746776,-0.0071093551558247935,0.005096497512851713
2012-07-06,-0.009549073375308746,-0.010012806791382391,0.009251114810356292
2012-07-09,-0.0012553186114803673,-0.009741754197162366,0.008776394136001035
2012-07-10,-0.008758827012614033,0.00381134718047147,0.002026427245460326
2012-07-11,0.00014921973982965443,-0.005037857568511677,0.001244567191804822
2012-07-12,-0.004856558635452052,-0.0007472579485057693,0.007050880501880833
2012-07-13,0.016638736887383827,-0.004460309563896552,-0.0026284113436564043
2012-07-16,-0.0023601514278153058,0.0045950129266621766,0.004634225115974579
2012-07-17,0.006843488470448157,0.0015936500109216209,-0.007890674090277256
2012-07-18,0.007379535067851729,0.002210738434247454,0.0005432732199150068
2012-07-19,0.0026173010578662793,-0.0014743828693704612,-0.0025650810779431943
2012-07-20,-0.009190467589163647,-4.913176596844995e-05,0.012144992889063256
2012-07-23,-0.010163762360320516,-0.012274862527051808,0.005597253852815363
2012-07-24,-0.008624404898540078,-0.0002425354611856021,0.007844233949382988
2012-07-25,0.0002245352884210525,-0.005151551233425392,0.002575553593735511
2012-07-26,0.01636289220106035,0.0064860945199821576,-0.009197655161594183
2012-07-27,0.018265083583572112,0.011477609095058215,-0.01904251096466348
2012-07-30,0.0,0.001966784285227875,0.007444946989599188
2012-07-31,-0.007019157201482539,-0.0036845910317584796,0.0020066337468623565
2012-08-01,-0.0008719172927048619,0.002823623134604158,-0.005012257797819571
2012-08-02,-0.006928023859946106,-0.00429369295542993,0.005653003806313188
2012-08-03,0.01963889767909169,-0.005006360772785269,-0.016269737801911634
2012-08-06,0.0019357435480543957,0.020177824330586288,0.00039301805274938366
2012-08-07,0.005000882028842719,-0.003102311736323295,-0.012949502231829549
2012-08-08,0.0012102691031590793,-0.00024778126439503194,-0.005338735911437537
2012-08-09,0.00085399625238046,-0.0011018543184398008,-0.0007195224026572381
2012-08-10,0.0016344681352490962,-0.006425823283212942,0.0050245593511710155
2012-08-13,-0.000497170088725989,-0.0013760045967251909,-0.0016715690215219822
2012-08-14,0.0001425376942239675,0.004084343226895655,-0.013640049661048644
2012-08-15,0.0011356372214020934,-0.0001232066733541915,-0.01415591649024502
2012-08-16,0.007351570613726649,-0.002953957235042525,-0.00855744574235962
2012-08-17,0.0013369133755182076,0.00554573565452952,0.0048636927523479445
2012-08-20,7.0325176668086e-05,-0.0020492605907647047,0.002054181588797627
2012-08-21,-0.0030286632639245866,0.00167857661380693,0.004421445703228216
2012-08-22,0.00042305794689721614,0.009931792186990423,0.016369815796266847
2012-08-23,-0.008212760518566975,0.004626998126816065,0.004171028771157714
2012-08-24,0.0060246769513195774,0.002133119763072035,-0.0009604306857488861
2012-08-27,0.00021168450428197364,-0.004536841412041868,0.005831658200680099
2012-08-28,-0.0009891847451817444,-0.00022501368530915386,0.0023870767418787834
2012-08-29,0.0007775002408997899,0.005641499164331914,-0.004380729521553148
2012-08-30,-0.0072345894961673915,-0.003263397370650911,0.0051748579350994915
2012-08-31,0.004758129011128818,-0.0016277448098994838,0.014034466324058121
2012-09-03,0.0,0.00526845091391233,0.0
2012-09-04,-0.0009214279019376394,0.0007549483439738081,-0.0010049250672661304
2012-09-05,-0.0008513827168164549,-0.00414502090738888,-0.0047238834666835094
2012-09-06,0.0200936884760624,0.005404462387742879,-0.01679060925366749
2012-09-07,0.0038875643311564395,0.0023973159741336302,-0.00466566020055283
2012-09-10,-0.00569776887227565,0.012841104350352387,0.0024163187467481275
2012-09-11,0.002783293733594992,-0.002683590425237534,-0.006293518425091284
2012-09-12,0.003330068828797296,0.0070436513619412215,-0.012543156730118512
2012-09-13,0.015121306949490093,0.003992063028549831,-0.003941795433488131
2012-09-14,0.004424239621500284,0.006992120632000732,-0.026937486216733295
2012-09-17,-0.0034011860099772513,0.009399574000485786,0.01193186364497798
2012-09-18,-0.0008183724090784579,-0.0004852626786234526,0.004999585040341322
2012-09-19,0.0005451697828173194,-0.004878140489867131,0.006544186126143539
2012-09-20,6.842367891602861e-05,0.0009135958493321619,0.0024738538180701353
2012-09-21,-0.00041777565710356487,-0.006507866478759256,0.0011525844612907687
2012-09-24,-0.0015093584031171732,-0.0003891232295926891,0.007785409352621639
2012-09-25,-0.01069886978712315,-0.002072788097304648,0.009829300449786894
2012-09-26,-0.0056369991992794655,-0.0032173351848969363,0.010693513601637448
2012-09-27,0.009377533992154644,-0.0014308808636272067,-0.00714324843714879
2012-09-28,-0.004643265538932224,0.002450565575717097,0.0005631034397527622
2012-10-01,0.002636381789398231,-0.00810251126769299,0.0037044068508275546
2012-10-02,0.0010381605803127078,0.006167365293188808,-0.0013673489573272455
2012-10-03,0.004075149537047466,0.002193411869076394,0.0003219933244556926
2012-10-04,0.0071420317735078325,0.0005167929922704262,-0.01254943631860612
2012-10-05,6.812719502226641e-05,0.0072633363443466385,-0.013038787884075462
2012-10-08,-0.0034271381753048853,-0.00013013878206721803,0.008383974671605014
2012-10-09,-0.009936375535328858,-0.0029892407744781476,-0.0018023831566490551
2012-10-10,-0.006400357969709027,-0.009171333805507767,0.007027592008054411
2012-10-11,0.0005581525861841237,0.0,0.006896974437159067
2012-10-12,-0.0032838536428063886,0.005803126070959652,0.0025040293089083412
2012-10-15,0.008293324386820249,0.0007762529468751664,-0.0022612358778133198
2012-10-16,0.01008243039597504,0.0019433776831409243,-0.01392134702562744
2012-10-17,0.004524535197672998,0.01069111837891574,-0.009306981852025106
2012-10-18,-0.002602381858542832,0.0006556786485947042,-0.006141573149282335
2012-10-19,-0.016805063711775474,-0.0036137535535060218,0.013479032932864475
2012-10-22,0.0001399325923912984,-0.0035744974300148534,-0.006427380154224224
2012-10-23,-0.01397396243549578,0.0036529385531968773,0.014200814956603807
2012-10-24,-0.0028324023293109383,-0.007422361367593739,-0.009911524257855834
2012-10-25,0.0029032088951411435,-0.0006484696183931449,-0.005116178144285238
2012-10-26,-0.0005658400232021699,-0.0020722206519754,0.014620173876158805
2012-10-29,0.0,-0.0010991515847126464,0.0
2012-10-30,0.0,-0.0012270591915617506,0.0
2012-10-31,0.0,0.004204038424388151,0.005853542903072052
2012-11-01,0.010416188799377888,0.0001943930038616015,-0.008221317256004265
2012-11-02,-0.008931276220484665,-0.0012956243078190888,-0.0007356186139716446
2012-11-05,0.0020463972176042134,-0.009343773012860858,0.0056278546300359104
2012-11-06,0.007794676203624118,-0.0019862971328994785,-0.00947964224192968
2012-11-07,-0.02292456718311095,0.0004353080305895034,0.017983111589886167
2012-11-08,-0.012096916652255195,-0.0037584886622258284,0.014729755138993713
2012-11-09,0.0008685250742928152,-0.0011477221809470441,0.0011120295710361533
2012-11-12,0.0007961214544496605,-0.0016810527694880474,0.001665996810727075
2012-11-13,-0.003477477361554667,-0.0011190848708216385,0.003322534000095492
2012-11-14,-0.013590715204390846,0.0,0.000947855153309124
2012-11-15,-0.0016931132776432246,0.0017810593602762183,-0.0019753867076970828
2012-11-16,0.004924976511046747,0.004082684996178389,-0.0008697200746175863
2012-11-19,0.02003704834559554,-0.0019540958120791625,-0.005634330138487595
2012-11-20,0.0004313368958850785,0.0007786051258752523,-0.0100777984883548
2012-11-21,0.001865938888618275,0.0035177764975567074,-0.0005626504123584842
2012-11-22,0.0,0.003941790057651514,0.0
2012-11-23,0.013532856508945146,0.0007849969751179096,-0.0009663425288082712
2012-11-26,-0.002124498997295238,0.007028737624003663,0.004739857727730672
2012-11-27,-0.005118047047752621,0.001622071249715867,0.0039183988061228785
2012-11-28,0.008020707294097408,-0.0037591118197992574,-0.0014382068035192703
2012-11-29,0.004654932428349179,0.0011650365884301502,0.0001601728718631208
2012-11-30,0.00021047366590650773,0.0015556536819384401,-0.002721110953848641
2012-12-03,-0.004936402827546488,0.001791926548470343,0.0009230034979558404
2012-12-04,-0.0014146239764178013,0.0,0.005759161987054751
2012-12-05,0.0017681897317390317,0.00785486979982089,-0.0004792332360089884
2012-12-06,0.003386523014760943,-0.0022244349806974668,0.002152864352271524
2012-12-07,0.003024046325864975,-0.008200391470385609,-0.009279110985257593
2012-12-10,0.0004209290435364659,-0.004436687582816761,0.004410111036948007
2012-12-11,0.006785887456811948,0.0024940274152400973,-0.0076306389266447075
2012-12-12,0.00048768728829057077,0.005774099182791437,-0.011677884215042823
2012-12-13,-0.006151239181343638,0.004107610164108555,0.0007341228629351006
2012-12-14,-0.003722605283542135,0.000915174116556749,0.0074710300291253905
2012-12-17,0.011683597943173382,0.0066397813111627535,-0.015081081037510682
2012-12-18,0.011068051131124117,-7.895767899669292e-05,-0.010237232793589119
2012-12-19,-0.007457535614352148,0.0050150872193668785,0.0033148139584309095
2012-12-20,0.005736192643386819,-0.0011900064672989874,0.00016513204026102145
2012-12-21,-0.009119003423582494,0.0016928992825085577,0.010856233940792204
2012-12-24,-0.0030860911018235956,-0.004213894903889022,-0.0018020822656589883
2012-12-25,0.0,-0.00011865561036998284,0.0
2012-12-26,-0.004223590447978858,0.0,0.0035915641994737364
2012-12-27,-0.0013412769328133753,0.0034328757995704495,0.0033495753440802517
2012-12-28,-0.010867168631940436,0.0018533322975444059,0.005693059675163169
2012-12-31,0.01685355050425787,-0.0017078663728159408,-0.017424908983637712
2013-01-01,0.0,-0.001995376539259348,0.0
2013-01-02,0.025307117126351784,-0.0002639847707948169,-0.01345836779416374
2013-01-03,-0.002261454953658058,-0.0011871216201709736,-0.013642539639909313
2013-01-04,0.004381688775792089,-0.011403246248573008,0.0038927903116141
2013-01-07,-0.0027365351122307373,0.002662234107940564,0.000422258881071645
2013-01-08,-0.0028814575617691868,0.004400356419408042,0.0065628454680310725
2013-01-09,0.002538369744379833,-0.0032628667624201887,-0.0009221826972169261
2013-01-10,0.007918873678347616,-0.0021039497190686184,-0.0027744931984365756
2013-01-11,-6.82601726620497e-05,0.016585816427728228,0.00888348637996074
2013-01-14,-0.000680308786175858,0.006672030251265356,-0.0027574783755617664
2013-01-15,0.0006803087861758456,0.0011899556887180166,0.004591457555001715
2013-01-16,-0.00013548901560197967,-0.0052038452318998365,0.002080204449646516
2013-01-17,0.006438974272751202,-0.0013298913070807386,-0.010023176810610497
2013-01-18,0.0022273917722879545,0.0061324875816171605,0.007693336994937817
2013-01-21,0.0,-0.0039371499292233485,0.0
2013-01-22,0.005379004015621104,-0.0006391188095335511,0.0019135856146151437
2013-01-23,0.0016078694621534907,0.0001863436607828472,-0.0014970011000900794
2013-01-24,0.00026765206343544077,-0.00041267119656229377,-0.0035041158622798915
2013-01-25,0.005606382229696301,0.004561876596430402,-0.01379909201133058
2013-01-28,-0.0011986421176632415,0.00720526666208905,-0.003649472370889836
2013-01-29,0.003923584114507212,-0.00146671173299158,-0.005542635941158452
2013-01-30,-0.003923584114507182,0.0033672400333745137,-0.0017114186169025212
2013-01-31,-0.002468535739292057,0.005669026242172078,0.004870262747695874
2013-02-01,0.010235134787694188,0.0031391697187494287,-0.013069466008373188
2013-02-04,-0.011304482540654519,0.002766859073976453,0.012727558588925396
2013-02-05,0.010047166691565522,-0.010089889790595784,-0.00892711269958192
2013-02-06,0.000727721000270291,0.0051476427709565885,0.008157608588145496
2013-02-07,-0.0013238472282128707,-0.004241963829092759,-0.0022253849896773387
2013-02-08,0.005549102902393854,-0.009998165808551313,0.0038491997616808215
2013-02-11,-0.00019785639184369147,-0.0015786369380713376,-0.000768846743925511
2013-02-12,0.0016457756556956759,0.0026369420998443764,-0.0024807530494271313
2013-02-13,0.00085518115272981,0.0036121084503193085,-0.00817151596940144
2013-02-14,0.0009192397320327639,-0.0005647434735789681,0.009027778778191565
2013-02-15,-0.0011827026108035487,-0.006833340927921165,-0.0029150005174417844
2013-02-18,0.0,-0.0006674703230669799,0.0
2013-02-19,0.00746695493047743,0.0002402834820688379,-0.004990237502678244
2013-02-20,-0.012541907628655447,0.003637031257409674,0.0030144299451269566
2013-02-21,-0.006097452325902705,-0.009200664271603936,0.005831669356364245
2013-02-22,0.00972546938716394,-0.0059551867332724336,0.000683628959265742
2013-02-25,-0.019210472441752502,0.00011880151420411266,0.019462272808539433
2013-02-26,0.006822566214070777,-0.009965896210080764,-0.005799041755058372
2013-02-27,0.01251945763832063,6.532770422518989e-05,-0.0029536508648315943
2013-02-28,-0.001976548016007373,0.006488650933249562,0.0018581812636711686
2013-03-01,0.0032919322422852865,-0.006945851952969497,0.00543055491737457
2013-03-04,0.0053114008162510485,-0.003298765151000186,-0.0053130347402283425
2013-03-05,0.008918936813431977,0.0014720743721258502,-0.0028788259580033895
2013-03-06,0.001359964348764096,0.0009520424019637552,-0.00911412310956481
2013-03-07,0.0018110135679601882,-0.0053745988191833995,-0.007731675111539402
2013-03-08,0.004254644918936291,0.010174907119175859,-0.010488674948762032
2013-03-11,0.0037889697616236852,-0.009447805340505221,0.0009573945599140026
2013-03-12,-0.0022460732764405934,0.0034347096884790665,0.0072004104526410435
2013-03-13,0.001412351702532886,-0.0002605384763194091,-0.0010377423313384304
2013-03-14,0.005309809264041855,-0.005457516704327578,-0.0030325023719304715
2013-03-15,-0.0013215123960703464,0.004155454167862972,0.004674687598684848
2013-03-18,-0.005533704691439553,-0.009235076987730063,0.007573490652420437
2013-03-19,-0.0023258467766524822,0.004043603955159299,0.006750552131696829
2013-03-20,0.00696069851653512,-0.006284440059350325,-0.011218943762782662
2013-03-21,-0.008578960398162751,0.006025543886735387,0.009598989904523895
2013-03-22,0.008001445829488418,-0.0028431453016186975,0.0007672530581441842
2013-03-25,-0.004186645679175518,0.009191736350872682,-0.0009380876675184359
2013-03-26,0.007971101160363401,-0.01279855965292542,0.0011943737656382608
2013-03-27,0.0,0.0001285792032281428,0.00848427981754082
2013-03-28,0.003068373072220117,-0.0064094619706589395,-0.005082019863996909
2013-03-29,0.0,0.002968842584348151,0.0
2013-04-01,-0.003965581894200202,-0.0007942122216494621,0.007502547448835177
2013-04-02,0.004922551385490557,0.0034635721258691036,-0.004061563643445499
2013-04-03,-0.010191218096053925,-0.002310380161702017,0.008949625402487142
2013-04-04,0.004050802310503123,0.0023103801617020657,0.011865597257217891
2013-04-05,-0.00450186493607597,0.006057776525567641,0.019982726739931008
2013-04-08,0.006745036412346447,0.004924874541507244,-0.007682792969603802
2013-04-09,0.003450756237945705,0.0028624295571095548,-0.002464459814519314
2013-04-10,0.012174444429137567,0.0039033371703686114,-0.01383174584065046
2013-04-11,0.003271542771964077,-0.0019079428869484103,0.0019170142035713923
2013-04-12,-0.002452743471314261,0.004540512323350586,0.014789284010519968
2013-04-15,-0.02344649026005108,-0.0011796306732325752,0.008656377369682253
2013-04-16,0.014654622283735555,-0.003413021443032482,-0.008245813683730046
2013-04-17,-0.014719304425447288,0.009456885713221962,0.0066175034287733695
2013-04-18,-0.00627316386402956,-0.010970123494505981,0.0024402052486050315
2013-04-19,0.008656116164990232,0.0013957078225384414,-0.0021144035667923253
2013-04-22,0.0044279459691387735,0.00019578428287324982,0.0007329377792002214
2013-04-23,0.010256277688209437,0.0004570764704050366,-0.0035045501243699986
2013-04-24,0.0006337555572558599,-0.005159080449683407,0.0025275431638142757
2013-04-25,0.004045393767107608,0.00176880818137652,-0.0043255666966605
2013-04-26,-0.0017674837675385852,-0.0007808119108681736,0.009119478167105824
2013-04-29,0.006676143117895951,0.0027092938375022375,-0.003654343991077888
2013-04-30,0.002382223001256048,0.004077536101588047,0.0005690254655196616
2013-05-01,-0.008805685724872477,0.005515454091312641,0.010220909752777636
2013-05-02,0.009243983048319571,0.0010539995886262228,-0.00129155899955046
2013-05-03,0.010089644472329204,-0.008923937204134204,-0.023858767501045212
2013-05-06,0.0025374755145464827,0.004452029941140167,-0.0024844644103793425
2013-05-07,0.005056186571472285,-0.0040600365090577364,-0.0039032325712699966
2013-05-08,0.004540875020624071,0.0005230267281386599,0.0015795803490774218
2013-05-09,-0.0028200390268612197,0.006428270664547212,-0.0025787700483365884
2013-05-10,0.003248458726177818,-0.009692264624364979,-0.010804913349941823
2013-05-13,0.0007954674457437096,-0.005316899434552162,-0.00769231092822396
2013-05-14,0.010280546431572803,0.0017518545012306938,-0.01092115540108686
2013-05-15,0.005372070978095882,-0.003927706249768482,0.006669023463282117
2013-05-16,-0.004706603131973694,-0.004234363049165293,0.010343375258249136
2013-05-17,0.009630786237102064,6.449566130089441e-05,-0.012732919764853795
2013-05-20,-6.027413273251492e-05,-0.0037035254520619673,-0.0011958235965464114
2013-05-21,0.0014368809016152915,0.004309137552953992,0.007837500040955786
2013-05-22,-0.007445131935449581,0.002168110497585436,-0.014962195798884834
2013-05-23,-0.0028974670136535396,-0.005976506282108543,0.004726081691507985
2013-05-24,-0.0008463360500739224,0.0064417355681352755,0.0013709603534643245
2013-05-27,0.0,0.000982699770850516,0.0
2013-05-28,0.005971136796687417,-0.0002974735779143091,-0.025668991150214364
2013-05-29,-0.006515381709677409,-0.006793025706258287,0.011181424316418343
2013-05-30,0.003685163430447774,0.007867125813207816,-0.0024350035203975773
2013-05-31,-0.014456580785451527,0.007394543733594915,-0.003401884054391957
2013-06-03,0.005491525195155749,-0.003645628601557527,0.005284630448849652
2013-06-04,-0.00481834461742131,0.005865508342304645,-0.009278042100530329
2013-06-05,-0.014099866892610415,3.930123857307964e-05,0.013711917166278608
2013-06-06,0.009012660295558007,0.0015176148155457577,-0.0006077631171354653
2013-06-07,0.012640046239774638,0.011562487392139139,-0.018040542947076008
2013-06-10,0.0,-0.0016278842001214964,-0.00478284309299576
2013-06-11,-0.010369197732901908,0.0,0.011827988110436012
2013-06-12,-0.008311763755317312,0.0,-0.014407168973487736
2013-06-13,0.015094463666385767,0.008699546948616884,0.015546922066110759
2013-06-14,-0.006292807479442291,0.002123207300073294,-0.002369458366633046
2013-06-17,0.007692284539596579,-0.0014427438243390341,-0.005285737644139069
2013-06-18,0.007874581960754447,0.0010818738294116166,0.0005301068807445349
2013-06-19,-0.013913581419531898,0.002006501235948722,-0.010381191195201204
2013-06-20,-0.02508992891371243,-0.007350838923890695,-0.016549753374862357
2013-06-21,0.0032050888027078815,-0.004244322372817905,-0.017103296564835627
2013-06-24,-0.012716643610490583,-0.009890867430486311,0.004142432341764669
2013-06-25,0.009568076214050446,0.002059727722364065,-0.008951916307364655
2013-06-26,0.009852649382932926,-0.0040105040554757375,0.006467944737239247
2013-06-27,0.005852463671363016,-0.0050881599651671485,0.01017135628729663
2013-06-28,-0.004105508777711139,0.0017323101231722052,0.006813779641868057
2013-07-01,0.005842278388089157,-0.0016801881281960803,0.002013409463083727
2013-07-02,-0.0009300329379119677,0.004107799317410856,-0.0006342885696310444
2013-07-03,0.00043439044146110307,-0.006811097394825702,-0.0029952462802113992
2013-07-04,0.0,0.002456037988637669,0.0
2013-07-05,0.01073048639608708,-0.007956968242132436,-0.034682817814722995
2013-07-08,0.005688903341880364,-0.006112411572627294,0.00964650848906289
2013-07-09,0.007171562624321461,0.003263916264117598,0.0010247714086576915
2013-07-10,0.00036303146531202837,-0.006951877016797796,-0.007852125740273667
2013-07-11,0.013529011568171075,0.031262324758573094,0.011662988217851035
2013-07-12,0.0004181176337146561,-0.006847415305516424,-0.0008354704806642704
2013-07-15,0.003813040358589811,-0.0028903531058660607,0.005277144671025699
2013-07-16,-0.0037534046712819195,-9.146529322965793e-05,0.003410785527409233
2013-07-17,0.002563241947520072,0.0070504609375198765,0.0018388602725278565
2013-07-18,0.005463103102287469,-0.0026005548501486573,-0.012571080204908247
2013-07-19,0.0017749422197272482,-0.00048524362217734567,0.015689615965347032
2013-07-22,0.0019487372247607925,0.0037567130208616788,0.0014645330261072328
2013-07-23,-0.002126022244640968,0.0023056207727170873,-0.004215438011323821
2013-07-24,-0.0036723374969405307,0.0024961438919357277,-0.012753067841894778
2013-07-25,0.0024297856957008605,-0.002456469552285838,-0.000372453032539617
2013-07-26,0.001064897784500738,0.006298609757837202,0.006122435119052203
2013-07-29,-0.0030798092570577923,0.0009960712248309111,-0.007332449338199443
2013-07-30,0.0,-0.0017922410988431615,-0.00037242441454454295
2013-07-31,0.0007117150533899625,9.283827323340583e-05,0.0036279317057069257
2013-08-01,0.011492146880595359,0.0027496016501841825,-0.019456880342522333
2013-08-02,0.0016973495527583984,-0.006747556043127298,0.010950213617013415
2013-08-05,-0.0014626727877079622,0.005059723804918386,-0.007728274304772153
2013-08-06,-0.005698955571596357,-0.0016186586244296085,0.002928685646314772
2013-08-07,-0.0032463466717498547,0.003812097411978175,0.0074245336471450655
2013-08-08,0.003658600086329087,0.0024650535425876047,0.0027115443229778157
2013-08-09,-0.002889911238544845,0.0029259569074284375,0.001586447847160534
2013-08-12,-0.00118211604641614,-0.003046058189412581,-0.006829181371862682
2013-08-13,0.0029521131729997427,-0.00348877822192013,-0.01456113656743838
2013-08-14,-0.0051424704989553385,-0.0020582714775905335,0.0015219165175750344
2013-08-15,-0.014084789467310859,-0.00010613446905663176,-0.013596118693332814
2013-08-16,-0.003310672590206078,0.006747681335261496,-0.0034762314958984696
2013-08-19,-0.006413133732086807,-0.0018679052360929733,-0.008745756036811124
2013-08-20,0.004904003854706988,0.0003600028474276832,0.007680262824995916
2013-08-21,-0.006179185024336556,0.0065147466223813,-0.011003068341751498
2013-08-22,0.009073944935966036,-0.005834439467682652,0.010131136653220458
2013-08-23,0.0033669674534818356,0.0009076660355220502,0.010797633765279353
2013-08-26,-0.003728096598551279,0.002353287035953543,0.0049743742224943955
2013-08-27,-0.01621508204471234,-0.0005487091265873901,0.012514891204157176
2013-08-28,0.003544585588293116,0.0009637821041912405,-0.008136837900311144
2013-08-29,0.0015847668993427733,-0.004276320369498135,0.007948194659580566
2013-08-30,-0.003172398095458682,-0.007426567270852635,-0.0011314620412084574
2013-09-02,0.0,-0.0021155555167329827,0.0
2013-09-03,0.004511725299772465,-0.001385897584949283,-0.014204468659774167
2013-09-04,0.008238933755413872,-0.0012127109859999992,-0.0022093720388704384
2013-09-05,0.0012662611741902966,0.002017569232703299,-0.014042076797807133
2013-09-06,0.0004818982758331754,-0.006250685890698041,0.004961609659958262
2013-09-09,0.009530831950186234,0.004246146872347274,0.00048479589227526333
2013-09-10,0.007369792508323487,0.006343786989198022,-0.00700727889667775
2013-09-11,0.0031337956147304055,0.0006232749244094438,0.008848108742167812
2013-09-12,-0.0026601995972427377,0.0037082370751209356,-0.0013557353383420333
2013-09-13,0.00224652314699246,-0.0012509255469101393,0.0038705008859947123
2013-09-16,0.005771039370732966,0.004531864098348546,-0.006686046182766793
2013-09-17,0.004452585051557941,-0.0016018532300555457,0.008229509765014336
2013-09-18,0.011507038732028848,0.0014950357158973195,0.012267197324667738
2013-09-19,-0.0016765144056711202,0.012284229802837462,-0.005923099472777573
2013-09-20,-0.007016222242652294,0.0008252112037365481,0.0052564381298119515
2013-09-23,-0.004638154479416662,2.7128324994165675e-05,0.007311547727566604
2013-09-24,-0.0023569363166542597,-0.0026357631830961448,0.010728251470753056
2013-09-25,-0.002894462924655725,-0.00200939757460392,0.002057552373231404
2013-09-26,0.0038381943127286976,0.003346668110638331,-0.007031201945170437
2013-09-27,-0.00460729025503841,-0.0022817528947719212,0.0024430239383470176
2013-09-30,-0.005342815182545067,0.0006880848622560554,-0.0015025655800940856
2013-10-01,0.007885310791858514,0.002202185586375878,-0.0030388988044145557
2013-10-02,-0.000945571007012598,-0.00013530186549907483,0.0015111758063947696
2013-10-03,-0.00926365470564748,0.004989017263364264,-0.0016054991055387642
2013-10-04,0.007548225762524216,0.0024357703213313607,-0.0007563607430884501
2013-10-07,-0.008682183564759848,-0.003983941347518267,0.0040595306281955585
2013-10-08,-0.011715092331602544,0.0,0.00028242387295085474
2013-10-09,0.0007251147086176216,0.002064747861684517,-0.008038444063148721
2013-10-10,0.021328490229070803,-0.005735428865251535,0.0016127623849919294
2013-10-11,0.006422752770561242,0.00047327681604477967,-0.0002841406450770247
2013-10-14,0.0039861169332881755,0.0022208516091871884,-0.008092571641413944
2013-10-15,-0.007280596954488467,0.0001355843264486392,-0.000669540530008059
2013-10-16,0.013869062770406029,-0.0027215330765080663,0.012453495382044667
2013-10-17,0.0066611161652616975,5.4041371107250154e-05,0.00902822393506482
2013-10-18,0.006731385072674599,0.010630852170054517,0.0021512325311784583
2013-10-21,5.743951059201287e-05,0.001093978463955791,-0.0031811037700534978
2013-10-22,0.005775069793096301,-0.000437744149242651,0.011090887926746763
2013-10-23,-0.0048006211804426146,0.007467540975660065,0.003884930455892838
2013-10-24,0.003317111446996822,0.00017916381931931766,-0.0038849304558929722
2013-10-25,0.004556952215404762,0.0016688072258379605,0.0037004445633201607
2013-10-28,0.0015898143414571548,9.671716893585458e-05,-0.0034226010362711245
2013-10-29,0.005320319778452416,-0.0011589761458217073,0.00129632838678984
2013-10-30,-0.004979759033842846,-0.0033588796437010794,-0.006033469920471173
2013-10-31,-0.0028401919537132934,-0.0013870897864594889,0.002139228465091981
2013-11-01,0.0023864792129167276,-0.010566432738998956,-0.010883236652810855
2013-11-04,0.0035123735531121577,-0.0063351559736912234,0.0009414064131212445
2013-11-05,-0.0031718817040327614,0.0017016166459005954,-0.012020180709580228
2013-11-06,0.005092979925560001,-0.0032522560106001365,0.00047579727556499256
2013-11-07,-0.012724476425404658,0.0033333013812805283,0.008434838017620568
2013-11-08,0.013401228800688308,-0.008091529839222568,-0.024360042149368617
2013-11-11,0.0001693835319256517,-0.004575455846821724,-0.0037789337919124774
2013-11-12,-0.0020321442719303776,0.004588879886957575,0.004648849128452837
2013-11-13,0.007992140715671087,0.0022822211669795006,0.003664585414746279
2013-11-14,0.004977118140669618,0.003689395211376175,0.006142345643431044
2013-11-15,0.004341717689199218,-0.0030172041273950605,0.0020069994790033905
2013-11-18,-0.0035054893594403352,0.002599033341362619,0.005997877987418578
2013-11-19,-0.002176072940818528,0.0015114296273467482,-0.0076222961290539765
2013-11-20,-0.0031329494066247724,0.004656302346840454,-0.01717086244850724
2013-11-21,0.008036364841749797,-0.009895853774490438,0.0016532728539846594
2013-11-22,0.004989879586647325,0.002825068525748274,0.009281406392721464
2013-11-25,-0.0009959440598722735,0.0059588583834959555,0.002883176711081627
2013-11-26,0.0002768263309810195,-0.0018278517193040253,0.0037352321742487775
2013-11-27,0.0024323756775231787,0.002966928314919584,-0.0017224778978429227
2013-11-28,0.0,0.0004342076453011844,0.0
2013-11-29,-0.0006627506023091563,0.00222859244271521,0.0002875652879767359
2013-12-02,-0.002600124290064634,-0.001386628254186883,-0.007808543393576708
2013-12-03,-0.004330149877815313,-0.00317385780405955,0.00367099234368351
2013-12-04,-0.00011135745432989064,0.0035814610221002333,-0.009591161227158982
2013-12-05,-0.004405234392881055,-0.00031248678852772294,-0.002827799823449641
2013-12-06,0.011115168946271155,0.006132633494046251,0.004772560667560062
2013-12-09,0.002538811768467765,0.0026691858140462446,0.0023284565012509305
2013-12-10,-0.003589772569668704,0.002456481749918085,0.007147715910637199
2013-12-11,-0.01129420874805081,0.001760358115441614,-0.007728713147476811
2013-12-12,-0.003306977131403252,0.001570332213457252,-0.003790524652784344
2013-12-13,-0.00011194500524606998,-0.0025609975726136056,0.004856151261586594
2013-12-16,0.006212615779730025,-0.0008384085058059188,-0.0036876434773255307
2013-12-17,-0.003185268960866033,0.0017189040283475162,0.00446271024021501
2013-12-18,0.016928535429079954,0.0006057839562805383,-0.005046952783530985
2013-12-19,-0.0011568399313110565,-0.0062874649198490975,-0.0009735398482656189
2013-12-20,0.005800116299290219,-0.0021326298229233658,0.015272329091542275
2013-12-23,0.0053285516183709785,0.0016537596963132426,-0.0056761967257117265
2013-12-24,0.0021885662840944744,0.0015742855027451362,-0.008038349974249237
2013-12-25,0.0,-0.001314346278958142,0.0
2013-12-26,0.005071100082487489,-0.0009846052395807224,-0.0038616630485746586
2013-12-27,-5.4292275615660186e-05,0.0020249925521883703,-0.002844585978939833
2013-12-30,-0.00016309943046635597,0.003938549209401466,0.006852097133445936
2013-12-31,0.004721869988950458,0.0043407179968599,-0.006361147294864283
2014-01-01,0.0,-0.004725722993673581,0.0
2014-01-02,-0.009630043707471073,0.0015819955860336674,0.003038840421313879
2014-01-03,-0.00016382574229188547,-0.007297207137206514,0.0
2014-01-06,-0.0029021316076367145,-0.005179913046636604,0.00419917609199787
2014-01-07,0.0061226459779126444,0.0026411895770189855,0.002531758466338367
2014-01-08,0.00021841028396913165,-0.001144479138039092,-0.0027260568694179904
2014-01-09,0.0006536115243282259,-0.003262645920922542,0.0058330503096860045
2014-01-10,0.002718809307708347,0.0025820750366173165,0.011849957654293497
2014-01-13,-0.013394255273678234,0.004746537900696894,0.004967282195721906
2014-01-14,0.010838910294346367,-0.00013672835915707617,-0.004584490640426205
2014-01-15,0.005375307429903038,-0.00010936126318119301,-0.0010530817055171594
2014-01-16,-0.0013003209565653996,-0.0050718162732845155,0.006685565703694583
2014-01-17,-0.004238450801714015,0.0013744992602880853,0.004180096569634762
2014-01-20,0.0,-0.006664171796130783,0.0
2014-01-21,0.002935721006527023,0.001583902921653464,0.0007579845358123252
2014-01-22,0.0006518836083506959,0.0007454711611054409,-0.0024654758326132734
2014-01-23,-0.008227313489012194,-0.0012466634062765418,0.014050425563527527
2014-01-24,-0.021567105295956596,0.010783407536758027,0.006440774610391414
2014-01-27,-0.004930989627281443,-8.212318839923763e-05,-0.007002736473331751
2014-01-28,0.0059371839838527835,-0.0009713591007095224,0.00243289055700354
2014-01-29,-0.009651475104012715,-0.001434802143902986,0.008191662032506397
2014-01-30,0.010544647316435844,0.000259510826606219,-0.0028782346830285794
2014-01-31,-0.005875950335551224,-0.007335049649193158,0.006671789210877643
2014-02-03,-0.022762306784271002,-0.00521998441625946,0.012111250256652509
2014-02-04,0.006980423615307833,0.0027282950262569393,-0.010667422009032795
2014-02-05,-0.001255442357445163,-0.0006760842601348421,-0.009288821557827938
2014-02-06,0.01310142774214165,0.0014202358194438222,-0.004301628441856089
2014-02-07,0.012318997439162814,0.004204705929538309,0.0008425389621099226
2014-02-10,0.0018351543934832456,0.0020000328221204703,0.002805644464102197
2014-02-11,0.010884771679439544,0.0019631073408210953,-0.005806721102374914
2014-02-12,0.0004939566972640169,-0.0005184279490141817,-0.0051790259445654895
2014-02-13,0.005149432975514662,-0.0035942598370326366,0.005649028585517594
2014-02-14,0.005503955529501241,0.0065036045972052875,0.0005628563836110893
2014-02-17,0.0,0.001546920297079445,0.0
2014-02-18,0.0011948962725359196,0.0003288604857311306,0.0022491771885234844
2014-02-19,-0.006643898706651187,0.004188629412028152,-0.004221174295372577
2014-02-20,0.005883470781039168,-0.0022956100866481544,-0.0024476948089402124
2014-02-21,-0.0011414199525389187,-0.0006725703844719994,0.005263281181432831
2014-02-24,0.005531875933631358,0.0012219115686215951,-0.002534129726918881
2014-02-25,-0.00037886588952313265,-0.00013737209631605645,0.008890027890854083
2014-02-26,5.430715055849537e-05,0.0007282994530443482,0.005294657382619948
2014-02-27,0.005233858300385226,-0.004676494630946948,0.005452618921300208
2014-02-28,0.0025257151407667767,0.0018624739877314625,0.0005525368038485417
2014-03-03,-0.0070566995585164966,0.0050570921596805795,0.006653210155651102
2014-03-04,0.013957427848607543,-0.002902725952262302,-0.015155343374125519
2014-03-05,0.0009060369694362664,0.0003022944204060538,0.0021388084003942697
2014-03-06,0.002288130121084643,-0.000508330407654611,-0.009898482437183755
2014-03-07,0.00042456555089727887,0.009341556042900706,-0.006307147488294167
2014-03-10,-0.0005310604166242646,0.0011236074046602443,0.0014158752627278894
2014-03-11,-0.004954720065715792,1.3828816686088018e-05,0.0026364681418883625
2014-03-12,0.0002667335058441107,-0.0014978010486166955,0.006936619499375076
2014-03-13,-0.011276521601452922,0.0033453626005333277,0.013360110376290079
2014-03-14,-0.0028120326189356552,-0.002818620131832985,0.0001846815767117553
2014-03-17,0.00900345855516058,0.0034306602332643083,-0.007491993425239434
2014-03-18,0.007112036092100689,0.0009743256101407129,0.003614111263380985
2014-03-19,-0.0053427241562791624,0.00030648030633230396,-0.007800465362401175
2014-03-20,0.005822135033920386,-0.008047481612097382,-0.0017734135535478462
2014-03-21,-0.0038856436844541702,-0.002691068308819494,0.010775685864576631
2014-03-24,-0.0041443737104697,0.00097891349810862,0.00708899440528406
2014-03-25,0.004734725542665169,0.00313664278446382,-0.0037684471924592047
2014-03-26,-0.0072184276278125,-0.001438290216428007,0.0077971062192628195
2014-03-27,-0.002110791307233073,-0.0026772660661445744,0.005013057723062469
2014-03-28,0.004918132076730879,-0.002958725815120559,-0.005653017591802223
2014-03-31,0.008161195161868305,0.0007834988526700136,-0.0024712536466457106
2014-04-01,0.006608603152233944,0.0016653768207834318,-0.008582690609997841
2014-04-02,0.0033414070434847638,0.0014336317462118945,-0.005763328078586746
2014-04-03,-0.0013247060675426025,-0.0019293691033437019,0.00437211443364635
2014-04-04,-0.011892939884943913,-0.0032303382860289142,0.0066603436077132495
2014-04-07,-0.011112552839035453,-0.0014399224816908297,0.005974559041234967
2014-04-08,0.0041140244571361735,0.0028408233964540954,0.0023804767753948667
2014-04-09,0.010693913993028327,0.003648447142524785,-0.004949389916654109
2014-04-10,-0.021229739012233826,0.004465217246398965,0.009237047957471425
2014-04-11,-0.009049524671959968,0.002260909576430914,0.008070589281678272
2014-04-14,0.007847430743094923,-0.0028980703209830214,-0.0026226996482673235
2014-04-15,0.00686396260400923,-0.002102331890052032,0.00622881888289114
2014-04-16,0.01042356225245752,-0.00037304300096163267,0.0012586487625156357
2014-04-17,0.0013955047529010884,0.0010917269907322023,-0.011025095371050194
2014-04-18,0.0,-0.001077831383595322,0.0
2014-04-21,0.0034808670753005496,0.00022092284394073823,-0.0008179142113369674
2014-04-22,0.004534702899649492,-0.0014633142640694187,0.0033585817950742745
2014-04-23,-0.0023446034728118073,0.0010903923275149465,0.005694251202018984
2014-04-24,0.002025099425013775,0.0006630679110028417,0.0018909010133550206
2014-04-25,-0.008232815849900958,0.0009263849724542293,0.0014386275912717029
2014-04-28,0.003162306867419999,0.0006226545920465611,-0.00486262584399748
2014-04-29,0.004644544472483152,0.0008861423143385382,-0.001354480812242852
2014-04-30,0.002978744830074182,-0.0028357831743951265,0.004149029512279542
2014-05-01,0.00010574332639527257,0.004014023231827639,0.010670593318778008
2014-05-02,-0.0014343619569518774,0.0001247949200802355,0.006140267107977196
2014-05-05,0.0019120589469840594,0.0001248652790770361,-0.0060508365325846365
2014-05-06,-0.008741770573018944,0.00023585228985511126,0.004008841813924341
2014-05-07,0.005871660693462103,0.003934598852896429,-0.0035627700118491946
2014-05-08,-0.001064968090951009,-0.0013641967029599535,-0.004291780357221423
2014-05-09,0.0014911367696931138,-0.004857376994374057,-0.003230893751632982
2014-05-12,0.009688954324586389,-0.006059261029613223,-0.004053716763732504
2014-05-13,0.0008951113635576419,-0.00028886809655386523,0.008627958353967619
2014-05-14,-0.00474876345690296,-0.0034332899153651244,0.01076871338772823
2014-05-15,-0.008820102757023125,0.0007680273626977313,0.00793587637930844
2014-05-16,0.0034631383449234042,-0.00026060771973013144,-0.0028146017553874144
2014-05-19,0.0036625228655359924,-0.0009596808304641249,-0.007425012716013475
2014-05-20,-0.006324810407500841,0.0007676792472738191,0.0022159975111782104
2014-05-21,0.008389225001618365,-0.0007128751744301726,-0.0061277515856964105
2014-05-22,0.0024288411734030937,-0.001629485181911676,-0.0014263195835972416
2014-05-23,0.004000527683431584,-0.001995525732119659,0.005338073658115497
2014-05-26,0.0,-0.0018825634298810995,0.0
2014-05-27,0.00612799687281014,0.0016504821672182729,0.005839088987261252
2014-05-28,-0.0007309422423212139,-0.0010506273560637216,0.012274576349622148
2014-05-29,0.005159315738713182,-0.003199562287751592,-0.00532985672296365
2014-05-30,0.0016103337524540405,0.0008158566795989035,-0.00043826424089191287
2014-06-02,0.001141070769427416,0.0017292688861116966,-0.0074614821622608915
2014-06-03,-0.0005185336513789787,-0.002137245513965194,-0.012381568000387403
2014-06-04,0.0020205975228337805,0.0016195314257280659,-0.00026872793028929787
2014-06-05,0.0065008694092819385,-0.0012387188529966071,0.0004485137891569388
2014-06-06,0.004771772589516055,0.004239865486853921,0.0
2014-06-09,0.0010230184826891739,-0.001392534727759818,-0.0014346606844768232
2014-06-10,0.0001021005144499277,-0.0036903965755663752,-0.003686895743278272
2014-06-11,-0.0034827623182320192,-0.003812256526535743,0.0018002734570344752
2014-06-12,-0.007104818421711329,-0.00028430884373080244,0.008862107039396938
2014-06-13,0.0030436402897224186,0.001286800991146501,-0.0005350359083466156
2014-06-16,0.0008243460804602942,-0.001219084304879375,0.0024933374758910167
2014-06-17,0.002775260918538553,0.002887733001251535,-0.007947639425377618
2014-06-18,0.007312879302031139,-0.0021565264484265365,0.0076806806221876136
2014-06-19,0.0011201726911224843,0.003148100607227282,-0.012894205493864086
2014-06-20,0.002028507233027409,0.0015233119144290616,0.007541450140833023
2014-06-23,-0.00030634325086114766,-0.001346583424928799,-0.0031349282559027937
2014-06-24,-0.006042175880586109,0.0006527037398267139,0.01008789126192313
2014-06-25,0.004509336600486324,0.0002856703980684675,0.0025732196097293324
2014-06-26,-0.0007160725854897168,0.0017021645773801298,0.004772573848557254
2014-06-27,0.0019425700395545753,-0.0011714374209973015,-0.0015003345476449017
2014-06-30,-0.0005110326101111893,0.0023032375150731353,0.002469462310093389
2014-07-01,0.006671540497778865,0.003594946985580636,-0.008407503561817117
2014-07-02,0.0010139725248306452,-0.0009307023737836352,-0.010744783800317749
2014-07-03,0.004906119693281417,-0.002036349698973586,-0.0036080498304310936
2014-07-04,0.0,-0.003148855031068957,0.0
2014-07-07,-0.003487376168749647,-0.0015911811686182163,0.007291280348887178
2014-07-08,-0.006450514006745345,0.0013053373433097946,0.011150189374096032
2014-07-09,0.004474217563774459,0.000803098373753132,0.00079752606769959
2014-07-10,-0.003965109243859432,0.0018945763704627317,0.00026649207130114604
2014-07-11,0.001374390752028928,-0.0027792467623429483,0.0063588389838116
2014-07-14,0.005022609127758461,-9.533641933780852e-05,-0.004323080083662218
2014-07-15,-0.0018743377174888936,0.001320493936916862,-0.0020357589001494163
2014-07-16,0.003694641661270264,-0.0036575867273885487,0.005301946695089793
2014-07-17,-0.011431167422629973,-0.003103087294461216,0.012524693235497802
2014-07-18,0.010167251291059594,-0.0008250272105525464,-0.0032254692753405432
2014-07-21,-0.001872915908793674,0.0009873963019309177,0.0049644075876584095
2014-07-22,0.0043483100723753,-0.0003788728560365084,0.002082965290165948
2014-07-23,0.002217535837153279,-0.004373228328383199,-0.0013006934432133223
2014-07-24,5.035424588827774e-05,-0.00037704752232523123,-0.007494842056892698
2014-07-25,-0.004692598758419633,0.0001346698260477592,0.011739644187207805
2014-07-28,0.00040454233551190713,-0.0026624936656148607,-0.0013840776195106202
2014-07-29,-0.004306523065215849,0.00075240104793088,0.0036290335334603213
2014-07-30,0.0001522564729589613,-0.002080933172027975,-0.013984600101157504
2014-07-31,-0.019945664345127255,-0.0011258718991288403,-0.0029783628245882905
2014-08-01,-0.0030604685189637125,-0.0004553690365800581,0.007710738982120525
2014-08-04,0.0071948840492529744,0.0029097730598057867,-0.0026222059508452804
2014-08-05,-0.00974328057236405,-0.000510116001848461,0.0032335352426132785
2014-08-06,0.0003123223534106089,-0.003711024465589124,0.0006103966546485749
2014-08-07,-0.005429267652834035,0.000789342755893455,0.009284928811129155
2014-08-08,0.011502262088944438,-0.0018452091330461266,-0.002160987308174767
2014-08-11,0.00289355363025345,0.0035059792325814122,-8.707341492671884e-05
2014-08-12,-0.001393947357671788,-0.001513628101006805,-0.006513927420465088
2014-08-13,0.006746014998729693,-0.0014044318999147539,0.00651392742046498
2014-08-14,0.0047109884526053795,0.0001336833121030521,0.008019117249043224
2014-08-15,-0.00020459691000373182,-0.00029405551867663066,0.010847720416383337
2014-08-18,0.008344313736905805,0.0019798380651353236,-0.009989779260910622
2014-08-19,0.0052057383005401706,-0.0021936779491223105,-0.0030931430924311027
2014-08-20,0.0026678902172352905,-0.002935034580590213,-0.001637617099116065
2014-08-21,0.0029116086467003673,-0.004625331915573926,0.005588699038425679
2014-08-22,-0.001554938303943973,0.0014198311120055315,0.005557365588791624
2014-08-25,0.005057085446483472,-0.0060899581848375345,0.0037442701913608656
2014-08-26,0.0006492168554941346,-0.0007388106821834473,-0.0032322364304076096
2014-08-27,-0.0003992459568817286,-0.0014233214340228079,0.008484353148665812
2014-08-28,-0.0005495149701661821,0.001568470294556384,0.005225754195030638
2014-08-29,0.0028440514916761896,-0.0004484387901749892,0.0006720888189792247
2014-09-01,0.0,-0.004341645075290919,0.0
2014-09-02,-0.0004986720008805419,0.0003151396575497919,-0.017400688197998802
2014-09-03,-0.0005483425801735523,0.0,0.005552294500606577
2014-09-04,-0.0014473445240177569,0.0014455908556928003,-0.01225678965695068
2014-09-05,0.004485450569651227,-0.01673199803401888,-0.0018992639366052558
2014-09-08,-0.0025894904999972743,0.0015919977790942528,0.0004319091362764331
2014-09-09,-0.006350873841226029,-0.004819958652208914,-0.0007784557611868597
2014-09-10,0.00375577977222346,0.003939584429881677,-0.006329150269097319
2014-09-11,0.001148399170408257,-0.0019265061825449316,-0.003311260842124051
2014-09-12,-0.005858124183359234,0.0005038592020833038,-0.010528469516717168
2014-09-15,-0.0007534766382863859,0.0028212894807351867,0.0014981111463141718
2014-09-16,0.007510084606989465,-0.0015668506609400033,-0.004059181148346157
2014-09-17,0.001346120892462912,0.0014892149301410894,-0.0025671732048373926
2014-09-18,0.00531548821892597,-0.008452434002087304,0.0031865450251392985
2014-09-19,-0.0009012153232276314,0.005437460413246785,0.012645041465673275
2014-09-22,-0.007753085243543119,-0.006105440917241192,0.0012205654302433584
2014-09-23,-0.005740910906465289,0.000783657828951279,0.006168985976076735
2014-09-24,0.00779754944086727,0.00019273489671494176,-0.005559075695931638
2014-09-25,-0.016267152366308185,-0.005920938697456,0.011776076756862972
2014-09-26,0.007914297317157037,-0.0016470264398722578,-0.0014644825246335428
2014-09-29,-0.0018212153737676802,-0.006599094216688757,0.007985786956002277
2014-09-30,-0.00263519401791142,0.0013950373588495434,-0.00566066686323201
2014-10-01,-0.013644839138593948,-0.004937186992221701,0.019205037162743965
2014-10-02,0.00015424425458785093,-0.00032827661446683257,-0.00875010897830123
2014-10-03,0.010949200058107806,0.003667696755596474,0.004257328454888532
2014-10-06,-0.0011709187374433334,-0.012465922856609534,0.0005944539762150862
2014-10-07,-0.015557351835027943,0.010529220519758681,0.01341067162054598
2014-10-08,0.017338484790952652,0.0017339317370273523,0.0002515714428262185
2014-10-09,-0.020032310633075482,0.005908154794018427,-0.0043649021708597
2014-10-10,-0.01147976995489737,-0.00424721203399634,0.009877585055821161
2014-10-13,-0.016563799199252622,-0.0038879125951957355,0.006062094904805097
2014-10-14,0.0015463550496808548,0.006632452542418983,0.006519835304860878
2014-10-15,-0.006789080815933332,-0.006695738180943411,0.007865693575081403
2014-10-16,-0.0008583170028988994,0.014346642267713119,-0.006386450512916983
2014-10-17,0.01174148767671328,-0.0013454146966292945,-0.005600765730085739
2014-10-20,0.009663153279976399,-0.00429301553282247,0.0036278674403544
2014-10-21,0.01961661734356828,0.003576260554283605,-0.00801511529521097
2014-10-22,-0.007135921162741286,-0.006313681308307219,0.0010780550012372881
2014-10-23,0.01155758478037548,-0.005781229284117251,-0.008906713102260993
2014-10-24,0.007665833988756006,0.0009991804084093232,0.0010030889630901199
2014-10-27,-0.001375495730232258,0.0017858754404349979,0.0018358106923358375
2014-10-28,0.011404940775025449,0.0019540850857833057,-0.006272906453332491
2014-10-29,-0.0015133581571184626,0.0029001232904505023,0.0022628639446120977
2014-10-30,0.006389813028693211,-0.008321572566705956,0.0008366451207569358
2014-10-31,0.011370829517398415,-0.0015400877667940134,-0.0025964257735061765
2014-11-03,0.0005455991898591566,-0.008778067643115726,8.920836182643825e-08
2014-11-04,-0.0034755574564893418,-0.0005749917841320126,0.003105333646420431
2014-11-05,0.006296226081580949,0.004521284310398339,-0.0014252574272133718
2014-11-06,0.003995215606035998,-0.0057950918847522225,-0.006482882947440128
2014-11-07,0.0009347479402032872,-0.00804208271928087,0.011421524770796575
2014-11-10,0.00314237454488835,0.006545693217500635,-0.009227626796437497
2014-11-11,0.0009802547280818128,-0.0025264936177730552,0.0006738927016791399
2014-11-12,-0.0010780598589951863,0.003686118333005689,-0.0008430406904266319
2014-11-13,0.0011270018968040523,-0.0036861183330056473,0.0023577970802122006
2014-11-14,0.0002450380489769386,0.0036984444905884704,0.004865697065911778
2014-11-17,0.0006363272704197904,0.0033992720813102516,-0.0025136241910431252
2014-11-18,0.005757234935378502,-0.005567667430865188,0.0027645772991169403
2014-11-19,-0.0016069171058994932,0.0067576745958032635,-0.006379294137811031
2014-11-20,0.0017524864641952744,0.00058924481146331,0.005207462661429493
2014-11-21,0.005336623190461192,0.0003386324802194491,0.0060126677036811465
2014-11-24,0.0028024174434556326,-0.013643255446288693,0.0008327263691874752
2014-11-25,-0.0007239487158047937,0.004688673935398437,0.008284529964294166
2014-11-26,0.002555639729986434,0.003811819327120834,0.002719578757558235
2014-11-27,0.0,0.002023924518213486,0.0
2014-11-28,-0.0021209386715735847,-0.0035204305292648487,0.007867579526030203
2014-12-01,-0.006974293870790718,-0.001904839262628329,-0.005850907940685335
2014-12-02,0.006442907113740677,0.002553001113484618,-0.009759534340937882
2014-12-03,0.0038554194301254428,-0.006562569049886793,0.003899437556883193
2014-12-04,-0.0011069327367505628,-0.005817956368221108,0.00832676753306896
2014-12-05,0.0016360073549090924,0.005669276550895679,-0.005846491797700173
2014-12-08,-0.0067048828024839835,-0.007502847978101538,0.012148146605468249
2014-12-09,-0.0006780054238453846,0.0017103537220306037,0.0051265796875240984
2014-12-10,-0.01616103644059331,0.006461619859937172,0.007278977751643257
2014-12-11,0.005056854786093117,0.0063539098402195645,0.004101362013301281
2014-12-12,-0.0162935980180949,-0.0063539098402196174,0.013470892919937302
2014-12-15,-0.00689301462223288,0.005518596409306962,-0.002060747959110744
2014-12-16,-0.008051949308266722,-0.0016065229248346349,0.012301015863007452
2014-12-17,0.019415501240583107,0.005490248721144899,-0.009053381028130273
2014-12-18,0.024427697990099067,-0.013928575040830707,-0.017954044201594393
2014-12-19,0.004245888555457678,-0.003940731288586554,0.013357273396224495
2014-12-22,0.004589765980811154,-0.005258723454903546,0.001349135970492674
2014-12-23,0.0013482907568190504,-0.00018342344553128737,-0.02003447113436774
2014-12-24,9.638302264976877e-05,-0.0040013557994161555,0.005428141951226908
2014-12-25,0.0,0.0019376947736993472,0.0
2014-12-26,0.003219575225058541,0.0009397628017831247,0.003704011250933181
2014-12-29,0.0013423748656342866,-0.0033278642933047666,0.007447960396637753
2014-12-30,-0.005380434250793876,-0.001313399404478628,0.002708854752047972
2014-12-31,-0.009972650643913346,0.0007051900888287724,0.0019077342658898942
2015-01-01,0.0,-0.005228171444292634,0.0
2015-01-02,-0.0005353463803122449,-0.0007619367162765674,0.011056879932048931
2015-01-05,-0.01822478330067919,-0.011897438565102713,0.01558660035293508
2015-01-06,-0.009463469102537808,-0.0006210645277236351,0.0178565581502805
2015-01-07,0.012384246085469156,-0.00534627617400705,-0.001976439233116621
2015-01-08,0.017589475850909347,-0.0033195730466938967,-0.013331778450515449
2015-01-09,-0.00804602228217075,-0.0033794393820058676,0.010893087966733331
2015-01-12,-0.007864313386437586,0.006307137852062381,0.005705795134863183
2015-01-13,-0.0028168639286322234,-0.003306367396404937,0.0
2015-01-14,-0.006055237625591391,-0.004509498516605509,0.007557673167853161
2015-01-15,-0.009202750057257267,0.0006480468848152523,0.015613296503813634
2015-01-16,0.013028582314092133,-0.012683432307938607,-0.01283132252485855
2015-01-19,0.0,-0.006148873386060637,0.0
2015-01-20,0.0021305825893212812,0.002756573846945433,0.013201149025008534
2015-01-21,0.0050354652816603975,-0.004409093556812075,-0.011626040029662527
2015-01-22,0.014761276901408407,0.005906263803163429,-0.0036043443611445854
2015-01-23,-0.005497594903505612,-0.023396147978203153,0.013821838061651878
2015-01-26,0.002338877024851898,-0.019695673188945495,-0.0030467599132609964
2015-01-27,-0.013278231704837001,0.01092915671812222,0.0015617181693343212
2015-01-28,-0.012907308623042416,0.01058356411852316,0.016216724621153172
2015-01-29,0.009201330733156004,-0.007587187178921266,-0.0066025969325812645
2015-01-30,-0.012654950165095047,0.004783451539234167,0.01758212815278974
2015-02-02,0.012307821616707699,-0.002343696043751205,-0.0037826733006606065
2015-02-03,0.014357603025398777,0.002887982175268975,-0.0213937662321033
2015-02-04,-0.003814829532391839,0.010145404662095805,0.0017073568049675318
2015-02-05,0.010044257892341035,-0.012173604340968083,-0.011039945296831487
2015-02-06,-0.0027690176181088717,0.013446211575507286,-0.01786044048822128
2015-02-09,-0.004485941825521196,-0.013830915005197415,-0.0016048690370936568
2015-02-10,0.01059691799883688,0.001109465116006892,-0.007985976575258626
2015-02-11,0.0005798932583867098,-0.00044170100234545756,0.0018489296564500625
2015-02-12,0.009570937162797605,-0.000882723133711319,-0.0033146631273514656
2015-02-13,0.004107969831419565,0.008098083044709882,-0.010321802641167933
2015-02-16,0.0,-0.0003419873449920823,0.0
2015-02-17,0.00157192138763437,-0.005808611242167605,-0.015169840215756677
2015-02-18,9.530048187576521e-05,0.006219065644784293,0.005922809681325542
2015-02-19,-0.0007141833227148275,-0.00041045440261669463,-0.006635943410331846
2015-02-20,0.005982961913009512,-0.002925625006888478,0.0029278216261644893
2015-02-23,-0.00014211540065547042,0.0012966795108523125,0.011394257331864246
2015-02-24,0.002836820632217092,-0.0042703336043747155,0.013040119714223872
2015-02-25,-0.0008503499065996764,0.0005328450956550956,0.004309757440307381
2015-02-26,-0.0011819705170775785,0.0021680953305266886,-0.013762411733154786
2015-02-27,-0.003412073435096809,-0.014026140340517966,0.008372733859376874
2015-03-02,0.006293934144708354,-0.0038807132980833957,-0.018802032738244507
2015-03-03,-0.004112740841889337,0.0015303346959355403,-0.0036330532261426274
2015-03-04,-0.004224532128468994,0.0002794546526248074,0.00031697771341075584
2015-03-05,0.0010933781984541963,-0.008994636203198564,-0.0012661808447510022
2015-03-06,-0.014164235373460564,-0.004522220970351142,-0.022339716902820897
2015-03-09,0.004136200845402995,-0.017009420131539596,0.00918820782143755
2015-03-10,-0.016355250075666232,-0.001159793377558223,0.013072257017485815
2015-03-11,-0.00234424661032272,-0.011578674390493175,0.007258736570809611
2015-03-12,0.01263403089518335,-0.015049712776884282,-0.0007080576215213331
2015-03-13,-0.006151391721653254,0.007326527593731081,-0.003072755162516431
2015-03-16,0.013272219259634002,-0.013709205487791597,0.009581624411486687
2015-03-17,-0.0029770110055195183,0.008674338979073777,0.00825117118023441
2015-03-18,0.011949683786401889,0.0023712366367233243,0.019118358830487577
2015-03-19,-0.004571850767511614,0.0234941858924157,-0.005108401823039813
2015-03-20,0.008788192568222063,-0.016827025546640437,0.005260700056086513
2015-03-23,-0.0019506663435861508,0.014670142016394026,-0.0012179942253960129
2015-03-24,-0.005635003196233503,0.010874785980817097,0.009622839100086999
2015-03-25,-0.014761914080177792,-0.0039325375004806,-0.008481031107171397
2015-03-26,-0.0023842676905661397,0.005345387331017505,-0.015711950057829188
2015-03-27,0.0022870180584603794,-0.006783444864340464,0.012360340172885401
2015-03-30,0.012126414722223342,-0.00013053642274932147,-0.004972106100092751
2015-03-31,-0.008778448342529813,-0.00503799259971149,0.002145514882833234
2015-04-01,-0.003542404615391549,-0.008540873017487993,0.013048621912576233
2015-04-02,0.003591224431970556,0.002957276753665615,-0.010652125844533813
2015-04-03,0.0,0.009316163877554637,0.0
2015-04-06,0.006710573233194753,0.011941951539813292,-0.005599734062513527
2015-04-07,-0.002650134121904703,-0.0060653229178221696,0.00834987294771661
2015-04-08,0.003371415454474732,-0.010172146205242448,0.00030462410898430967
2015-04-09,0.004413817258087369,-0.0035980022818393863,-0.013048415606265676
2015-04-10,0.005442166173405159,-0.010834236933770044,0.0014666777025720767
2015-04-13,-0.0045332551536160235,-0.005564370388899263,0.001387749634035876
2015-04-14,0.0019114800075926864,-0.0034846413494173992,0.007063065905685708
2015-04-15,0.00447681331321852,0.006992003460704671,-0.0008420760737843395
2015-04-16,-0.0002849514120311441,0.002782790278670431,-0.004988932563972345
2015-04-17,-0.01157047940354054,0.007351252890400624,0.011399983146094927
2015-04-20,0.00909568212686399,0.0050679161456982395,-0.008864480246560388
2015-04-21,-0.0011921418621554515,-0.005820546172887794,-0.0045383573930866
2015-04-22,0.004902044826948547,-0.0005372106117897189,-0.015383906378759755
2015-04-23,0.002513198660953041,-0.0014813196868964213,0.00429747837032785
2015-04-24,0.0023178388544628863,0.008282392182623116,0.006217094276917846
2015-04-27,-0.004166457550603798,0.004976411397304959,0.0
2015-04-28,0.003173917342294412,0.0008264150689747922,-0.013886380963349246
2015-04-29,-0.004123440074878496,0.008345486175602922,-0.012331145975053298
2015-04-30,-0.010071075717571031,0.013150357104829433,0.0017483090220770361
2015-05-01,0.010783236821270742,0.008987238741826697,-0.013553299447452273
2015-05-04,0.0028432353788100675,-0.0025648492814611475,-0.009480398945445676
2015-05-05,-0.011517812331423195,-0.0032944063047326937,-0.0013848523773207404
2015-05-06,-0.004125503371124229,0.003327975519527869,-0.017268867198917733
2015-05-07,0.003981730191248259,0.013775355917792378,0.013347867646807886
2015-05-08,0.0130802643448789,-0.008368926256090859,0.0026972095889080294
2015-05-11,-0.0047840462356537475,-0.004712598588704311,-0.024625202761684957
2015-05-12,-0.002995934496309007,-0.00444541589227636,0.0025899884339518784
2015-05-13,0.00019038784882114695,0.00688868473858588,-0.008042901134061356
2015-05-14,0.010373956676133186,0.011432461064799965,0.0026880144994113047
2015-05-15,0.0010830456361341713,0.0047899727089588595,0.019851984149922914
2015-05-18,0.0031021464330979456,0.0035075168488019185,-0.01692015497479486
2015-05-19,-0.0003286015573448781,-0.010440419164911752,-0.008905691078814911
2015-05-20,-0.0007042631787834708,-0.01597756493461942,0.0016869239059967985
2015-05-21,0.0029081501349975314,-0.004126789020246941,0.013888759562991494
2015-05-22,-0.002391670761228678,0.0009995019423018967,0.00041486787793384685
2015-05-25,0.0,-0.010753766006082483,0.0
2015-05-26,-0.010810045141406491,-0.0019878565301065165,0.01696526260227708
2015-05-27,0.00944744887490476,-0.007530607610023686,0.0022837474497853765
2015-05-28,-0.0011286358737690675,0.0010240822139052667,-0.002447139269165807
2015-05-29,-0.006232460583519605,0.005519651348569679,0.002202557994246973
2015-06-01,0.0020343748374832826,-0.00021918382883109443,-0.0108057767276466
2015-06-02,-0.0009931767319342917,-0.003194544167416284,-0.014050104097406776
2015-06-03,0.002646079934707461,0.02057051999535396,-0.016205814125054747
2015-06-04,-0.00848266261690502,0.00962402252899655,0.012935329688966043
2015-06-05,-0.0017144244353879065,-0.004448153437737399,-0.01225435105858865
2015-06-08,-0.006168750797321048,-0.008937435466511242,-0.0011065254179063757
2015-06-09,-0.00014388639651289416,0.015436691791917836,-0.007948395201906122
2015-06-10,0.011921928430113754,0.001603148481557447,-0.00879105443942987
2015-06-11,0.003218401826450594,0.0011418484431849935,0.02081763277058326
2015-06-12,-0.007684416917916122,-0.006326003998797131,0.0
2015-06-15,-0.0042947454978962294,-0.0018416999282599,0.001609472374250372
2015-06-16,0.005437153408684387,0.005072973666452048,0.00784099138195828
2015-06-17,0.001615590918370342,-0.0031076245602327905,-0.007755925427245159
2015-06-18,0.010345588370022953,0.011317102775775476,-0.004921008336407685
2015-06-19,-0.0044489638777999605,6.814742282183998e-05,0.012761071883715999
2015-06-22,0.00511002678402261,0.00019340854312802777,-0.02061749963724056
2015-06-23,0.0007076676112342995,-0.0021018234919251122,-0.006018255779778362
2015-06-24,-0.007289267834051217,-0.015707869466468967,0.008586998372528526
2015-06-25,-0.0030450616549463224,0.0031106374749242938,-0.0035124231629351274
2015-06-26,-0.00019074451339200853,-0.0003585326880844614,-0.011303962588035513
2015-06-29,-0.021193022821740397,-0.020557530003985847,0.026124354735913388
2015-06-30,0.002090632355601541,0.02234041188051138,-0.006957199266143863
2015-07-01,0.007983722074582198,-0.007869959238827004,-0.013589450359974454
2015-07-02,-0.0009159456441622665,-0.009144421124812476,0.003281430056209252
2015-07-03,0.0,0.004822250827471875,0.0
2015-07-06,-0.002849998293325464,-0.008324825272776826,0.018364524458712086
2015-07-07,0.006268863796218831,0.004893832375966082,0.009351356729097994
2015-07-08,-0.01691977848328121,-0.003540463724615513,0.008598622718217893
2015-07-09,0.001807776126816206,0.0055312378423183215,-0.019898626399213793
2015-07-10,0.012512762376147856,-0.000719325532484412,-0.015985436217809384
2015-07-13,0.010976746623744274,0.005947458116812767,-0.003106549775258087
2015-07-14,0.0043288633546310455,-0.012530463436316726,0.0032790879785346986
2015-07-15,-0.00033250549012082514,0.0015949153380938235,0.010541614432914506
2015-07-16,0.007992362328498247,-0.005871975078522234,0.006881165936290811
2015-07-17,0.000847570794589804,-0.005271865310069692,0.005151468623371177
2015-07-20,0.000517443893878119,-0.0051358965142160404,-0.00422051712324114
2015-07-21,-0.003959063076426657,0.00047671267245076127,0.005399122512959103
2015-07-22,-0.0017963462581107115,0.009602785990565396,0.0062062385846119285
2015-07-23,-0.005645562190735383,-0.0011808076001654936,0.012381441986896629
2015-07-24,-0.01042634932955641,0.005654226962210038,0.002474485883420476
2015-07-27,-0.005834288595649413,-0.0015153177743709267,0.005340329960958853
2015-07-28,0.012208003079664789,0.010667031779729707,-0.0073196869777762425
2015-07-29,0.006855781799958427,-0.002171333388186789,-0.0037211417907514863
2015-07-30,0.00023711165643383071,-0.0074307844230215424,0.007675430950135779
2015-07-31,-0.0015189739093179684,-0.0040886157368478495,0.007372238906585619
2015-08-03,-0.0033786921478379988,0.0027165152698595996,0.010472132866656164
2015-08-04,-0.0019560477214448256,-0.0011838816679125206,-0.007964081947738726
2015-08-05,0.0032898152347032197,-0.006138438595033697,-0.007534201354436447
2015-08-06,-0.008221598338724165,0.0012966808782204785,0.008838855132231286
2015-08-07,-0.0019217018174980014,0.0021939166953536663,0.013033156315414013
2015-08-10,0.012520556308063393,0.0034698670125750844,-0.012463117065146894
2015-08-11,-0.009064129990062036,0.004726078634827191,0.015754966629096746
2015-08-12,0.0011973530989463162,0.0022721040757417775,-0.005465931673118659
2015-08-13,-0.0012451542608570157,0.010712777255804502,-0.003229176460030041
2015-08-14,0.00363539327468709,0.0,0.002342057534051965
2015-08-17,0.0055717053471174205,-0.006108663255521878,0.004507270806004298
2015-08-18,-0.0029011554204278383,-0.001352483812664581,-0.007901380146414318
2015-08-19,-0.007936672868846402,-0.004266964851350222,0.009827116285721284
2015-08-20,-0.021102453382032232,0.007873855973152174,0.010049139893875682
2015-08-21,-0.03056485832618222,0.01064079168330274,0.003010328536370041
2015-08-24,-0.04301896694323782,0.012380699998706527,-0.0003163722152060542
2015-08-25,-0.011837736736145816,0.017953830837384836,-0.01619521228156321
2015-08-26,0.03767528904539351,-0.0027761238762400746,-0.019492349221864824
2015-08-27,0.024434284966223324,-0.018426171253778,0.0005734367805228368
2015-08-28,5.0145417128039224e-05,-0.008154170208421452,0.0029461694056926377
2015-08-31,-0.008112270468489578,-0.003021153701261294,-0.007711390093414926
2015-09-01,-0.030301730055564156,0.0010547203374021603,0.007180168514331449
2015-09-02,0.018802742132736774,0.006001322367030283,-0.008641972773274137
2015-09-03,0.0007163205716664944,-0.006876618169878343,0.004865077384583884
2015-09-04,-0.015252468900054071,-0.00806532276265567,0.009088396212343714
2015-09-07,0.0,0.0023391370417215353,0.0
2015-09-08,0.024820488419882263,0.0010712618734940818,-0.014862750738760894
2015-09-09,-0.013462047668941022,0.0038812977792101904,0.004786686022091907
2015-09-10,0.005427088248476686,0.0011886876448424237,-0.006774714199487862
2015-09-11,0.00453359446336305,0.006235746284049558,0.006280385513562246
2015-09-14,-0.0037171029149649423,0.004696768975418549,0.001564209034152398
2015-09-15,0.012422045072949736,-0.00321657637933327,-0.01935111422322628
2015-09-16,0.00862908819747818,-0.0031724888166512403,-0.0037797578588692296
2015-09-17,-0.002250060935182525,0.001793859106660745,0.012131058561530973
2015-09-18,-0.016476776702751793,0.009599021060692499,0.015267669805717744
2015-09-21,0.005154346459517695,-0.009599021060692518,-0.016432514657507107
2015-09-22,-0.013064745589763676,-0.008993020661598322,0.013808245337073045
2015-09-23,-0.0016002999912917571,-0.006291828337582641,-8.224747193906488e-05
2015-09-24,-0.003622100188523404,0.006202238453062305,0.00679311538259063
2015-09-25,-0.0002593118282671292,-0.00098420599399791,-0.008683855714979505
2015-09-28,-0.025417234372549155,0.0020366200096589206,0.01696942774437528
2015-09-29,0.0005846508838057647,0.0026134625229994684,0.0028269910519968557
2015-09-30,0.018486613866638524,0.0022149734776488374,-0.0034747718831103763
2015-10-01,0.0026055223905612945,-0.0074796900146919185,0.004257318970848268
2015-10-02,0.014827870512776743,0.001912209736439254,0.006039674538124597
2015-10-05,0.017637882564982936,0.002993149005734862,-0.013660674211366613
2015-10-06,-0.0034317097099232224,-0.002836394471725679,0.004303981351793661
2015-10-07,0.00815691185440743,0.0064805645506604915,-0.0033279732584321985
2015-10-08,0.008986058464502846,-0.002487149252157135,-0.008409900932531026
2015-10-09,0.0005960464180812571,0.004167448837163841,0.0026204903945829497
2015-10-12,0.0009435035720189283,0.007329512343022761,0.007576512767954986
2015-10-13,-0.0063223001322490575,-0.0012726934624083094,0.0017027663550907713
2015-10-14,-0.0048051866575329946,0.0025924593986939803,0.008712897057341715
2015-10-15,0.015237839356885281,0.007921078428440172,-0.004911907404493733
2015-10-16,0.004536283350327839,-0.009400012897170327,0.0003229024599475137
2015-10-19,0.000491443493487399,-0.0006250706607294275,-0.002747119258577851
2015-10-20,-0.001278901200936478,-0.0028248710244674503,-0.006168000407050692
2015-10-21,-0.006222859116055721,0.002200249354999458,0.009883201920432023
2015-10-22,0.01675260994562887,-0.0005221643768557302,0.001691245462461875
2015-10-23,0.010901841428932336,-0.02381738826847203,-0.00856652150184596
2015-10-26,-0.0024606389446632146,-0.00548104755284386,0.006632862616986181
2015-10-27,-0.001934103239778256,0.004130108641989425,0.0024970503192456688
2015-10-28,0.011310178961733459,-0.002619226557564859,-0.0040299615614077956
2015-10-29,-0.0005743034789027738,-0.009840625188651057,-0.01603670614764825
2015-10-30,-0.00431926635439882,0.0059191542389233,0.007521210267890383
2015-11-02,0.011761251986876543,0.0029176773819306646,-0.0046061028313056996
2015-11-03,0.002895657369366001,-0.0009037246235673501,-0.00823371235948647
2015-11-04,-0.003038111617430657,-0.004736716343411822,0.0011570670230729443
2015-11-05,-0.0009985280962834932,-0.008787217746186366,-0.00264659665864211
2015-11-06,-0.000523432589198634,0.001468193010533941,-0.014764111880767263
2015-11-09,-0.009375312522953573,-0.013931956563694949,-0.0056460235162523655
2015-11-10,0.0023037625373255265,0.002428788339518725,0.0029530559586274977
2015-11-11,-0.0039393409319147185,-0.0020422502320264152,-0.002108747446348309
2015-11-12,-0.014057936885404803,0.0023650527187026133,0.004801715003973152
2015-11-13,-0.011291814275038203,0.004822630486338675,0.0056981791839912956
2015-11-16,0.015092560687918328,-0.010692750373652467,-0.0009194105091423849
2015-11-17,-0.0007301598353927874,-0.0011228693571087788,0.0016712785165114664
2015-11-18,0.015741468767187253,-0.004138275014857476,0.0020847468936365143
2015-11-19,-0.0008623565433416998,0.002450988884636416,0.006643760074300325
2015-11-20,0.0036375787938531406,0.005252744456065196,-0.003067203086373588
2015-11-23,-0.001147394824913147,-0.007969876742935606,0.0030672030863734857
2015-11-24,0.001338397902156795,9.577945862803017e-05,-8.409074235243983e-05
2015-11-25,-0.00014359681518068127,0.00017036394360613608,0.002316245122464547
2015-11-26,0.0,-0.001775965349699956,0.0
2015-11-27,0.0011461992843064279,-0.0019319968703760816,-0.000991909658562768
2015-11-30,-0.0041603110832650015,-0.002023368387284862,0.003960386004605191
2015-12-01,0.009490296373072646,-0.0009520531335434942,0.013416679188735207
2015-12-02,-0.01025712025612923,0.004992348211680542,0.00032622537117605417
2015-12-03,-0.014101969479930677,-0.0012105663794157561,-0.02755966922795385
2015-12-04,0.01931525367876407,0.02814535106681541,0.008746023970939001
2015-12-07,-0.006076555284478474,-0.002932119161395868,0.009656078209445668
2015-12-08,-0.00674255065993279,-0.0046041501705232305,0.0004928746065393233
2015-12-09,-0.007810493818944827,0.00551883079155255,-0.0010679476494526606
2015-12-10,0.002578061053931336,0.011317326529582651,0.0013134465653678268
2015-12-11,-0.01957145180207846,-0.006359136923268454,0.015636093924155978
2015-12-14,0.00503985247804615,0.003267869655122451,-0.01301259020430858
2015-12-15,0.010443093984097318,0.0008241666465543148,-0.005911338077181189
2015-12-16,0.014526047444286243,-0.0051753829505153375,-0.002143555497884001
2015-12-17,-0.015355445640699477,-0.0056597664993413435,0.011242344728287376
2015-12-18,-0.01797570556410737,-0.0028018158381321384,0.0055334559572158114
2015-12-21,0.008215283752011393,0.0023778158541476377,-0.00024331585332871978
2015-12-22,0.009033600025822255,0.0039535271591315735,-0.007250328992577138
2015-12-23,0.012307185382810632,0.0033887678226377175,-0.007550478946744184
2015-12-24,-0.001652284439685934,-0.0037379478049748846,0.005712867835383753
2015-12-25,0.0,0.005557304914586227,0.0
2015-12-28,-0.00228711820867088,-0.00036193260666587116,0.0029505652629612644
2015-12-29,0.010615279052265093,0.0008447402008170112,-0.01675282395788504
2015-12-30,-0.0071132128518169345,-0.004314956798066429,-0.0009994197404116474
2015-12-31,-0.01005347329064822,0.0005465898145392706,0.004488561329901056
2016-01-01,0.0,-0.006875676383504475,0.0
2016-01-04,-0.014078184755183703,-0.00046688776238416196,0.007189186073022207
2016-01-05,0.001689745239606287,-0.002439109413395329,-0.004042836188368912
2016-01-06,-0.012694307613111229,-0.007002590122124636,0.013385419968706184
2016-01-07,-0.024283975005494347,0.0025084301533166513,0.001793178620279594
2016-01-08,-0.011037436338449521,0.013543452932964715,0.004467968637187946
2016-01-11,0.000989635770129358,0.0013776088495606677,-0.011003598018704727
2016-01-12,0.008036151262378189,-0.0076186124028738075,0.014321983016375026
2016-01-13,-0.025257121192023047,-0.0012912976103602398,0.009808820071844759
2016-01-14,0.01628348438253549,0.0038679156615935217,-0.009404789799945969
2016-01-15,-0.021700034584458766,-0.002489778430947763,0.01546694435506723
2016-01-18,0.0,0.005608046878191127,0.0
2016-01-19,0.0013302799117321064,-0.002290629757255015,-0.0031066063722765976
2016-01-20,-0.012897679057851523,0.0016465618643457622,0.010475389196123189
2016-01-21,0.005585949250569058,-0.0033012096273051864,-0.00681192561351527
2016-01-22,0.02030807328216746,-0.001380345726692188,-0.0038225777378983077
2016-01-25,-0.015232144582074928,-0.005816008700090541,0.005410361912788378
2016-01-26,0.01355085342098971,0.004990796058909852,0.0004762444468737846
2016-01-27,-0.010942663792226115,0.0010966944054519147,-0.00023764435392285686
2016-01-28,0.005195676753572101,0.003951831818423023,0.001426570407327316
2016-01-29,0.024085002365282923,0.0026542082203700143,0.008440959061759118
2016-02-01,-0.00036126702137182957,-0.010206691073721262,-0.003066611528250485
2016-02-02,-0.01818659700511513,0.006571266280479868,0.018382916437982694
2016-02-03,0.00597688618090137,0.00226920020820641,-0.00832843896059216
2016-02-04,0.001566781348422226,0.015353470236526761,0.00483419819818095
2016-02-05,-0.019234003259452168,0.009774485442781082,0.0011659443148745853
2016-02-08,-0.01355262982869357,-0.004915944830655657,0.02129129813039644
2016-02-09,5.446637981092952e-05,0.004009114545849865,0.0010642956424464789
2016-02-10,-0.0008633190586839355,0.00891315103106425,0.008773783461856156
2016-02-11,-0.013093180614237759,-0.0008012091767712855,0.006978999355590765
2016-02-12,0.020407307959390573,0.0032768308529634027,-0.016741539204585206
2016-02-15,0.0,-0.008160901062795328,0.0
2016-02-16,0.01673739878040497,-0.004636814033404252,-0.010625956909029096
2016-02-17,0.016202812640172943,-0.002421775900273588,-0.006167860388091405
2016-02-18,-0.0041045951227961855,-0.0021602204463326666,0.012220696300579516
2016-02-19,-0.0004685874502233392,-0.001078322142747798,0.0008401688495411929
2016-02-22,0.014375359479251115,0.0011673797064114223,-0.0005345640864830435
2016-02-23,-0.0127101941907489,-0.008661347569662766,0.004040099218988459
2016-02-24,0.004565310102173299,-8.82107138321326e-05,-0.001979725901881054
2016-02-25,0.012039083043783353,-0.001190199788027206,0.0035753233707678084
2016-02-26,-0.0023038048250559945,0.0010027261813616976,-0.0096913960565134
2016-02-29,-0.007873493185026652,-0.009207485427379999,0.004361760304005834
2016-03-01,0.02323456734164311,-0.0032064723483805242,-0.017766122464976677
2016-03-02,0.004482749515168862,-0.001197081359238297,0.004118832636726466
2016-03-03,0.003911617362121603,-0.0006415231696554621,0.003637534106493947
2016-03-04,0.003248304457923004,0.007330846721414482,-0.006432931032199613
2016-03-07,0.0007978656007607989,0.00410332553486821,-0.0003113752855201307
2016-03-08,-0.010977471938714903,0.0020028926766375924,0.01098481065026529
2016-03-09,0.004927479111138484,-0.0010899903497589847,-0.006096543493191525
2016-03-10,0.0008019747264266849,-0.0013636455184835835,-0.004111247088346949
2016-03-11,0.016008284505505847,0.017090344189194393,-0.01015518864329003
2016-03-14,-0.0012831116996010212,-0.0009385721430361505,0.0031359189093990393
2016-03-15,-0.00163107365864746,-0.0059237805074355485,0.0009390378110534476
2016-03-16,0.0057703254519923305,0.000632999291797192,0.002966522044133344
2016-03-17,0.006324251552015544,0.009846507020469684,0.004124041868085789
2016-03-18,0.003921738088807859,0.008789321158289546,0.0020944284893186366
2016-03-21,0.0014182429558466892,-0.0034461334408439088,-0.007700150524998307
2016-03-22,-0.0005377781812703168,-0.0038275154051225038,-0.0002353104686426035
2016-03-23,-0.006621573652070042,-0.0011565874563953665,0.011261676751135217
2016-03-24,-0.00044270559511884065,-0.0037415464806334225,0.0003855971204542851
2016-03-25,0.0,-0.001173264180125696,0.0
2016-03-28,0.0005904963757418348,-0.0007144684537660043,0.0013121029826148557
2016-03-29,0.009207630358534192,0.0038239447721831305,0.010430447982753664
2016-03-30,0.004378335002071815,0.00794059446678328,-0.010584197689533403
2016-03-31,-0.002430177597092827,0.003767316237481857,0.007068407207671221
2016-04-01,0.006788991210826667,0.0039636544882739695,0.002604555309809744
2016-04-04,-0.003243056919501769,0.0009107559348322408,0.0006117597842787312
2016-04-05,-0.010038145109501401,-9.10592102153291e-05,0.010877422288719123
2016-04-06,0.010861955796933343,-0.0006148142788692096,-0.007289233094037662
2016-04-07,-0.012038150910894458,0.002016625650093088,0.01226894379394705
2016-04-08,0.002693145660737505,-0.002722054468835322,-0.0063427208524473025
2016-04-11,-0.0023500267257025175,0.0025510387479342374,-0.0012888141911855807
2016-04-12,0.009269743907081554,0.0008669027018344033,-0.006925754555662691
2016-04-13,0.01005015484447792,-0.0024507096616071316,0.0035069917040990582
2016-04-14,4.839120245430867e-05,-0.009348813403846658,-0.004806835093431806
2016-04-15,-0.0011064842964237124,-0.0008005065896722636,0.008529376982609216
2016-04-18,0.007002090487270567,0.002652082375212579,-0.0043316792013358
2016-04-19,0.003149350462751022,0.000802603680426066,-0.0031270789606546103
2016-04-20,0.0009523703674798748,0.0044656517299041295,-0.011062105572216426
2016-04-21,-0.0053931436581088985,-0.004816204111791496,-0.00596546901526462
2016-04-22,0.0,-0.0011524698211553375,-0.002567085139192388
2016-04-25,-0.0017238049880575813,-0.00514716774006994,-0.004137966219344904
2016-04-26,0.0014848333903706773,0.0031053790136885565,-0.0045472153780619
2016-04-27,0.0020558894185696186,0.002663082532895828,0.009931057645432768
2016-04-28,-0.009116914063232512,0.002647486180481382,0.004115317400299247
2016-04-29,-0.005413439158815309,0.002370534440149008,0.0025536143195652268
2016-05-02,0.007917145071338207,0.009389838457966277,-0.01011914424253596
2016-05-03,-0.008741315161731376,0.005390668042070114,0.012516849888644092
2016-05-04,-0.005594160731424284,-0.0018193263221850378,0.005470972112152437
2016-05-05,-0.00019509415990290636,-0.0009543129523783916,0.00666288118103975
2016-05-06,0.0036523313675135157,-0.007602457630280269,-0.004283632519527454
2016-05-09,0.000826194804190237,-0.0015841240747151719,0.003137645444465861
2016-05-10,0.012357054897740924,0.0,7.638794080254192e-05
2016-05-11,-0.009398577496000338,-0.0011951133129709285,0.005638750938418907
2016-05-12,0.00029032832850218245,0.004617313404738642,-0.004569151804159899
2016-05-13,-0.00875235505295467,-0.004389807118385353,0.009646734444847278
2016-05-16,0.009816868328637587,-0.005287602378223741,-0.008655282342611391
2016-05-17,-0.00937718033034209,-7.921648996507311e-05,0.0016766174873717272
2016-05-18,0.00029257859105583003,0.0,-0.01433822638922446
2016-05-19,-0.0034709269958645692,-0.00826043417725727,0.004315479588389888
2016-05-20,0.006297644654745754,-0.0015140235000181696,0.0007684494728641019
2016-05-23,-0.0013634401766499775,0.0014018498908452475,0.002225412834982879
2016-05-24,0.0128787106454188,-0.0005049370131429516,-0.0044560253123293045
2016-05-25,0.006760250903547328,-0.006985559794362882,-0.0037806086497235297
2016-05-26,0.0002865583301945622,0.0018840869032437442,0.005165351866274512
2016-05-27,0.00429043439213137,0.0029614821769575715,-0.001461331690463857
2016-05-30,0.0,-0.007359535642408992,0.0
2016-05-31,-0.0019044635729936344,0.003450037985085013,0.0023842411652284868
2016-06-01,0.002046713355887378,-0.0011142917155116097,0.004048851718115056
2016-06-02,0.003039015202703593,0.004755235777335846,0.007181620068634335
2016-06-03,-0.002991232037559884,-0.0033176414112727104,0.014135312524453813
2016-06-06,0.0050755406083868556,0.017686432682216875,-0.0074588176739451275
2016-06-07,0.0015603641301955352,0.0011471163366170239,0.0024169747223431385
2016-06-08,0.0032539468503634786,-0.0005453170730971647,0.005341999060292896
2016-06-09,-0.0013661918316050107,0.0043253899249274174,0.006432306799196902
2016-06-10,-0.009522785883607563,-0.008100387014143784,0.004834648150328837
2016-06-13,-0.007741800944192638,-0.0066537493643782,0.00444112712145781
2016-06-14,-0.001968783124811976,0.004528805094961433,-0.0007385933032121268
2016-06-15,-0.001394819836310604,-0.006931253741881397,0.0038369351629313725
2016-06-16,0.002979644804042607,0.004416478024524096,0.004847993802169868
2016-06-17,-0.0037307809837170904,-0.0009456404670404876,-0.006248713272520147
2016-06-20,0.00641910323430916,0.008588304743647803,-0.010749991610682401
2016-06-21,0.0028345289782261444,-0.0023012116407544942,-0.004631687581061691
2016-06-22,-0.001632642611189563,-0.006410844372746685,0.0016458799694052506
2016-06-23,0.01293867616520306,0.006875235761559178,-0.01150455190478095
2016-06-24,-0.03656962817265537,-0.0003737486607474257,0.026493536922303235
2016-06-27,-0.018072189807413725,-0.025767007174789764,0.024660449616731802
2016-06-28,0.017875533085630977,-0.0018964523546687237,0.0020815966760145362
2016-06-29,0.016883819919691706,0.005334508808740789,-0.007702198683359177
2016-06-30,0.013553436477416596,0.004873297031417912,0.0036780961619803125
2016-07-01,0.0020986847020764065,-0.0019788422459707227,0.013789239826798893
2016-07-04,0.0,0.0022459764311807523,0.0
2016-07-05,-0.007219391542740335,0.0013477567694007444,0.012442256911658154
2016-07-06,0.005979574617230853,-0.007296200089325156,0.0016151886247237493
2016-07-07,-0.0006200579053252987,0.003069620985244283,-7.056576317811547e-05
2016-07-08,0.014780675602970519,-0.003003258186911798,0.007339099898764502
2016-07-11,0.003520941935407356,-0.001967759709113067,-0.00881311944998729
2016-07-12,0.007236696917970319,0.001270838382200458,-0.016576394115580186
2016-07-13,-0.00013918262649911123,0.00044243484305962847,0.011717328898470974
2016-07-14,0.005567832878380923,0.0028915333292139182,-0.01465002307348939
2016-07-15,-0.0013427410427649731,0.0009990572450503967,-0.008633495612058586
2016-07-18,0.002683598774564154,-0.004775224691423465,-0.000939298021680108
2016-07-19,-0.001016743475165445,0.0016924751736729915,0.005625162321157058
2016-07-20,0.00415370284413804,-0.0052783645066787396,-0.00548142442578308
2016-07-21,-0.003783971271423866,0.0005398559400754168,0.002023170601255834
2016-07-22,0.004475130495155576,0.0012128279705787804,0.0017305484964075472
2016-07-25,-0.0027197157307712783,-0.005676765339448428,-0.0007211200531172229
2016-07-26,0.00046126556380135655,0.0018886435767625533,0.001585602358708892
2016-07-27,-0.0010614772563058371,-0.000307637037586267,0.012375434875753072
2016-07-28,0.0011539527548066776,0.007765382015009816,-0.0018499777506953048
2016-07-29,0.0016134320283539394,0.0009860471480390611,0.00829951906666347
2016-08-01,-0.0008293455397612687,0.007521339022459522,-0.010901518948793069
2016-08-02,-0.006428084996538345,0.0,-0.0103558853612133
2016-08-03,0.002918211787540668,0.004555674861185054,0.0005784102004638317
2016-08-04,0.0010636427961698048,-0.006039944627668386,0.007485620001838381
2016-08-05,0.008145633679330515,-0.0015043550709452347,-0.010452529971390847
2016-08-08,-0.0005959192847003394,-0.004067036357604987,0.0018828237639047227
2016-08-09,0.000595919284700404,-0.0005321441129647425,0.009787737634814386
2016-08-10,-0.0024781550675065773,0.0028970739216052574,0.003860960971402861
2016-08-11,0.004630147137823433,0.006333835466558864,-0.008958773279473522
2016-08-12,-0.0008695397212755501,-0.0042418899444097,0.008388022489533057
2016-08-15,0.0028796411543949856,0.0024982306112892433,-0.009468058100851322
2016-08-16,-0.00517083099638975,0.001531037673697168,-0.0026704664959415485
2016-08-17,0.0018793105553484553,0.008186617742292809,0.005979499289741952
2016-08-18,0.0022413045177164057,0.0020317675714881405,0.0015790671308498333
2016-08-19,-0.0014633707048626195,0.004461649861066459,-0.005248224630144465
2016-08-22,-4.5821213910357066e-05,-0.004529491868557557,0.008399116130208722
2016-08-23,0.0020117774380328914,0.0018660338545216854,0.0010717555416365422
2016-08-24,-0.005127951177338776,-0.0016287651923312064,-0.002359904064311686
2016-08-25,-0.0006889763890148613,-0.003283078973066947,-0.0038005988518165063
2016-08-26,-0.0018851000852035255,0.0023681928133100437,-0.0058380380888202865
2016-08-29,0.004912280740112371,-0.008096322643500537,0.01328314776005106
2016-08-30,-0.00165003092295973,-0.0005933771387031251,-0.0038587815334909423
2016-08-31,-0.0028481589179548835,-0.003541916776530722,0.0014311411490407918
2016-09-01,4.606360725742596e-05,0.000669398242409528,0.0011016632087567876
2016-09-02,0.004497983108125699,0.0035779727913655378,-0.008189389637529201
2016-09-05,0.0,-0.003466254170083479,0.0
2016-09-06,0.0030177427263908835,-0.0007811168636914772,0.007259119488949911
2016-09-07,-9.111231291900117e-05,0.008962688331043682,-0.0007164278335363234
2016-09-08,-0.0022860845622220786,-0.0011246487850704737,-0.012620704762069477
2016-09-09,-0.02422561353137812,0.0027014349127084296,-0.01661104896368034
2016-09-12,0.014245324513600204,-0.0026902998742258147,0.000516083040053557
2016-09-13,-0.014479850995881649,0.00021366267368390018,-0.011423000157296269
2016-09-14,-0.0003751719249378778,-0.002212531531855482,0.0014913386450201255
2016-09-15,0.009943692437566997,0.0025498453552103796,-0.0043298173950653334
2016-09-16,-0.00387347934620991,-0.00012369679165697225,0.008046994477277965
2016-09-19,0.00018751227602581907,-0.007807775057992466,-0.0032708357552990817
2016-09-20,4.676818481498289e-05,0.001988107023017429,0.003493654906262223
2016-09-21,0.01118280336608856,-0.002389772824843842,0.008054682101149546
2016-09-22,0.006281468903014651,0.003508451907178094,0.007917360333149716
2016-09-23,-0.005494093157986442,0.0015122434449735868,-0.0009494345515774681
2016-09-26,-0.008135207916886444,0.002592942292141068,0.006338857028800531
2016-09-27,0.006188838180343917,0.0009444893031245314,0.007307687756909159
2016-09-28,0.004951399121271275,-0.002696311903076753,-0.002164905008426009
2016-09-29,-0.009088889749620162,0.00048258291459646655,0.002526229962649272
2016-09-30,0.007518083656296253,-0.00048258291459651463,-0.008977866667431745
2016-10-03,-0.0024070998139043313,0.0013472078218555506,-0.0033057404989323344
2016-10-04,-0.005110983842391984,-0.0021658898894434467,-0.011764270455982075
2016-10-05,0.004415586565798471,3.360232562436578e-05,-0.004669984126132569
2016-10-06,0.0006953972765934552,-0.00022417864622131028,-0.005588670990445593
2016-10-07,-0.003435333530416366,-0.005699907005050658,0.0006726760980246213
2016-10-10,0.005194801416964611,0.004691651837804532,-0.00591639484404083
2016-10-11,-0.012709753951270508,-0.005025978007065702,-0.0022563299868328802
2016-10-12,0.0013108956332983685,-0.007104769738430128,0.0009786981551739328
2016-10-13,-0.00328080150823292,-0.004536195589891394,0.003752818283169834
2016-10-14,0.0005161316773986087,0.0034305603068918436,-0.01411078731677804
2016-10-17,-0.0034782856481250773,-0.007441761541419575,0.006363475860641646
2016-10-18,0.006242955478959398,0.004352579694611333,0.0032411999367285625
2016-10-19,0.0026636435449497436,-0.0035187297515541743,0.0008288426737465056
2016-10-20,-0.0018684968819526464,-0.0001646506380020189,0.0010513875831483662
2016-10-21,0.0004676390416761312,-0.004085401957879828,0.001501521416062228
2016-10-24,0.0042436459377206935,-0.004384409358858094,-0.00435996701597036
2016-10-25,-0.003356457804481649,-0.0006527512292521241,0.0026334641435708937
2016-10-26,-0.0020097059911421845,0.0010881930929809549,-0.006785576180672625
2016-10-27,-0.002670298788786329,0.002267123672550751,-0.010954945183488194
2016-10-28,-0.002959759897123469,-0.0010687761345710978,-0.0022196854798128265
2016-10-31,4.704347879107288e-05,0.007703391184510834,0.0061135749155023225
2016-11-01,-0.00727182346437592,-0.001032047021780874,7.607083201102801e-05
2016-11-02,-0.006036760159537438,0.007600509088301996,0.004341248055570662
2016-11-03,-0.0045874179639996075,0.0036554982779582594,-0.007704688108031559
2016-11-04,-0.0011024608403963048,0.0004439735815214477,0.00892044920863957
2016-11-07,0.02181727972658667,-0.00011102860930874295,-0.00853820450507643
2016-11-08,0.0044939951186214935,-0.004430681626231969,-0.0040655092576135955
2016-11-09,0.010546335883044189,-0.0030016218881543464,-0.043359062930131656
2016-11-10,0.002492215280759699,-0.008973283929278824,-0.01488089077334746
2016-11-11,-0.0023077230087330033,-0.00283529727672874,-0.005637675744993662
2016-11-14,0.0007854407472416918,-0.005971422941238589,-0.005999852612535068
2016-11-15,0.007772406528985649,-0.006904091630366802,0.004933826029793117
2016-11-16,-0.0018801994765747885,-0.0021477752071920996,0.008982359121455959
2016-11-17,0.005127578230906747,-0.0019290221275351884,-0.014823416406224104
2016-11-18,-0.0022401218004702685,-0.00783857389608081,-0.0028917223464702867
2016-11-21,0.007523151087458751,-0.0036582460348251198,0.002479261863740944
2016-11-22,0.0019514896811816675,0.005146602943733133,-0.00033034128209229283
2016-11-23,0.0005436485705278931,-0.000478683384408412,-0.0038882611582482128
2016-11-24,0.0,-0.008365597792199581,0.0
2016-11-25,0.0037085445939144305,0.0015830883643818613,0.0014907497307560787
2016-11-28,-0.004705755927053914,0.004764163866232262,0.007339797225396417
2016-11-29,0.001948490843433607,0.0008493102559907696,0.004181425913934105
2016-11-30,-0.0024020167930489202,0.0025523434536833026,-0.016333139098634833
2016-12-01,-0.003682467403467594,-0.005310066148516394,-0.010614772735201913
2016-12-02,0.0005007964683565331,0.006684755681079142,0.007300925279333044
2016-12-05,0.005990963835487044,-0.00763756940783257,-0.0010876136704929499
2016-12-06,0.003162455483219629,0.016430543065026223,-0.0007533058840054693
2016-12-07,0.012995795534573956,-0.0034364582995452253,0.008507685163061615
2016-12-08,0.002445683233381098,0.0038667787464509358,-0.011864289626253403
2016-12-09,0.0060221904711035435,-0.01315032709034517,-0.012517044134993386
2016-12-12,-0.0011482226290622786,-0.006985527551627237,0.0018705186668996443
2016-12-13,0.006651805295040521,0.008899219392906341,0.0035611948210552058
2016-12-14,-0.008288236541085035,-0.0011699590234880463,-0.011235819540278013
2016-12-15,0.004108385616837993,-0.010888585673538545,0.005037907709286795
2016-12-16,-0.0019580672595750494,-0.009105718970210059,-0.002302295915060431
2016-12-19,0.002175481103517289,0.0029842312480278035,0.010698531915197476
2016-12-20,0.0038500571383152465,-0.004233759574618508,-0.004994909370422884
2016-12-21,-0.002786141919054109,-0.001476509481291881,0.004403757600496213
2016-12-22,-0.0017294276640246685,0.0036641609249652264,-0.0017893888744324059
2016-12-23,0.001463025064544978,0.0008659788395229713,0.0020353681878408215
2016-12-26,0.0,0.0016400925651978298,0.0
2016-12-27,0.002478239260608461,0.00020909756917603204,-0.0032246036209971035
2016-12-28,-0.008298928108095013,0.0005125259245785663,0.007281765558825561
2016-12-29,-0.0002228526298689287,-0.004342951339742504,0.0035373250981936754
2016-12-30,-0.003661506442871852,0.01508250693397183,0.0015125242904921589
2017-01-02,0.0,-0.004579297436805474,0.0
2017-01-03,0.007620750763042731,-0.006379961365256615,0.004271912190054355
2017-01-04,0.005931681952721824,-0.0038418862814960275,0.003837254974261017
2017-01-05,-0.0007948402770033606,0.007740590997296724,0.015532580502514763
2017-01-06,0.003571348663411716,0.009951694252328959,-0.009224272685263527
2017-01-09,-0.003306149135210059,-0.007007159987028705,0.007993554897254599
2017-01-10,0.0,0.0053751462447140155,-0.0006570357286618235
2017-01-11,0.0028219047361530388,-0.003424761684181173,0.0033619923952293456
2017-01-12,-0.002513050425157157,0.004282834624410967,-0.002212504283839054
2017-01-13,0.002292769564219146,0.001803209323731725,-0.004769511692033206
2017-01-16,0.0,0.0011154729925587558,0.0
2017-01-17,-0.0035294644042573376,-0.002420493946028179,0.010414490344013667
2017-01-18,0.0022076188369291485,0.008807419508532732,-0.012890812717792787
2017-01-19,-0.0037118549516416094,-0.006471944983548921,-0.006882254304302642
2017-01-20,0.0036678597067156976,0.0030014703955947883,-0.0019987550575726225
2017-01-23,-0.00260588949203633,0.005054843962894572,0.00995456131043202
2017-01-24,0.006391143021852381,0.004380785936046075,-0.0068753460929781105
2017-01-25,0.00861836074029157,-0.0029870187452542053,-0.012629873593196212
2017-01-26,-0.001046141317369634,0.002169451772020358,0.0033614420480029936
2017-01-27,-0.001570996017113814,-0.0064410634062073814,0.0036008177701183108
2017-01-30,-0.0062207867155124165,0.002899318852993123,-0.0030139088260789622
2017-01-31,-8.791669863397282e-05,-0.0005034903875596175,0.006934835714153164
2017-02-01,0.0003952918357449893,0.008852261972059784,-0.006202357906058894
2017-02-02,0.0006593543399092863,-0.0033759205059840968,-0.00042001086811741455
2017-02-03,0.0068690924842128125,-0.0005274662699758506,-0.00042018735137416054
2017-02-06,-0.0017896310059018915,0.0019713419350956586,0.006032488637873832
2017-02-07,4.396137838816348e-05,-0.0036916646517806554,0.007323369694979283
2017-02-08,0.0013093639166565,-0.006083672000636754,0.01350722310283885
2017-02-09,0.005915081200550842,0.001324952574866799,-0.01160135466833206
2017-02-10,0.003938401929223487,-0.0031492420707108556,-0.0005794926182120765
2017-02-13,0.005428018901989052,-0.003670492466827683,-0.0031519045327437854
2017-02-14,0.003987284127196912,-0.001983821861077884,-0.007253469853426997
2017-02-15,0.005206767485744297,-0.0019059474091679728,-0.004612833017873843
2017-02-16,-0.0008517597562591205,0.0027435541785106898,0.0054493630716810045
2017-02-17,0.0015751252694548945,0.006096606333929302,0.005918383221911417
2017-02-20,0.0,-0.004281128670700643,0.0
2017-02-21,0.0059376566773538635,-0.0016245565514428882,-0.001746866238054435
2017-02-22,-0.0008883965597133146,-0.006366536572582725,0.0016629288082694329
2017-02-23,0.0006764883676196305,0.001139192733998484,0.002988533827998553
2017-02-24,0.0012686055935205557,0.0028748666409450312,0.01104358767624838
2017-02-27,0.0015613965126408903,-0.0030014925084968615,-0.005918514712080849
2017-02-28,-0.002702836816254074,0.0029803184926625644,0.0037027932268985033
2017-03-01,0.013900644686524154,-0.001427914978222764,-0.01689803825789921
2017-03-02,-0.006317273021081998,-0.003155193618451753,-0.0036056602398280473
2017-03-03,0.0006291488822575484,-0.002483361285800688,0.0026000279012427744
2017-03-06,-0.00298257814872437,0.010480388215962188,-0.004787006845709339
2017-03-07,-0.0029911267243397247,-0.003890114210058578,-0.0030350531710758343
2017-03-08,-0.00185824072468445,-0.000856528977351755,-0.005419312885929585
2017-03-09,0.0012673635855169744,-0.002153918443973989,-0.008013430670448738
2017-03-10,0.003498068608995793,0.0029364122241478294,0.00350339213543268
2017-03-13,0.0005043999837749257,0.010495752325234368,-0.006331240189525191
2017-03-14,-0.00383386736247998,-0.0036172570315181995,0.004795062954876833
2017-03-15,0.008616431591651326,-0.0036681311722004924,0.012140903553437938
2017-03-16,-0.001968991205772047,0.01175313951260352,-0.0050764226082958335
2017-03-17,-0.0017576017620755994,0.0034204682168346265,0.0062569155288745935
2017-03-20,-0.0010973987852547255,-0.0029478685547739913,0.004289401338884961
2017-03-21,-0.012922960903355426,-0.000494026216523266,0.008274585799037596
2017-03-22,0.0023506458209044128,0.0069390189319521985,0.00398754070850778
2017-03-23,-0.0010677698790745823,-0.002062955051731874,-0.0014107880224832883
2017-03-24,-0.0007265874491983938,-0.0005825075184240264,0.003564275184626165
2017-03-27,-0.0010270210362694967,0.006068102164538236,0.004539521920691127
2017-03-28,0.007250840792477914,0.0010529288766618662,-0.006693009082833892
2017-03-29,0.0009343717536026653,-0.003988814539129683,0.005951035950911677
2017-03-30,0.003178816170521289,-0.005383655395307185,-0.008108920894328187
2017-03-31,-0.0023302530990124966,-0.006766263018980494,0.0029036210652053336
2017-04-03,-0.0017408022353444326,-0.001708436576849294,0.010036433431716221
2017-04-04,0.0006373949118460346,0.00011731597159801833,-0.005439468553304455
2017-04-05,-0.0029772402091715906,0.0009608024846293539,0.003053219593310811
2017-04-06,0.0028072330207322607,-0.0007367113708814336,-0.0014838668604579596
2017-04-07,-0.0010196754138595235,-0.002611329354407584,-0.004051871879372111
2017-04-10,0.0005949432549844843,-0.005900993777431867,0.0046289959291428385
2017-04-11,-0.0011903907852227143,0.0014719638399648264,0.00943834690132408
2017-04-12,-0.004391629676086147,0.001293776491387639,0.005457971629685192
2017-04-13,-0.0065161069104983,0.0055757821106804445,0.003081953956059545
2017-04-14,0.0,-0.005098219512770225,0.0
2017-04-17,0.008820948857276592,-0.0005518231785464774,-0.0030819539560594795
2017-04-18,-0.002988581155761618,0.003198762931699693,0.012994862280197115
2017-04-19,-0.001840279926523807,0.00787603933151079,-0.005467606933271963
2017-04-20,0.008106039596815998,-0.0012759417804318331,-0.003877975049108863
2017-04-21,-0.0031921192623622445,-1.068048484067434e-05,0.0
2017-04-24,0.01093823147222278,0.01473387077510292,-0.0049499205680812695
2017-04-25,0.005801595871792372,-0.0008370344334140607,-0.012112419922334297
2017-04-26,-0.0006288194049285427,0.005818837615714092,0.0055016074900155615
2017-04-27,0.0008384612675157099,-0.0017688276041054596,-0.00032762431275241033
2017-04-28,-0.0021819078991494167,-0.004104213277379672,0.002208505456365943
2017-05-01,0.0025170217450710443,0.003973291140565258,-0.008347378061048622
2017-05-02,0.00037689659800359336,0.00013092213681450298,0.005107641875756738
2017-05-03,-0.0012152247692605999,0.0024465527570567713,0.0006572917865445166
2017-05-04,0.001173181972569272,-0.004277630513799503,-0.004939510586133751
2017-05-05,0.003929596883065941,0.008463877857979456,0.000907253182230047
2017-05-08,-0.0001667194492771673,-0.0014924328465038186,-0.005455989655268086
2017-05-09,-0.0009185225131066628,-0.0034152831494478875,-8.329316531453413e-05
2017-05-10,0.0017939861460439317,-0.003752144975261105,-0.00116103638921851
2017-05-11,-0.002044678979222,-0.0014795427623111868,0.0
2017-05-12,-0.0016724506334425278,-0.0005325441349082685,0.007524724886428781
2017-05-15,0.0055082702196354045,0.0057204864600827665,-0.0027222318571644326
2017-05-16,-0.0009158548665462984,0.0049733891475483355,0.0037100311710693682
2017-05-17,-0.017903469276878595,0.010165609234827322,0.014461630081944407
2017-05-18,0.004020589378470943,0.005607107178077628,0.001135004950389108
2017-05-19,0.0064830465274659166,-0.003841584496626299,0.0023471298618908897
2017-05-22,0.005064573551499166,0.008179592912204795,-0.002752063622994537
2017-05-23,0.002210181902792266,0.0030299874646010755,-0.0067503775562573545
2017-05-24,0.0023303301389414614,-0.005313076821422747,0.005614750718612398
2017-05-25,0.004768129766814263,0.004605241095272315,0.0003248623724814653
2017-05-26,-0.00020675541459228702,-0.0017953372916787,0.0017021619329111296
2017-05-29,0.0,-0.0031006300645787972,0.0
2017-05-30,-0.0008693804353999169,-0.0042155232961007755,0.0049274899786309
2017-05-31,-0.00024848110482366716,0.0038245199942626854,0.002494973145807352
2017-06-01,0.007920857271708126,0.0064107218921609175,0.000104901549030207
2017-06-02,0.003322952024702749,-0.0024705630841269518,0.011770872657332301
2017-06-05,-0.0007376167018311187,0.005781635295709812,-0.006228214634731601
2017-06-06,-0.0032019399467539556,-0.002129806388517568,0.005431995783619079
2017-06-07,0.00184867443869381,0.001295371377476745,-0.004791310084520593
2017-06-08,0.0004920847779372585,-0.0014417352935042875,-0.0026458378787399036
2017-06-09,-0.0015189457746604535,-0.006272006430605266,-0.0015259753204604717
2017-06-12,-0.00020520881808842656,0.001533596439746188,-0.00032147062198690314
2017-06-13,0.004877861432620759,-0.0005151964433409355,0.00016058813397081128
2017-06-14,-0.0012682494809979693,0.0011314867284345825,0.015319136591688843
2017-06-15,-0.0019262018748070569,0.0006166547146009237,-0.0015851982925464852
2017-06-16,0.00021861143186051156,-0.006160839863208682,0.0019806130471416703
2017-06-19,0.008290460908109122,0.005488135775370295,-0.001425630075672741
2017-06-20,-0.0067672249799938956,-0.005699907005050658,0.008916307097327367
2017-06-21,-0.0002468224155608363,-0.0006795750515412816,0.002040328154037732
2017-06-22,-0.0004526901476182303,0.0027099826986903166,0.0021927266954442264
2017-06-23,0.0011935523873475291,-0.001573337331533338,-0.00047004423207264905
2017-06-26,0.0006579073457107958,0.004402570472360325,0.0037499125752463703
2017-06-27,-0.00808909049357792,-0.0013652747414871296,-0.010738471779209178
2017-06-28,0.008910614096297132,0.013817200221092344,-0.003315573841555316
2017-06-29,-0.008827538404255183,0.003828564481944142,-0.00841665787772276
2017-06-30,0.0018627339267047254,0.005169753787889567,-0.0023154682634006878
2017-07-03,0.0016942370480639067,-0.001623434279564029,-0.0032246799151574475
2017-07-04,0.0,-0.00453607873585738,0.0
2017-07-05,0.0023092243043080795,-0.0009888509651572001,0.00024066167949307775
2017-07-06,-0.00918673561127013,-0.0011693597201411616,-0.008308112245039764
2017-07-07,0.0064644094024494765,0.0068427801095858175,-0.006011448077729617
2017-07-10,0.0010735073757219414,-0.001837701715489709,0.0014658117348921155
2017-07-11,-0.0007428962162367492,0.0,0.0017071065852839497
2017-07-12,0.00748655707542694,0.006131251207802693,0.006880711100334666
2017-07-13,0.0016788333218256096,-0.004807464986444529,-0.006312376334900716
2017-07-14,0.004653164056169575,-0.0013123920117594798,0.0012169923013426733
2017-07-17,-0.00012212200876134086,0.006246082259973272,0.0027532163034086725
2017-07-18,0.0005293497382124195,-9.183638917386693e-05,0.008694676098096021
2017-07-19,0.005399415360338112,0.00655029783305211,0.00040069580820825283
2017-07-20,0.0004450145264577033,-0.0018462368588922442,0.002880962606471422
2017-07-21,-0.0008903694057195423,0.008660672812457637,0.004225194888189654
2017-07-24,-0.000243166128007321,0.0045455288539196816,-0.003905802480314736
2017-07-25,0.002427798243210788,-0.0036730128113636957,-0.013105007822449923
2017-07-26,4.0374383360212915e-05,0.0004889523241933991,0.0016171849127844975
2017-07-27,-0.0009300177782596324,0.007140275713109553,-0.0049401729000161845
2017-07-28,-0.001173818902362808,-0.003360330911062203,0.005909518710875426
2017-07-31,-0.0005670077067797032,0.005003595982651434,0.0012102622728692761
2017-08-01,0.002226423529581436,0.006517456509259816,0.006996191534519502
2017-08-02,0.00048507742087581504,-0.0010872165978424119,0.0005614946736147751
2017-08-03,-0.0019414387228411797,0.0033718824872047953,0.010290702482766973
2017-08-04,0.001820031762908701,0.0028482358366718977,-0.008527555832295789
2017-08-07,0.0018575946286526852,-0.009003661780450659,0.0011189591517306438
2017-08-08,-0.002464069576310607,0.001909827198615512,-0.0036043695777254942
2017-08-09,-4.011811198774472e-05,-0.003933743568074327,0.005442048246674028
2017-08-10,-0.014216110831618712,0.0005879322590374358,0.008503663708374212
2017-08-11,0.00147568221112029,0.0007412406839569163,0.0004743767619250582
2017-08-14,0.009864279075597816,0.004683757024378315,-0.0051548116772682385
2017-08-15,-0.00012163655880087527,-0.004212813668356419,-0.004222567760192864
2017-08-16,0.0017428745938622748,-0.002939654885911989,0.00366632403636197
2017-08-17,-0.015713403127196896,0.002810170102040692,0.007449766598260804
2017-08-18,-0.0015646870851713473,-0.005003297987145882,-0.0002372963014011683
2017-08-21,0.0007827941304193637,0.003473724677504832,0.0024456535310427704
2017-08-22,0.01040232114299886,0.004725443074964282,-0.003867949096266771
2017-08-23,-0.0035915558310736268,-0.0042197846676600495,0.006778614138351015
2017-08-24,-0.0023336044264311,0.0046095726316787945,-0.0036989271666034544
2017-08-25,0.002333604426430997,-0.0012162816868652579,0.0038560782498597507
2017-08-28,4.0631167140355034e-05,0.012601173730479498,-0.0006292200714278355
2017-08-29,0.0011443883662986827,0.0010044878799235918,0.0032175663899748344
2017-08-30,0.004726370604948865,0.0005504650901480018,-0.00031351420469906616
2017-08-31,0.005998104238960818,-0.006455156902391667,0.002973726740475656
2017-09-01,0.0014130100839560738,0.0014281759693642322,-0.0076782816296026134
2017-09-04,0.0,-0.0023197286450906125,0.0
2017-09-05,-0.0072079592098648155,0.0008915526757262396,0.015733369723689074
2017-09-06,0.003407944388720585,0.0025723291798226953,-0.0061542232100261895
2017-09-07,-0.00012145918577402732,0.00031007026908479087,0.010184236745719036
2017-09-08,-0.0011752463865765846,0.008456670882772186,-0.0021677765773231547
2017-09-11,0.010609194148512253,-0.0009498391490405942,-0.012009640527409
2017-09-12,0.0033650812299332766,-0.0048553725898403035,-0.005270817696280424
2017-09-13,0.00047985295912756926,0.0012684952800507596,-0.0039512911696759825
2017-09-14,-0.0003199231874735819,-0.007040230737258596,0.0041091402465456206
2017-09-15,0.0013456121076173676,0.0026074388715421597,0.0003942407515644588
2017-09-18,0.002124413657241671,0.0013003754213913215,-0.005771450131667156
2017-09-19,0.0010007997513460703,0.0018519597279447737,-0.0024606043005092016
2017-09-20,0.00035978576609856024,0.0027783834456705627,0.0007150081419048253
2017-09-21,-0.0026828852961276505,-0.010094523826527133,-0.0005558635969636282
2017-09-22,0.00020039296279422578,0.006168672724767713,0.0028569866585635684
2017-09-25,-0.0020467229652922385,-0.0015397038475801963,0.006239723755118765
2017-09-26,0.0006025897227341138,-0.00601701171679182,-0.0018126716722094783
2017-09-27,0.0038865936691291117,-0.005886836853223914,-0.015182586527512035
2017-09-28,0.001199004576159856,-0.0030949455631941935,-0.0029678012606691034
2017-09-29,0.003508795449761228,0.0027296467229846197,0.0022467996341546197
2017-10-02,0.0043293740935399306,0.0021702076480590985,-0.001832786894448929
2017-10-03,0.0021379538377611857,-0.006250154855581916,0.0009651520073374247
2017-10-04,0.0011855500189211397,0.0011741541657486819,8.008306737527288e-05
2017-10-05,0.005907855971544914,0.000822629559822298,-0.003784716078467222
2017-10-06,-0.0011394836176174213,-0.0038255380743325205,-0.002828093613920163
2017-10-09,-0.001652603852084954,0.0025682950913297697,0.003151089167474431
2017-10-10,0.002635048905229526,-7.0457239084023e-05,0.0016112678896714656
2017-10-11,0.0015696880184796628,0.006218846333423547,0.0019313228816734054
2017-10-12,-0.0014910627449831078,0.0042743566814671605,0.004250319022868922
2017-10-13,0.00121639439637846,-0.0028436443420639165,0.007176933004218911
2017-10-16,0.0013327618416253762,-0.001501544931142891,-0.0007153170444973526
2017-10-17,0.0007046602231800526,-0.0016526703470598411,0.0012716610014495606
2017-10-18,0.0009782854307975207,-0.0019205864297465773,-0.006613522169799083
2017-10-19,0.0002739096874733147,0.0019796105030956174,0.0017575017831271116
2017-10-20,0.0051467305283671464,0.004468522795391605,-0.010670166368712854
2017-10-23,-0.0038968517735585963,-0.008000833040873344,0.0017723473802040049
2017-10-24,0.001755667017984227,0.0004702904875673446,-0.006218767458437331
2017-10-25,-0.00496240111424362,-1.1759635881293249e-05,-0.004791443298513187
2017-10-26,0.0012917599877986115,0.005234651900610724,-0.003343519760502906
2017-10-27,0.008143007638444484,-0.01564581794464382,0.006594820505571662
2017-10-30,-0.0037320683250827687,-0.0028122811584414065,0.009529153403022624
2017-10-31,0.0015568120797899597,0.004139812097083693,0.00032103559406739126
2017-11-01,0.0013214348205850292,-8.164019452064136e-05,0.004442956205106214
2017-11-02,0.00038820951957652496,-0.0019787939054160286,0.004399005614176737
2017-11-03,0.0033328143970339738,0.00284140815238091,0.0027096368591493685
2017-11-06,0.0015467824648864783,-0.004026851354010363,0.0037340875780984173
2017-11-07,-0.0006956581196642694,-0.00019738548972792174,0.004193974371003255
2017-11-08,0.0016992694640741522,-0.0009981989804078012,-0.0022133824255376154
2017-11-09,-0.0036343841546585274,-0.0003596121387038146,-0.0028533748697501175
2017-11-10,-0.0003098984631904569,0.0043000786630653445,-0.01519432797429719
2017-11-13,0.0009294750529231519,0.001223701080318296,0.0020930604668477266
2017-11-14,-0.0023250383669109983,0.00032656489137086097,0.006731858945782899
2017-11-15,-0.0050179525736611255,0.010907609447217186,0.010804203893728109
2017-11-16,0.008465287320455447,0.0,-0.00872951418976306
2017-11-17,-0.0029432225010423796,-0.0013080981138198554,0.007385189539556209
2017-11-20,0.0017049411501113467,-0.00387900941326029,-0.0003955548667573087
2017-11-21,0.0065214996988527734,0.0007980439055142195,0.0031610772418668304
2017-11-22,-0.0008852023367412155,-0.0003403883384462701,0.003229540475645509
2017-11-23,0.0,0.006582660069541397,0.0
2017-11-24,0.0023071583264990874,0.003313668861567561,-0.00275620458829043
2017-11-27,-0.0004993376832480567,0.00609963059633493,-0.0014205247022891858
2017-11-28,0.010093612928868706,-0.0018111957909795597,0.0013417286561005536
2017-11-29,-0.000608673212940109,-0.004786254653440127,-0.009907907658036282
2017-11-30,0.008716667244314396,0.00033187390605268443,-0.003351109297474921
2017-12-01,-0.0020775531802563947,0.0038949725055720153,0.013404170930486565
2017-12-04,-0.0012104575665885017,-0.003231052357120294,0.0004742455070227951
2017-12-05,-0.0036030834112265636,0.0006643836844994911,0.0049634571674534
2017-12-06,0.00018995298753838173,-0.0029389064537555013,0.0034518642790659377
2017-12-07,0.003148013025334095,-0.002422797988340597,-0.007862978903088038
2017-12-08,0.005438146441185614,-0.0027231131814485885,7.91694596307439e-05
2017-12-11,0.003008513551486413,-0.0001882666154521876,-0.002054612689560525
2017-12-12,0.0017635266495311444,0.0006474925079881131,-0.0003954795587294975
2017-12-13,-0.00011263847586382614,-0.002975242802169791,0.007488963513807694
2017-12-14,-0.004094562128820203,0.007910432083082026,0.004232093682597381
2017-12-15,0.008292955059352928,-0.005158903947455346,0.0037471219936342113
2017-12-18,0.0063209442415099034,-0.002669402938509293,-0.00915803866509096
2017-12-19,-0.0038475283770479664,0.0034585584970408443,-0.013058038815262006
2017-12-20,-0.0005242259734372496,0.00483143721251939,-0.011135218262764996
2017-12-21,0.0020574533442946916,0.0031072487323386346,0.0058110742797823954
2017-12-22,-0.0002616770643227672,-0.0017564352044179,0.0013641111101084379
2017-12-25,0.0,-0.00010667475836512538,0.0
2017-12-26,-0.0011969342207357717,0.0013881944230198205,0.0029605753869731866
2017-12-27,0.00048672194388486324,-0.001234067632668466,0.012941604640434983
2017-12-28,0.002055223351220462,0.003611301394254342,-0.0008682782019914135
2017-12-29,-0.003777307745037464,0.0034333082699906565,0.0015777968299646717
2018-01-01,0.0,0.005280299334562936,0.0
2018-01-02,0.0071315863669517395,0.0005523534177722327,-0.010858236438937758
2018-01-03,0.006304782306854139,0.004309459786959923,0.004770366696799835
2018-01-04,0.004206340379255916,-0.0044055338609388685,-0.00015884071372245954
2018-01-05,0.006642106773189657,0.004851896369631849,-0.002859318841410205
2018-01-08,0.0018269442382099395,-0.0026034254630769985,-0.0006369672641800126
2018-01-09,0.002260478806579503,-0.005581836821075154,-0.013462667201053094
2018-01-10,-0.001530660013568021,-0.003441541320087566,-0.0012112834596787049
2018-01-11,0.0072698600961645385,0.0022451934756692197,0.00411130226206671
2018-01-12,0.006497134190374314,0.007163443657419676,0.0016882156161446792
2018-01-15,0.0,0.012395577440172478,0.0
2018-01-16,-0.0034241307453045495,0.0062252298447128904,0.004167071773016995
2018-01-17,0.009486790623023437,0.00023307764364815267,-0.0013603781881947753
2018-01-18,-0.0016824433490717937,-0.007140809171959861,-0.009332877402370859
2018-01-19,0.0045395816765606105,0.004310183172470693,-0.005268052900716512
2018-01-22,0.008098240965682499,0.0015430167694837121,0.000974283419943073
2018-01-23,0.002119811950403099,6.12782288566978e-05,0.004293769480773638
2018-01-24,-0.0003881384093207815,0.00439735155950313,-0.005431363148765685
2018-01-25,0.0004237230084574011,0.006545840132911253,0.008175572281222572
2018-01-26,0.01151086115192192,9.918292422570005e-05,-0.0037151894687055174
2018-01-29,-0.006651670678115989,0.0028791319849888757,-0.00698231611002827
2018-01-30,-0.01030996058843977,-0.00378339768589846,-0.005884271705700629
2018-01-31,0.0004967036593251269,0.002293139592610932,0.005884271705700657
2018-02-01,-0.0011356148392099306,0.0007324958037122442,-0.014599002821385284
2018-02-02,-0.02201063322896797,0.007328950679841816,-0.00932247318610947
2018-02-05,-0.04272243969496836,-0.005053840607735393,0.00940546057308851
2018-02-06,0.019510782917888294,-0.006377383172319716,-0.006232388094087919
2018-02-07,-0.005439713197556487,0.0010890581283255556,-0.00954900642618457
2018-02-08,-0.03823045881425663,-0.009181762489920852,-0.0010947371632131515
2018-02-09,0.014909981292971459,-0.000600981855033339,-0.006338962147819148
2018-02-12,0.014577685082343438,-0.0006496959447372854,0.004399102456131826
2018-02-13,0.0024841781516169964,0.004150100441697588,0.0044641044305181125
2018-02-14,0.013405835279672934,0.004056140127369198,-0.011155368757421385
2018-02-15,0.012679390916472716,0.009146425433200864,0.0033936079431909566
2018-02-16,0.0002934905367184853,0.0029091421930713865,0.005406046927688935
2018-02-19,0.0,-0.007362497093656409,0.0
2018-02-20,-0.006281234921729532,-0.0010668553718264204,-0.004389899682516529
2018-02-21,-0.0049865988169973,-0.0051198390023570895,-0.012344479383513443
2018-02-22,0.0012953448420814887,-0.004345012256307387,0.0029936923711933014
2018-02-23,0.01581346402450483,0.0036420916071722422,0.008842635234385629
2018-02-26,0.011545310923913895,-0.003212105009122603,0.0003388794030759348
2018-02-27,-0.012564985449484763,0.0023126013299230768,-0.001440097704847256
2018-02-28,-0.010181591138611654,-0.006946405230548163,0.006336328739889116
2018-03-01,-0.014647352248806662,-0.003199213284151492,0.006803181969420724
2018-03-02,0.005141240346337431,0.00650694664057467,-0.008162999158153888
2018-03-05,0.011492083939703903,0.0036263787619993924,-0.0027073108095625235
2018-03-06,0.002531614630577348,0.001713382605229048,0.0009315684384839862
2018-03-07,-0.0003663098679668922,0.006472901653150981,-0.0011009775711340497
2018-03-08,0.004827245913260107,-0.00016140177040260427,0.00574576442861824
2018-03-09,0.017252547206634203,-0.008738819743630995,-0.0065936552382802015
2018-03-12,-0.0012560397102949314,0.00017221271392751176,0.005750789092770431
2018-03-13,-0.006483657437723949,0.002501775781071896,0.005046409367988355
2018-03-14,-0.005144706448192844,0.004266335039781299,0.008771048408783176
2018-03-15,-0.0010902325907950743,-0.0013499625381387281,0.0
2018-03-16,0.0010838559849834868,-0.005381152570823163,-0.0035825144190821325
2018-03-19,-0.013622749655109593,-0.0023114690130010985,-0.003176866528532207
2018-03-20,0.0016991866385401757,0.004554221061101681,-0.0040271434284993865
2018-03-21,-0.001920718180247026,-0.006909380265738895,0.0010924460359607593
2018-03-22,-0.025315038926938833,0.007785708051778046,0.00986042709309368
2018-03-23,-0.02154529287984072,-0.0018381487711449,-0.0007487467418380356
2018-03-26,0.02699159270474149,0.002381543956155749,-0.0038355898678048618
2018-03-27,-0.017157967449183766,0.00831188172368744,0.010636195886067488
2018-03-28,-0.0029591023569915938,-0.003990881759450981,0.0026413251754435325
2018-03-29,0.012696376249540679,-0.007897382931562176,0.004851853963311384
2018-03-30,0.0,-0.0006029938609045437,0.0
2018-04-02,-0.021821085312707565,0.0009230866886203371,0.001970989201639708
2018-04-03,0.01273560688067294,-0.0017470394477167334,-0.007742393464107104
2018-04-04,0.010642408079596353,-0.001154869778581974,-0.002069297564889976
2018-04-05,0.007860917545388408,0.0006755016584394306,-0.007485144225393136
2018-04-06,-0.02253785849945879,-0.002870925082302187,0.010876361759030034
2018-04-09,0.004916353600320881,0.001618556583301758,0.0016505492817932479
2018-04-10,0.015775182115840076,0.004144001211158943,-0.0018156333429718457
2018-04-11,-0.005256301372332113,0.0032954948055088436,0.0035448400959437673
2018-04-12,0.00819361596813842,0.0006925638918780253,-0.007351497519881619
2018-04-13,-0.0029373145958061448,-0.0033963667390498223,0.0023187860072685505
2018-04-16,0.008188006871221683,0.00023433623354313018,0.0003310355091011562
2018-04-17,0.010641810469149478,0.0042513295822551745,0.0027248393408561724
2018-04-18,0.0007402052128826725,-0.0009655845061456074,-0.008030712010571288
2018-04-19,-0.005563620736940176,0.00048266805112577506,-0.008179571461540322
2018-04-20,-0.008515029115078567,-0.0027196968051803935,-0.007233609239252729
2018-04-23,-0.0001498749086299387,-0.005859248577880163,0.0002527624974821019
2018-04-24,-0.01355911819084481,-0.0052637028397498915,-0.004567134721874342
2018-04-25,0.0024686152173517026,0.0026528923546068075,-0.006720581221887533
2018-04-26,0.010114403048054341,-0.005712650234150854,0.006974849705811084
2018-04-27,0.0009384328549292791,-0.00511110874201837,0.007683284945785947
2018-04-30,-0.007720513104042371,0.0010903377604621455,0.0017646380835887798
2018-05-01,0.0017756574097572626,-0.003436890367874952,-0.0036076607346771615
2018-05-02,-0.006740461634234379,-0.007450468811979633,-0.0010988910906648435
2018-05-03,-0.0022060423191612583,-0.0033877940587112173,0.004471217284826275
2018-05-04,0.01286342766753679,0.003195912401978984,0.0015135581950147397
2018-05-07,0.0033773460770566035,-0.0028613126228246057,-0.0015979940710742575
2018-05-08,0.0,-0.0017797005116395965,-0.0009261503745044853
2018-05-09,0.009619334588150728,-0.005533851088539423,-0.005999781526543688
2018-05-10,0.009307447069632786,-0.0017430672818787454,0.008019442908103105
2018-05-11,0.003046679888926004,0.00591735512042152,0.0025193028977275266
2018-05-14,0.0004761853653059926,0.0029002183504962887,-0.005297943924017982
2018-05-15,-0.006910856342183316,-0.0017554472898831247,-0.01144814388859564
2018-05-16,0.004196412557462502,-0.00928694064996898,-0.0038447756943104606
2018-05-17,-0.0008453338624060931,-0.0003309314358126005,-0.005064541352341624
2018-05-18,-0.0025028447009060664,-0.0018417401567752197,0.008568529798258746
2018-05-21,0.007490262725071115,-0.002426900758167098,0.0005114692078697923
2018-05-22,-0.0027842270082615046,0.002191086827304078,-0.0015357747715161751
2018-05-23,0.0027477502178503417,-0.0003302127283434639,0.0072331792748589925
2018-05-24,-0.0020504111205783566,-0.006673574838505587,0.007938592471824015
2018-05-25,-0.0023861705367580767,0.0010661932567612865,0.006205701486243246
2018-05-28,0.0,-0.0028795704251883274,0.0
2018-05-29,-0.011567424601484057,-0.005315985270053203,0.021666158660184554
2018-05-30,0.013256256040970325,-0.007563750116088786,-0.006731008086944505
2018-05-31,-0.006144672945146346,0.011022910220800021,-0.001648336885045457
2018-06-01,0.009769903500047517,0.0022192132434978853,-0.005297642644504613
2018-06-04,0.004740072035109094,-0.002102537023960953,-0.007258525276795701
2018-06-05,0.0007274647263425754,0.002734209840494974,0.002341524077837735
2018-06-06,0.008325781037091721,0.0021903341397488986,-0.008135716644252835
2018-06-07,-0.00010821892136649062,0.0050432443457019025,0.009638635699444375
2018-06-08,0.002952034791648673,0.0008253392859986731,-0.0030073693713332226
2018-06-11,0.001329331522075943,-0.0009549196576974336,-0.001842276528530898
2018-06-12,0.00129150675221212,-0.0008363539989248185,0.0002513751003993724
2018-06-13,-0.0031963145543574384,-0.002199270438669329,-0.0005029761698428993
2018-06-14,0.0025150266946992986,0.005052684987134998,0.008265637473686666
2018-06-15,-0.0012767781585720033,-0.020638107698380467,0.0009139680379558941
2018-06-18,-0.002058867073378269,0.002536267703775233,-0.0009139680379558272
2018-06-19,-0.003840442551357403,0.0029962096356120605,0.005803187858714674
2018-06-20,0.0017048889403317175,-0.0036336856020982174,-0.008800798660962379
2018-06-21,-0.006288605320424419,-0.0008224597834486959,0.005240339404788244
2018-06-22,0.0018213676979906648,0.0023068753656377444,-8.327267747730445e-05
2018-06-25,-0.013706230851422788,0.004781358516060751,0.0022377354480118323
2018-06-26,0.002211607398372723,0.003539625505008509,0.0014059964856398181
2018-06-27,-0.008318853536380217,-0.0044953797831452195,0.00937991592190574
2018-06-28,0.005700919677861831,-0.007463204842131897,0.0002453733094560297
2018-06-29,0.0014390186260851907,-5.783505454369426e-05,-0.0034444656611949554
2018-07-02,0.002135729837340717,0.00994714712822947,-0.0007826584361291038
2018-07-03,-0.0035376582840580756,-0.003124912448468689,0.005342348662950953
2018-07-04,0.0,0.0014679804760208625,0.0
2018-07-05,0.00812531580408578,0.0002681516744493763,0.0028645667845752214
2018-07-06,0.008422322661521863,0.002873078600661516,0.0032641574203977402
2018-07-09,0.00896401489335774,0.004806882998706923,-0.0064565696436742065
2018-07-10,0.0035922583138585694,0.0003996761874951096,-8.25936634452526e-05
2018-07-11,-0.007341749844765489,-0.0025479448635795567,0.0038471732151327412
2018-07-12,0.009025316473818741,-0.004294710183780235,-8.157120868413159e-05
2018-07-13,0.0007869720950299564,-0.0009336480898713101,0.002528854349831534
2018-07-16,-0.0008944410386442664,0.0011321950635473854,-0.004163975677575586
2018-07-17,0.004037072465505326,0.002596160411045844,-0.001884308163734296
2018-07-18,0.0021012648585568617,-0.004812627760435433,-0.004024413474711144
2018-07-19,-0.003778346281956352,-0.0006524588597063798,0.0063171783540319
2018-07-20,-0.0011432194981347524,0.0008155070803001822,-0.012344508291945161
2018-07-23,0.001857076255398254,0.007416802719637017,-0.012415238608324964
2018-07-24,0.005019805444018723,-0.004077814856735979,0.003431909459273098
2018-07-25,0.008486316157883908,-0.0007364777587126888,-0.0015887983886838334
2018-07-26,-0.0023620911567185177,0.004438682606524418,-0.0019266743009810315
2018-07-27,-0.006799292333804253,-0.008089604616353593,0.0016753713954321065
2018-07-30,-0.005237477299597051,0.0015031493557779215,-0.003438078503109291
2018-07-31,0.0049175075200462,0.004019211446705516,0.005445036504636495
2018-08-01,-0.0016719505289503377,-0.0015207742859472315,-0.008180344978937883
2018-08-02,0.0054324685407360395,-0.002031950545646603,0.0014344119423198261
2018-08-03,0.004276357443667866,-0.00687094620857647,0.0049611786759536595
2018-08-06,0.0036602399145367163,-0.0020485936709178547,0.0005866040756527371
2018-08-07,0.003297054487931864,-0.0003698943193174424,-0.005211243495915147
2018-08-08,-0.0004205334208731198,0.00387939481100834,0.0010113792823537244
2018-08-09,-0.0013671249913583807,0.0006732375104906637,0.008382647344923597
2018-08-10,-0.0067225876716656115,-0.007507102373803506,0.007236648040622846
2018-08-13,-0.003750637881739423,-0.011275742016472816,-0.002074084580932171
2018-08-14,0.006360479083710359,0.0006839682303000879,-0.0022448859153043938
2018-08-15,-0.007495061226925528,-0.004993251859406075,0.005809300316420313
2018-08-16,0.008058610903152156,-0.00012483080083799814,-8.277340329716498e-05
2018-08-17,0.003514313044766294,0.0023851641885435427,0.001240562709978409
2018-08-20,0.0021374491538947234,0.0058162558222769525,0.00667325623121766
2018-08-21,0.002342305928166195,0.004677486716083236,-0.003371982953291656
2018-08-22,-0.0005933882182820058,0.007404847816651862,0.003946291605394075
2018-08-23,-0.0013291758175378707,0.0006948261978871789,0.0015580934035654202
2018-08-24,0.006000576486039395,-0.0035848160899412435,0.001964774939495677
2018-08-27,0.007864146044399806,0.009102781442062224,-0.005740537159867879
2018-08-28,0.00048316432540182567,0.002974957959103103,-0.0060221591180734104
2018-08-29,0.0053665086109658,0.0006544181771762134,0.001323304455323684
2018-08-30,-0.004056611298414844,0.0015796090309269939,0.002146353042239706
2018-08-31,3.419473999754039e-05,-0.0038568234970335043,-0.0023116603825016676
2018-09-03,0.0,-0.005467329671144762,0.0
2018-09-04,-0.0017237779689845834,0.0012420767865190061,-0.005798702452988672
2018-09-05,-0.0026947595839416374,-0.00249423774492734,-0.0026693803693293313
2018-09-06,-0.003014667078913919,0.004191522661239633,0.003668664109177806
2018-09-07,-0.001945044764632276,-0.0013023413584009917,-0.008525426181422205
2018-09-10,0.0017368920688057832,-0.005088212679201461,0.0036867343103836165
2018-09-11,0.003291687442146083,0.0030103695028976135,-0.007640032407423661
2018-09-12,0.00024222148277215942,1.1616617293630954e-05,0.0023573327156111586
2018-09-13,0.00589723957655623,0.0028567736307313144,0.00151227350443738
2018-09-14,0.00017195395492329826,0.005363777321440373,-0.004797017498765537
2018-09-17,-0.005308035459576728,-0.005387046922890108,0.0
2018-09-18,0.005411004065914129,0.0034481379521063144,-0.01051444641898257
2018-09-19,0.0010655584667862495,0.000922261926881197,-0.005984780571881494
2018-09-20,0.008070767228553322,-0.00045540858189432155,0.0046197875722964795
2018-09-21,-0.0009141982259597761,0.008641386999915996,-0.00042700445257839157
2018-09-24,-0.0033277865672363006,-0.0021173676071735976,-0.002564872190530013
2018-09-25,-0.0009277635084564657,0.00016453172755568672,-0.0010277937147366207
2018-09-26,-0.002996538903934843,0.0008700869206251829,0.007002868547817173
2018-09-27,0.002790580180993566,-0.001246155739867916,0.0006807784138142431
2018-09-28,0.00010268959399889498,-0.009506265183163436,-0.002640057218287363
2018-10-01,0.0034680143335010837,-0.0027542106030115305,-0.007368609319584308
2018-10-02,-0.0005828560487077099,-0.0023995177924754293,0.006094288380715039
2018-10-03,0.0005485106109957978,-0.002231905179333874,-0.017523985761185627
2018-10-04,-0.007846186586560269,-0.0065514443949888455,-0.007078892397293671
2018-10-05,-0.0056126999832235335,0.003633144332951674,-0.008632159023537997
2018-10-08,0.0,0.0003916613335415117,-0.003367224410715295
2018-10-09,-0.001460283769244356,-0.0024743353677267104,0.010068186496516083
2018-10-10,-0.03217555582214075,0.001115539847432275,-0.002727809009026362
2018-10-11,-0.022272165198657577,0.0022925758813270494,0.012086531850011763
2018-10-12,0.01379261923641677,0.004936896711930574,-0.0034886230308260975
2018-10-15,-0.005633071295670056,-0.0033787127696782524,-0.0004369558821426512
2018-10-16,0.0216300266950002,0.002776130660952263,0.002269870362826091
2018-10-17,0.0001785859102545087,-0.0007063381347120403,-0.005947080914466521
2018-10-18,-0.01454614348541152,-0.006449661883067655,-0.00035078814165744553
2018-10-19,-0.0005432724043646809,-0.0035590143590289915,-0.0021962334653942
2018-10-22,-0.00449837915186982,0.004306794612387999,-0.0013202115576464275
2018-10-23,-0.00510388004155633,-0.003618821551799291,0.003165111537460121
2018-10-24,-0.030766855915808473,0.00045873224217338594,0.007520943338060701
2018-10-25,0.01778135955290324,-0.006461454314165764,-0.004190899759529173
2018-10-26,-0.01774366140443085,-0.0018790143987380253,0.006018366075150565
2018-10-29,-0.005555764188235383,0.0018334180682723267,-0.0022634094292676506
2018-10-30,0.014709458728010194,-0.001981368545787147,-0.004980281082919991
2018-10-31,0.010624726379805147,-0.002624516859612044,-0.005093803377495536
2018-11-01,0.010584915380542945,-0.0026175181948033402,0.0009263009799232835
2018-11-02,-0.0059403212528487655,0.007622510096303147,-0.01251064928659631
2018-11-05,0.00550182397077671,-0.0005016012498707026,0.003920906751029522
2018-11-06,0.006307945276185995,0.0013457141043092423,-0.000623023003314244
2018-11-07,0.021183055468730023,0.0022395351045813323,0.001334367180661303
2018-11-08,-0.0018167587100825942,-0.0003889112093649832,-8.870909002740185e-05
2018-11-09,-0.009816179970683653,-0.005757617992678804,0.007437982341410159
2018-11-12,-0.01886212462523299,-0.0038237886881901163,0.006507343941709298
2018-11-13,-0.0018728778138248554,-0.008120992837308301,-0.0006140940236439689
2018-11-14,-0.00686036707103594,0.006898682860815559,0.0006140940236439512
2018-11-15,0.010382580488606498,5.659312249609174e-05,-0.0004381071871059161
2018-11-16,0.0025974412236915607,0.0011543485143173634,0.005770512184841686
2018-11-19,-0.017059104753999205,0.007833541738013036,0.002786252134234571
2018-11-20,-0.01867968878352071,0.0035904124545615974,0.00034713157340007713
2018-11-21,0.003401806834974784,-0.007236214894346958,-0.00034713157340004677
2018-11-22,0.0,0.001399771088484465,0.0
2018-11-23,-0.006700907177190911,0.00129913302540532,0.0010425337756815344
2018-11-26,0.016015226323038166,-0.005787459882789548,-0.0022609921067803644
2018-11-27,0.003358831090879999,-0.0003514642433933732,0.0011310933405146418
2018-11-28,0.022764038603244083,-0.0030552182237152223,-0.004880930129462463
2018-11-29,-0.0021874166821747145,0.006154085648589298,0.003924172173328349
2018-11-30,0.006076775066105299,0.0021282563230342836,0.003735261226965607
2018-12-03,0.01315478664841662,-0.004444753317076851,0.0070755021940534105
2018-12-04,-0.03293929594995102,0.0011120969434071908,0.016603024227601217
2018-12-05,0.0,-0.001055343439309746,0.0
2018-12-06,-0.0015181650606268127,0.0005445647806004922,0.003135437502985157
2018-12-07,-0.023510059537080335,0.00226102987934065,0.0018595571859833647
2018-12-10,0.0018952060381896983,0.002300368502689518,0.004129468429154822
2018-12-11,0.00022717315138428087,-0.003902916391754538,-0.0001684826338819984
2018-12-12,0.005022735146930988,-0.0029483233608125887,-0.00446780226916368
2018-12-13,-0.0003391684187919988,0.004437154988177638,-0.002368518752253209
2018-12-14,-0.018637169846483392,-0.0008640370211150429,0.0034661888950921873
2018-12-17,-0.019813471801006614,-0.005089346754260064,0.005807062123091037
2018-12-18,-0.0010969377931363128,0.003874133037778065,0.005970671070516263
2018-12-19,-0.015089260825512053,0.0022498726790908695,0.013124559361317243
2018-12-20,-0.01641162364575266,0.0012406398541560727,-0.003637568581671797
2018-12-21,-0.020702809116549994,0.005894325669239869,-0.000165917801758553
2018-12-24,-0.026777875717915685,-0.007362502855146589,0.004958275506332357
2018-12-25,0.0,0.002733204388363113,0.0
2018-12-26,0.04928979571430364,0.001015549167608685,-0.010773657220563232
2018-12-27,0.00764830767726082,-0.004760354329909309,0.00016640794951107088
2018-12-28,-0.001290949399186425,0.006119700433588459,0.008378960587072588
2018-12-31,0.008720557575663852,0.0007775629855240129,0.00379282226301706
2019-01-01,0.0,0.0046324981013964464,0.0
2019-01-02,0.0010398558181517656,-0.002731637394770495,0.005253445843672637
2019-01-03,-0.024152338783144,-0.012608298115566716,0.011315261371879872
2019-01-04,0.03294732074441721,0.006426636088957116,-0.011642823754597876
2019-01-07,0.007853493641108683,0.0016987238668561887,-0.0029530567721248757
2019-01-08,0.009351666694184657,0.006054385516065887,-0.00263143254200146
2019-01-09,0.004662515493117229,-0.0020641436330750672,-0.0015657227140068552
2019-01-10,0.0035212863437733737,0.008594450913368567,-0.006454431645786165
2019-01-11,0.0003862233527635117,-0.0038864264493645136,0.0038939124032630946
2019-01-14,-0.006119679726486341,-0.00435283427225836,-0.003727953677443818
2019-01-15,0.011395836251033362,0.0011121961372727578,-0.0036589813629439825
2019-01-16,0.0024166920215569986,-0.004898327287011697,0.0009996155239869902
2019-01-17,0.0075583605333727835,-0.0016427589079669254,0.0002493504441833322
2019-01-18,0.013221943313284605,-0.0004784957874557275,-0.005255612837367932
2019-01-21,0.0,-0.0023781934087444396,0.0
2019-01-22,-0.013602579430437915,0.0003296032683529126,0.006752395178331027
2019-01-23,0.002089991989702158,-0.00046606963613473793,-0.0004156055331546345
2019-01-24,0.000531621316370341,0.002127322710837133,0.006544343475454808
2019-01-25,0.008425821241249146,-0.006583448410776002,-0.004800609652303137
2019-01-28,-0.007629500821670375,0.008760988515929479,-0.0009960696435646716
2019-01-29,-0.0013279417359492519,0.0014848026534814308,0.005052943495611494
2019-01-30,0.015706944697515907,0.0004686962359195961,-0.0007438154107894187
2019-01-31,0.008744215608164962,0.004561711164055767,0.008563260593299274
2019-02-01,0.0004814567694634528,-0.0033259073301630383,-0.006057658562699103
2019-02-04,0.007010800844402605,0.0005039053289244775,-0.004474643973441754
2019-02-05,0.004183345781570542,-0.0016595470915365055,0.004557136840160316
2019-02-06,-0.001319394027710569,-0.0023074618573273305,0.0004961530518485705
2019-02-07,-0.00957819812207603,-0.003860612972666276,0.006587838276225009
2019-02-08,0.0012202773495871878,-0.002395346293797252,0.004259008867390895
2019-02-11,0.0005548099388731239,-0.001280408356981286,-0.003930417166916392
2019-02-12,0.012777281314508407,-0.004000844109966494,-0.0025472386115306714
2019-02-13,0.003241532389270799,0.004918473500405294,-0.00379119489168719
2019-02-14,-0.0022203180183360456,-0.0061695798826221495,0.005681533374528552
2019-02-15,0.01083789951873798,0.002695914497866886,0.0015588966239920069
2019-02-18,0.0,0.00023722211329449253,0.0
2019-02-19,0.0017293493924862792,0.0012322692836785431,0.002538322972633922
2019-02-20,0.002013250300879719,0.0027411608677647453,-0.002866305730417408
2019-02-21,-0.003561819971488372,0.00029495792912739876,-0.008979168796017503
2019-02-22,0.006180614213929746,-0.0002949579291274804,0.0059401589725384734
2019-02-25,0.001360073156413195,-6.799872349992361e-05,-0.0029658653829585995
2019-02-26,-0.0007156198851907177,0.0022255802146592192,0.004937894298041843
2019-02-27,-0.00042938572360360993,0.00225328383968603,-0.011393494194217563
2019-02-28,-0.0018643759004481047,-0.001138629745206279,-0.0034101634765653904
2019-03-01,0.006224595627065464,-0.0005916024068000906,-0.009286081068185927
2019-03-04,-0.0036443536569212348,0.000216102237530327,0.0078070068107518025
2019-03-05,-0.0013610241296675022,-0.0033956403273075345,0.0020885199216966054
2019-03-06,-0.0060754587020629735,-0.0026719963826242242,0.003664550886147342
2019-03-07,-0.008400484553758813,0.0006107727107340299,0.006463713561030614
2019-03-08,-0.0020022438020725333,-0.010276757477315702,0.004203959054886292
2019-03-11,0.014397366120148643,0.00303939147306997,-0.0029656463934297625
2019-03-12,0.003764128929891428,0.0023841175775367028,0.006988001430521915
2019-03-13,0.006597067266853147,0.0025026548306310145,-0.0018857650646010942
2019-03-14,-0.0006397639938547843,0.00385648502303467,-0.007249610060494107
2019-03-15,0.004928256112448845,-0.0020036509660536087,0.006592629762007011
2019-03-18,0.003619207961290638,0.001006960990779451,-0.0005748700830459076
2019-03-19,0.0002479073880738421,0.0014500240764859019,-0.002221240247771413
2019-03-20,-0.0030141768765202907,0.0016450012745673303,0.010405806820515125
2019-03-21,0.01123127320150763,0.0064134108071521164,0.0021983489028469506
2019-03-22,-0.01943416268116063,-0.004640417885864895,0.015415633345389024
2019-03-25,-0.0007523011973438771,-0.006982574004310345,0.0016003662177667387
2019-03-26,0.00742650550553984,0.0017637043133131368,-0.0007202169741385258
2019-03-27,-0.005242770071070732,-0.0036257832363158385,0.009160634721628116
2019-03-28,0.0037834965427752756,-0.0020498839618826913,0.003482095616143326
2019-03-29,0.00628569224946243,-0.0019334983338959073,-0.00094828964439981
2019-04-01,0.0117892295012969,-0.0005500201511865513,-0.014305625901451033
2019-04-02,0.0004896842679806226,-0.0016149625564932128,0.0018473423081794098
2019-04-03,0.0015724477226692797,-0.00016809826851559137,-0.00870526053865975
2019-04-04,0.002649759504611649,0.0038390967308610242,0.0028294881868719
2019-04-05,0.00482880527860651,-0.0018764497341418646,0.0012909803986368466
2019-04-08,0.0007620429354097399,-0.0005611678088361302,-0.0035539454623051132
2019-04-09,-0.005138101607631503,0.0032814920734817597,0.0031507217950131044
2019-04-10,0.0034051631447914086,0.0009346878341712132,0.0024160668230428107
2019-04-11,-0.00027784130915444155,0.0008454413460726391,-0.0058905645983193845
2019-04-12,0.00674378563622918,-0.0013973625671130883,-0.00714864024963847
2019-04-15,-0.0006553633798165133,0.003926453887287985,0.0025243315898089208
2019-04-16,0.0006553633798164949,-1.1282974956001002e-05,-0.006280651610111455
2019-04-17,-0.0024502377908334084,-0.0017620218189264153,0.00040929535780497337
2019-04-18,0.0019671582112322527,0.0010726753274142547,0.005220562994514759
2019-04-19,0.0,-0.005430513022733237,0.0
2019-04-22,0.0008617931213928363,0.0007643436363329363,-0.00481228855982528
2019-04-23,0.008951506045368453,0.0012827031012071087,0.0021237353669688137
2019-04-24,-0.002221833055977077,-0.0030802152729997824,0.008125402610541232
2019-04-25,-0.0006162955786270081,-0.00633289171461129,-0.001457516204335218
2019-04-26,0.004646034437473833,-0.0014934894594870038,0.003397674666348454
2019-04-29,0.0015661230270942,0.0012035870718230023,-0.0064010924590585565
2019-04-30,0.0005111769810833143,0.003126975986935249,0.005108506721802623
2019-05-01,-0.0075454203772381,0.0027552885720882737,0.004116374055355654
2019-05-02,-0.002161400664172652,-0.0013562607830761623,-0.00477323925670485
2019-05-03,0.009740551380063142,-0.0024387022843649175,0.002834727951927635
2019-05-06,-0.004123869928217792,0.0010956263111556311,0.0027453838763311107
2019-05-07,-0.016840708871731502,0.001432791484107263,0.007632044888013627
2019-05-08,-0.0013899463275088336,-0.0009629197866595418,-0.0043312737679927936
2019-05-09,-0.003030575833973918,0.0006492528629151659,0.004091143186740176
2019-05-10,0.005011210076519123,0.0021187176311267208,-0.00136183022113002
2019-05-13,-0.025451643812427795,0.0012801764504052242,0.007825201763595378
2019-05-14,0.009003183965716982,-0.0003482529293695144,-0.002947675612225896
2019-05-15,0.005840129570334328,-0.002501708789448315,0.006123970947965809
2019-05-16,0.009218496974781429,0.000246485180568758,-0.003335684102755053
2019-05-17,-0.0064861238241300636,-0.0030101684148013666,0.002225526346803005
2019-05-20,-0.0066340816261983,-0.0007372774880440244,-0.0020661375797878666
2019-05-21,0.008975353368207026,0.00029036522491189705,-0.0015923162137975466
2019-05-22,-0.0030758655429061663,0.0,0.005719431138290926
2019-05-23,-0.012293855785987844,-0.0011720120537771794,0.011184636104455263
2019-05-24,0.0022656477540811096,0.002602643865678214,0.0008609495220750329
2019-05-27,0.0,0.002239375060896092,0.0
2019-05-28,-0.009344238418196668,-0.0014113484229800796,0.007174546990423684
2019-05-29,-0.006733639802694754,-0.0020687923774010642,0.0030256460013650508
2019-05-30,0.002727930650831151,-0.0029892075171091474,0.008561952047248113
2019-05-31,-0.013567104243590977,-0.0005567402489159767,0.01244177806930059
2019-06-03,-0.0025463336338286914,0.0038475888526603077,0.006666439580032592
2019-06-04,0.021474858652853868,0.006445830078431998,-0.011467427863289702
2019-06-05,0.00862453887039707,0.0006863168436886033,-0.005667364868645352
2019-06-06,0.006481745316224695,-0.0022258578473965626,0.0032205021967961927
2019-06-07,0.009957377002210523,0.00421982834453577,0.008615000749469656
2019-06-10,0.004578251603123163,0.003864012256703093,-0.009457517100665301
2019-06-11,-0.00024238785301797241,-0.0001811446154029547,0.0006131911578414183
2019-06-12,-0.0017665496797110757,0.0010077795044543913,0.0007651289126367383
2019-06-13,0.004118004498841972,-0.0029977898381629686,0.003437655680446381
2019-06-14,-0.0011060509029614657,-0.0013432139022485834,0.0025135921943239335
2019-06-17,0.00038059608473618625,-0.005635586181714624,0.0017476033087648515
2019-06-18,0.010416532801642167,0.0006731322746558854,0.004999585920442184
2019-06-19,0.002254732215746966,-0.0023543285384641957,0.0014345084599184641
2019-06-20,0.009508819410637881,0.0035898806005276213,0.0026373766238043397
2019-06-21,-0.0014549801738775302,0.005070115747244044,-0.011047707467285985
2019-06-24,-0.0012249034682715342,0.007858698550878718,0.007429216448484275
2019-06-25,-0.009856409514281229,0.001366994847334753,0.0030912445575697425
2019-06-26,-0.0009980102847318459,-0.0026640390021479346,-0.006419700562575292
2019-06-27,0.0035395331256500347,0.00042076235336564207,0.007022326527643944
2019-06-28,0.0051326204411735665,-0.0001592063874156251,-0.0006778374351022711
2019-07-01,0.009037822630670673,-0.0007048372340149661,-0.002341141624083
2019-07-02,0.002600826240345675,-0.006841027998014664,0.007683427764248105
2019-07-03,0.007963282931438505,0.0004967823546674645,0.007103936311610753
2019-07-04,0.0,-0.000451686928460923,0.0
2019-07-05,-0.0011381695444119735,-0.00019180164220283647,-0.013351551943854975
2019-07-08,-0.0055101513473952484,-0.005189307743699327,0.0013582916370765347
2019-07-09,0.0012454534711722636,-0.0010099377256192056,-0.0003777506749636826
2019-07-10,0.004766598355016238,-0.0006951303941730276,-0.005521527019714096
2019-07-11,0.0023420015391098043,0.0045046519407322076,-0.013440279716675487
2019-07-12,0.004466620557610362,-0.0005740370210267257,0.001152251661697853
2019-07-15,0.00033271578892712147,0.001745659265439037,0.005742435028555013
2019-07-16,-0.0032307834448850855,-0.000912672079438287,-0.002981468047124809
2019-07-17,-0.006827996098342752,-0.0044048128062413846,0.010740046456587165
2019-07-18,0.0036543813366158797,0.001548420031514653,7.545907309977318e-05
2019-07-19,-0.0055704144287568,0.0028339516693954517,-0.00235097915174224
2019-07-22,0.0024532992782348795,-0.003844110215074048,0.0018962091242052251
2019-07-23,0.007124837039738753,-0.0010875570533576903,-0.005472139525420757
2019-07-24,0.004688169673441216,-0.004907467549869097,0.0043349887156814764
2019-07-25,-0.004788212281761789,-0.0007913887906001747,-0.004792031271552035
2019-07-26,0.006677578000976944,0.00033427774684148016,0.002360540270720849
2019-07-29,-0.0018228759959175204,-0.0012586424965774683,0.00030443022969031815
2019-07-30,-0.002457786193058993,0.0009801032980864398,0.0024305371522777546
2019-07-31,-0.011000510324732317,0.0013379691883316093,0.008008357748702956
2019-08-01,-0.008746007963613897,-0.007758017936413691,0.01966563384787222
2019-08-02,-0.007558375086546963,0.0006423671708644623,0.009198814608724756
2019-08-05,-0.030534253429723882,0.0026290992844662667,0.01714102836727523
2019-08-06,0.013925332660320637,0.012147950516988368,0.007960945691838422
2019-08-07,0.0005905600500563185,-0.0032778523360136405,0.00035695266883442286
2019-08-08,0.019430177450213332,-0.00023531912498826624,0.0021399164616038397
2019-08-09,-0.006835197913869661,-0.0015338026478229872,-0.00199727860476409
2019-08-12,-0.012247381415881832,0.0019035649861258426,0.020635537721590578
2019-08-13,0.01543174848187822,0.000874715743938375,-0.0034328447390954836
2019-08-14,-0.030013395130674674,-0.003684014354080683,0.0222795458892398
2019-08-15,0.002638002717510758,-0.003024408733292059,0.01105831378084634
2019-08-16,0.014647306886815257,-0.0026708564106834526,-0.008043168946988125
2019-08-19,0.011975436019048482,-0.001776590511615778,-0.014405760551272045
2019-08-20,-0.0076919166151797605,-0.0009646611520012486,0.010291547526134296
2019-08-21,0.008102522933419601,0.0013197377273767932,-0.0066880726073347855
2019-08-22,-0.0003074764897183403,-0.0006323495735885972,-0.006662633214057585
2019-08-23,-0.026023405035570202,-0.0006098411473298048,0.016301059830383973
2019-08-26,0.010997799818902806,0.005312309309738264,-0.004050048694403672
2019-08-27,-0.003931555124322571,-0.003537256893122397,0.015291281688330648
2019-08-28,0.007017014029212442,-0.0012317467317716595,0.0012858871675578661
2019-08-29,0.012692140614168826,-0.00037704624230177567,-0.0037955022644580987
2019-08-30,-0.00044451781267286164,-0.002159328985370535,0.0002710331660189016
2019-09-02,0.0,-0.006362502791238596,0.0
2019-09-03,-0.005864210490245672,-0.0021191385919892562,0.0012918310278012483
2019-09-04,0.01128624335561686,0.0005485905007386359,0.0014931219768313318
2019-09-05,0.012773610560992363,0.005491346018407023,-0.018276214963431854
2019-09-06,0.0007718944594146717,0.00012141682649037292,0.007089884820244333
2019-09-09,0.0005032709600126874,-0.001422711981305087,-0.017924814447485386
2019-09-10,-0.00023499454253116318,0.0025158795130875685,-0.017683042365007565
2019-09-11,0.007086153022449632,0.00017672051437775128,-0.0017787931675442977
2019-09-12,0.003457419498138232,-0.0033426925327245337,-0.00657225572982549
2019-09-13,-0.0006639002158119926,0.004061228432765623,-0.02159071838342495
2019-09-16,-0.0030931193842986746,0.0022695435289529064,0.012663416818908696
2019-09-17,0.002528187871007913,-0.007013239349717472,0.005409155110342895
2019-09-18,0.0005982716998876482,0.006226583852135981,0.004234628272438112
2019-09-19,-6.62324363608107e-05,-0.003912760857539547,0.0030030668100922207
2019-09-20,-0.004736309759077807,0.001545621897768486,0.013124202919489075
2019-09-23,-0.00023452841592970695,-0.0026701114277863374,-0.00021108154333225132
2019-09-24,-0.007877911098947218,-0.0023003809903156002,0.011981976694757318
2019-09-25,0.005897174265508874,0.002101950365998579,-0.014735147053518026
2019-09-26,-0.0020852565643963076,-0.0058218563359692605,0.006411938688813516
2019-09-27,-0.005401648981720393,-0.0027564192221066833,0.00245511285324028
2019-09-30,0.004626958870002094,0.0018257472434580673,0.002448837336188201
2019-10-01,-0.011965864962752138,-0.003942544389598497,0.0030064446363564892
2019-10-02,-0.01782262424173895,0.00323157095816303,0.002439972425272268
2019-10-03,0.008159569334366311,0.0026277761845698395,0.009080440741135617
2019-10-04,0.01344108778020469,0.0010641256168011464,0.0073566853205576975
2019-10-07,-0.004324084752375779,0.001021221175843762,-0.008322686364397806
2019-10-08,-0.015646366530971158,-0.0013175672354694208,0.0026902037946017862
2019-10-09,0.009451403730464224,-0.0010965267988037083,-0.005664907078392478
2019-10-10,0.00674101468005066,0.0025240028453327565,-0.015006725534891891
2019-10-11,0.010313394743391721,0.0021118508038712965,-0.012453823466836012
2019-10-14,-0.0011142687817463277,0.0017214227218684101,0.007237033740395013
2019-10-15,0.009852080222258487,-9.046477989097708e-05,-0.012161885010314044
2019-10-16,-0.00160764475738676,0.0005185753331736073,0.0012151699632230871
2019-10-17,0.0029445153792819006,0.003636940737031958,-0.0024324231916148485
2019-10-18,-0.004386833980897876,0.004706823401557925,0.0
2019-10-21,0.006756160494030486,0.002562558558288225,-0.007551390073884219
2019-10-22,-0.0032718894311580095,-0.00035686656150583955,0.00582970344808797
2019-10-23,0.00290542131536289,-0.002016512323627505,0.0010045709154047253
2019-10-24,0.001632536655070977,0.0002782411876379464,-0.002009208591843851
2019-10-25,0.004086619910318496,-0.0025570968400006238,-0.0048971825016471664
2019-10-28,0.00562085550426242,-0.0017751204828273918,-0.009137595329373065
2019-10-29,-0.0002968877729451549,0.0013421613323956986,0.0006546811006850916
2019-10-30,0.003062602559412801,0.0014106152649588333,0.014528854429586019
2019-10-31,-0.002666771779444577,0.003563011187457375,0.013400452548562054
2019-11-01,0.009221155889533728,0.00023423408127475206,-0.0030832815765727303
2019-11-04,0.004009641308709676,0.0008483186461446384,-0.01324875399041278
2019-11-05,-0.001106479324621178,-0.0034110980809337267,-0.011310475356084178
2019-11-06,0.00022790144938779637,-0.004895684739124028,0.006033180373006839
2019-11-07,0.003510453780695544,-0.0003432343040610424,-0.01828421599684537
2019-11-08,0.0024631505043441774,-0.004590274687228495,-0.004216486202733882
2019-11-11,-0.0019116584851178301,0.0002491037604669932,0.0006670024939143394
2019-11-12,0.002106140383125073,0.0011799926648196426,0.004581828648447002
2019-11-13,0.0003233268246164023,-0.002094506567395076,0.006467979335870603
2019-11-14,0.0014548739911809535,7.707129932540324e-05,0.010276680996054392
2019-11-15,0.007209877168741245,0.0006610320661621835,-0.0010882618434886436
2019-11-18,0.0007376000632989059,0.003134730585158303,0.0018133611250418613
2019-11-19,-0.00028858945955824916,0.0015599736293654563,0.008297739090606382
2019-11-20,-0.0037258081028349373,0.0006901025558301477,0.010294842407086426
2019-11-21,-0.0016100653560865315,-0.0001030761451725312,-0.006278506833148269
2019-11-22,0.0022214491593688488,-0.001173751261188495,0.0012874128888304655
2019-11-25,0.007720173475997316,-0.0039206455924227866,0.0029265052348594065
2019-11-26,0.0022633439522165765,-0.0007381815159191847,0.0058270437183893424
2019-11-27,0.0044476055248643806,0.0007381815159192047,-0.0029095437319571725
2019-11-28,0.0,-0.0016079721459086524,0.0
2019-11-29,-0.0037154886663636672,0.0006275423045720938,-0.002133910468771589
2019-12-02,-0.008531064528212205,0.0006609029720220995,-0.013422758998872738
2019-12-03,-0.006729033231431704,0.005436089218695758,0.020750870219353186
2019-12-04,0.006151067010599296,0.0005540853176035471,-0.010035585139925364
2019-12-05,0.0017964102214409424,-0.00019950418705007048,-0.004876091389809809
2019-12-06,0.009092435429162337,0.002019123089264813,-0.005550169364320494
2019-12-09,-0.003149182168895557,-0.004200130717519964,0.002166271135932635
2019-12-10,-0.0011156029289276506,0.0005519736322186549,7.206985398977568e-05
2019-12-11,0.002834830611522284,0.002504942866564743,0.007830457955897369
2019-12-12,0.00858178559012435,0.003878867315365377,-0.016595299784485734
2019-12-13,0.0005994443546858327,0.004497849743318054,0.011501335368800781
2019-12-16,0.006846108559001616,-0.005521771250448632,-0.009030560477134766
2019-12-17,0.00021932340344960443,0.001124222275714461,-0.0013799605567532552
2019-12-18,6.242940833532036e-05,0.0012927328987956917,-0.008246014245375428
2019-12-19,0.004090569199578201,-0.0031842980116769575,0.0015986843794612707
2019-12-20,0.0043744787033307255,0.0009008548009907165,0.0013177206675167416
2019-12-23,0.001526948682666497,-0.004152561824686467,-0.0014645605078844716
2019-12-24,3.1059253971719606e-05,0.001263934968798012,0.002854345550399531
2019-12-25,0.0,-0.0003327368246873999,0.0
2019-12-26,0.005309022110968775,0.0004770388220483902,0.0024088943281061737
2019-12-27,-0.00024801466565682037,0.0005104234111590525,0.0010928574519896495
2019-12-30,-0.005528457394511728,0.007286623560670526,-0.003647648854845775
2019-12-31,0.002426505545962175,0.0017862810709916835,-0.009842100332158833
2020-01-01,0.0,0.0016526425861239922,0.0
2020-01-02,0.009308364167883953,0.0,0.011229545844913313
2020-01-03,-0.007600980620200738,-0.004411210053900604,0.015282845114080295
2020-01-06,0.003807919051959224,-0.0008486965705175967,-0.005694892642324494
2020-01-07,-0.0028157796430352275,0.0032231383954302996,-0.004927536507853521
2020-01-08,0.005315266417296483,-0.00387033975832015,-0.006632959534116146
2020-01-09,0.006757916506814529,-0.0037298266820401005,0.003503899912543472
2020-01-10,-0.0028817901728786805,-0.0001889169480695333,0.008851800719001901
2020-01-13,0.00685386356558467,0.0005000532657696564,-0.0030382791562511245
2020-01-14,-0.0015259562074621026,0.0017134288682368716,0.0051308025254223075
2020-01-15,0.002257152293601766,-0.0004341866069445138,0.006609435357715143
2020-01-16,0.008283900258970842,0.0020736147906197213,-0.0031552406220078364
2020-01-17,0.0031080316681867544,-0.001294140833420409,-0.008584997261129655
2020-01-20,0.0,-0.004046570453323238,0.0
2020-01-21,-0.001960284807861732,0.00021079095030663436,0.01045117778816145
2020-01-22,0.0001206537738357559,-0.0010204176837492315,0.0035065168746956903
2020-01-23,0.0011462928139004077,0.0009760499881296328,0.006977883992542371
2020-01-24,-0.008932459234581828,-0.0037215309488002925,0.008055920741226666
2020-01-27,-0.01615993418703697,-0.0027048154401574376,0.015434534908274709
2020-01-28,0.010425249911159775,-0.0005070083082547705,-0.007861765714365155
2020-01-29,-0.0008266616671589133,0.00025342813606535716,0.009731644667337905
2020-01-30,0.003240333205033914,-0.000517957493631393,0.00013815060645876078
2020-01-31,-0.018324984615684513,0.0011133636077491934,0.009088600219395296
2020-02-03,0.007401018206142375,0.005485525052044301,-0.0008104174144202409
2020-02-04,0.015126471071588224,-0.002425760277789674,-0.01355902046836871
2020-02-05,0.011481781688078537,-0.0014150782738122072,-0.010994349295766162
2020-02-06,0.0033591392723511557,-0.00407914716479985,0.0044967657067944405
2020-02-07,-0.005343790296290727,-0.0017588635635339997,0.012400701558960833
2020-02-10,0.00743772424297257,-0.003070422989157765,0.0027660471265773677
2020-02-11,0.0017313160764308947,-0.003279425511196765,-0.005053861624681225
2020-02-12,0.006422361012242766,0.000545789907371758,-0.00507836313886198
2020-02-13,-0.0010678146654764537,-0.003988568387690097,0.0038287490729161083
2020-02-14,0.0016007988652869498,-0.002758693593560904,0.004368381537406067
2020-02-17,0.0,-0.00039037003474076096,0.0
2020-02-18,-0.0025801676547204605,-0.00015174787186215667,0.006824949525023236
2020-02-19,0.0047698295927754535,-0.004132423073716513,-6.850345999571904e-05
2020-02-20,-0.004116611781151829,0.001360184848757387,0.007803020027564827
2020-02-21,-0.01035172897733155,-0.0020464967645173063,0.009296821727360838
2020-02-24,-0.03372779943907212,0.004721186336458318,0.014818204018831372
2020-02-25,-0.03077091232142587,0.0009358327590463808,0.005310484738500443
2020-02-26,-0.0036850196188322436,0.0030184151366617726,-0.0053104847385004
2020-02-27,-0.04595143095895745,0.00035815540493814473,0.010789984210456887
2020-02-28,-0.004210522565003111,0.010175447527352655,0.02233267825970214
2020-03-02,0.042395272395084935,0.004905810422639446,-0.007385160454402246
2020-03-03,-0.029050595654282273,0.008356433460812803,0.01540635442822993
2020-03-04,0.041173703622616006,0.0032817291958698153,-0.010674939652635634
2020-03-05,-0.033806536543942986,-0.0037273637898381047,0.02458688491638099
2020-03-06,-0.016669348183743927,0.007580987646460575,0.05073470549248149
2020-03-09,-0.08131263346888354,0.014345408615899148,0.026742817618314214
2020-03-10,0.05045071056983217,0.0010481051458759174,-0.052618748696268966
2020-03-11,-0.0499768813551577,-0.007172069563950822,-0.03749188514051397
2020-03-12,-0.10056879292524741,-0.004871123222760194,0.006177675148995605
2020-03-13,0.08202820051683625,-0.006823700781210399,-0.02286286411498365
2020-03-16,-0.11588671199287122,-0.0026473308768339967,0.06275492641540982
2020-03-17,0.0525849710710834,0.0007030167891367934,-0.06901005399866292
2020-03-18,-0.05195988725939566,-0.013317896271767483,-0.058066306659556435
2020-03-19,0.002122812494607538,-0.004911892531991977,0.02686135133634428
2020-03-20,-0.04405042051987942,-0.0281440807711631,0.07250253286169826
2020-03-23,-0.02590085587994315,0.0034696894543758275,0.040383107929110144
2020-03-24,0.08673124496864681,0.006544952365581136,-0.018790216792848344
2020-03-25,0.014859200816467867,0.0035262190611547056,-0.002273824570431261
2020-03-26,0.05674876820567982,0.0080152144181938,0.0049096023069398935
2020-03-27,-0.03023818056302247,0.014467411219748632,0.026342699910971795
2020-03-30,0.031959333140672334,0.008187089303251458,-0.008262235015305156
2020-03-31,-0.015017381537565601,-0.00979877568790389,-0.00815002029203516
2020-04-01,-0.046049157945002674,-0.0003529198097441969,0.013912947656338149
2020-04-02,0.02281319848846931,-0.006638045995333951,0.006325854868485658
2020-04-03,-0.014559840381213813,-0.009744816047908876,0.0023767206607063444
2020-04-06,0.06500668202486322,-0.0037354318739070817,-0.002614725818239876
2020-04-07,0.0010192689164095841,-0.0002916967182406305,-0.01052758877365194
2020-04-08,0.033017399278458766,0.008419050808379198,-0.007302618343301826
2020-04-09,0.015102538266628787,-0.0028938347371023966,0.001815774750967948
2020-04-10,0.0,0.005850777165835929,0.0
2020-04-13,-0.00917211357150796,0.00048098003060578255,-0.009171887113906476
2020-04-14,0.02906622583077846,-0.0008851384596626316,-0.00024470163814798975
2020-04-15,-0.02147708083098408,0.005696039300324107,0.02614464575846081
2020-04-16,0.004813023532517584,-0.007335406043470732,0.011292907804989955
2020-04-17,0.026656456423038714,-0.004285139918145141,-0.013495321771517304
2020-04-20,-0.01777464219061624,0.0007820191746308519,0.008012664648223443
2020-04-21,-0.03083407435750164,-0.0001956120482852273,0.012513117666585711
2020-04-22,0.021952260125079257,-0.0007709720633413682,-0.01026940755916684
2020-04-23,-7.191357065248187e-05,-0.00432246331143561,0.005294249925773688
2020-04-24,0.013842366183251364,-0.0030221678851646873,0.0023445645819795075
2020-04-27,0.014315676575867442,0.004320208971249524,-0.018789793913590452
2020-04-28,-0.004609284264768105,0.00010825926220592308,0.011445414814375483
2020-04-29,0.025841838586636835,0.0010830485703049676,-0.005201906451911915
2020-04-30,-0.009354584042904488,0.0037456223174487475,-0.011745453140532484
2020-05-01,-0.026829609023751946,0.0062521016248604224,0.008526817280427836
2020-05-04,0.0027541326728360285,0.0012924943262924613,-0.004714684780758534
2020-05-05,0.009196678450859705,-0.00506151744593804,-0.006422093345602223
2020-05-06,-0.0068015668482679726,-0.00604445719420874,-0.016266753705485065
2020-05-07,0.011994392143776485,-0.0036999484209204125,0.01656758506016722
2020-05-08,0.016410783470545736,0.003569826442106355,-0.01308595496509755
2020-05-11,0.0002054157733418945,0.00021678724144043578,-0.007836270084599072
2020-05-12,-0.020132904127780765,-0.0027818730242306733,0.010211455084704973
2020-05-13,-0.017844029923414564,0.003454153486910613,0.006973287006913922
2020-05-14,0.011896367133438774,-0.0021344971862724505,0.009739401833346767
2020-05-15,0.004586435951470457,-0.0015466442661771166,-0.0025763961533542103
2020-05-18,0.030004960463417118,0.0013302007365226065,-0.022198671421218473
2020-05-19,-0.010324726037251439,0.008629270343230282,0.00373413072356323
2020-05-20,0.016845508527913056,0.00115766159200992,0.0029890995265540025
2020-05-21,-0.006927721999743466,0.005039383759406821,0.0024948594666806233
2020-05-22,0.001896621906606804,-0.0027418957158269978,0.005997832756238059
2020-05-25,0.0,-0.004126281178358824,0.0
2020-05-26,0.012245970747755703,-0.00044052806362397163,-0.013500594064619847
2020-05-27,0.014769228944580153,0.007198964933553617,-0.0018380214409602644
2020-05-28,-0.0018465728029650964,0.0031897006443984094,-0.0036875799175247284
2020-05-29,0.004445899909320464,0.005634519843012668,0.007116626746195211
2020-06-01,0.004033380577306795,0.0035516384955549527,-0.006755912683790584
2020-06-02,0.008246267374095449,0.0006673092775855425,-0.003642236463807439
2020-06-03,0.013220494393022987,0.005690338279647767,-0.013386426747094862
2020-06-04,-0.0026302174631752427,0.004148682561719183,-0.014584873616106159
2020-06-05,0.02530672245926651,0.00902938836116282,-0.0071481177302948696
2020-06-08,0.01201495940028598,-0.0016199817594836688,0.003834975591821721
2020-06-09,-0.007484854355135493,-0.0012330280426620514,0.011294928452611588
2020-06-10,-0.005595361565306868,0.00235429926666161,0.014718904062067039
2020-06-11,-0.05937738668490026,0.0029280210908834464,0.01872427575913599
2020-06-12,0.011904564443420515,-0.00683004994336145,-0.009688099062667247
2020-06-15,0.009292367244962884,-0.003200658370140185,0.0005546838304623757
2020-06-16,0.01906490886255971,0.007590147436824098,-0.015452519872593337
2020-06-17,-0.004162899730778995,-0.006374216046632514,0.004118759162367527
2020-06-18,0.00038524742052100703,-0.002025784015529507,0.010532858039306437
2020-06-19,-0.005731647778134896,-0.0028415210931360207,0.0008009026709192491
2020-06-22,0.006395018815752781,-0.0029877213296054883,0.0001229043287207226
2020-06-23,0.004592874176464558,0.009095057230979923,-0.006857638991705717
2020-06-24,-0.02583960989427579,0.0028917950091841924,0.010668157520693066
2020-06-25,0.010663621963243294,-0.0054489396656502145,0.0028789100874099683
2020-06-26,-0.02403819208611644,-0.0025620007730021385,0.010646042370110544
2020-06-29,0.01459054178901639,0.0003367903676439813,-0.003151867809204605
2020-06-30,0.012728173101853715,0.0018989199031385483,-0.004868256968455083
2020-07-01,0.0069805651851839075,-0.0010005176272754655,-0.0019441261281602376
2020-07-02,0.0054918007597767535,0.0013717322924298595,0.0010398647222340097
2020-07-03,0.0,-0.001203159527819667,0.0
2020-07-06,0.015319100369524717,0.0008319448626654612,-0.004104037842936429
2020-07-07,-0.010367261847757934,0.005820437088329796,0.013958493094328972
2020-07-08,0.007619502307818154,-0.0033317075936469443,-0.004003075234098033
2020-07-09,-0.005708939826469764,0.005653583667688177,0.01579690588661397
2020-07-10,0.010158627816169339,-0.004525481756836305,-0.005037874002523592
2020-07-13,-0.00869641549908293,0.0019547842241859023,0.0033015410890442354
2020-07-14,0.012875484999335536,0.003129836355739189,0.0014367600379226078
2020-07-15,0.009145497488777158,0.005731084189124986,-0.00467820606323518
2020-07-16,-0.003299193468771478,0.0005684764957306626,0.004738127818289212
2020-07-17,0.0028951916102024546,-0.0021988281362380624,-0.002096293062240816
2020-07-20,0.008048676872438444,0.004452839784056593,0.0024548624649861394
2020-07-21,0.002125493680502122,0.001374087699634121,0.0005988054619086961
2020-07-22,0.005676241770453623,0.006552908037431887,0.0029840270525443293
2020-07-23,-0.012003525988416537,0.003003306800597305,0.01161397214733233
2020-07-24,-0.006461444873556014,0.002362799250454524,-5.910588930835583e-05
2020-07-27,0.007265774882979892,0.004859005509410978,-0.003718909749251741
2020-07-28,-0.006362437909864459,0.009965846353997186,0.0068953117932928736
2020-07-29,0.012223845444996209,-0.0042983898977795604,-0.001704919872673249
2020-07-30,-0.003574420514934109,0.0054524132545194165,0.006566824487107222
2020-07-31,0.007870961205560528,0.007557730482728887,-0.0006430216306907115
2020-08-03,0.006928482882923258,-0.007604877620557198,-0.0050471523321567935
2020-08-04,0.0038547873090497334,-0.0016128392275391056,0.009486838149733518
2020-08-05,0.00619189897558824,0.004420992329538805,-0.00878141732163917
2020-08-06,0.006662304287701297,0.004844217313191569,0.005570925455047264
2020-08-07,0.0007175601598901467,0.0003086983850073394,-0.006688343795655194
2020-08-10,0.0029847978568590793,-0.007925657651976599,-0.004483513607982568
2020-08-11,-0.008289072457764226,-0.0038221210488238013,-0.011956770825491974
2020-08-12,0.0138460051394256,-0.00010562834554598832,-0.009137322646382763
2020-08-13,-0.0018094951754596817,0.004867204375342793,-0.010746423952816926
2020-08-14,2.9612855208311435e-05,0.0019277181561497953,-0.00391453626261176
2020-08-17,0.003171757178694882,0.0030415396512393574,0.002508993853263018
2020-08-18,0.0021580225108824213,0.0020169448636142393,0.007126669555143662
2020-08-19,-0.004172417274676562,0.005991819503850231,-0.006270729629272794
2020-08-20,0.003108829400004363,-0.008772937668035469,0.008998590496046474
2020-08-21,0.0035408049331098835,0.002543704941241629,0.005974561186707857
2020-08-24,0.010082420432566045,-0.006391340754740066,-0.001626294164460334
2020-08-25,0.0034931710096794263,-0.00029498449271552575,-0.007682445181267359
2020-08-26,0.00997565235797913,0.00342631292556195,-0.003833539954520064
2020-08-27,0.0021843035371103625,0.0006511822732343915,-0.017155932863746275
2020-08-28,0.006438226060472434,-0.0019521980310365427,-0.0007445252217707766
2020-08-31,-0.0036286561005276926,0.008308183307316435,0.006619294859284092
2020-09-01,0.009374419490616584,0.0017415756438499876,0.01137257946160587
2020-09-02,0.014360261588002972,-0.0013243685869996468,0.009475681498138024
2020-09-03,-0.03502025202180653,-0.006382304050645197,0.002837074275290822
2020-09-04,-0.00819841129536092,-0.0006395501907557035,-0.01917127368845583
2020-09-07,0.0,-0.0004498626544599933,0.0
2020-09-08,-0.02770327751761121,-0.0010763825397819159,0.00612650274004517
2020-09-09,0.019555207211551726,-0.004364450442230898,-0.002691250783798453
2020-09-10,-0.017516335623641976,0.0030650000384232798,0.005069806428587165
2020-09-11,0.0005090194282456399,0.0015241955964892995,0.002130169274276743
2020-09-14,0.013085626622340881,0.0015501619098305707,-6.041403152529418e-05
2020-09-15,0.005039297599077478,0.0023001587836135036,-0.0024354314120505795
2020-09-16,-0.003976666514208167,-0.0021580365093011983,-0.0029910888909683952
2020-09-17,-0.008834038289742439,-0.0034643925057169208,0.0030519879239365466
2020-09-18,-0.011579461454017762,0.003784194404350613,-0.003112734364473511
2020-09-21,-0.011191779104130824,-0.00022509848153577297,0.005061232986095883
2020-09-22,0.010132603239611565,-0.006566912063439029,-0.0007913340516248962
2020-09-23,-0.02346404270542946,-0.005080188782394758,0.001338529073134784
2020-09-24,0.002661689292704804,-0.004264457091039797,0.003823122742621945
2020-09-25,0.016037943832989107,0.0012599555256344206,0.0
2020-09-28,0.016473114562311618,-0.0032515291017523847,-0.002850658987895892
2020-09-29,-0.005461173814029857,0.003730263732286211,0.0011533846915899113
2020-09-30,0.007553292383926246,0.005398432735944618,-0.009631919177573372
2020-10-01,0.006399575424386122,-0.0013611364287141254,0.001648295254970124
2020-10-02,-0.009539841839646523,0.0016077063645410661,-0.003740550097244066
2020-10-05,0.017577838379502875,-0.002088376631710885,-0.019732573819510817
2020-10-06,-0.014318027728224164,0.006125130992924238,0.005374497414176441
2020-10-07,0.017257025459593615,-0.0046590314432261234,-0.007319593016607501
2020-10-08,0.00882331919269333,0.002538556036391257,0.0053859704323447905
2020-10-09,0.008890611868048468,-4.001590303448758e-05,-0.00018760960754501268
2020-10-12,0.015959516896186816,0.0042262424063774584,0.0031807951735449793
2020-10-13,-0.006547524485370787,-5.911793222122852e-05,0.007134868895538531
2020-10-14,-0.006303196287138385,-0.006278180816362914,0.002285008219250723
2020-10-15,-0.001236754984736843,0.00015267773840009084,-0.0017290844092566493
2020-10-16,-0.0006043628989233054,-0.0031425047396492416,-0.0027838579438073663
2020-10-19,-0.015320015672678523,0.00071446274989687,-0.0037869824096956727
2020-10-20,0.003997602104087241,0.004544144882611173,-0.009561669738757259
2020-10-21,-0.0018950050424186694,0.005168120008133394,-0.003460055048092379
2020-10-22,0.005470384212587292,0.002036803587023197,-0.010450937508715612
2020-10-23,0.003389788377206582,-0.0032899579374845926,0.006093697630982737
2020-10-26,-0.018653055102908003,0.00282765456409247,0.009259960906478756
2020-10-27,-0.003453136497339802,-0.003300162903845182,0.006687552038532524
2020-10-28,-0.03477680122144287,-0.0021470612785488377,0.0009338627202198782
2020-10-29,0.010112164289303519,-0.003012149800032766,-0.009754601337993966
2020-10-30,-0.01047961881790881,-0.005973974709475419,-0.00991485674957821
2020-11-02,0.011146062894597294,-0.0031366510442316082,0.007462428250641285
2020-11-03,0.017501780402422538,5.826095554634443e-05,-0.005818385323362375
2020-11-04,0.022103325386186062,0.010204356761020732,0.02146010041104232
2020-11-05,0.01931498643102475,-0.002513986342437094,0.001736972517351745
2020-11-06,-0.00022855543405206062,0.007206380695062468,-0.012158708516775463
2020-11-09,0.01248737722051442,0.006366183456068054,-0.021239206810859362
2020-11-10,-0.0014675339111282263,-0.0055386456714018525,-0.005783255502786117
2020-11-11,0.0074010900979202794,-0.000721221293889815,0.003603480173115753
2020-11-12,-0.009748325409748564,-0.0032625230156320003,0.016873650635681085
2020-11-13,0.013749603582399196,0.0019586090254565085,-0.0013265286499897391
2020-11-16,0.012405192946181016,0.00354019285936168,-0.0024061189044959036
2020-11-17,-0.0053925349814408,0.0011970869835477517,0.006507176953414126
2020-11-18,-0.012108079257434432,0.0003558725515353005,0.002892647395718846
2020-11-19,0.004201521769658339,-0.0013516014389545322,0.0051349108943903096
2020-11-20,-0.006871484043841311,0.0015888129539181797,0.008830818029070982
2020-11-23,0.005976507743151878,0.0,-0.004592105039742004
2020-11-24,0.01598528908827627,-0.0020033468877050592,-0.010001945221522361
2020-11-25,-0.001543001144025673,0.004867342357784169,-0.0030834255761154504
2020-11-26,0.0,0.0016364653286421252,0.0
2020-11-27,0.002781353494691213,-0.00033608257865220067,0.009658430886486512
2020-11-30,-0.0044370394888523365,0.004643726768977662,-0.001249695206317654
2020-12-01,0.010878090671678092,-0.0027854849009629613,-0.014853925246266008
2020-12-02,0.0021014166076356987,0.01134569984525999,-0.007967687083727852
2020-12-03,-0.00027269693657632735,0.0033258801250090177,0.008031162080299319
2020-12-04,0.00858066868656574,0.002559485522245511,-0.014774489791601328
2020-12-07,-0.0020568264312988867,-0.0020020007037437897,0.008980762002966495
2020-12-08,0.0029217447372413418,-0.0006786241721560766,0.004714806626083089
2020-12-09,-0.009009577497422375,-0.00018158890339934348,-0.003311037744345793
2020-12-10,-0.00032692179665859357,-0.002660881592207315,0.008824389945094154
2020-12-11,-0.0011732267572376527,0.005411394685255718,0.0035333248462419862
2020-12-14,-0.004487203775632253,-0.0008971006575494956,-0.0027748413997843078
2020-12-15,0.013428714145167983,0.0012760274826384625,-0.0033530732986214
2020-12-16,0.0015682156817830941,0.0004447932579340932,-0.002664745627395882
2020-12-17,0.005576320634618444,0.003718838418115041,-0.002650164724786782
2020-12-18,-0.004000856664890942,0.0051614926845374685,-0.003001516872903449
2020-12-21,-0.0035819953062669286,-0.0038064083361426973,0.003958227661880357
2020-12-22,-0.0016867203573045207,0.0016994360559733645,0.005147566569909212
2020-12-23,0.0008984837484560561,-0.004115299835438132,-0.0069334633431856595
2020-12-24,0.0038826138510834186,0.0003900283455694203,0.003949655354337775
2020-12-25,0.0,-0.0005485085946641497,0.0
2020-12-28,0.00855419471909549,0.0016708003921992543,0.00044472035609138583
2020-12-29,-0.0019095711902909246,0.001502332029679512,-0.0012713218557345366
2020-12-30,0.0014257833081901242,0.0024109354771881916,0.0021614542444379323
2020-12-31,0.005067741420960236,0.003824067102786903,0.0014586684292475006
2021-01-01,0.0,-0.009773517884413802,0.0
2021-01-04,-0.01370745550394315,0.005765555261008046,-0.001205174168320749
2021-01-05,0.0068640265745317,7.356226640494462e-05,-0.007454471408425503
2021-01-06,0.0059603792949213495,0.003965123188171507,-0.02074249096643526
2021-01-07,0.01474843367757179,0.003314261048349765,-0.00885291903246646
2021-01-08,0.005681520824569661,-0.005660827653219397,-0.003232199791668664
2021-01-11,-0.006763541169656632,-0.006970396164782812,-0.0016542369536237903
2021-01-12,0.00021113533745043344,-0.0020950213174325376,-0.0007944852934804159
2021-01-13,0.002689135359935941,0.003955158044529991,0.01119873019663528
2021-01-14,-0.0035081519721187116,-0.003808028393292716,-0.009412177134601633
2021-01-15,-0.007319258155975995,-0.0009239134183000088,0.003960154353606515
2021-01-18,0.0,-0.006866108748783546,0.0
2021-01-19,0.007821164451032621,0.0007605172831768469,0.003222420033196281
2021-01-20,0.01374404689135338,0.0050853733131119285,0.0009841759579694949
2021-01-21,0.000911025109096243,-0.0019161371485267263,-0.007043170154986756
2021-01-22,-0.0035456491980660125,0.004172884115166977,0.003232285467614179
2021-01-25,0.003936213254231128,0.00025913209312755636,0.011716225205022522
2021-01-26,-0.001562315943699134,-0.0019087660606736155,-0.0018890430371733896
2021-01-27,-0.02474397179204364,0.0013782815622589177,0.002539222948365016
2021-01-28,0.008563234959900329,-0.004773378169334243,-0.005542576594426638
2021-01-29,-0.02022270371081606,0.0012354407583351585,-0.0060346299271187565
2021-02-01,0.016508485113797114,0.0003151851458534282,0.0011584889809632946
2021-02-02,0.014041095499475905,-0.00456032922487926,-0.006468190874440085
2021-02-03,0.0007862214055982579,-0.0024589779925830125,-0.008912577367332341
2021-02-04,0.011301714758137156,0.000276917273947226,-0.0026758178867637215
2021-02-05,0.003928227194274823,-0.006302406474781382,-0.008408690201956046
2021-02-08,0.007195763207445799,0.006832463888964413,0.004381119594046717
2021-02-09,-0.000666112159118425,0.0004001279473606964,0.0007394983729475295
2021-02-10,-0.000435502691121146,0.005493380213142898,0.006631543354702004
2021-02-11,0.0016136099987745336,0.0001006147186412552,-0.005489218616553121
2021-02-12,0.004927726929748863,0.0008488716587744375,-0.012497544122803976
2021-02-15,0.0,-0.0007761953783183526,0.0
2021-02-16,-0.0008664761106607407,0.0008330887385099504,-0.015344138041841366
2021-02-17,0.00022952554741040976,-0.0032787569674480477,0.00633057319473574
2021-02-18,-0.004265204518141264,-0.0036849485827756168,-0.00405491076681823
2021-02-19,-0.0017675102061268807,0.003636543984999715,-0.013381220261969532
2021-02-22,-0.0077215032664624955,0.0028456766837020647,-0.007637358975561967
2021-02-23,0.0012137722100563897,0.003329382255763756,-0.0028875298528694025
2021-02-24,0.010958917880815395,-0.001204987918721342,-0.0065812322197252695
2021-02-25,-0.024390846206263493,0.001580961359324078,-0.016465671472504103
2021-02-26,-0.00516601395109613,-0.0009002015062184444,0.03252438357506958
2021-03-01,0.023951157514263608,-0.005844176882910137,-0.01329567820760916
2021-03-02,-0.007833844432776892,-0.0031866658408165566,7.069670631412721e-05
2021-03-03,-0.013334100375847788,0.002848097048624638,-0.010904589397186727
2021-03-04,-0.01245219986884494,-0.0028842034545033873,-0.006470617175040375
2021-03-05,0.01822966113453726,-0.00690519775863099,0.0019455323365855982
2021-03-08,-0.004991402729752172,-0.0035242896042219775,-0.007805076674639476
2021-03-09,0.014176672518398098,-0.006217744884170941,0.013762532220070518
2021-03-10,0.006205213754286255,0.003890155314310437,0.002001721141856055
2021-03-11,0.010088277391964598,0.0023633748120306186,-0.0072389257376061136
2021-03-12,0.0013457093197610397,0.005021504926535071,-0.021450726768537515
2021-03-15,0.00594599892911468,-0.0030159811771838406,0.005862680898612178
2021-03-16,-0.0012620973918263134,-0.002029413754968581,-0.004027079102854263
2021-03-17,0.0034038402916010194,-0.0020252271693676203,-0.007510603449461027
2021-03-18,-0.014656389891305638,0.006794990677772875,-0.010177895674392683
2021-03-19,-0.0018520500103722023,-0.005401606379240041,0.0061782059030192245
2021-03-22,0.007953443760611262,-0.0029514157086693777,0.011143805909384973
2021-03-23,-0.007902138482842859,0.004191626170597192,0.008986209770346667
2021-03-24,-0.005096514960406258,-0.0078093163477120295,0.00536796661867312
2021-03-25,0.005609591140770513,-0.002294449520728023,-0.007916607713161512
2021-03-26,0.015986830002516876,-0.0030901862514860034,-0.0035063358662564105
2021-03-29,-0.0005051024222387188,0.0009661342348527806,-0.008524683058210445
2021-03-30,-0.0026566454638900483,-0.0014430194363622135,0.005226559148854723
2021-03-31,0.0040451463424053995,-0.004035176121666364,-0.005595847238018519
2021-04-01,0.01074120845131878,0.00044567955889988594,0.016461095414980965
2021-04-02,0.0,0.004348963077613154,0.0
2021-04-05,0.014251150596456312,-0.0010007294698471864,-0.00437279068605479
2021-04-06,-0.0005909235828288987,0.00430470340840242,0.006770145322104329
2021-04-07,0.0011566830159000488,0.004667518332491089,-0.0069893344510404826
2021-04-08,0.0047355345803921055,-4.7487154005886665e-05,0.008221709723079259
2021-04-09,0.007243643296414233,0.0035326838721787264,-0.0036297299080883076
2021-04-12,0.0003647875399800967,-0.00127417156305379,-0.00043624630280699524
2021-04-13,0.0029593827893352807,0.0011907313782124399,0.007465525034705967
2021-04-14,-0.0034211403969290084,0.00330576270865255,-0.003182618831074251
2021-04-15,0.010685409655324886,0.00266938663461784,0.01659636674436154
2021-04-16,0.0033366365732670515,-0.001197872792266197,-0.007797118323638922
2021-04-19,-0.004924991871899036,-0.0001915020593817065,-0.0028761890918649604
2021-04-20,-0.007348658850706778,0.006315822590865152,0.004598176562635854
2021-04-21,0.009417643016128926,-0.0010714026456539285,0.002005638082890855
2021-04-22,-0.009175023200942182,0.0004452368864991329,0.004354401080872002
2021-04-23,0.01078415236074585,-0.0019122059613187559,-0.0023533662716015064
2021-04-26,0.002085321599912524,0.006231051392350071,-0.0014294353069084476
2021-04-27,-0.00021558631047670666,-0.0006768412074528475,-0.008760805140349392
2021-04-28,-0.00028759921439205623,0.0007143095577937462,0.0006490139596025917
2021-04-29,0.006352685399799558,0.00376599054132821,-0.0029601174601069672
2021-04-30,-0.006591930516666896,-0.0007279412418516312,0.0023111035005042714
2021-05-03,0.002154359920827748,-0.008224575158544535,0.0005992825767549905
2021-05-04,-0.0061884550024485325,0.002782257454785237,0.006762907596802377
2021-05-05,0.0003127057131391486,-0.003840141391094418,0.0016477806658245287
2021-05-06,0.007954032804092308,-0.000588627419968323,0.0016453314913638416
2021-05-07,0.007251379519557394,0.00503198317631046,-0.004943743904535374
2021-05-10,-0.009951820104243699,0.008459516107695119,-0.01017839666561545
2021-05-11,-0.008964522822995825,-0.002479800741129696,-0.005675689895219726
2021-05-12,-0.02147420623975665,0.00029383327808927054,-0.010563436799806782
2021-05-13,0.011940938624492126,-0.005448904780959188,0.0015471302490790212
2021-05-14,0.015238625866732995,-0.00010027954906675598,0.00930833563729803
2021-05-17,-0.002547876193341256,0.0060326971844055525,-0.0021180253060132663
2021-05-18,-0.00865284366896897,0.0005347615740198004,-0.002562089720144772
2021-05-19,-0.0026252472239081635,0.00550632825897061,-0.0024217271801072584
2021-05-20,0.010700355501690477,-0.004192610282990834,0.008194775705253702
2021-05-21,-0.0008188328853991605,0.00430631296814461,0.0032019441614018797
2021-05-24,0.010142440667518612,-0.0034538002924195703,0.0036974202396792694
2021-05-25,-0.002221112931411714,0.002573974062547223,0.00922039132154241
2021-05-26,0.0019827218900340922,0.002817025025208322,-0.0017223887592106486
2021-05-27,0.0005246196832851246,-0.004623097322663016,-0.004030459649629057
2021-05-28,0.0017871727316512596,4.868920925875243e-05,-0.001588326775081657
2021-05-31,0.0,-0.00025598707258409764,0.0
2021-06-01,-0.0008813611732359376,0.003504687261543158,-0.00022365386934112113
2021-06-02,0.0015715667104375726,-0.0012347715654755192,0.0023127041181653617
2021-06-03,-0.003718294510759461,-0.0006473941004048983,-0.003761055307789294
2021-06-04,0.009104416274216959,-0.0063144302989845795,0.013601974661508988
2021-06-07,-0.0009707557607134923,0.0029137387666367726,-0.0030783616129959114
2021-06-08,0.0002129691220279705,0.0020707212423165646,0.00700167895361285
2021-06-09,-0.001492824894484824,-0.001705667883123736,0.008790623645212763
2021-06-10,0.004637465742095471,0.0007514316319798007,0.0059802393152171476
2021-06-11,0.0016513098228299382,-0.0007757186750589432,-0.0016147318541102366
2021-06-14,0.0022365181195113672,-0.005135737081496744,-0.007688222054557115
2021-06-15,-0.0018362133391224566,0.0009934254397854871,-0.0012046727685728908
2021-06-16,-0.005598801365159562,0.00040016097426804237,-0.0008510259412367376
2021-06-17,-0.0003316712157295284,-0.010903186645947914,0.014860794643137306
2021-06-18,-0.01358228157618564,-0.0068737695746302375,0.01863112868781088
2021-06-21,0.01421440332253619,-0.003342081870940971,-0.01688486948189178
2021-06-22,0.005331843815177037,0.0032705342094358175,0.0024395621246079374
2021-06-23,-0.0012057592034553438,0.002027168217937988,-0.0025789415497399232
2021-06-24,0.00589817956137518,-0.000298348979723717,0.0016036652372299466
2021-06-25,0.0035457939985828603,-0.00023858341510828802,-0.010437603645359032
2021-06-28,0.0020137610321831626,0.0009907275906234155,0.010228960528715591
2021-06-29,0.0005381357335337156,-0.0011100406473405179,0.0016712329153354794
2021-06-30,0.000841254162307642,-0.0022639479292535175,0.004443583919911475
2021-07-01,0.005521444628990791,-0.0038013635275334565,5.524837929216404e-05
2021-07-02,0.007614419061733069,-0.0008888767430043352,0.006016240001564272
2021-07-05,0.0,0.0008414202119713201,0.0
2021-07-06,-0.001823148242086614,0.0006404732242416305,0.011652803810658297
2021-07-07,0.003527772064111694,-0.0033164595271548305,0.008820073778494315
2021-07-08,-0.008181425103786983,-0.002635657052069856,0.003910690485119333
2021-07-09,0.010618223592462245,0.004619447070696502,-0.014162884215098212
2021-07-12,0.0035754859521293396,0.0021040698794469346,-0.0012975655056483622
2021-07-13,-0.0034147578534981364,-0.0006528392208572587,-0.007682471490244305
2021-07-14,0.0014910503429742782,-0.007600298375475396,0.011297952828333777
2021-07-15,-0.0034212693270617546,0.004910529098378265,0.010969853168157241
2021-07-16,-0.007874466096095805,-0.0018206213531582575,-0.0018876438707648218
2021-07-19,-0.014878178952531986,0.00018548069676449624,0.021691230155830514
2021-07-20,0.014228773356164785,-0.0017080651561058448,-0.009685794673405706
2021-07-21,0.008063746075688024,-0.0008252343591270102,-0.012747618409891982
2021-07-22,0.0020918075725192015,0.0007308234638374334,0.009408393697624046
2021-07-23,0.010235604991023328,-0.0016966692097778924,-0.006711473629276632
2021-07-26,0.0024517933065978563,5.893086054979372e-05,-0.002967154271734523
2021-07-27,-0.004567943207161093,0.0029122406895437866,0.010615025553197327
2021-07-28,-0.00041034477049591727,0.0012997004508067118,6.676055621773464e-05
2021-07-29,0.004138942943370646,0.0019290801555133712,-0.005561682817247209
2021-07-30,-0.004868174078267593,0.003963210978191592,0.0046924714371567935
2021-08-02,-0.0021005232195173236,-0.0021847985485022245,0.00887925930569876
2021-08-03,0.008102668152011454,0.0006409929936695579,0.000530934921974455
2021-08-04,-0.004931072099260278,-0.0004392010828315455,0.002054993379807139
2021-08-05,0.006313099713108895,-0.0027026069039768293,-0.005110892231473527
2021-08-06,0.0016509718578059595,-0.00014200501231056276,-0.016842158648860007
2021-08-09,-0.000813735077258484,-0.00731143358773178,-0.0035926342462133617
2021-08-10,0.0012428145740632775,-0.000939444477304895,-0.004629035419643215
2021-08-11,0.0024819614620326556,-0.001290369832655863,-0.000613825190545637
2021-08-12,0.0029925313427678728,0.0015827021925636149,-0.0016397709141086087
2021-08-13,0.0018181911139252814,-0.00048022563504941196,0.015672494844565135
2021-08-16,0.002351820928578411,0.0049650586518873285,0.0024204932022445376
2021-08-17,-0.00657689454510401,-0.0012495051770467507,-0.00040292726618578714
2021-08-18,-0.011005203703619239,-0.00597801915977613,0.003353183690015397
2021-08-19,0.0015469446995810096,-0.0005501958639484956,0.00733826877567629
2021-08-20,0.007925887895174396,-0.0022842612773609403,0.0006643977604260765
2021-08-23,0.008758121417625268,0.0017928718657227044,-0.0006643977604261188
2021-08-24,0.001586006248428091,0.004008621033643521,-0.007806787880336377
2021-08-25,0.0020961255796753922,0.0007284170260269493,-0.008341517709783811
2021-08-26,-0.005920837803313829,0.0018114856517439193,0.0027656959309146673
2021-08-27,0.008901413121101372,-0.0015294540875914354,0.006780760384852007
2021-08-30,0.004387811753209461,0.0036169593109244688,0.002606105213524364
2021-08-31,-0.0014826162755929015,-0.00017813762365744638,-0.006830461764939122
2021-09-01,0.0005313326627398527,0.001133153638000808,0.0016738528076362985
2021-09-02,0.003071779599306268,0.002589813077556953,0.004356137075406801
2021-09-03,-0.00024269147849770097,0.0030001647486994007,-0.009135936381881343
2021-09-06,0.0,0.0007960521693053499,0.0
2021-09-07,-0.00358185657935422,-0.0009148019282188896,-0.00847133706689865
2021-09-08,-0.001218846547008682,-0.0026565305038642366,0.006782690272370979
2021-09-09,-0.004289554159668064,-0.002068043422056589,0.012027664669527162
2021-09-10,-0.007915714280467653,0.0005769633095645054,-0.008855945203730682
2021-09-13,0.0025558793762985327,-0.0011819121036025907,0.006046947240152744
2021-09-14,-0.005411138649680841,0.0,0.012050158115503142
2021-09-15,0.008317720238984874,-0.0005904704860359962,-0.0035135685418209786
2021-09-16,-0.0015862526085933975,0.0012710625809982954,-0.004592500055169331
2021-09-17,-0.009788739910569732,-0.004453323350837845,-0.004815674478755314
2021-09-20,-0.016814845788339465,-0.0031955703633193186,0.012325434460122752
2021-09-21,-0.0009449937979997108,2.3374235536795343e-05,-0.0008611721117694415
2021-09-22,0.009707518908841686,-0.0006215340073657035,0.005947696790396277
2021-09-23,0.012076769184737867,-0.003008212978931102,-0.022856645722659764
2021-09-24,0.0016458611607991591,0.004486492911866468,-0.009821302518694763
2021-09-27,-0.0028649226874216047,-0.0014664840661050697,-0.0036832138701931886
2021-09-28,-0.020357635518474228,-0.002242493734973323,-0.01569919229483814
2021-09-29,0.0016815792943894068,-0.0008944087511727837,0.001733421502831658
2021-09-30,-0.01229758477775598,-0.007277304997338633,-0.00013809402522520694
2021-10-01,0.011814177619439325,-0.0023408694678413076,0.00838040092329862
2021-10-04,-0.012980125932854003,0.0028282082737945743,-0.002548971725138463
2021-10-05,0.01035143309202916,0.0009638080038769708,-0.00970341906581836
2021-10-06,0.0041472931745647375,-0.0019267982057976168,0.0056255648348911705
2021-10-07,0.008608609960589075,-0.0035190085597075326,-0.010513226442723525
2021-10-08,-0.0018254545700427212,0.0003814266910217661,-0.0070230422888667215
2021-10-11,-0.007265987391460872,0.0005434209268923678,-0.0025406778160127147
2021-10-12,-0.0024648750717142947,-0.0010635092731745039,0.016956158034156683
2021-10-13,0.003591419811945896,-0.0017084358360839192,0.009678511218001461
2021-10-14,0.016680696577067028,0.005667679663200196,0.0037089329970458637
2021-10-15,0.007586950117253263,-0.0006956887472967136,-0.005844292832109705
2021-10-18,0.0029562900852292337,0.0004753248849683281,0.004678213437013194
2021-10-19,0.007684862352706289,0.0014506924609902151,-0.013890855754613336
2021-10-20,0.003920367442331255,0.0015574351739559725,-0.006773159062107118
2021-10-21,0.0026046113035219968,0.0019794696195469387,-0.001191447691093451
2021-10-22,-0.0010367638535611653,-0.0025492392462915913,0.010952563903306388
2021-10-25,0.0053487362645898385,0.0012679558513760646,-0.0015275055044757166
2021-10-26,0.0008994006030970288,-0.0024414242352122696,0.008234466330642507
2021-10-27,-0.004439936205906366,-0.0011605601944855107,0.018031161446397617
2021-10-28,0.009602561095359327,0.00016238277643643726,-0.0033896943090955993
2021-10-29,0.0020270650862229418,0.00717141021851891,0.0030508906617648284
2021-11-01,0.0017188572255115407,-0.01092280404050203,-0.007225329376894031
2021-11-02,0.004034987747715198,0.003705045477995642,0.004428310249658005
2021-11-03,0.0060865892096164395,-0.0017384315163677048,-0.010387423731030866
2021-11-04,0.0047013921981216966,0.0031313349393210293,0.010456235084054999
2021-11-05,0.0034635423944917912,-0.005213485594809396,0.014845006628123499
2021-11-08,0.0008535338114322681,0.0011677502279925879,-0.00187734336910587
2021-11-09,-0.0033107782065887243,0.0019571431965666247,0.012934137770846612
2021-11-10,-0.008077547399033743,0.00034775066237484683,-0.01845190432614056
2021-11-11,0.0003235155733159187,-0.009497879778277242,-0.0014858403352653892
2021-11-12,0.007518416323356382,-0.003062046147157758,-0.004402540794944983
2021-11-15,0.00034243557407974146,-0.0008012042758382873,-0.012636186386757375
2021-11-16,0.003950029681121956,-0.006591516828806556,-0.0025462614429951273
2021-11-17,-0.0024321760705592887,-0.003993008800771305,0.00789360169879367
2021-11-18,0.003390643239903466,0.0,0.0037530644297354035
2021-11-19,-0.0017897760234616019,0.0041634209432113425,0.010502877245713017
2021-11-22,-0.0028192815754107432,-0.008185652960956939,-0.011797344891333793
2021-11-23,0.001325269587789788,-0.0029835852011364673,-0.014564671652007064
2021-11-24,0.002666012590741066,0.00024735570464733033,0.015927587249618447
2021-11-25,0.0,-0.003737631248588486,0.0
2021-11-26,-0.022555559526965308,0.0005939027964335268,0.024955481443227845
2021-11-29,0.012192066882019197,0.007425897335294688,-0.008070717163351391
2021-11-30,-0.019649472678024936,2.2589292359688217e-05,0.015087481806689299
2021-12-01,-0.011169216167275129,0.00325785330087555,0.0061500851444259656
2021-12-02,0.015200185048796711,-0.0009513667903634799,0.001245868456587309
2021-12-03,-0.008739440051158258,-0.0011765121921124223,0.011862304547653935
2021-12-06,0.011773641436586836,-0.0001244234477379464,-0.01383085245806723
2021-12-07,0.020473912395751484,-0.0016039171174726395,-0.008112444179140333
2021-12-08,0.0026444969640338784,-0.0009025026753297686,-0.017435445025568007
2021-12-09,-0.006774374251830246,0.0061079038765980585,0.0055768438903863425
2021-12-10,0.009369167652892968,-0.0046183295368528,-0.002415391194639272
2021-12-13,-0.008897621030572596,0.0016389133221552789,0.014671172857612307
2021-12-14,-0.00690388863798133,-0.0023388985305647886,-0.0023855732335806164
2021-12-15,0.015504087115252283,-0.0021418552396564616,-0.009668864931724462
2021-12-16,-0.008857295696215064,0.0026159220068292816,0.00038890223073388246
2021-12-17,-0.010700142794872155,0.0038349515063402,0.011267514772841119
2021-12-20,-0.01069033243828455,-0.008026219874793954,-0.007519452806859132
2021-12-21,0.01760332358718658,0.0030177831235180014,-0.0038148624603793705
2021-12-22,0.009948954278126735,0.0008913322339791711,0.004616267586750793
2021-12-23,0.006202708142225118,0.0036525342506323407,-0.008714925781162355
2021-12-24,0.0,-0.00013596128702175948,0.0
2021-12-27,0.014053051075974472,-0.0002717675050997526,0.0024206849611077114
2021-12-28,-0.0008178050939498153,0.0005096876276717915,-0.003970756666297403
2021-12-29,0.0012785243996780063,-0.0013473476208362394,-0.010984619673009467
2021-12-30,-0.0027681181950939384,0.004002085556977272,0.008350951753300221
2021-12-31,-0.002523516368294313,-0.003096529393978052,0.0019590638879598142
2022-01-03,0.005773392850524076,0.004267353279425674,-0.026600728869052938
2022-01-04,-0.0003351824990064479,-0.0062811432323980785,-0.004166621200770857
2022-01-05,-0.019388881941574326,-0.001648756778474241,-0.005443028194267229
2022-01-06,-0.0009398430518042176,0.0026438305657729066,0.002585765549286928
2022-01-07,-0.003961245886120304,-0.0014697139139755349,-0.007214188566658473
2022-01-10,-0.0012452685206374263,0.005039876404767126,0.002457406758673409
2022-01-11,0.009067071134689913,-0.00207567089876734,0.006639336033212175
2022-01-12,0.002699939290657368,0.003177601119399733,-0.0038385081916427204
2022-01-13,-0.013874419857429546,0.006591516828806482,0.008841311379805684
2022-01-14,0.0004090654545005764,0.001350938248421149,-0.015224522104333053
2022-01-17,0.0,-0.004059033506041391,0.0
2022-01-18,-0.017868514460812376,-1.1387453022310162e-05,-0.014174658823395086
2022-01-19,-0.0104376606836728,-0.0071176043295396296,0.006899517136177348
2022-01-20,-0.011129760969163032,0.0012130690311104274,0.0061479414758858625
2022-01-21,-0.019826129457833012,-0.0026169374328443096,0.011836455149703525
2022-01-24,0.004237807994074223,0.002446780096805452,-0.008249276232607817
2022-01-25,-0.012283901183744573,-0.001529983310857574,-0.001616494149908692
2022-01-26,-0.0025121114386595206,-0.0017310860305209989,-0.012167401768139505
2022-01-27,-0.004950119636102383,-0.005411465673910041,0.018196665102882578
2022-01-28,0.024531891251642367,-0.008620280849587833,0.0003492154017329541
2022-01-31,0.017850665005542186,0.00047941591723723085,-0.005184101617181046
2022-02-01,0.006734297799795583,0.006904807091364752,-0.003324334470551237
2022-02-02,0.009667292340509278,0.003938049490606719,0.0033811316038949487
2022-02-03,-0.02378552139455316,0.0023026608419609075,-0.007836671670532518
2022-02-04,0.004690936217225393,0.011947232126998369,-0.014852123560794317
2022-02-07,-0.0032142052342892797,0.0016939655604672347,0.0006478560150885819
2022-02-08,0.008194218758933607,-0.001064746932719005,-0.006708598091328598
2022-02-09,0.014529915972213044,-0.0018977167042882913,0.0018795642188648382
2022-02-10,-0.018128742691301106,2.2753465781710023e-05,-0.016020068923253472
2022-02-11,-0.01991577371247327,-0.0005251315768386432,0.01471909781011827
2022-02-14,-0.0032748026568084026,-0.004430837226841851,-0.012519627887599749
2022-02-15,0.01599825752355627,-0.005180328358145332,-0.01141737533540698
2022-02-16,0.0011201958229437833,0.0044531689986751725,0.0059095699107358495
2022-02-17,-0.02159295338685799,0.0016253575664351733,0.0074106539407098404
2022-02-18,-0.00649623758102737,-0.000773175879513556,0.01047239147279537
2022-02-21,0.0,-0.0043439218417605854,0.0
2022-02-22,-0.010789467358862376,-0.0006675169193645805,0.0026005616259733304
2022-02-23,-0.017898027929168163,0.0017205181805229717,-0.013877580360506321
2022-02-24,0.014937180687080933,-0.002071050753779992,0.0006588965273109778
2022-02-25,0.02182410418971876,-0.010224378977160433,0.0007302254864998058
2022-02-28,-0.002561899566486189,-0.0008614158561598332,0.0216821557206358
2022-03-01,-0.015347380015508305,0.003113275910922149,0.011495705884479917
2022-03-02,0.01822900974313227,-0.0074420147912893815,-0.03478079988975619
2022-03-03,-0.0049909390326022375,-0.0018353165879163118,0.01013353838269438
2022-03-04,-0.008157674649726837,-0.004103040528148159,0.017116799703628956
2022-03-07,-0.029922522058994296,-0.017530288361510188,-0.007659181884730893
2022-03-08,-0.00761061507057257,-0.0008479603892523628,-0.01011024192763934
2022-03-09,0.026457810747585585,0.0030252121150615412,-0.009847439891607189
2022-03-10,-0.00452588522702727,0.015983954438480188,-0.014471374004839874
2022-03-11,-0.012796554707140986,-0.005422450974016716,0.003341034675245219
2022-03-14,-0.007335036853633696,-0.007461665202687137,-0.02362599656239049
2022-03-15,0.021751891751853023,0.0010172042215486929,-0.0017468620742986708
2022-03-16,0.021932219986004024,0.002388587321219784,0.009759703740480652
2022-03-17,0.012433243201602641,0.004782947654196474,-0.007481587576079235
2022-03-18,0.010893100401590352,0.007012538465957428,0.01213881551865676
2022-03-21,-0.00029266648070127535,-0.00509277099290486,-0.023428645862566364
2022-03-22,0.011633671541801388,-0.002349456247391793,-0.012894739909902626
2022-03-23,-0.012961967874042062,0.001135375310259787,0.021678308693462617
2022-03-24,0.01496193168393138,-0.002126461945392862,-0.007863531670617357
2022-03-25,0.004871455947358222,0.0002972667240242951,-0.01397033057267908
2022-03-28,0.0070881005455194716,-0.0025180276167579654,0.008513519720319376
2022-03-29,0.012294904065266406,0.0010877383591925164,0.00752387375154032
2022-03-30,-0.006194038796218567,0.008845097393777262,0.007771476241683696
2022-03-31,-0.015510970033241225,0.006319893943473256,0.00242637743865756
2022-04-01,0.002830134927734898,-0.008048664804752047,0.003799057914866559
2022-04-04,0.008530152565413354,-0.0022672778283933112,-0.006974069706888301
2022-04-05,-0.012711835768033019,-0.006485770491401886,-0.022851479064706137
2022-04-06,-0.010049702249412491,-0.006345887741704586,-0.008127047337799582
2022-04-07,0.005026344155393042,-0.0007521699867265114,-0.0075610402237568635
2022-04-08,-0.0026775292084604,-0.003068660384801401,-0.01088983173999634
2022-04-11,-0.01723999661723541,0.0018488313653010355,-0.01595116752830455
2022-04-12,-0.0037122220425614555,-0.0006420885703539645,-0.0013817419546149293
2022-04-13,0.011388678965969226,-0.004774839201849918,0.0020308398550835526
2022-04-14,-0.012530060169844915,0.006484154387127226,-0.020249250171539588
2022-04-15,0.0,-0.006960393910240724,0.0
2022-04-18,0.0004109971249658333,-0.0005300335180195361,-0.004980979673905483
2022-04-19,0.01601370132721577,-0.0030992061418720638,-0.007518866969182501
2022-04-20,-0.0007416956504784908,0.0011758350863038487,0.01992580807345827
2022-04-21,-0.01506634901044077,0.0051189236431801914,-0.007425961430370267
2022-04-22,-0.027822841794900324,-0.0013553055318443394,-0.0063135520064606385
2022-04-25,0.00578093353263528,-0.00222952123962869,0.009950978257128623
2022-04-26,-0.029388671068605755,-0.008997500540048975,0.010016792335201247
2022-04-27,0.0028079911165291424,-0.0066102261513955,-0.012908912113621317
2022-04-28,0.024945737098594892,-0.008352179109846734,0.0014885014540735255
2022-04-29,-0.037655834501566975,-0.004833072313007454,-0.013057701513641875
2022-05-02,0.006001295571702104,0.003019304923759393,-0.017485995361387653
2022-05-03,0.004573671318086378,-0.0025570647412530415,0.006718973915110769
2022-05-04,0.029998557358471553,0.0018513560381257603,0.00549500313658912
2022-05-05,-0.0361899700450481,0.008883347273825875,-0.027780633082994857
2022-05-06,-0.005986830624103014,-0.007819372198253615,-0.014845047124137088
2022-05-09,-0.03254104297863869,-0.0007164347743801674,0.008758695205533004
2022-05-10,0.0023077764396950908,0.003185736537216687,0.009028787094419595
2022-05-11,-0.016013402268850074,-0.0031120553998316533,0.019089184684230192
2022-05-12,-0.0010444327131001467,-0.0019467323960849386,-0.0018669835607776424
2022-05-13,0.023626517576193145,-0.012722865261767163,-0.014891439488151765
2022-05-16,-0.0040661012711855635,0.0020260788046566882,-0.0010353529541557373
2022-05-17,0.02036166464493264,0.003678174850093924,-0.012156923650442977
2022-05-18,-0.04114664178254356,0.010377817305916337,0.02109338843793139
2022-05-19,-0.0061432403612730795,-0.007146940759466621,0.002392347386845858
2022-05-20,0.00043642903143278764,0.010094047194697555,0.011286158266900886
2022-05-23,0.018537274554113217,-0.0008670358678779666,-0.01659109852104747
2022-05-24,-0.007663287568137155,0.010561954262868534,0.01954021788040506
2022-05-25,0.00879616997835338,0.005086835283498354,0.0039461160363998965
2022-05-26,0.019784539421420954,-0.00465950711675043,-0.004535426426969245
2022-05-27,0.024252324651813227,0.004326801286931803,0.0024383286389973806
2022-05-30,0.0,-0.00013951174909253053,0.0
2022-05-31,-0.0056266015673912375,0.003913817743833619,-0.021389236128833172
2022-06-01,-0.008121276688991161,-0.0036670195931451026,-0.0011437851907888986
2022-06-02,0.018864065825339667,-0.007475100550259082,0.0005161791187309027
2022-06-03,-0.01654723539246373,0.009054299007338812,-0.002152441774101162
2022-06-06,0.003039847303724463,-0.002330222818458084,-0.0186158499434425
2022-06-07,0.009546719124530293,-0.0032340634484176282,0.010741977809295408
2022-06-08,-0.01093181139314639,0.0006737905923230617,-0.008899651563449441
2022-06-09,-0.02407050396031094,0.0017775409484932394,0.003324912987230732
2022-06-10,-0.029424151541759067,-0.00922813318281883,-0.006221308599783214
2022-06-13,-0.038707615467491824,-0.01224298052450652,-0.031882058810164704
2022-06-14,-0.003018104123311108,-0.007159954992260149,-0.012693671776648775
2022-06-15,0.014155520288841792,0.0024401181740229456,0.018484705155159233
2022-06-16,-0.03365587679487083,0.0014941669127022307,0.007907954110368515
2022-06-17,0.0021535596064710728,0.008632159944394863,0.00321707189749602
2022-06-20,0.0,-0.005270130105696999,0.0
2022-06-21,0.024862042372965867,0.002794688034567393,-0.01709752733370009
2022-06-22,-0.001814746332462774,0.001126331054716773,0.027129289353834185
2022-06-23,0.009754843331811014,0.002985212626758971,0.008180991582131158
2022-06-24,0.03129891212738116,-0.004174658466384516,-0.013939467133003853
2022-06-27,-0.0038270005749624744,0.004364781705743179,-0.008565073369536984
2022-06-28,-0.020644597881480212,0.0013957625433815856,0.004648699275342935
2022-06-29,-0.0008146402842525844,-0.005434475183267472,0.015487647403332763
2022-06-30,-0.008157339641183394,-0.007339457036861056,0.008743644786565136
2022-07-01,0.010520655914430388,0.0029713085188302992,0.010214225606060747
2022-07-04,0.0,-0.004182325010529268,0.0
2022-07-05,0.0018868589936638616,-7.300929283569905e-05,0.007826506994397209
2022-07-06,0.0033717757672787054,-0.016965678829353473,-0.016933839687070504
2022-07-07,0.01486623880297481,-0.006971445470808471,-0.008838785241341246
2022-07-08,-0.00082301035486636,-0.0016284792512087165,-0.011137743905860496
2022-07-11,-0.011489179223626423,-0.0003660231172386901,0.017097199445074773
2022-07-12,-0.008888601039308417,-0.011733736567112072,0.005924306545783051
2022-07-13,-0.005265285036618045,-0.0014358094078833954,0.011401092591051711
2022-07-14,-0.0024316105886357194,-4.0160580542073956e-05,-0.008192080528449143
2022-07-15,0.018924913744541978,-0.0007020012314786962,0.005612541590771226
2022-07-18,-0.008291287111032296,0.00702249344752808,-0.010473085040115236
2022-07-19,0.02666076305594899,0.004827628644534584,-0.005408832682120742
2022-07-20,0.006352730265268178,0.008456116811406341,0.0026203886600292057
2022-07-21,0.010131816030019657,-0.004756441789894104,0.01712838495893227
2022-07-22,-0.00932135456066993,0.0037542692053991913,0.0166716892133176
2022-07-25,0.0012140550084699018,-0.0020420728121366286,-0.009833108863574113
2022-07-26,-0.011901371678571766,0.002420351548135624,0.0007662777976410355
2022-07-27,0.025634705286308106,-0.009373056494817926,-0.005633719373636346
2022-07-28,0.012464550560311696,0.007840516682384753,0.007929340648981462
2022-07-29,0.01447354922848946,-0.0016628379501900366,-0.002721114397893627
2022-08-01,-0.002965791975968192,0.0015606629240480755,0.023798228496417502
2022-08-02,-0.006619190150681951,0.005189064513554008,-0.021387103661237458
2022-08-03,0.015538159768301998,-0.010351198843136136,0.015622277184801418
2022-08-04,-0.0006757294128769359,0.00019283970848837684,-0.0003355936984448532
2022-08-05,-0.0016914796330747192,0.00883555172373451,-0.02409118791527086
2022-08-08,-0.0011616990625516782,-0.007534415937540125,0.016012497533814566
2022-08-09,-0.003978967155415961,0.0026274810000368686,-0.003894660935571086
2022-08-10,0.02078641677681292,0.001030518147346478,-0.006552442280115127
2022-08-11,0.0,0.009034052397915944,-0.023585340763579436
2022-08-12,0.01678730028009096,0.0015463236906874298,0.010089539602196261
2022-08-15,0.004112265126438826,-0.005863386210464329,-0.0008658362208352337
2022-08-16,0.001956871103116538,-0.00924938057915025,0.004148807636339962
2022-08-17,-0.007123411831441315,0.0008539974026696639,-0.010491913981060126
2022-08-18,0.00290221176495318,0.0009361784420449659,0.001480676440512011
2022-08-19,-0.01352920534053711,-0.008908664203253895,-0.016233286747720385
2022-08-22,-0.021042099403344415,-0.005433672462005448,-0.0033673627535162442
2022-08-23,-0.002422311581011383,-0.009587811226055044,-0.005518468945673664
2022-08-24,0.0031960455859258124,0.0027571059008813115,-0.00734578760449508
2022-08-25,0.014018909983943935,0.00021927184316001224,0.013840050311847322
2022-08-26,-0.0344351422163523,0.00021940310248669677,0.007509033976511839
2022-08-29,-0.006634291375309028,-0.0032752411283479355,-0.00830731096064073
2022-08-30,-0.011038402865759689,0.0075519840269269055,0.002481773256148936
2022-08-31,-0.007638463944808541,0.0011022011823750134,-0.009606979341307869
2022-09-01,0.003133129296047635,0.0013944510247493138,-0.018477612674828035
2022-09-02,-0.010600215573027332,-0.008676090547837427,0.00564054221466981
2022-09-05,0.0,-0.0043199709658942095,0.0
2022-09-06,-0.003780261773075271,0.004310029151858244,-0.025080045934269636
2022-09-07,0.017805267751061792,-0.005468817444529394,0.015691281319229092
2022-09-08,0.006515032614901261,0.009827376612399016,-0.01030987923836863
2022-09-09,0.01541596126146875,0.0016306906812627682,0.002217860300731883
2022-09-12,0.010690284808542614,0.005914473623920646,-0.008250680402762329
2022-09-13,-0.04445613522537459,0.005757313715473667,0.002324369197160362
2022-09-14,0.0038084684075047432,-0.014670914986609497,0.0034306447843045827
2022-09-15,-0.011418278046993057,0.00019959706297365223,-0.0006480180957137766
2022-09-16,-0.007658017804559966,0.00042938969546703256,-0.008370883622600946
2022-09-19,0.007724860043532585,0.003401793701857639,0.0023322089582401406
2022-09-20,-0.011544878222063754,0.0007219640016474552,-0.010019986597497567
2022-09-21,-0.01759773026329604,-0.005880143867171973,0.01661389476537137
2022-09-22,-0.008435345745400058,-0.014147680973100527,-0.025880314629938533
2022-09-23,-0.016896789866177188,0.0011016046308961233,0.004076366478394414
2022-09-26,-0.009941904606266172,-0.015526806604905349,-0.019295597010767856
2022-09-27,-0.002555877474194037,-0.006856387846966306,-0.026683962619057037
2022-09-28,0.01948525193279277,-0.002863768255198798,0.03293363855549236
2022-09-29,-0.02111034679436993,0.011601697507510717,-0.0051894082226691335
2022-09-30,-0.015584264141588538,0.012425726247878358,-0.012994292764610494
2022-10-03,0.026058543992270665,-0.0037577051702841185,0.015764229293816927
2022-10-04,0.03051654083858366,0.004013323097089272,-0.0027970514558244876
2022-10-05,-0.002331253021346567,0.015366962792935222,-0.00960745950131783
2022-10-06,-0.01036939519674601,-0.0073711760409446,-0.005573393113862093
2022-10-07,-0.02829017247117316,-0.012381194971008931,-0.009755405508967934
2022-10-10,-0.007664517933044488,-0.005535011240227534,-0.015668461046948128
2022-10-11,-0.0063532131623832335,-0.0025667468761050396,0.004415952991180811
2022-10-12,-0.0033041134477250745,-0.0010190096651594642,0.0048949237747422415
2022-10-13,0.026049046784866216,0.0008054917847734313,-0.009612675780830549
2022-10-14,-0.023052574842557662,0.004456053379512562,-0.008284460219353794
2022-10-17,0.025372680791627675,-0.0012278291632679555,-0.004881493776952227
2022-10-18,0.011680822732723022,0.010928647456163097,0.0023419755377984933
2022-10-19,-0.0071116850914181694,0.001773901881606993,-0.018373643132123477
2022-10-20,-0.008420433370552195,-0.009923054996403871,-0.017240720938514215
2022-10-21,0.024010758469726255,0.001270565200929725,-0.01818725639499606
2022-10-24,0.012162096804780939,0.00826791765473566,-0.008298893692830716
2022-10-25,0.015842588489948673,0.002675640869900312,0.028696769057985082
2022-10-26,-0.0075626282651911824,0.007781101042108333,0.01430457537673932
2022-10-27,-0.005354377824959574,0.012785248640600487,0.010416704365935614
2022-10-28,0.023511996515333585,-0.012376571094321305,-0.006897809557737698
2022-10-31,-0.007249400179083908,-0.0012850891507327354,-0.007153888256951907
2022-11-01,-0.004385507039803699,-0.0069244643938310545,0.009302424432613752
2022-11-02,-0.025416592224610752,-0.0008498484807726496,-0.004349865825801021
2022-11-03,-0.010349973676382157,-0.0064492786516353135,-0.005411423578474415
2022-11-04,0.014290343802883302,-0.006622268577274553,-0.01694362691546336
2022-11-07,0.00952023473838465,0.01821134690851107,-0.010026899821335181
2022-11-08,0.005380818866369628,0.00900614640617105,0.010875805274824292
2022-11-09,-0.0208173180263535,0.006190521830417323,0.0032818729997650046
2022-11-10,0.053497390505110945,-0.006100333328057607,0.03775218254438966
2022-11-11,0.009631942624682758,0.017088145716665497,-0.003671034707009252
2022-11-14,-0.008543176592304228,0.01328688092947409,-0.002454470312453601
2022-11-15,0.008492970707938637,-0.0008982339897683712,0.016050601642048433
2022-11-16,-0.007657998109130784,0.003732208964276908,0.021632998261221347
2022-11-17,-0.0030645197912283683,0.003579922982457949,-0.010608406551939452
2022-11-18,0.004530158844843777,-0.0032068688117481065,-0.00690117576848598
2022-11-21,-0.0036427811963124683,-0.0029797984214465644,0.0042059173150216156
2022-11-22,0.013367211476500093,-0.008282004908750605,0.014091870657528793
2022-11-23,0.0062817787179309074,0.006362364906543442,0.017291959701539326
2022-11-24,0.0,0.010145862095391856,0.0
2022-11-25,-0.00022343199282090953,-0.0007809388137343784,-0.003395827121903819
2022-11-28,-0.016085856028934246,-0.00390593444818525,0.002814415080529303
2022-11-29,-0.0017189146274342723,-0.002123004481568896,-0.011794997071343754
2022-11-30,0.031014420493459535,-0.0020359552381959117,0.007327104099070963
2022-12-01,-0.000736086805246638,0.009721073718734909,0.03144594440934352
2022-12-02,-0.0011543141464715084,0.009837653378816175,0.012497573829132963
2022-12-05,-0.018153122620089633,0.0014961831121075887,-0.014106006210657107
2022-12-06,-0.014519619957380688,-0.004492329102575546,0.012797755138095418
2022-12-07,-0.0017025567676541905,-0.002662687988950827,0.02328904656408296
2022-12-08,0.007803258752240229,0.004217558881531055,-0.002743928464234398
2022-12-09,-0.0074981416789316946,0.004404086803714652,-0.026358962960372552
2022-12-12,0.014314211700427754,-0.0035522143897896534,0.0031921969301325717
2022-12-13,0.00754145723520679,0.001853566131702255,0.009609627347376878
2022-12-14,-0.006414136515116945,0.00802275589918932,0.004262384739654456
2022-12-15,-0.024765795640946334,0.004665415530993445,0.003894080945691735
2022-12-16,-0.011876444934058093,-0.003357472785711803,-0.011233489281151423
2022-12-19,-0.008515839079610557,-0.005232043416178128,-0.01694806074559781
2022-12-20,0.0013676853615997731,0.002787749794717641,-0.01791639964750299
2022-12-21,0.014841713019393844,0.0011683215286929897,0.0025099520776705095
2022-12-22,-0.014369047828388302,-0.0015928200295245159,-0.00019251492476790724
2022-12-23,0.005735645136979099,-0.0006363550446384674,-0.01476914946201677
2022-12-26,0.0,0.00606216291441548,0.0
2022-12-27,-0.003950974633770142,-0.0025889456317026356,-0.019970985258096385
2022-12-28,-0.012505954677625287,-0.0002871907082003092,-0.00590889903693569
2022-12-29,0.017840269217852023,-0.0007444128462590291,0.011287007632418824
2022-12-30,-0.0026375618516112764,0.0029593483845724387,-0.011186841033149753
2023-01-02,0.0,0.004583966492703552,0.0
2023-01-03,-0.004218648560963931,-0.002994245842760573,0.018904035141196943
2023-01-04,0.007690469720567308,-0.012331112219669753,0.013607201803623471
2023-01-05,-0.01147899949340679,0.0056266257915620664,0.004172245950614823
2023-01-06,0.02267304254833644,-0.007965313943903736,0.01822921836236362
2023-01-09,-0.0005669643710465943,0.01266446764454612,0.0053101950153240166
2023-01-10,0.006988226680938349,0.007186750031592487,-0.01668858876994496
2023-01-11,0.012568684297145423,0.0005367494741383354,0.016121159630104038
2023-01-12,0.0036341313535727835,0.0025161245552818563,0.019490689638838078
2023-01-13,0.003872006968879931,0.00871525666027755,-0.00941682824960603
2023-01-16,0.0,-0.0032852201698865342,0.0
2023-01-17,-0.001833586970908898,0.0005088817702902599,-0.006484874116237668
2023-01-18,-0.015913859570685956,-0.003405693577534443,0.02394266390721108
2023-01-19,-0.007306434851686039,0.00042104731419264534,-0.0062794956346073315
2023-01-20,0.018457474496649657,0.0033312026121230954,-0.016344044795568873
2023-01-23,0.011927084325548124,0.002875225962125885,-0.004719490005382405
2023-01-24,-0.001073817389728805,0.0008477594599432104,0.014278199319049922
2023-01-25,0.00037475551628210935,0.0012731397801450267,0.00242198385833052
2023-01-26,0.01093028366611188,0.0031079443693967086,-0.004662657091666305
2023-01-27,0.0022951596719885062,-0.0025307945071393893,-0.002527509110256005
2023-01-30,-0.01262620615012251,-0.002111230865447573,-0.003661292465744958
2023-01-31,0.014596357282217864,-0.0019115507750811752,0.00796293380531794
2023-02-01,0.010571653152728374,0.0009444879359144774,0.01194950689953943
2023-02-02,0.014452122407478715,0.013889426300071808,0.0012935579836811587
2023-02-03,-0.0106859392825191,-0.009830096693875398,-0.015069057800844802
2023-02-06,-0.006130278830413953,-0.010533224660065373,-0.007431074861424107
2023-02-07,0.01299390290899595,-0.005584813467052059,-0.00805837308136489
2023-02-08,-0.01099502790852811,-9.654286024440955e-05,0.004748055510113519
2023-02-09,-0.008706998936251951,-0.0012975112698280708,-0.009518509422914358
2023-02-10,0.0023311037827837442,0.0024677288529569175,-0.011253058382991945
2023-02-13,0.01167056770594534,-0.006029713504830647,0.008379841140197245
2023-02-14,-0.0004602568456686444,0.004923821832562189,-0.0023044646299092684
2023-02-15,0.0032421832786286926,0.000493805176462593,-0.009369049439985004
2023-02-16,-0.013864625193757007,-0.0041033356099456205,-0.014269110729628946
2023-02-17,-0.002501421017900613,-0.0024348106615187685,0.007746025339059877
2023-02-20,0.0,0.0017506575018656283,0.0
2023-02-21,-0.02026481961871516,-0.00017083247061335562,-0.019628665698317494
2023-02-22,-0.001379027432963507,-0.0028695678084155025,0.00912220002104158
2023-02-23,0.0053052907817936045,-0.004347163411922486,0.00972497282237236
2023-02-24,-0.010739923766398018,-0.0007315422531570732,-0.013086382415034958
2023-02-27,0.003400235603650384,-0.004093047633147317,0.002769111893869303
2023-02-28,-0.0037030318812476025,0.005333744882631879,0.004533281667794545
2023-03-01,-0.003843080106978176,-0.003199469102332789,-0.010801091041716978
2023-03-02,0.007747026325656102,0.008625932198623705,-0.008907090473269626
2023-03-03,0.01591066771680532,-0.006508235473883866,0.02393720045508421
2023-03-06,0.0006925805516156475,0.00249404754925224,-0.007783373084306218
2023-03-07,-0.015447491349998165,0.005829571489454962,0.006113817934735051
2023-03-08,0.0016308921160926313,-0.01295549318169404,0.000982647515006085
2023-03-09,-0.018622275087668595,-0.00011604393253258556,0.0024521869536018068
2023-03-10,-0.01453456809532437,0.0033286223856131797,0.03390492995228899
2023-03-13,-0.0014262417362415594,0.00930472022571737,0.0022702383414180435
2023-03-14,0.016394837297828223,0.0038642763226350934,-0.016578325354236548
2023-03-15,-0.006273950132004616,0.00024672420948644856,0.019126249841316337
2023-03-16,0.017392978174801243,-0.013542768888188825,-0.007853660818112037
2023-03-17,-0.01176149801834145,0.0029041044625179304,0.014897428017803256
2023-03-20,0.009569751500895897,0.006079118908904215,-0.008836034041795332
2023-03-21,0.013044884039820624,0.003766032493777598,-0.00862943359898005
2023-03-22,-0.017193308151343886,0.0051261462943097014,0.013245594132762061
2023-03-23,0.002699681834576793,0.008884978951823826,0.0
2023-03-24,0.006540716335568129,-0.003255851136334388,0.004219873508013241
2023-03-27,0.0018681738098071951,-0.0052627456329634136,-0.023771073868143835
2023-03-28,-0.0022475322020842556,0.002676531691747025,0.0018193792373906203
2023-03-29,0.014430351417580315,0.0029980508706151767,-0.002011187700225436
2023-03-30,0.005838182207993195,0.00037945700938650024,0.004590927147329937
2023-03-31,0.013996310936060694,0.00561102204353324,0.01486980258166676
2023-04-03,0.0038034733018603244,-0.00933429102172971,0.004692055995277701
2023-04-04,-0.005563789708492244,0.010032490718915488,0.004959383218439731
2023-04-05,-0.002621726623931731,0.0043744645083256635,0.01040046481693445
2023-04-06,0.0038933424636558417,-0.005192595096162725,0.002583140319953756
2023-04-07,0.0,0.001538549661100185,0.0
2023-04-10,0.0010258324818076198,-0.0006003677951654333,-0.01625595649103573
2023-04-11,0.0002686130066058897,-0.004062541073859795,0.0020580976198556404
2023-04-12,-0.004084397997789233,0.004422717649457876,-0.001028396104887083
2023-04-13,0.013195411965949136,0.007517639083118104,-0.007889534076947683
2023-04-14,-0.0024458573571067605,0.004962212603613521,-0.009188700464119258
2023-04-17,0.003581828682575005,-0.0061715209978287396,-0.011967125101195023
2023-04-18,0.0006522101084806905,-0.005587493587279635,0.003557001770987037
2023-04-19,-0.00016911606726249947,0.004566272411435851,-0.0009600410049044226
2023-04-20,-0.005472182503780324,-0.002115996750198505,0.008513190383749059
2023-04-21,0.0007767332301200135,0.0017100195037914891,-0.005635407410021713
2023-04-24,0.001042617585505257,0.0019436539865792446,0.009627739924962232
2023-04-25,-0.016001093241706798,0.006097313856667734,0.014597447145476715
2023-04-26,-0.004244683304411796,-0.007360557750447326,-0.010715341751675673
2023-04-27,0.01971249982402682,0.006255217206481515,-0.009972062063545529
2023-04-28,0.008498870572812652,-0.0013799111710280244,0.016001855403454012
2023-05-01,-0.0010102372553274857,-0.0019178010282847264,-0.02925842567990728
2023-05-02,-0.011302684737554244,-0.0037915711025151917,0.024614384412160586
2023-05-03,-0.006887875332521497,0.0037915711025152355,0.005566410187760471
2023-05-04,-0.00710813192515207,0.0052549776984911626,-0.0099275186321948
2023-05-05,0.018343335399834577,-0.004164264686122795,-0.003331501793449046
2023-05-08,0.0002666473046648455,-0.0003857253962110418,-0.01411378827706404
2023-05-09,-0.00439506477531786,-0.002047395993579254,-0.0035841036701899044
2023-05-10,0.004661486972889789,-0.002865913186300644,0.009657181781425005
2023-05-11,-0.0017453964639293448,0.0017668981432014084,0.010516363920561711
2023-05-12,-0.0013112039628587642,-0.006568885442957101,-0.008404258615186577
2023-05-15,0.0034442069108134073,-0.005462812705340129,-0.010411433582644566
2023-05-16,-0.006705074067036448,0.0019335633003228461,-0.003008787223062922
2023-05-17,0.012065772309451188,-0.0007390751916854932,-0.002920344199508055
2023-05-18,0.00958716725050873,-0.0025176532621469594,-0.007436332025518403
2023-05-19,-0.001456137813338295,-0.005824982238710198,-0.007096356840306244
2023-05-22,0.00040595236365634566,0.004384526476817772,-0.0035675438389716134
2023-05-23,-0.01128637195158448,-0.0010816775529980448,0.0028745955242970357
2023-05-24,-0.007271061719105887,-0.003830587378759216,-0.0049610181920685895
2023-05-25,0.00862250996650069,-0.0011517220146606885,-0.0024901621936704527
2023-05-26,0.012867520699055722,-0.0030611228585489007,0.008045091205282948
2023-05-29,0.0,-0.00012872774100575668,0.0
2023-05-30,0.00038083976839148234,-0.0014359146269737272,0.009941312217145093
2023-05-31,-0.0055605435766913165,0.0023693153366323217,0.008679250705043131
2023-06-01,0.009456037681020331,-0.0035357396735581593,0.00391588908725289
2023-06-02,0.014357724476734467,0.0061149472576090295,-0.01101871514064832
2023-06-05,-0.001917973535458811,-0.005793991984985513,-0.001864562775970905
2023-06-06,0.002174945918582365,0.0012310444535194906,0.005876650225096133
2023-06-07,-0.003463716715494956,-0.0012845298458358555,-0.014955144964769572
2023-06-08,0.0060301856074412765,0.0008775787233301165,0.011628950564116385
2023-06-09,0.0017928020255596347,0.007005755705541979,-0.001372599740316928
2023-06-12,0.009031043273826835,-0.002950108908663662,0.0029394822326598855
2023-06-13,0.006571248108709525,0.001118733030584114,-0.009930060182001125
2023-06-14,0.001190226227433519,0.0024462092295930112,0.007971394279910147
2023-06-15,0.012321285568985546,0.004964585042939019,0.009560209865494764
2023-06-16,-0.003411779871623285,0.0094453390353827,-0.0038909981202711334
2023-06-19,0.0,-0.00035019805065028125,0.0
2023-06-20,-0.005201797932852591,-0.0016290790607261115,0.006895941753040553
2023-06-21,-0.00513686306941225,-0.0003603890756642699,0.0024168903626517004
2023-06-22,0.003603064940415071,0.0065958385047388485,-0.012143719367143462
2023-06-23,-0.007588573998653493,-0.0030732684689762355,0.00992071662392852
2023-06-26,-0.004094257478642601,-0.004777632503592381,0.0010637256969551817
2023-06-27,0.010903647192888036,0.00034915070130469645,-0.0026135092397219415
2023-06-28,0.0005041833382438017,0.004275092385421326,0.0042557171441567985
2023-06-29,0.003933676723622445,-0.0037840835446616475,-0.01821339638212355
2023-06-30,0.011731755504897528,-0.004389391468142812,0.01172600975230723
2023-07-03,0.0011497809102013654,0.0036256293054996442,-0.005685256983692224
2023-07-04,0.0,0.0005127715237786305,0.0
2023-07-05,-0.001488346479673569,-0.002583028033271871,-0.009547793102889817
2023-07-06,-0.007861393835023909,-0.002609042610231512,-0.01424432505692239
2023-07-07,-0.0025279285137442473,0.0031316333957207934,-0.00603705784358423
2023-07-10,0.002527928513744244,0.007235687276283276,0.0013109792108667243
2023-07-11,0.00634834895583935,0.0032964262291078506,0.0051275474862596485
2023-07-12,0.008013702273391704,0.0007375598559580265,0.011069560045295537
2023-07-13,0.007905602839790625,0.011777095963888725,0.01045790615857944
2023-07-14,-0.0006230801632776656,0.007056971456513566,-0.0059061552424344715
2023-07-17,0.003466061352970879,0.00038176749039734993,0.0004934496339486624
2023-07-18,0.007403316282539558,0.0008760804247069806,0.0045291528066369055
2023-07-19,0.0022212468759442226,-0.0007750081239521136,0.011233052851663546
2023-07-20,-0.006656530224380918,-0.0021089211406578354,-0.012216075413267477
2023-07-21,0.0,-0.006099333142796828,0.00029483695481697964
2023-07-24,0.004457252447121948,-0.0010575594390251743,-0.0036434148198875383
2023-07-25,0.002726416107756678,-0.0056025324565005105,-0.0018764305497936803
2023-07-26,0.00015362970729420217,-0.0011498495492447674,0.000988255796181792
2023-07-27,-0.006652055119190005,0.002522653382695378,-0.019644989220074256
2023-07-28,0.00974285876965258,-0.0090322881585568,0.005123348814264234
2023-07-31,0.0019021233592918247,0.004136542263487061,0.0024015252815194287
2023-08-01,-0.002865750617300875,-0.002422420040456656,-0.01652288822921392
2023-08-02,-0.0140084649368161,0.000935235248612383,-0.010756737091261327
2023-08-03,-0.0028699847855809275,-0.005806247203498307,-0.02334172035428757
2023-08-04,-0.004532933009369728,0.000678808663551108,0.017557597194454037
2023-08-07,0.008690688384218867,0.004654296286017525,-0.009890612682027018
2023-08-08,-0.004358209219964037,4.3987404008198875e-05,0.011546353578321728
2023-08-09,-0.006707829543171995,-0.004030051842362894,0.005157999063108196
2023-08-10,0.00035895346268198405,0.0017110349162026246,-0.016599815948864716
2023-08-11,-0.0005831160433241496,0.0003623075742100826,-0.0023041575011339328
2023-08-14,0.005504714927097554,-0.0033984892951348677,-0.0022043785007289027
2023-08-15,-0.011717282820911333,-0.003157967124503774,-0.0061136054325352735
2023-08-16,-0.007365215175701335,-0.0005235270892915599,-0.007854652992933591
2023-08-17,-0.007649125846689893,-0.0026897159765402793,-0.004271574281972449
2023-08-18,0.0004812578823554143,-2.170477883410121e-05,0.003525005660846454
2023-08-21,0.006485301337497333,8.703551240746353e-05,-0.013419757168908697
2023-08-22,-0.0027124503687289917,0.0020903019933335067,0.0076445115427917435
2023-08-23,0.011076387168511639,-0.004751376251991785,0.024475543065467856
2023-08-24,-0.01395614965527389,0.001758781883683745,-0.006615842328957977
2023-08-25,0.007025065052056626,-0.006152814519424532,0.0032610162589754104
2023-08-28,0.0063212829129091295,-0.00016206242353233513,0.0010492793289912205
2023-08-29,0.014351357864383331,0.0026055993913910217,0.010332724493588016
2023-08-30,0.0041104113814718676,0.004024426701277785,-0.0010386682548781559
2023-08-31,-0.0014645731077707806,0.005810180468786455,0.004459439457613429
2023-09-01,0.0018635727069019107,-0.008122741160144649,-0.0157010773218824
2023-09-04,0.0,-0.006312829592228983,0.0
2023-09-05,-0.004331210221780315,0.0017254962677647017,-0.014121704074438395
2023-09-06,-0.006745210844362565,-0.006348504572645787,0.002456421198516404
2023-09-07,-0.0030748828861069306,-0.00018239543948600666,0.0027696535293486855
2023-09-08,0.001504921911409315,-0.0024634271506725662,0.0038220800838467016
2023-09-11,0.0065550439805438145,0.0018952427901441611,-0.00723192548186669
2023-09-12,-0.005500600703176778,0.003005598219411332,0.005747301482196797
2023-09-13,0.0011652877636210489,0.00026886842534049965,-0.00021238740903849302
2023-09-14,0.008585305054309687,-0.0017727594378958128,-0.007244160538730982
2023-09-15,-0.012121487482187901,-0.009082696335297987,-0.006112822778912202
2023-09-18,0.0005862600864416141,0.002918822702197699,0.005685007953763795
2023-09-19,-0.0020759109665981555,0.0022856390003425054,-0.007407874956816979
2023-09-20,-0.009235710474293177,-0.0009939536517845262,0.0031202814646921857
2023-09-21,-0.016666548747495888,-0.0027202094957808733,-0.026009382376985836
2023-09-22,-0.002251106376706125,0.0007992186092448136,0.008016384778800055
2023-09-25,0.004196392286651096,-0.00122531937458651,-0.024917210083792926
2023-09-26,-0.014800310991899133,-0.005352496698744066,-0.0034819712252943317
2023-09-27,0.000399049385933275,-0.0020949525340855537,-0.005189697794045981
2023-09-28,0.0057806573502168015,-0.006090472631852323,0.0030495309337652036
2023-09-29,-0.002429745573645929,0.005424924814573403,0.00011282145518534464
2023-10-02,-0.0003978619202801384,0.00026406078697280267,-0.016881798089637755
2023-10-03,-0.013476498107857471,-0.008028972380780758,-0.02174646657354623
2023-10-04,0.007255527023455846,-0.0008067501641140518,0.014009247781146386
2023-10-05,-0.00037678356497747024,0.003314779770723716,-0.004997540539907995
2023-10-06,0.011802996034056825,0.003758088703719646,-0.012191052358707188
2023-10-09,0.00638179031169705,0.0019741653150437614,0.023198515842988057
2023-10-10,0.005191195399700407,0.0010784244414369746,-0.001383649253266553
2023-10-11,0.004087962552920491,0.0024468013261512104,0.020671161716803128
2023-10-12,-0.006115189774208064,0.0018362293444184133,-0.027502884538711074
2023-10-13,-0.004993175392468315,-0.008273875947999566,0.01773443181661937
2023-10-16,0.010466384866687349,-0.001442402272883807,-0.016224988790698332
2023-10-17,-4.589736553555781e-05,0.003108649372107452,-0.011082040001187605
2023-10-18,-0.013414448411640384,0.0017746511949465053,-0.00883658599618991
2023-10-19,-0.008825426395763792,-0.0032722255890128117,-0.020686148432276556
2023-10-20,-0.012364099918453409,0.004541865427760706,0.0056623676941647124
2023-10-23,-0.0017348083951882892,0.000328189985652953,0.011942045755239062
2023-10-24,0.007511188040751205,0.007515330568956494,0.013090944651314596
2023-10-25,-0.014456180942413608,-0.007006876982751212,-0.022512955051108056
2023-10-26,-0.012046811451573889,-0.0026558561409556923,0.015222115105041123
2023-10-27,-0.004543272588232233,-0.000264123396465434,-0.00425810125423767
2023-10-30,0.011884968231164712,-0.00019015336292734387,-0.004514094490597595
2023-10-31,0.006260756281055876,0.00496607740248526,-0.00489353647123155
2023-11-01,0.010608151112999183,-0.0033910961552048305,0.02145049881157726
2023-11-02,0.01898316480812128,0.0007514310744385675,0.02254096165700896
2023-11-03,0.009082013057030571,0.0030218690662464926,0.006755292371092891
2023-11-06,0.0022977753453691557,0.010590070261934276,-0.009747121589721297
2023-11-07,0.0028420035030114654,-0.0009869601713545283,0.01464226205322668
2023-11-08,0.0007321435978390503,-0.0023773226566195147,0.016890359627135403
2023-11-09,-0.007829398676411258,0.001337967170313203,-0.023269732825643184
2023-11-10,0.015484429539741988,-0.004008444256324299,0.005584136909155682
2023-11-13,-0.0009537072163898663,0.0021144041770807375,-0.0022755945554855978
2023-11-14,0.01921483453630879,0.0010910067705588759,0.022414847353339838
2023-11-15,0.0021148483377047647,0.016357010041172345,-0.014133657443502213
2023-11-16,0.0012224148389881236,-0.002184097901422437,0.012349820649764342
2023-11-17,0.0012429098242123277,-7.600105306852202e-05,0.004675455446260683
2023-11-20,0.007668290158020433,0.004896069984269191,0.006089778672926176
2023-11-21,-0.0021818722447999412,0.0035620486609204824,-0.00044155654957272295
2023-11-22,0.0038534694095681294,-0.002536177693585343,0.003527762846544345
2023-11-23,0.0,-0.0025080369331155557,0.0
2023-11-24,0.0006152099350814764,0.0014168049098633336,-0.011845051244777714
2023-11-27,-0.0018026618736435257,0.0031240227376338517,0.016565686962701297
2023-11-28,0.0009896527401799893,0.0016424521405810828,0.0019697888060515594
2023-11-29,-0.0007036802181210651,0.004327051344560341,0.01249262625951028
2023-11-30,0.0039297649987687505,-0.002934399365846547,-0.011618492027826213
2023-12-01,0.005898502022767548,-0.007467027019537532,0.01865873038091787
2023-12-04,-0.005263240976742029,-0.00035937594202298576,-0.0039869778985274955
2023-12-05,-0.00019721407022136404,-0.004638469420250361,0.021258265211025213
2023-12-06,-0.00403784382048264,-0.004077545141317587,0.013230000377292736
2023-12-07,0.007601323884688295,-0.002500922451081591,-0.00575329676985414
2023-12-08,0.004290032573335,0.002360648944021793,-0.008216795479187956
2023-12-11,0.003881986234075163,-0.0024467931186417952,-0.002117714247727452
2023-12-12,0.0045568143970134345,7.529351741870235e-05,0.0029633463563819313
2023-12-13,0.013695846613872504,0.0029760816224084843,0.023191412021082703
2023-12-14,0.0032043603305723922,0.00806654911765591,0.02568047298377396
2023-12-15,-0.0016477517650863435,0.009823959841428425,0.0011098163004450278
2023-12-18,0.005609258664418925,-0.008985279259387994,-0.007999509608976578
2023-12-19,0.006062398946704612,0.002618234905509399,0.0053739502732814606
2023-12-20,-0.013954170787200655,0.005224244187125721,0.006752321719007536
2023-12-21,0.009437207902696105,-0.003223207515872975,-0.006347887356182313
2023-12-22,0.0020076467649455363,0.005509994507837824,-0.004558953929960501
2023-12-25,0.0,0.0018507322966524104,0.0
2023-12-26,0.0042137773428390065,-0.0005732601708578364,0.002839020401776124
2023-12-27,0.0018063362564399376,0.002062891339460544,0.017564545690781724
2023-12-28,0.00037777283281090993,0.005925594861729413,-0.00728938202750263
2023-12-29,-0.0028992506481289775,-0.003648070996618757,-0.009060755410775953
2024-01-01,0.0,-0.0011173031398486696,0.0
2024-01-02,-0.0056119688828073075,-0.0015466483428338857,-0.005781227974264608
2024-01-03,-0.008200343677934268,-0.008825030908954975,0.00416177564007576
2024-01-04,-0.003226341414821637,-0.0012793338874625213,-0.015311056738275214
2024-01-05,0.0013687315930584936,0.0017937674187858852,-0.009612030916188277
2024-01-08,0.014174977033970176,-0.0004706370138586311,0.009817478297931745
2024-01-09,-0.001518081097990507,0.0008647516893451855,-0.006396366511965403
2024-01-10,0.005639466470761317,-0.001761655404589585,-0.004668027648399161
2024-01-11,-0.0004407701354845292,0.0038995772423958907,0.005599183163172931
2024-01-12,0.0006926081154209063,0.0005927674404054035,-0.001966475677178336
2024-01-15,0.0,-0.0032781369315876235,0.0
2024-01-16,-0.0036780622036740093,0.0,-0.017770057147186397
2024-01-17,-0.005574201725694559,-0.006132515484610715,-0.0015831651539607162
2024-01-18,0.008853436184748324,0.0006419301064366271,-0.009339075223653528
2024-01-19,0.012389217300542333,-0.0006093855084178445,0.003193466136198568
2024-01-22,0.002112024490992925,0.001208331125892878,0.005934312831115746
2024-01-23,0.002912169004337531,-0.0011103749904406092,-0.007955602280567884
2024-01-24,0.0010926657147703844,-0.002054265784688464,-0.005874213904503497
2024-01-25,0.005424168909823925,0.002195704525871863,0.00651312018572493
2024-01-26,-0.0012713351829032272,-0.0031940891678824117,-0.001917488833684832
2024-01-29,0.00788824366135556,-0.00032535760494948154,0.011450617004494726
2024-01-30,-0.00077372736725572,-0.0008346524768681695,0.009025279862281216
2024-01-31,-0.01645198338467447,0.0008237687543271816,0.009772060969239427
2024-02-01,0.013003334446699127,-0.003647544052697876,0.019426311552944508
2024-02-02,0.010472206264079274,0.006525183225310071,-0.022336506066911732
2024-02-05,-0.0036477140321429873,-0.008737607110913186,-0.020400452869301332
2024-02-06,0.0028991749556893155,-0.0035510454839929734,0.009726430772939242
2024-02-07,0.008305716169802907,0.0014296890422369148,-0.0048510746054438395
2024-02-08,0.00044165296040262766,0.0017226241286986182,-0.005831604853949155
2024-02-09,0.005762636564946144,0.00014004449588271426,-0.002022592712144549
2024-02-12,-0.00043892637658381705,0.0019417861621720967,0.0011713921184193874
2024-02-13,-0.013868907089604235,-0.0024050255479935757,-0.017283451259408444
2024-02-14,0.009046749757715036,-0.005896552843757327,0.005076265192421944
2024-02-15,0.0068760360062306404,0.002165564317311469,0.0051580707733327805
2024-02-16,-0.004992414971991749,0.003881700407994871,-0.0058044976066542985
2024-02-19,0.0,0.0010241725388866125,0.0
2024-02-20,-0.005520655080640676,-0.0008841038873163796,0.0008622074688109158
2024-02-21,0.0009054094512185585,0.0034974498351770826,-0.0071346419395994275
2024-02-22,0.02048424758962334,0.0006706143712432586,0.004869932395351288
2024-02-23,0.0006894821917777884,0.00048705682179849387,0.013297772309579313
2024-02-26,-0.003669302612937959,-0.0005195577476647977,-0.0029874682962278006
2024-02-27,0.0018560248182950727,0.0028497835192925793,-0.007076900121837203
2024-02-28,-0.0013224528826255336,-0.0005640750300104818,0.006328795937838881
2024-02-29,0.0035883976229513503,-0.0005529550220347515,0.007032771934746795
2024-03-01,0.009344534807310742,-0.0031275423260024677,0.0062114186503997686
2024-03-04,-0.0010729743748649023,0.0034852552521659795,-0.004030357606109488
2024-03-05,-0.010044468835889815,0.0011500159935793875,0.014141226353570582
2024-03-06,0.005054519903692807,7.59911547539199e-05,0.005850946879682326
2024-03-07,0.0098774469234659,0.004002993860566666,-0.0009382275238891708
2024-03-08,-0.006020356279810504,0.004632161004990791,-0.0017740901624195466
2024-03-11,-0.000860232712915245,-0.0006567834304138422,-0.0005224064446181216
2024-03-12,0.010699962939035705,-0.0010609555545411638,-0.008396639346388535
2024-03-13,-0.0015685766790581694,-0.00032786603029042014,-0.004860008104444537
2024-03-14,-0.0019788393007271667,0.0025165550941543685,-0.015475825221165179
2024-03-15,-0.006890391383539899,-0.006584324557311425,-0.00032258886019081794
2024-03-18,0.005925687296149072,-7.623792150198477e-05,-0.00301738653932048
2024-03-19,0.00554164431085564,-0.000794052298820581,0.0028021475445718794
2024-03-20,0.00920682947831991,-0.0009782543487731165,-0.00032312833135687006
2024-03-21,0.0032990432117821107,0.006780030280211767,0.0021507283889132594
2024-03-22,-0.001897372591219975,-0.0068669447570795595,0.009515438017020936
2024-03-25,-0.0027665969552106424,-0.0050598547354209515,-0.0050136999394535635
2024-03-26,-0.0018488003502574156,0.0028355898951227965,0.0027762584953337534
2024-03-27,0.008368809460891911,-0.000541735721696503,0.009869282428678326
2024-03-28,-0.00019105723396523852,-0.0017533000294245103,-0.0008450418746506579
2024-03-29,0.0,-0.0017503055199580492,0.0
2024-04-01,-0.001741566825060971,-0.00016180108386803512,-0.018816918577051457
2024-04-02,-0.006378194395167331,-0.005156421839743476,-0.005525858440685125
2024-04-03,0.0010976909748259915,0.002914025833319365,-0.00021708737207770266
2024-04-04,-0.012281015550445987,0.006460427276889821,0.007146518472903427
2024-04-05,0.010392605455336707,-0.00011923458450640673,-0.01401655863875893
2024-04-08,0.0005592786889269663,-0.0006067326380173935,-0.00010926345092373202
2024-04-09,0.001156123734366432,0.003058958337697158,0.009258440043219573
2024-04-10,-0.010063755526060328,-0.0004019198697015849,-0.02203432808667509
2024-04-11,0.007518649761941376,-0.010886717095524747,-0.004554860248138788
2024-04-12,-0.013899114752343709,-0.0013847416017447754,0.005330500420030747
2024-04-15,-0.01260742933629622,-0.007225148247919505,-0.01562684748656581
2024-04-16,-0.0018254528722571523,-0.0022446258334513653,-0.0066595221102531115
2024-04-17,-0.005935757700413069,-0.000403625498250325,0.011037286322871964
2024-04-18,-0.002059888526688224,0.004503013980535367,-0.00505292666705929
2024-04-19,-0.00876665026417122,-0.002365888034312739,0.0035957686509671244
2024-04-22,0.009167051448542955,0.0013207774304029281,-0.0016839276116787088
2024-04-23,0.011796718419985818,-0.00039422626838334047,0.00033708854858923766
2024-04-24,-0.0004747030691929033,0.004709463664304997,-0.007101490790030857
2024-04-25,-0.0038061322727661103,-0.0004173729458229782,-0.007038332663423001
2024-04-26,0.009429295594075413,0.002775201791036396,0.005226667002336857
2024-04-29,0.003535109586503367,-0.002122318925900117,0.008351279059863471
2024-04-30,-0.01596804143006013,0.0008247938079739085,-0.008577908217063128
2024-05-01,-0.0032523087148499936,-0.004597165828774006,0.007343715057052003
2024-05-02,0.009309852910502436,0.005143796890728481,0.004281857467882266
2024-05-03,0.012319078851600494,0.0010728188714235368,0.010068488130735275
2024-05-06,0.010273900386270745,0.0023316917706926814,0.0038881886068249435
2024-05-07,0.0011029363726240758,0.0008717944924890549,0.0060793767071901554
2024-05-08,9.659830354488587e-05,-0.0015815538797213848,-0.006079376707190189
2024-05-09,0.00574538924512986,-0.0003331609149222311,0.004866659341910753
2024-05-10,0.0012872794721185815,0.003552685995199825,-0.005642976185930068
2024-05-13,0.0001341781141264337,-0.0013687557229370368,0.002548642308615254
2024-05-14,0.004577848633596686,0.0021457068323342014,0.005629117341594907
2024-05-15,0.012307022574245924,0.0019447012704893634,0.013554899298568755
2024-05-16,-0.002059759065787944,0.006934418446712236,-0.000977664784901622
2024-05-17,0.0014366295068171599,-0.0020233852741519107,-0.006761204493739294
2024-05-20,0.001151272460572113,0.0007065954020106566,-0.002958708724905543
2024-05-21,0.00244970022129263,-0.0013476122728719713,0.005144550940735089
2024-05-22,-0.00288366776238781,-0.0005211701182829347,0.001200290188106512
2024-05-23,-0.007331087212715895,-0.0027643117547025264,-0.006454601518316714
2024-05-24,0.006594721309515062,-0.00115750095218525,0.0029592177240988743
2024-05-27,0.0,0.003227302320858273,0.0
2024-05-28,0.0006986258374848982,0.0013134725606132052,-0.01443974077886234
2024-05-29,-0.007027263265614782,-0.0009228747019577188,-0.012175480286422279
2024-05-30,-0.006655558830778619,-0.004622998667696261,0.009618811022622653
2024-05-31,0.009066625840187264,0.003104909521282527,0.006766799443591637
2024-06-03,0.0008152646693363588,0.0016266164009212727,0.016044961255321063
2024-06-04,0.00111714667793236,0.004993990868639649,0.011613722362872217
2024-06-05,0.011815105810351504,-0.0023423607924120534,0.007311009519963074
2024-06-06,-1.8757654735676046e-05,-0.0006743892561967788,-0.0015009189475022134
2024-06-07,-0.0012164815134503508,0.0018284745320394033,-0.018516156889538716
2024-06-10,0.003085241719171507,-0.01066294302103243,-0.006688891911357128
2024-06-11,0.002405209518478453,-0.0013572604550408907,0.010289016329838068
2024-06-12,0.008179565345333234,-0.002225800503826526,0.007485917888399346
2024-06-13,0.002011369672701469,0.006757078068328593,0.014592584747842753
2024-06-14,0.0006082006776034688,-0.006896604999001071,0.008379594768864402
2024-06-17,0.007927552869230097,-0.0034198826115549425,-0.009978811676490083
2024-06-18,0.002537497687071973,0.0035917077512609224,0.009133557108120001
2024-06-19,0.0,0.0001503782682153156,0.0
2024-06-20,-0.002720483837066507,0.0008597736998856827,-0.006682785380985145
2024-06-21,-0.001341277845727193,-0.0042057311718622144,0.0
2024-06-24,-0.0032559191729990464,-0.001743605181274369,0.00403601502042333
2024-06-25,0.0038431287919823555,0.004198394017140161,0.001694714931727413
2024-06-26,0.0012474927847006187,-0.002154984774998893,-0.014388696175404352
2024-06-27,0.0015752203432355452,-0.0027592942995265965,0.003964381227775862
2024-06-28,-0.003942942738950842,0.0026522078836921812,-0.01878103568254967
2024-07-01,0.0020560237092508457,0.002498179976998341,-0.01740942788974168
2024-07-02,0.006707233009539323,0.00017177131184862907,0.007755287711915697
2024-07-03,0.004452592693405503,0.001052856180220774,0.013047782048027453
2024-07-04,0.0,0.0041682348697401434,0.0
2024-07-05,0.005749809169668378,0.0016094691090687886,0.008244808663793617
2024-07-08,0.0011534315582365407,0.0014172852076074353,0.00215836899793182
2024-07-09,0.0009720371138128973,0.0004547759228130968,-0.004429708662734263
2024-07-10,0.009846531525781839,-0.0014935765778125393,0.0031349205639627656
2024-07-11,-0.008659842723666648,0.0017101581900879357,0.009668499261931035
2024-07-12,0.006287592655747127,0.003635807059775768,0.004267098016944352
2024-07-15,0.0027462902588418882,0.0011749830043506,-0.011563369129915372
2024-07-16,0.00591260159079859,0.0014706445837827978,0.014008670659826652
2024-07-17,-0.014120240564024377,8.714869009948449e-05,0.00021249579506095708
2024-07-18,-0.007714660203140911,0.003451186130679682,-0.007673685788081997
2024-07-19,-0.006662675135904506,-0.0035383348207792247,-0.0059017719221850975
2024-07-22,0.010257295669400018,-0.00021806902047437983,-0.002909792845784591
2024-07-23,-0.0015699638072329209,-0.0008607103043199634,-0.001404067080185096
2024-07-24,-0.0229233920146443,-0.003598023824621103,-0.010867278997211433
2024-07-25,-0.0052240467001008,-0.001030279115602503,0.008161442696946465
2024-07-26,0.011137649480786122,0.0010845501051682765,0.007772736937516623
2024-07-29,0.0005878586706525525,0.0002279279649853626,0.005362728557471173
2024-07-30,-0.005079663571638117,-0.0031643268838695902,0.003843337907447755
2024-07-31,0.016123925168381226,-0.000313732752850657,0.010177178352653346
2024-08-01,-0.01426197827287098,0.0007249515519942542,0.008587917303487435
2024-08-02,-0.018793990173105585,-0.003360575274130169,0.03068557730647733
2024-08-05,-0.029556266227273642,0.011358892636365312,0.005277066945833479
2024-08-06,0.009177306828553562,0.0036727188635252233,-0.022622322995205887
2024-08-07,-0.006706483045016124,-0.002264177736969658,-0.007064856542927303
2024-08-08,0.02285426312980135,0.00017476919764680034,-0.006170786968991532
2024-08-09,0.004399881179276231,-0.0011357816835573652,0.009813153158443706
2024-08-12,0.0005252671547187688,-0.0001747493716200307,0.003629406974773664
2024-08-13,0.016311964010714445,0.0020538861067455733,0.006911461676446528
2024-08-14,0.003149699160198637,0.0055381610934357155,0.006250956669632782
2024-08-15,0.01699504262620347,0.0014746939005726885,-0.00810310519899151
2024-08-16,0.0022395968496822147,-0.0036826722529141836,0.0034954181896591162
2024-08-19,0.009516008931221401,0.0047515321311987135,0.004607687009332277
2024-08-20,-0.001627383846313497,0.005561019879638232,0.007936435552611004
2024-08-21,0.0034305680333579715,0.0037320558476400963,0.000607796397864914
2024-08-22,-0.0078795874463419,0.0024622620655040902,-0.009975694457485617
2024-08-23,0.01056944554461135,-0.0034299728738610585,0.006525940674514626
2024-08-26,-0.002386876468126889,0.006345743377981108,-0.0025439097275942986
2024-08-27,0.0013723517083821075,-0.00207885092799286,-0.001733801358443988
2024-08-28,-0.005822100753375148,0.0011842694816812614,-0.0012257425183309016
2024-08-29,8.918930009607184e-05,-0.004750552482151741,-0.0032756969076545065
2024-08-30,0.009501020507190653,-0.004008112199441631,-0.010720581251861616
2024-09-02,0.0,-0.0032191761828710523,0.0
2024-09-03,-0.02079383881791606,0.0020453785580929677,0.016222870545946178
2024-09-04,-0.0020487018916782052,-0.0016808504021881394,0.012807902169924421
2024-09-05,-0.0024352565431288295,0.002854648026966245,0.005639989960445762
2024-09-06,-0.016973441267510683,0.00276294806597193,-0.00010063734904782036
2024-09-09,0.01113392506144728,-0.002153233494915558,0.004309789992600454
2024-09-10,0.004346456312344132,-0.004491381464581687,0.006976369307056793
2024-09-11,0.010206583572538503,-0.001499998659979876,-0.000794682003323042
2024-09-12,0.00838784610743805,-0.0009143102407975252,-0.0046824166811115986
2024-09-13,0.005209192398903249,0.006063349541865301,0.002692239289962321
2024-09-16,0.0014758374472087982,0.0009531874092985786,0.009120997754706149
2024-09-17,0.000408428142247504,0.003699262354885196,-0.004847530840714165
2024-09-18,-0.002970009839913629,-0.000578565328448507,-0.012473386956356103
2024-09-19,0.016920308323790854,-0.0007449134913267066,-0.0033190938339653286
2024-09-20,-0.0017302082635660982,0.004232548367000081,-0.0038355966788531514
2024-09-23,0.0024957878697962413,-0.00010050347335537372,-0.0021259871641542455
2024-09-24,0.002857183171964836,-0.004409974978158182,-0.00020278326430526994
2024-09-25,-0.002207900852033653,0.007125781740235711,-0.008346824232552078
2024-09-26,0.003956852267685718,-0.005390814663425928,0.0023480968354535592
2024-09-27,-0.001451233944932296,0.004138093124158308,0.00518743637834084
2024-09-30,0.00399929847870703,-0.0006591266714528767,-0.0047795564172854405
2024-10-01,-0.008998973160204217,-0.0029778807029176247,0.007193839851186877
2024-10-02,0.00042198467364129805,-0.006549189271602771,-0.00846286471904791
2024-10-03,-0.0018299608421714036,-0.0013930498135306555,-0.009464876501948393
2024-10-04,0.009046274758810917,-0.0011704967526167996,-0.01237733204286079
2024-10-07,-0.00908148860476716,-0.005546439110082104,-0.007563781957768698
2024-10-08,0.009413218435385928,0.00010970371752365722,0.0016855681418827585
2024-10-09,0.0069023892108970196,0.0,-0.005701106158869117
2024-10-10,-0.0017513539442529254,-0.0029590431965937944,-0.0039249425897002425
2024-10-11,0.005970375496356955,-0.00086421555971023,-0.004047437909993663
2024-10-14,0.0081451921573119,-0.0007759235067422933,0.0007467520377057572
2024-10-15,-0.007800264413030115,-0.001484810288522294,0.012084261954557475
2024-10-16,0.004336996098166929,-0.002299151620178001,0.004205632051617642
2024-10-17,8.600071030762595e-05,-0.001989764157045954,-0.01596969929106071
2024-10-18,0.0038390623573078863,-0.003036945137003784,0.0007457791253145608
2024-10-21,-0.001643523314490665,0.0036018577389630843,-0.01762535888447625
2024-10-22,-0.0005312140126283128,-0.004684178358743221,0.0009754935261550064
2024-10-23,-0.009179582112508515,-0.0019021563077478245,-0.002711816860777772
2024-10-24,0.002160467106629352,-0.0015536373352375663,0.006387853327049718
2024-10-25,-0.0003453569237867163,0.004040108121261029,-0.0056280661408713035
2024-10-28,0.0030865539758335395,-0.0025512817216714694,-0.002716580679495009
2024-10-29,0.0016170714627323846,0.0018695482944515605,0.001522150971825065
2024-10-30,-0.0030297943793906935,0.0003570095333019306,0.00292970529810215
2024-10-31,-0.019797884833123065,0.0035555281178905286,0.0016236135615840819
2024-11-01,0.004211707102523141,0.0024788833789448966,-0.014198449397314211
2024-11-04,-0.0021563248834115547,-0.0010661677399955972,0.015402435287526767
2024-11-05,0.012019508942895983,-4.3521069384201406e-05,0.005297782619165941
2024-11-06,0.024561156561278667,0.005539332429711126,-0.02777058546950448
2024-11-07,0.007702428174841069,-0.01858962293453205,0.012450159786375339
2024-11-08,0.004322357236601065,0.005769485943921089,0.012620964083267421
2024-11-11,0.0009524321224865732,-0.0074639193703969955,-0.004877111114168513
2024-11-12,-0.0031111710419115435,-0.004724823568674232,-0.015106944628844819
2024-11-13,0.0004856507515451121,-0.004479643966715406,-0.009531246320313316
2024-11-14,-0.006450760010016546,-0.004966864548694718,0.005773891688113951
2024-11-15,-0.012891483709558976,-0.003227449035962479,-0.0026607382016150525
2024-11-18,0.004089038602607004,0.00034760225258057047,0.0017746424135867687
2024-11-19,0.003648915102352666,0.005789229842806905,0.005084452728060136
2024-11-20,0.000338559343037983,0.0011979117760981743,-0.003202574077941336
2024-11-21,0.0053539950530813426,-0.005806694288349814,-0.0007746563176318898
2024-11-22,0.003094705829717668,-0.0073132804671590685,0.0005532433182832401
2024-11-25,0.00338636485522849,0.0010054927377039545,0.02555871698331044
2024-11-26,0.00520779653910303,-0.0034002086829324754,-0.0038898139143449936
2024-11-27,-0.003034688409689223,0.00448025683300722,0.006904838117365994
2024-11-28,0.0,0.006768694192798784,0.0
2024-11-29,0.006192938512433885,5.281773593727609e-05,0.010268413779621044
2024-12-02,0.0017907230729959324,-0.0016992399754420314,0.0023998326789592393
2024-12-03,0.000463734740076558,-0.004167117568172117,-0.008666290171889555
2024-12-04,0.006190311046932076,0.0009139811661724639,0.010688396601953054
2024-12-05,-0.0016468900175443993,0.0003153593821823031,0.0020179382775807036
2024-12-06,0.0018937973608482354,0.006773005972460674,0.0014841855946269736
2024-12-09,-0.00516297833458787,-0.0019036466409963375,-0.009259756923097072
2024-12-10,-0.003113937328071786,-0.0009714799294295593,-0.0047159147327051594
2024-12-11,0.007700908748182434,-0.0021088709645177175,-0.00949952521240498
2024-12-12,-0.005165960799480725,-0.002482680792263937,-0.012221594319026629
2024-12-13,-0.0001984317302660415,-0.0031261282522741423,-0.010263184714013643
2024-12-16,0.00426075986406593,0.003430831714411384,0.0029903421208071408
2024-12-17,-0.004128605106322894,0.0006939144774902469,0.0024302840396593223
2024-12-18,-0.030256507563296415,-0.0021222625439105583,-0.012583399945157916
2024-12-19,-0.00030719993032865203,-0.013892921674058333,-0.015256853756254723
2024-12-20,0.01193966394953507,0.0014189884036627928,0.005677504604243622
2024-12-23,0.005970245123212587,0.006551310157174737,-0.009214080931557763
2024-12-24,0.01105367568985796,-0.002615307224549931,0.004219659808485461
2024-12-25,0.0,-0.000312110508902009,0.0
2024-12-26,6.658957764061234e-05,-0.0002911159457427181,-0.0005694376522415185
2024-12-27,-0.010582380600210406,0.0022696037204858978,-0.008232194278867618
2024-12-30,-0.011476987075486436,0.0005943154668251187,0.008004328394352748
2024-12-31,-0.003644769263003039,-0.002229418304886993,-0.005367216752995142
2025-01-02,-0.0024602538649356447,-0.005230906422146218,0.002744521066945651
2025-01-03,0.01242598870696695,-0.008113997132924225,-0.0032027685535333653
2025-01-06,0.005744190758671316,0.003610662579582495,-0.004477700006546659
2025-01-07,-0.011368526030354306,0.007831709997193506,-0.011341313788886186
2025-01-08,0.0014598399656557185,-0.003939010992033952,0.001279342295903529
2025-01-09,0.0,-0.0029853923848209975,0.0
2025-01-10,-0.015384962923364744,-0.0016592591806951788,-0.006647726542959143
2025-01-13,0.0015492768795864079,-0.00517668789558367,-0.00035097088123896546
2025-01-14,0.0013748977461716769,0.0020304839862355754,-0.0016399763284384373
2025-01-15,0.018026569513328664,0.004042511093745486,0.01708824371971207
2025-01-16,-0.0019250581580586552,-0.0011228832625102638,0.003222113029318842
2025-01-17,0.009989836281139393,0.0006487944949134601,0.0017218741619757548
2025-01-20,0.0,-0.0023871600836967814,0.0
2025-01-21,0.00911194418813655,0.013846491055079109,0.008906225341591023
2025-01-22,0.005605693510050777,-0.0014162053621803994,-0.0052428607362472335
2025-01-23,0.005443217316000488,0.00040591449116566636,-0.007800778755523545
2025-01-24,-0.002923534324684772,0.0005623270136915117,0.00448130164292574
2025-01-27,-0.014246458926308145,0.004938921534779492,0.011740015748543513
2025-01-28,0.008555715048818744,-0.002153932561904579,-0.0006798618974715409
2025-01-29,-0.00449294263302562,-0.001534281748592857,-0.00204329665653654
2025-01-30,0.005352833413063344,-0.0003649282085415779,0.0037426434159695994
2025-01-31,-0.0053362255007542774,-0.0026861791364861222,-0.006587322742093026
2025-02-03,-0.006752298251460411,-0.01448189426502745,0.008109080030985273
2025-02-04,0.006685968107950004,0.007736208334642574,0.0030578727745675578
2025-02-05,0.004046225621691008,0.004388368698745603,0.01637559735676812
2025-02-06,0.0034695007611694672,0.0027005333349387236,-0.0004449772830832426
2025-02-07,-0.009195664775840797,-0.0014550635639053737,-0.006476446263971663
2025-02-10,0.00676847376865861,-0.0071612243912707796,-0.003028963758129349
2025-02-11,0.0007601494132911102,-0.0009790906251212763,-0.006425210051583725
2025-02-12,-0.0032266848954484524,0.006137893242324767,-0.013662761350145916
2025-02-13,0.01050215906498357,0.0026050744738818675,0.016485955473284374
2025-02-14,-4.917817717854662e-05,0.0066834911027321,0.005285895912854967
2025-02-17,0.0,0.002629322305061365,0.0
2025-02-18,0.0029314945155036417,-0.0003670411630294712,-0.011847885667473693
2025-02-19,0.0023521503613693965,-0.0035378371130214345,0.0012478190320878522
2025-02-20,-0.004169024434302625,-0.002619032156404236,0.003734049454980065
2025-02-21,-0.017251969251218507,0.007604926965780966,0.012012786695142504
2025-02-24,-0.00456079101001374,-0.002454161343461908,0.0028973649869838154
2025-02-25,-0.004985694318821851,-0.0012876277983211192,0.01709979115031098
2025-02-26,0.0005046701943331124,0.0059808628323626345,0.005889756051805785
2025-02-27,-0.016090780649513935,-0.0033620277203350937,-0.007093644741980923
2025-02-28,0.015485187638170108,-0.008969571024957386,0.012191129201438288
2025-03-03,-0.017675268948049022,0.0018000872765831179,0.004656146578906187
2025-03-04,-0.011907481495598895,0.006812887153838506,-0.012391300835716622
2025-03-05,0.010690492124800251,0.013448043458163524,-0.00801653948828437
2025-03-06,-0.0179105981683376,0.01568010434631488,-0.0033129613574315
2025-03-07,0.005589236918639989,-0.000647444013491739,-0.003213231667393098
2025-03-10,-0.02699666432272876,0.00671099553549719,0.010377762215450882
2025-03-11,-0.008347635015888411,-0.001952945686590632,-0.007164530548057894
2025-03-12,0.00529245815810475,0.006874012208263975,-0.00599145740483418
2025-03-13,-0.013420196766636883,-0.002561529979828587,0.008753110182283167
2025-03-14,0.0204454658618424,-0.0028155966319873735,-0.005309242736793912
2025-03-17,0.007681646945156242,0.002358530074516342,0.004978149575424936
2025-03-18,-0.010867214480762116,0.0034771243239103676,0.000992770906531425
2025-03-19,0.010831858371121503,0.0018579471337151732,0.00516784173115923
2025-03-20,-0.0028957785155605993,-0.002523804174013747,0.0006579223907715576
2025-03-21,0.0003298375522347131,-0.005072068371072948,-0.005936133287111061
2025-03-24,0.01775001993397574,-0.001930652964778494,-0.010306403466041097
2025-03-25,0.002401044531065827,-0.0029753684650424346,-0.00011125223674830078
2025-03-26,-0.012010168785888266,-0.0014897398063046796,-0.006595036368707996
2025-03-27,-0.00265926860372378,-0.004219871121378601,-0.00292023689076572
2025-03-28,-0.020343861653928184,0.005471904928493531,0.013739702690552837
2025-03-31,0.006690370104205908,0.002119260589161071,0.009824958998092197
2025-04-01,0.002820461499574517,-0.00046531882945168224,0.008628296878986594
2025-04-02,0.006308358691470958,-0.0021182604350527302,-0.0006559075489984311
2025-04-03,-0.050536419682427336,0.010385541263550277,0.0045829635079526745
2025-04-04,-0.060326595809965626,0.012304011200254634,0.010828542008438729
2025-04-07,-0.0017827766547531929,-0.005374859221748646,-0.03062024179746975
2025-04-08,-0.015786711295426383,-0.006318140368247303,-0.019058971362360136
2025-04-09,0.09986287145801089,0.0059447461760063994,0.005868545613870694
2025-04-10,-0.044808000760901565,-0.002588063832890867,-0.027955414987528897
2025-04-11,0.017685459902046636,0.02753679368654884,0.005423775947424729
2025-04-14,0.009654633614505052,0.007548715960574773,0.007110097458425256
2025-04-15,-0.002804836796243976,-0.0003062899835378224,0.0035361343087228787
2025-04-16,-0.02247872738938427,-0.004152990399168905,0.005564309848699264
2025-04-17,0.0014255827406073184,0.009177768277881679,-0.008872027604709844
2025-04-21,-0.024090451079885663,0.0,-0.017634387830255945
2025-04-22,0.025685056289012017,0.01012583360643525,0.005566299016275343
2025-04-23,0.015376535724403154,-0.014129519405897227,0.009666131278241728
2025-04-24,0.020830560538646615,-0.0021091061414329868,0.010480950504721358
2025-04-25,0.007199333805528579,0.003927005358487813,0.007339144951153786
2025-04-28,0.0003813124578095559,-0.0025327013127678976,0.006280074080979141
2025-04-29,0.0062795189624677665,0.005801755768966518,0.008349713339940954
2025-04-30,0.0003968629903005842,-0.0017440288024670055,-0.00812597753264546
2025-05-01,0.007061985064770549,-0.005667270687163898,-0.005083281950276245
2025-05-02,0.014735038993647611,-0.0025109355398079715,-0.010883543790561768
2025-05-05,-0.0057509383688752296,0.002363767033181694,-0.0056010355756715485
2025-05-06,-0.00839345327707263,-0.0008714538758396441,0.0033186713499156273
2025-05-07,0.004196709046927182,0.002594115160183952,0.004218360208923257
2025-05-08,0.006943599889265658,-0.0032274857133955054,-0.011211770076682908
2025-05-09,-0.0012748145115739507,-0.007277214631164086,0.0014947415861842478
2025-05-12,0.032512993653282446,0.00048270107969245125,-0.009348852227441614
2025-05-13,0.006582150859953346,-0.012010660324811337,-0.00406658211259827
2025-05-14,0.0012772665916255532,0.008076757706772984,-0.006658516429835341
2025-05-15,0.004872395712505169,-0.00032425159137525964,0.00875208250288412
2025-05-16,0.006314068180387681,0.0009621084651180851,0.002668838256746866
2025-05-19,0.0010932218581512902,-0.00045882807253922446,-0.002901313593995979
2025-05-20,-0.0033678184156015266,0.004091755806354839,-0.007231018471821317
2025-05-21,-0.016994365011937837,0.004842086185194891,-0.01723778387098182
2025-05-22,0.000394524062166623,0.003822646550956263,0.005226145603719065
2025-05-23,-0.006849147787943921,-0.004364242923425007,0.0016570920830568051
2025-05-26,0.0,0.008030940913750891,0.0
2025-05-27,0.020577612797182336,0.0013771138296125233,0.013859818584626553
2025-05-28,-0.005802462308316594,-0.004522343467707766,-0.0043251775103754055
2025-05-29,0.003939776879361376,-0.009163703876655521,0.00921247813315586
2025-05-30,-0.0011191319232543386,0.012798111458263317,0.001507809509514151
2025-06-02,0.005617011295771019,-0.0022049726468498553,-0.009350330302748934
2025-06-03,0.005686463665882907,0.008780564361130163,-0.0017627900230709397
2025-06-04,-0.00026854848770040476,-0.006040683214396712,0.01610292989014409
2025-06-05,-0.004844471791619437,0.003295512803373095,0.0006939993614957596
2025-06-06,0.010216662684454049,0.0027794126788183034,-0.012805465073738982
2025-06-09,0.0009009261251625337,-0.004023623614523134,0.0010538721227755152
2025-06-10,0.005653705450468955,0.0017697730981871202,0.005136534538113242
2025-06-11,-0.0028561522744014393,0.0008232114164616173,0.003023231496511448
2025-06-12,0.00396650132781289,0.006264395784009404,0.011885985489394147
2025-06-13,-0.01124323259772184,0.007868715947294892,-0.00968291969730098
2025-06-16,0.00946926548552021,-0.003763006263429779,-0.01012871532903419
2025-06-17,-0.00858189159217663,-0.00046212368991705013,0.012095970229001317
2025-06-18,-0.00015062086591550284,-0.005965765260147934,0.0017326379154129204
2025-06-19,0.0,-0.0004477590782102726,0.0
2025-06-20,-0.0023512362440002437,0.003069228728114232,-0.0018481419535177467
2025-06-23,0.009829022247643619,-0.0010355737465834497,0.0032319638572584583
2025-06-24,0.010986611589662867,0.008500688032483909,0.007234344218152289
2025-06-25,0.0005602274649639028,0.00113727887091598,0.0012578896576125077
2025-06-26,0.007793362434847595,0.006138461676132699,0.005015336448492735
2025-06-27,0.004956121266641941,0.000724660809128604,-0.006387540682769318
2025-06-30,0.004769785315288907,0.00300939240114897,0.009792835493803564
2025-07-01,-0.00032376653948382644,0.005079122744651285,0.002476239067978189
2025-07-02,0.00452302127882086,0.0015571728454564678,-0.0063736474976198235
2025-07-03,0.007850504238325978,-0.00044854130647288505,-0.006989370882830879
2025-07-04,0.0,-0.0024396416038004946,0.0
2025-07-07,-0.007479876580079352,0.0007889830282926394,-0.009589241437298142
2025-07-08,-0.0005478853567877983,-0.0037627227491737413,-0.0012778282136357798
2025-07-09,0.005978747694233981,-0.0010205990022102564,0.01040705267628628
2025-07-10,0.0028162888082995893,0.0005630181784848145,0.0006898999188399771
2025-07-11,-0.003521701008814372,-0.0024255019929678916,-0.013890749927141167
2025-07-14,0.001906366031747627,-0.0017655424559013418,-0.0021003178366697088
2025-07-15,-0.004282368878185308,-0.00135412649091044,-0.007033122661952999
2025-07-16,0.0033376974019010464,-0.005062042569506137,0.0014104550648720412
2025-07-17,0.0061009889381351675,0.002440486181770333,-0.00023490624756029028
2025-07-18,-0.0007326028897206542,-0.0017437986838320166,0.0015262352980394405
2025-07-21,0.0018943480812726298,0.0013133100172195624,0.008876433571299585
2025-07-22,0.00014318518761442616,0.00546982615089336,0.00602826256114904
2025-07-23,0.008471491723121317,0.003807995889234174,-0.005562991729713264
2025-07-24,0.00033097487286408054,0.0029862395798766583,-0.0017452745085992927
2025-07-25,0.004215440684552298,-0.0015412344485053924,0.006267705186116794
2025-07-28,-0.00025119741521783395,5.870991801312067e-05,-0.006500532652046859
2025-07-29,-0.0026410495605851667,-0.013708151840823465,0.0167452293922894
2025-07-30,-0.0012601632939269942,-0.003958249450338446,-0.005166794189144458
2025-07-31,-0.003758217413957386,-0.010582197162934038,0.0005753158219625924
2025-08-01,-0.016526226537602218,-0.0004913783030475,0.014116502292559481
2025-08-04,0.015085405109181525,0.01416251795155252,0.0027290218503361018
2025-08-05,-0.00508282202541377,-0.00022019763958905744,0.0030616816892391286
2025-08-06,0.007630474189105244,-0.00042849539230508055,-0.005790703539575373
2025-08-07,-0.0008379874450790588,0.007228292232798729,-0.0017096567709420985
2025-08-08,0.007767311017072898,0.0011553279826671148,-0.004343676493824694
2025-08-11,-0.0019793621405001806,-0.0024606864217705483,0.0011448116272879615
2025-08-12,0.010589807346852703,-0.002536113858242713,-0.005047685318234998
2025-08-13,0.003417286477118479,0.005031817232866984,0.008246550184771669
2025-08-14,9.291355233127299e-05,0.003064079840358529,-0.007441616900496044
2025-08-15,-0.002344038723875428,-0.005268555868744071,-0.007150373750587821
2025-08-18,-0.0002176403507085673,0.004730015176767789,-0.002897731774200073
2025-08-19,-0.005439870329590304,-0.003272595167235942,0.005787183387180024
2025-08-20,-0.002660617109700641,-0.002214521376242774,0.0021900993956778443
2025-08-21,-0.0040198787023870254,0.0007919897481926959,-0.00496386811610065
2025-08-22,0.015240110357538828,-0.003326823261899247,0.007379411446361344
2025-08-25,-0.004410829085847295,0.008279447377107845,-0.002876063044851406
2025-08-26,0.0041783238485304415,-0.007814853701171973,-0.0005763173426957199
2025-08-27,0.0022759564506928394,0.0018025532981323705,-0.0011532623383913843
2025-08-28,0.0035350684092173997,0.0007335605601103757,0.006556511864460593
2025-08-29,-0.005981588576274999,0.0028811150967894125,-0.007133919630368993
2025-09-01,0.0,0.0008765237913418433,0.0
2025-09-02,-0.007437844999217563,0.0020599100288224465,-0.007469334831881947
2025-09-03,0.005405009131919811,-0.0068420207751402635,0.01091763878431896
2025-09-04,0.00832249676807885,0.0020966619985556645,0.007595090722332015
2025-09-05,-0.002900396467469386,-0.00030316941098454533,0.015131912468115067
2025-09-08,0.0024536606269762867,0.004814272494272918,0.013236200465576211
2025-09-09,0.0023093112191371395,0.004766795744852672,-0.005699095169668748
2025-09-10,0.002886540060796159,-0.005656694013072186,0.005699095169668708
2025-09-11,0.00827595011479291,5.85702811199617e-05,0.006663825204170568
2025-09-12,-0.00033468641059504023,0.0026719411332327635,-0.004326312025880507
2025-09-15,0.005309840610233649,-0.0007038362821512996,0.0023317964574969853
2025-09-16,-0.0013779271038015764,0.0031711723364202106,0.0021050876846989905
2025-09-17,-0.001243042430699064,0.009111157584802068,-0.0025487360714243406
2025-09-18,0.004661523676907058,-0.0038034942077854283,-0.01037338753789262
2025-09-19,0.004940643347549601,-0.002987527682998781,-0.0019076760351621881
2025-09-22,0.004719893112429032,-0.004599757369383353,-0.0036011237272165187
2025-09-23,-0.005458340322640168,0.005449052770066296,0.006965579632391152
2025-09-24,-0.0031867364861726762,0.0011335600994045562,-0.0038137869366570393
2025-09-25,-0.0046241424508109445,-0.005925077887075103,0.0
2025-09-26,0.005712685577890228,-0.006998753739016789,-0.0008996272195823268
2025-09-29,0.0028065048617203843,0.003891255553779332,0.008178048813319157
2025-09-30,0.003759757999068319,0.0019806111702517447,-0.002905050395890535
2025-10-01,0.0034017796058662298,0.00037549924772429627,0.002579269887602502
2025-10-02,0.0011510698904782946,-0.00015258036072495198,0.002907433863331218
2025-10-03,-1.4713555580661802e-05,-0.0007623361800018725,-0.0019000746628974035
2025-10-06,0.0035797646662827694,-0.0010781815879537045,-0.007975423849213804
2025-10-07,-0.003714403753721363,-0.00018739398387827448,0.005735210593564919
2025-10-08,0.005945346619066807,-0.004766464102914459,0.0007846545369371802
2025-10-09,-0.002901179078111572,-0.001944386427629532,-0.0007846545369371194
2025-10-10,-0.027399832538963102,-0.005648764894055418,0.016018208518126974
2025-10-13,0.015227587680655873,0.00310463988763602,-0.0005519677209628222
2025-10-14,-0.0012223931057610573,-0.003069907661501375,0.0031969000152774537
2025-10-15,0.004429704266786335,0.003058297376041747,-0.0022035949147312826
2025-10-16,-0.0068336156560533596,0.003789498902146715,0.007472477516516684
2025-10-17,0.005660342521182839,0.0045641461050320116,-0.001533975392345278
2025-10-20,0.010346787167762106,-0.003608682608285511,0.003830535458554011
2025-10-21,-1.4942990429156014e-05,-0.0011185328701258219,0.00490306718094089
2025-10-22,-0.005212477453439929,-0.0037888849174725417,0.000652136972562403
2025-10-23,0.005912449677416068,0.0006962863606300936,-0.006866828607251381
2025-10-24,0.008139340211438471,0.0008245819701885108,0.0004372544507530264
2025-10-27,0.011728704412554258,0.001174058159415402,0.0033834028569233003
2025-10-28,0.0026524052325165312,0.001722954597345136,0.0026114605749160435
2025-10-29,0.00048025529764689906,0.0005245090468156377,-0.010157786088210902
2025-10-30,-0.011059023816543079,-0.004687056236158744,-0.005835409896851107
2025-10-31,0.0032747633713081084,-0.0026652573638042587,-0.0029860909530520408
2025-11-03,0.0018748909406077331,-0.003846199871322375,-0.002503875779892435
2025-11-04,-0.01192436188279818,-0.0007721360257439083,0.0022261725100827497
2025-11-05,0.0034594857288829657,-0.0029215895313422433,-0.010955945513017675
2025-11-06,-0.010787338554332244,0.0009768165584818885,0.008952578093452108
2025-11-07,0.0009840807123627038,0.004551545936366607,-0.0021190091514144303
2025-11-10,0.015483783745324687,-0.0004619064573929637,-0.00022327776988378256
2025-11-11,0.0022867412676202815,0.0011550883736828707,0.0045680521040976545
2025-11-12,0.0005562355885295636,0.002615376763782096,0.0017768762862038206
2025-11-13,-0.016733217576366387,0.00040556416479594736,-0.008245248148317102
2025-11-14,-0.00016383779399072634,0.003425554234844353,-0.005722099077087673
2025-11-17,-0.00936001611387412,-0.0014297542332628143,0.0024723331040136538
2025-11-18,-0.008433011441929867,-0.0021349466482304767,-0.0003367402297105296
2025-11-19,0.0038557337390654808,-0.0008109940862881721,-0.002023271825684068
2025-11-20,-0.015359584109870688,-0.003502886982433731,0.003930235244194906
2025-11-21,0.009911853052476355,-0.0005307664626685978,0.003021272871071934
2025-11-24,0.014611339452438529,-0.0023387457189911476,0.005682111820122829
2025-11-25,0.009362058936483453,0.001082257967005073,0.00255221403630681
2025-11-26,0.006879679464035952,0.003878233380834474,0.004422637416679915
2025-11-27,0.0,0.0032202570718964044,0.0
2025-11-28,0.005443590966696786,-0.00019719223599180802,-0.00475517336635761
2025-12-01,-0.004575923889866952,0.00013913811257868804,-0.012526990459947573
2025-12-02,0.001850473223761602,0.0005338681523857639,0.00045042582716850514
2025-12-03,0.0034568578671407297,0.0017426145067616567,0.0028111503109184096
2025-12-04,0.0007307827148079579,0.003342812053854932,-0.005404096625255497
2025-12-05,0.0018976831042035792,-0.002062849287251466,-0.004639490821009328
2025-12-08,-0.003008820820994432,-0.00022118438593955202,-0.003294463579263356
2025-12-09,-0.0008633106760412765,0.00010465908031026407,0.0010236528795775843
2025-12-10,0.006610248643996283,-0.0011284787545329754,0.0038573066472197336
2025-12-11,0.002324242885119065,0.00625216328712096,-0.0013596355706174588
2025-12-12,-0.010810206581406788,0.0032583302689056003,-0.009685073340242371
2025-12-15,-0.001511950835671096,-0.00015263535945028118,0.0006869810499238703
2025-12-16,-0.0027361150535985287,0.001444786011798567,0.005476768334138526
2025-12-17,-0.011064581322954193,-0.0004348603030375916,-0.0009108641278614038
2025-12-18,0.007522985619272264,-0.0006107669323483436,0.004772382180538021
2025-12-19,0.00902258818306423,-0.001419763619046865,-0.003739443534879837
2025-12-22,0.006210568439740869,-0.0014997716425493423,-0.0021726192626308127
2025-12-23,0.0045599897652677645,0.004929457555550721,0.0016013726798096571
2025-12-24,0.003511501850767283,0.0025094133829199968,0.006038781266791195
2025-12-26,-0.00010141480775991423,-0.0008608228780450154,-0.003299715091249699
2025-12-29,-0.003570018446780222,-0.0010718568594031668,0.0037540411119617043
2025-12-30,-0.0012218705884970561,1.1847204477791841e-05,-0.002387361079877489
2025-12-31,-0.007436524151640613,-0.0021756559939025886,-0.00799904553902898
2026-01-02,0.0018313152201985445,0.0002701996718946847,-0.001492682594412363
2026-01-05,0.006638036696537511,-0.0039052493947448214,0.004928695642660223
2026-01-06,0.00592963297825362,0.0008782538878940032,-0.0020601547231119434
2026-01-07,-0.0032286186657920035,-0.0022817823442597422,0.005826281244046649
2026-01-08,-0.00010153246851990349,-0.0009814279491846623,-0.005024810616551206
2026-01-09,0.006591610519991714,-0.0016217000708161422,0.006618166868923567
2026-01-12,0.0015692011602722827,-0.002933539348951269,-0.0029613956743714228
2026-01-13,-0.0020015084477309304,0.0037149851574289623,0.0017097122779997395
2026-01-14,-0.004927283608422652,-0.0020979446034860723,0.005790470104405617
2026-01-15,0.002719507171453582,0.00032606295146563285,-0.00022651307087952379
2026-01-16,-0.0008382564279319575,-0.0032092523812510473,-0.005791785676207715
2026-01-19,0.0,0.001370854039887487,0.0
2026-01-20,-0.020566855255717744,0.0012212971236849435,-0.01318450199976754
2026-01-21,0.011475018699616915,0.007594187300257657,0.007587865411645611
2026-01-22,0.005209663778086045,-0.004691796358141447,0.004342919422758016
2026-01-23,0.00036266941646986676,0.006969632403706176,0.002733229204417337
2026-01-26,0.0050652924542125026,0.008795761610489736,0.004765159474443085
2026-01-27,0.003976338186157654,0.0015190121488507834,-0.006244671513496296
2026-01-28,-0.00010066964734378686,0.011815434779079346,-0.0022804276518478537
2026-01-29,-0.001986348639724907,-0.0033233987290885356,0.00022825897340660796
2026-01-30,-0.002987029248062552,-0.001005613006019161,-0.005608165922255177
2026-02-02,0.004959083917283966,-0.009787839779129372,-0.0028611769389029203
2026-02-03,-0.008491423699952339,-0.0042683305772816425,0.002423348125860741
2026-02-04,-0.004855623207264491,0.0014758521488129476,-0.0025388491615157
2026-02-05,-0.012567930681256348,-0.0012280419667084874,0.010803500954656044
2026-02-06,0.01900307879815714,-0.0020160851725848647,0.0006856327625235969
2026-02-09,0.004810227845211307,0.004059767058934511,-0.00022858153533044108
2026-02-10,-0.0026406293530787414,0.006596919769340201,0.011474131113526609
2026-02-11,-0.00023114885650317492,-0.001213452657763082,-0.005323097452957691
2026-02-12,-0.015569436795382833,-0.001140744974614744,0.013198889991642144
2026-02-13,0.0007042510601164912,-0.0006412181154458063,0.005476335389166092
2026-02-16,0.0,-8.296867967237648e-05,0.0
2026-02-17,0.0016121827537749706,-0.00148244195255782,0.001670595339403934
2026-02-18,0.005025060758005965,0.00016597545472382783,-0.0037903996449253066
2026-02-19,-0.0026409178869583627,-0.005330892187443716,0.0010046963925776679
2026-02-20,0.007205914505516996,-0.001672717262548906,-0.0023459221259899852
2026-02-23,-0.010263859697353819,0.005558699440544002,0.0036840072376891106
2026-02-24,0.007242187209707843,-0.003461568540809141,0.0017814199907791274
2026-02-25,0.0084029028181233,-0.0015791679800708249,0.00011118444028780967
2026-02-26,-0.005569928872744709,0.003385308042882381,0.003995817505091688
2026-02-27,-0.004813507218789428,-0.0010274385937266125,0.006074449205327081
2026-03-02,0.0005684508339162843,-0.0036992518169130916,-0.010092833712087326
2026-03-03,-0.008853415600299437,-0.005301246967732741,-0.0020107674465139926
2026-03-04,0.0070304938268057815,-0.007295832625916373,-0.0031358510206395
2026-03-05,-0.005591092944311655,0.0020109002290502544,-0.004046223996329335
2026-03-06,-0.01319378518665267,-0.002370782230656385,-0.0037235791120730105
2026-03-09,0.008721814875851091,-0.0073325559743644625,0.008666851920184246
2026-03-10,-0.0016083986757950827,0.008122175820435926,-0.01070378638445276
2026-03-11,-0.0012559228897518618,-0.0005110465032664094,-0.012997600871974576
2026-03-12,-0.015301438459733196,-0.005881166978062398,-0.00195272114172178
2026-03-13,-0.005676215023587526,-0.0018682859083653618,-0.0049564723532561274
2026-03-16,0.010125429394262926,-0.0075411874205572795,0.0077122429404508095
2026-03-17,0.0026270911632708125,0.005618921196097824,0.0027482864658654915
2026-03-18,-0.014051911808400095,0.0034673611974540487,-0.005618978457271495
2026-03-19,-0.00246732963124216,-0.006521516092985272,0.006076277896526383
2026-03-20,-0.014439538092530124,0.009815664723191437,-0.019155941811240366
2026-03-23,0.010445249178190171,-0.001503916726087853,0.006503239459726507
2026-03-24,-0.0033624612191459923,0.004054317443303668,-0.004408312920385538
2026-03-25,0.005557218263225205,0.0006502102683339267,0.009603660369700654
2026-03-26,-0.018020121487025215,-0.004588832859259411,-0.008441635336154753
2026-03-27,-0.017198951843375027,-0.0022865769599887727,-0.005473059830009926
2026-03-30,-0.0033489923071651985,-0.0037419809916972168,0.013223575699652988
2026-03-31,0.028653407820692582,-0.002788683495005311,-0.0010375756123517754
2026-04-01,0.007506248903134024,0.00991608744961027,-0.0009849189265418604
2026-04-02,0.0009000543608632609,0.0014130283252829924,0.006125506436547051
2026-04-03,0.0,-0.004221539738742763,0.0
2026-04-06,0.00471570863127598,-0.002754691613357004,-0.0016143779063758443
2026-04-07,0.00043990379276420265,0.002708418724149226,-0.00011542531954257434
2026-04-08,0.02515068962018007,0.012519593943219736,0.00322652559798908
2026-04-09,0.005752440641581351,-0.002334659504696524,-0.002534263139622609
2026-04-10,-0.000661994496571573,0.0027319920379856345,-0.0024251530053135497
2026-04-13,0.00972500571340668,-0.0013785918865961036,0.0030017472415362987
2026-04-14,0.012111239170364246,0.007994343068552939,0.005288412437520459
2026-04-15,0.007859998349511583,0.0025924501900808916,-0.004366731748677783
2026-04-16,0.0024543333053888188,0.0008262849973659788,-0.006354386468569733
2026-04-17,0.012013237341879625,-0.002241097490693044,0.009114521132989295
2026-04-20,-0.0020017372548961723,-0.0035286546942598735,-0.00022966090815392123
2026-04-21,-0.006568417750443915,0.0036699832731723094,-0.005529361636052117
2026-04-22,0.010075780503951338,-0.0034116213946593916,0.0019618252805027807
2026-04-23,-0.0038882904816336587,-0.003259636998088752,-0.0021929026338660456
2026-04-24,0.00771943756437638,-0.0018946143927692446,0.0018469460672438914
2026-04-27,0.0017213055408080294,0.0019297471030217711,-0.004971367302663636
2026-04-28,-0.0048778697536611924,0.0014527001495128822,0.0010426788437367539
2026-04-29,-0.0001545212627813887,-0.00048057391518446503,-0.007787734963154489
2026-04-30,0.009900461815238022,-0.002831679949436621,-0.0009339301226319975
2026-05-01,0.002765268411019866,0.0037930034813586453,0.0035691389524576474
2026-05-04,-0.003670118801040342,-0.00021111912782637615,-0.007621536626796245
2026-05-05,0.007990221711526798,-0.0029623965157234036,0.005516773288807774
2026-05-06,0.013803688898871048,0.002036381673895108,0.007579764613952619
2026-05-07,-0.003070792479857851,0.00269835650450373,-0.005008007759645977
2026-05-08,0.008222201875465084,-0.0013500463548999234,0.005008007759645961
2026-05-11,0.002274973327095926,0.0031725334606293554,-0.006059389614334686
2026-05-12,-0.0015161013155970994,0.0009418770087463499,-0.006684271794271021
2026-05-13,0.0055792448425891535,-0.003785844789707131,-0.0022379040953948515
2026-05-14,0.007863317827570018,-0.0016533716024022492,0.001414058100055703
2026-05-15,-0.012102281834028297,-0.004617111554950343,-0.014948519878645017
2026-05-18,-0.0007037568965346505,-0.004096754388778186,-0.0011961996607090407
2026-05-19,-0.006683070135583305,0.0035020685475766573,-0.006483462329577775
2026-05-20,0.010196829759483024,-0.004128979988276858,0.010663361880437856
2026-05-21,0.001981123978379707,0.001568182992025284,0.0036876176309751795
2026-05-22,0.003923840734942977,-0.0003602971829184201,0.005447083765264171
2026-05-25,0.0,0.0018145243857003743,0.0
2026-05-26,0.006616702614766452,-0.0004190825165361714,0.004947509145153992
2026-05-27,-0.00017325717290322425,-4.650727306984463e-05,0.0023474805068763385
2026-05-28,0.005501418012009892,-0.0016278874035307446,0.0051449061962866765
2026-05-29,0.0024883063996868804,0.00300191025882984,0.00023321518317568005
2026-06-01,0.0027194125046700462,-0.0003378538109447853,0.0005385092979182019
2026-06-02,0.0013570186308611517,-0.0011525491439393647,0.002103655353558116
2026-06-03,-0.007041918531282929,-0.0011512121904492345,-0.003977494638382105
2026-06-04,0.0037715644628917525,-0.0010919540194247353,0.002224680748168704
2026-06-05,-0.026148277086187284,0.00027874633324924685,-0.005159534148170475
2026-06-08,0.002261613232488794,-0.007784965054036914,-0.005186201857661615
2026-06-09,-0.002939767435847424,0.0005071209329366034,0.005891414268059263
2026-06-10,-0.015891160823072677,0.0005996697912695685,-0.002823565727047526
2026-06-11,0.016854017638559635,2.3045118985227128e-05,0.012876290747637423
2026-06-12,0.005393675844766619,0.0034897975011416765,-0.0024455470221797365
2026-06-15,0.017480295410686308,0.002341085559131887,-0.0005830827853800969
2026-06-16,-0.005979403902405487,-0.0007654955137831619,0.005468031627035017
2026-06-17,-0.012566499634242041,0.0013575097887165686,0.0016230278053109728
2026-06-18,0.010343315448328203,-0.008876927683615553,0.004853248737092708
2026-06-19,0.0,-0.004248703523925016,0.0
2026-06-22,-0.0031519418478261887,0.00036676063195235133,-0.007637184219896841
2026-06-23,-0.014628429664887565,-0.003112998368053633,0.0012768616815799353
2026-06-24,-0.00046362452088405214,-0.0041736184660603835,0.013596271449588788
2026-06-25,0.001444591300819105,-0.002227949277312208,-0.0003433800976202419
2026-06-26,-0.007257646736180781,0.0006587077601488826,0.00011450258270602687
2026-06-29,0.016340624198741247,0.002104199930307686,0.0010296689196850324
2026-06-30,0.007756640320927922,0.0031930047645433632,-0.011848130927508175
2026-07-01,-0.0013534198977212118,-0.0007648905000915559,-0.006782300575347822
2026-07-02,-0.0013149336271025228,-0.00309968584463599,-0.00011689557381031987
2026-07-03,0.0,0.003921663867690867,0.0
2026-07-06,0.008689545400113111,0.001314511522510873,-0.000702020496632251
2026-07-07,-0.004763225841268043,0.00035461372043094004,-0.010588242898538094
2026-07-08,-0.003094211852910556,-0.003324001833910087,-0.00224971236001891
2026-07-09,0.008429620706500477,0.0015977890680048963,0.0015397181245979587
2026-07-10,0.0043008975551764635,0.0009942344924563729,-0.00023665543361643074
2026-07-13,-0.007685633815530019,-0.0025349492820355857,-0.005936859062353924
2026-07-14,0.003544353050495003,-0.001766211714203348,0.0013092023241116813
2026-07-15,0.003955801420061879,0.0035354657321266347,0.0019010821113426592
2026-07-16,-0.005433351714810402,0.003983729845319621,-0.0003562404889191597
2026-07-17,-0.009946458438716834,-0.002234266260989724,0.0036744397003742706
2026-07-20,-0.0016156827599172103,-0.0014866558668283599,-0.007481675183490463
2026-07-21,0.00830671283160697,-0.0008339405392515748,-0.002745359719546708
2026-07-22,-0.0011634178861416992,-0.001255195474598867,-0.002633292068156266
2026-07-23,-0.012426173368713682,0.0006958539290638861,-0.003241113931102904
2026-07-24,0.0010154965735656703,-0.003065008547571583,0.0009614393719765354
2026-07-27,0.00021655211458314317,0.0015940436307042747,0.005988051770536174
2026-07-28,0.002391917734196567,-0.0022423339881133446,0.0058337505483281715
2026-07-29,-0.015507089295929732,0.0015019039596392875,-0.01663817677141994
2026-07-30,0.016626804898639082,0.007061792467471613,-0.0006036463317241863
2026-07-31,0.007174014783580491,0.004897021853883186,-0.006664738644659448
2026-08-03,0.014142527904258828,0.0017761862751214232,0.003290539724164465
2026-08-04,0.017868407620299842,-0.003181073963794826,0.007635924286867066
2026-08-05,-0.00199859787687683,0.0021771437570203187,0.0021710389933439636
2026-08-06,-0.001599090909569207,0.0021590052287816575,-0.005799975458082891
2026-08-07,0.006096725613895211,-0.002827611146293087,0.002904238957677938
2026-08-10,-0.00029746097386132897,0.0027466383880118683,-0.008494243743250446
2026-08-11,-0.0032003754929251995,-0.0008662513316416914,0.0015830169634443673
2026-08-12,0.00250153099055172,-0.00023098256958744009,-0.0009738533381812002
2026-08-13,0.00695322585121305,-0.001188281208593318,0.005828759307789257
2026-08-14,-0.001981673765436055,0.00046132411172506035,-0.0066816363122050824
2026-08-17,-0.004738575980100243,0.0033393060236811527,-0.008446057596543795
2026-08-18,-0.006778680502842077,0.0007641592211595729,0.003803525722483128
2026-08-19,0.0020956400290855414,-0.00028955401421692617,0.01651712035739158
2026-08-20,-0.00843537128524668,0.008115303380805234,-0.008224551670485905
2026-08-21,0.004082913998477476,0.0012031339673619055,-0.0035281260282382875
2026-08-24,-0.00294273662514962,-0.0005375522831178441,0.0061964333208762885
2026-08-25,0.0031908415190819673,-0.001132467741018807,0.010962056811702248
2026-08-26,0.00022199093609589067,0.0005485763682370979,-0.002038719837242333
2026-08-27,0.006531409939845632,-0.0017029889500295855,-0.0020429768366146293
2026-08-28,-0.002272064407546174,0.00012815208243442414,-0.003011876912977468
2026-08-31,-0.0029939983934993636,-0.005799725563798464,-0.004353109165625972
2026-09-01,-0.006894133828079208,0.0024715546870549185,-0.0040833999912690926
2026-09-02,0.004427088638159578,-0.0019034925164829416,0.0009766110141273205
2026-09-03,0.010413997498166922,-0.000880922078398651,0.0014632699725662616
2026-09-04,-0.003861683858989267,0.0030865571262752873,0.0017044001044557735
