Date,SPY,EURUSD,TLT
2005-01-03,81.17459106445312,1.3470009565353394,43.71549987792969
2005-01-04,80.18272399902344,1.3281975984573364,43.25737762451172
2005-01-05,79.62938690185547,1.3280036449432373,43.48890686035156
2005-01-06,80.03423309326172,1.3183046579360962,43.51848220825195
2005-01-07,79.9195556640625,1.3060967922210693,43.61701583862305
2005-01-10,80.29743957519531,1.310994029045105,43.68598556518555
2005-01-11,79.74408721923828,1.3116990327835083,43.9421501159668
2005-01-12,80.00724029541016,1.3255919218063354,44.001258850097656
2005-01-13,79.36621856689453,1.3211086988449097,44.424957275390625
2005-01-14,79.78457641601562,1.3098949193954468,44.419986724853516
2005-01-17,79.78457641601562,1.3051081895828247,44.419986724853516
2005-01-18,80.61451721191406,1.3017951250076294,44.567779541015625
2005-01-19,79.77110290527344,1.3003056049346924,44.695865631103516
2005-01-20,79.28524017333984,1.29629385471344,44.78449249267578
2005-01-21,78.79943084716797,1.299899935722351,44.83379364013672
2005-01-24,78.64424896240234,1.3039000034332275,45.02593994140625
2005-01-25,78.86688232421875,1.2971009016036987,44.602264404296875
2005-01-26,79.10304260253906,1.307805061340332,44.68600082397461
2005-01-27,79.23800659179688,1.304103970527649,44.602264404296875
2005-01-28,79.23800659179688,1.3044953346252441,45.05050277709961
2005-01-31,79.7306137084961,1.305193305015564,45.17865753173828
2005-02-01,80.23667907714844,1.3039000034332275,45.106903076171875
2005-02-02,80.47955322265625,1.3032032251358032,45.21075439453125
2005-02-03,80.27043151855469,1.2972019910812378,45.186038970947266
2005-02-04,81.12739562988281,1.2857933044433594,45.81401443481445
2005-02-07,81.0193862915039,1.2764055728912354,46.15522384643555
2005-02-08,81.11388397216797,1.2769924402236938,46.417274475097656
2005-02-09,80.50656127929688,1.281295657157898,46.540958404541016
2005-02-10,80.79671478271484,1.287597894668579,45.91294479370117
2005-02-11,81.49176788330078,1.2856941223144531,45.88325500488281
2005-02-14,81.4310302734375,1.2973029613494873,46.02669906616211
2005-02-15,81.73469543457031,1.3016934394836426,45.79426956176758
2005-02-16,81.78865814208984,1.3023037910461426,45.62118911743164
2005-02-17,81.12739562988281,1.307497262954712,45.33436965942383
2005-02-18,81.23533630371094,1.3068991899490356,44.92893600463867
2005-02-21,81.23533630371094,1.3064039945602417,44.92893600463867
2005-02-22,80.02751159667969,1.3261016607284546,44.731109619140625
2005-02-23,80.6010513305664,1.3203063011169434,44.879459381103516
2005-02-24,81.13410949707031,1.3183046579360962,44.78052520751953
2005-02-25,81.93709564208984,1.3246086835861206,44.99815368652344
2005-02-28,81.39726257324219,1.3217023611068726,44.5135498046875
2005-03-01,81.80213928222656,1.3171932697296143,44.49966812133789
2005-03-02,81.76164245605469,1.3135944604873657,44.44011688232422
2005-03-03,81.79537200927734,1.3105987310409546,44.41534423828125
2005-03-04,82.81427764892578,1.3246963024139404,44.89649200439453
2005-03-07,82.8547592163086,1.3221917152404785,45.075096130371094
2005-03-08,82.54439544677734,1.3352025747299194,44.6484489440918
2005-03-09,81.62670135498047,1.3377031087875366,43.9193000793457
2005-03-10,81.80889129638672,1.3437970876693726,44.187171936035156
2005-03-11,81.23533630371094,1.3472912311553955,43.86476516723633
2005-03-14,81.74141693115234,1.3365052938461304,44.12761306762695
2005-03-15,81.0666275024414,1.3310085535049438,43.84987258911133
2005-03-16,80.37838745117188,1.3410937786102295,44.11769485473633
2005-03-17,80.54031372070312,1.3379000425338745,44.26156997680664
2005-03-18,80.3011703491211,1.332196593284607,43.9837532043457
2005-03-21,80.0031509399414,1.3161011934280396,43.859779357910156
2005-03-22,79.19021606445312,1.3077024221420288,43.487728118896484
2005-03-23,79.25792694091797,1.299291968345642,43.69606399536133
2005-03-24,79.35279846191406,1.2931926250457764,43.785369873046875
2005-03-25,79.35279846191406,1.2956053018569946,43.785369873046875
2005-03-28,79.46794891357422,1.289507269859314,43.51750946044922
2005-03-29,78.93958282470703,1.2937949895858765,43.77544403076172
2005-03-30,80.05731201171875,1.2915056943893433,43.99372100830078
2005-03-31,79.90827941894531,1.2966973781585693,44.31114959716797
2005-04-01,79.54926300048828,1.2909055948257446,44.46054458618164
2005-04-04,79.68472290039062,1.285000205039978,44.450584411621094
2005-04-05,80.0640869140625,1.2857933044433594,44.336082458496094
2005-04-06,80.34182739257812,1.2867032289505005,44.490379333496094
2005-04-07,80.7753677368164,1.285000205039978,44.131893157958984
2005-04-08,79.93535614013672,1.2934937477111816,44.286293029785156
2005-04-11,79.996337890625,1.2971009016036987,44.52524185180664
2005-04-12,80.40955352783203,1.2915056943893433,44.93845748901367
2005-04-13,79.46117401123047,1.291205644607544,44.82896423339844
2005-04-14,78.42474365234375,1.2794922590255737,44.75925064086914
2005-04-15,77.32730102539062,1.2870012521743774,45.35174560546875
2005-04-18,77.56443786621094,1.3017951250076294,45.31688690185547
2005-04-19,78.18086242675781,1.3065063953399658,45.755001068115234
2005-04-20,77.0902328491211,1.3086949586868286,45.640499114990234
2005-04-21,78.58734130859375,1.3046995401382446,45.16252899169922
2005-04-22,78.28923797607422,1.3061991930007935,45.54093933105469
2005-04-25,78.8041000366211,1.2993931770324707,45.67536544799805
2005-04-26,78.03865051269531,1.2984988689422607,45.60565948486328
2005-04-27,78.34346771240234,1.2921065092086792,45.76494216918945
2005-04-28,77.36119079589844,1.2905057668685913,46.103515625
2005-04-29,78.41119384765625,1.287597894668579,46.02391052246094
2005-05-02,78.85149383544922,1.2846039533615112,46.01386260986328
2005-05-03,78.98698425292969,1.2886930704116821,46.138771057128906
2005-05-04,79.5966796875,1.2950012683868408,45.73407745361328
2005-05-05,79.56957244873047,1.2956053018569946,45.838985443115234
2005-05-06,79.31891632080078,1.2811970710754395,45.499237060546875
2005-05-09,79.81346893310547,1.2854957580566406,45.544219970703125
2005-05-10,78.98698425292969,1.2886930704116821,45.86897659301758
2005-05-11,79.4205322265625,1.2813942432403564,46.00889205932617
2005-05-12,78.54668426513672,1.2681021690368652,46.18876266479492
2005-05-13,78.39087677001953,1.2616068124771118,46.36860656738281
2005-05-16,79.12248229980469,1.2639987468719482,46.31368637084961
2005-05-17,79.65087890625,1.2603029012680054,46.44353103637695
2005-05-18,80.47055053710938,1.2681021690368652,46.753387451171875
2005-05-19,80.80928802490234,1.2635036706924438,46.6334228515625
2005-05-20,80.6941146850586,1.2556977272033691,46.68842315673828
2005-05-23,81.14115905761719,1.257102608680725,47.053192138671875
2005-05-24,80.95152282714844,1.2568024396896362,47.18309020996094
2005-05-25,80.89054107666016,1.2599060535430908,46.8532829284668
2005-05-26,81.32411193847656,1.251392126083374,46.838321685791016
2005-05-27,81.45957946777344,1.2581939697265625,46.888275146484375
2005-05-30,81.45957946777344,1.248299241065979,46.888275146484375
2005-05-31,80.9379653930664,1.2307995557785034,47.46786117553711
2005-06-01,81.62895202636719,1.2196015119552612,48.049129486083984
2005-06-02,81.80506134033203,1.2266929149627686,48.16447067260742
2005-06-03,81.39183807373047,1.223002314567566,47.76830291748047
2005-06-06,81.31732940673828,1.2260010242462158,48.01905822753906
2005-06-07,81.3782730102539,1.2278977632522583,48.40016174316406
2005-06-08,81.22924041748047,1.2237954139709473,48.16946792602539
2005-06-09,81.61542510986328,1.2227928638458252,48.12936019897461
2005-06-10,81.42568969726562,1.2136952877044678,47.587745666503906
2005-06-13,81.68312072753906,1.211798071861267,47.30188751220703
2005-06-14,81.87278747558594,1.202602505683899,46.990962982177734
2005-06-15,82.02860260009766,1.2121946811676025,47.076210021972656
2005-06-16,82.23863983154297,1.2099066972732544,47.31188201904297
2005-06-17,82.5433120727539,1.2278977632522583,47.306907653808594
2005-06-20,82.570556640625,1.2151997089385986,47.226646423339844
2005-06-21,82.61811828613281,1.2174040079116821,47.57276153564453
2005-06-22,82.6861343383789,1.212106466293335,48.14940643310547
2005-06-23,81.52305603027344,1.2029062509536743,48.09926986694336
2005-06-24,80.924560546875,1.2098042964935303,48.33997344970703
2005-06-27,81.04017639160156,1.2163970470428467,48.47038650512695
2005-06-28,81.72030639648438,1.2073066234588623,48.1393928527832
2005-06-29,81.50267791748047,1.207802414894104,48.064178466796875
2005-06-30,81.06060791015625,1.2091021537780762,48.49549102783203
2005-07-01,81.29862976074219,1.193602204322815,47.907711029052734
2005-07-04,81.29862976074219,1.190901517868042,47.907711029052734
2005-07-05,81.95159149169922,1.1931037902832031,47.45478820800781
2005-07-06,81.26459503173828,1.1929045915603638,47.71647262573242
2005-07-07,81.58429718017578,1.1945005655288696,47.81709671020508
2005-07-08,82.51612091064453,1.1981070041656494,47.6208610534668
2005-07-11,82.93781280517578,1.20689857006073,47.6208610534668
2005-07-12,83.15544891357422,1.223002314567566,47.35414123535156
2005-07-13,83.27108764648438,1.208006739616394,47.28365707397461
2005-07-14,83.59754943847656,1.2093945741653442,47.16293716430664
2005-07-15,83.54993438720703,1.204601526260376,47.28874206542969
2005-07-18,83.21669006347656,1.2056035995483398,46.936424255371094
2005-07-19,83.6723861694336,1.2029930353164673,47.1025390625
2005-07-20,83.95805358886719,1.2158055305480957,47.35915756225586
2005-07-21,83.46833038330078,1.2161011695861816,46.71503829956055
2005-07-22,84.02606201171875,1.2060980796813965,47.07735824584961
2005-07-25,83.78799438476562,1.2065054178237915,46.9062614440918
2005-07-26,83.89002227783203,1.2017064094543457,46.98173904418945
2005-07-27,84.19607543945312,1.2066947221755981,46.9062614440918
2005-07-28,84.72660827636719,1.213194727897644,47.3239631652832
2005-07-29,84.16204833984375,1.2124004364013672,46.855926513671875
2005-08-01,84.10086059570312,1.218397855758667,46.68169021606445
2005-08-02,84.60417175292969,1.219393253326416,46.5301399230957
2005-08-03,84.82865905761719,1.23350191116333,46.75743865966797
2005-08-04,84.14844512939453,1.2384973764419556,46.661460876464844
2005-08-05,83.57717895507812,1.2365983724594116,46.29779815673828
2005-08-08,83.42073822021484,1.235101580619812,46.21194076538086
2005-08-09,83.9240493774414,1.2378076314926147,46.3836669921875
2005-08-10,83.88320922851562,1.2386049032211304,46.33316421508789
2005-08-11,84.21649932861328,1.247302770614624,46.65644073486328
2005-08-12,83.69955444335938,1.2444931268692017,47.13121795654297
2005-08-15,84.21649932861328,1.2371032238006592,47.00999450683594
2005-08-16,83.12144470214844,1.234994888305664,47.33833312988281
2005-08-17,83.11463928222656,1.2278074026107788,47.025146484375
2005-08-18,83.10784149169922,1.218397855758667,47.37370681762695
2005-08-19,83.29830169677734,1.2154951095581055,47.368587493896484
2005-08-22,83.29830169677734,1.223406195640564,47.31813430786133
2005-08-23,83.141845703125,1.2234959602355957,47.53531265258789
2005-08-24,82.40045928955078,1.227400541305542,47.58078384399414
2005-08-25,82.69974517822266,1.230193853378296,47.732276916503906
2005-08-26,82.1352310180664,1.2294074296951294,47.717132568359375
2005-08-29,82.76779174804688,1.2234959602355957,47.77775955200195
2005-08-30,82.33245849609375,1.2218068838119507,48.08082962036133
2005-08-31,83.37312316894531,1.234095573425293,48.48488998413086
2005-09-01,83.31187438964844,1.2490007877349854,48.192955017089844
2005-09-02,83.1622543334961,1.2533055543899536,48.23350524902344
2005-09-05,83.1622543334961,1.2526932954788208,48.23350524902344
2005-09-06,84.1348876953125,1.245795488357544,47.893863677978516
2005-09-07,84.27771759033203,1.2416036128997803,47.44278335571289
2005-09-08,83.99884033203125,1.2394031286239624,47.493465423583984
2005-09-09,84.74702453613281,1.2410951852798462,47.645503997802734
2005-09-12,84.57698059082031,1.2291052341461182,47.31606674194336
2005-09-13,84.10767364501953,1.2280033826828003,47.564414978027344
2005-09-14,83.80160522460938,1.2278977632522583,47.38197326660156
2005-09-15,83.76078796386719,1.2236007452011108,46.9916877746582
2005-09-16,84.35643005371094,1.223900318145752,46.682472229003906
2005-09-19,84.07634735107422,1.2139016389846802,46.78383255004883
2005-09-20,83.3659896850586,1.2119008302688599,46.9055061340332
2005-09-21,82.58731842041016,1.2119008302688599,47.34143829345703
2005-09-22,82.88101959228516,1.2154065370559692,47.29576873779297
2005-09-23,82.94931030273438,1.2040939331054688,46.940975189208984
2005-09-26,83.04496765136719,1.2073066234588623,46.72810745239258
2005-09-27,83.02447509765625,1.2018941640853882,46.79399871826172
2005-09-28,83.10641479492188,1.2061998844146729,47.10824966430664
2005-09-29,83.78265380859375,1.2020964622497559,46.89539337158203
2005-09-30,84.0422134399414,1.2028049230575562,46.733177185058594
2005-10-03,83.74163055419922,1.1912987232208252,46.36781311035156
2005-10-04,82.79906463623047,1.1918951272964478,46.52046203613281
2005-10-05,81.71302795410156,1.2012012004852295,46.72401428222656
2005-10-06,81.41929626464844,1.2171964645385742,46.545936584472656
2005-10-07,81.69937896728516,1.213003396987915,46.73420333862305
2005-10-10,81.00949096679688,1.2049063444137573,46.70363998413086
2005-10-11,80.89337158203125,1.1984946727752686,46.60696792602539
2005-10-12,80.25812530517578,1.2028049230575562,46.15407180786133
2005-10-13,80.2103042602539,1.2018941640853882,45.986141204833984
2005-10-14,81.05730438232422,1.2077003717422485,45.91488265991211
2005-10-17,81.35783386230469,1.20110023021698,45.904747009277344
2005-10-18,80.4766845703125,1.195500135421753,45.95560836791992
2005-10-19,81.81546783447266,1.1974040269851685,45.9759521484375
2005-10-20,80.37422943115234,1.2017930746078491,46.09809494018555
2005-10-21,80.68843841552734,1.1954001188278198,46.52553176879883
2005-10-24,81.93840026855469,1.197604775428772,46.164268493652344
2005-10-25,81.77447509765625,1.2111963033676147,45.7673454284668
2005-10-26,81.53540802001953,1.2063016891479492,45.431488037109375
2005-10-27,80.66795349121094,1.2142995595932007,45.594322204589844
2005-10-28,81.82916259765625,1.2071025371551514,45.599388122558594
2005-10-31,82.05451202392578,1.1988970041275024,45.68593215942383
2005-11-01,82.30043029785156,1.2023999691009521,45.633296966552734
2005-11-02,83.16106414794922,1.206752896308899,45.41859436035156
2005-11-03,83.51624298095703,1.1952000856399536,45.1119384765625
2005-11-04,83.40699005126953,1.1813069581985474,45.040374755859375
2005-11-07,83.48900604248047,1.1793009042739868,45.1937141418457
2005-11-08,83.48900604248047,1.1768028736114502,45.633296966552734
2005-11-09,83.59822082519531,1.1778008937835693,45.163002014160156
2005-11-10,84.24711608886719,1.1675559282302856,45.715049743652344
2005-11-11,84.53400421142578,1.1735023260116577,45.7405891418457
2005-11-14,84.48617553710938,1.1691941022872925,45.39817810058594
2005-11-15,84.1788330078125,1.1731994152069092,45.694637298583984
2005-11-16,84.34956359863281,1.1677058935165405,46.175052642822266
2005-11-17,85.13509368896484,1.1747982501983643,46.28750228881836
2005-11-18,85.46977233886719,1.1776067018508911,46.07283020019531
2005-11-21,85.90009307861328,1.1736950874328613,46.21084213256836
2005-11-22,86.2689437866211,1.181404709815979,46.272178649902344
2005-11-23,86.76757049560547,1.1808048486709595,46.093284606933594
2005-11-24,86.76757049560547,1.1781060695648193,46.093284606933594
2005-11-25,86.83587646484375,1.1724978685379028,46.261962890625
2005-11-28,86.22113800048828,1.1850025653839111,46.49196243286133
2005-11-29,86.12550354003906,1.1768028736114502,46.05240249633789
2005-11-30,85.6610336303711,1.1804981231689453,46.00130844116211
2005-12-01,86.53533172607422,1.1742050647735596,45.92943572998047
2005-12-02,86.64461517333984,1.1718933582305908,45.944801330566406
2005-12-05,86.46018981933594,1.1787031888961792,45.73946762084961
2005-12-06,86.62413787841797,1.1798018217086792,46.20661926269531
2005-12-07,86.11866760253906,1.1717971563339233,46.032100677490234
2005-12-08,86.06404876708984,1.1813069581985474,46.32982635498047
2005-12-09,86.28945922851562,1.181404709815979,45.9653434753418
2005-12-12,86.37139892578125,1.1956002712249756,45.8780632019043
2005-12-13,86.95881652832031,1.1949001550674438,46.047481536865234
2005-12-14,87.30033111572266,1.1974040269851685,46.519744873046875
2005-12-15,87.04761505126953,1.1967018842697144,46.40681457519531
2005-12-16,86.7674560546875,1.2014031410217285,46.56083679199219
2005-12-19,86.32113647460938,1.2006964683532715,46.60706329345703
2005-12-20,86.40354919433594,1.1874933242797852,46.550575256347656
2005-12-21,86.5408706665039,1.1834039688110352,46.46843719482422
2005-12-22,86.99403381347656,1.187295913696289,46.838050842285156
2005-12-23,87.04212951660156,1.187197208404541,47.12554931640625
2005-12-26,87.04212951660156,1.1837962865829468,47.12554931640625
2005-12-27,86.15634155273438,1.1856067180633545,47.51055908203125
2005-12-28,86.3486099243164,1.184805989265442,47.3780632019043
2005-12-29,85.96405792236328,1.1850025653839111,47.48114776611328
2005-12-30,85.49710083007812,1.184104561805725,47.37293243408203
2006-01-02,85.49710083007812,1.1816978454589844,47.37293243408203
2006-01-03,87.00090026855469,1.2032970190048218,47.311012268066406
2006-01-04,87.41292572021484,1.2111963033676147,47.42444610595703
2006-01-05,87.46783447265625,1.2106977701187134,47.367759704589844
2006-01-06,88.19573211669922,1.2154065370559692,47.2801399230957
2006-01-09,88.42233276367188,1.207496166229248,47.311012268066406
2006-01-10,88.51155853271484,1.2064036130905151,46.92959976196289
2006-01-11,88.79312896728516,1.2139016389846802,46.8522834777832
2006-01-12,88.44293212890625,1.2045000791549683,47.16672897338867
2006-01-13,88.36051177978516,1.2142995595932007,47.43991470336914
2006-01-16,88.36051177978516,1.2116072177886963,47.43991470336914
2006-01-17,88.12018585205078,1.2108443975448608,47.65126419067383
2006-01-18,87.77000427246094,1.210800290107727,47.63578796386719
2006-01-19,88.1064453125,1.2091021537780762,47.49661636352539
2006-01-20,86.49964141845703,1.2136069536209106,47.62031936645508
2006-01-23,86.80866241455078,1.2304056882858276,47.604827880859375
2006-01-24,86.89791870117188,1.2264971733093262,47.37293243408203
2006-01-25,86.97346496582031,1.2244998216629028,46.857421875
2006-01-26,87.45411682128906,1.2214934825897217,46.6563720703125
2006-01-27,88.26438903808594,1.2093945741653442,46.6563720703125
2006-01-30,88.19573211669922,1.208605170249939,46.61001968383789
2006-01-31,87.55024719238281,1.2148454189300537,46.73883056640625
2006-02-01,88.1613998413086,1.2066947221755981,46.579017639160156
2006-02-02,87.13825225830078,1.208400845527649,46.66693878173828
2006-02-03,86.70563507080078,1.2027037143707275,46.998050689697266
2006-02-06,86.9322738647461,1.196300983428955,47.09114074707031
2006-02-07,86.16321563720703,1.1992995738983154,46.868751525878906
2006-02-08,86.94599151611328,1.19650137424469,46.76007843017578
2006-02-09,86.80180358886719,1.1994003057479858,46.97216796875
2006-02-10,86.95970916748047,1.19070303440094,46.713523864746094
2006-02-13,86.80180358886719,1.1911994218826294,46.718658447265625
2006-02-14,87.72190856933594,1.1915968656539917,46.55315399169922
2006-02-15,88.03093719482422,1.1885942220687866,46.66693878173828
2006-02-16,88.69014739990234,1.19070303440094,46.67728042602539
2006-02-17,88.44977569580078,1.1942009925842285,47.04977035522461
2006-02-20,88.44977569580078,1.193402886390686,47.04977035522461
2006-02-21,88.23004150390625,1.191994547843933,46.97216796875
2006-02-22,88.7656478881836,1.1915968656539917,47.29288864135742
2006-02-23,88.63516235351562,1.1921935081481934,47.17390441894531
2006-02-24,88.86180114746094,1.1878036260604858,47.101478576660156
2006-02-27,88.8961410522461,1.1850025653839111,47.02393341064453
2006-02-28,88.05152130126953,1.1930042505264282,47.25666046142578
2006-03-01,88.83431243896484,1.191994547843933,46.971187591552734
2006-03-02,88.82745361328125,1.203905463218689,46.64409637451172
2006-03-03,88.41545867919922,1.204601526260376,46.37419128417969
2006-03-06,88.01036834716797,1.2016053199768066,45.9692268371582
2006-03-07,87.87299346923828,1.1890040636062622,46.0003662109375
2006-03-08,88.05839538574219,1.1927053928375244,45.984806060791016
2006-03-09,87.46783447265625,1.1904053688049316,46.0003662109375
2006-03-10,88.29872131347656,1.1911001205444336,45.82908630371094
2006-03-13,88.46353149414062,1.1967018842697144,45.79273223876953
2006-03-14,89.39049530029297,1.2018941640853882,46.09902572631836
2006-03-15,89.78877258300781,1.2071025371551514,45.849815368652344
2006-03-16,89.9742202758789,1.217492938041687,46.265167236328125
2006-03-17,90.04934692382812,1.2192000150680542,46.124969482421875
2006-03-20,89.90454864501953,1.216293454170227,46.19770050048828
2006-03-21,89.3392333984375,1.210800290107727,45.9588508605957
2006-03-22,89.88388061523438,1.2079044580459595,46.05750274658203
2006-03-23,89.69775390625,1.197203278541565,45.91215515136719
2006-03-24,89.7667007446289,1.2034997940063477,46.249534606933594
2006-03-27,89.63570404052734,1.20110023021698,46.07826614379883
2006-03-28,89.08416748046875,1.20110023021698,45.64739227294922
2006-03-29,89.64261627197266,1.2030943632125854,45.42935562133789
2006-03-30,89.48401641845703,1.2167967557907104,45.1126708984375
2006-03-31,89.50470733642578,1.2115044593811035,45.09709167480469
2006-04-03,89.4357681274414,1.2139016389846802,45.1116943359375
2006-04-04,90.00798797607422,1.2260010242462158,45.06480026245117
2006-04-05,90.31820678710938,1.2288031578063965,45.12735366821289
2006-04-06,90.22168731689453,1.2214038372039795,44.783363342285156
2006-04-07,89.30477142333984,1.2094969749450684,44.34565353393555
2006-04-10,89.44267272949219,1.2111963033676147,44.42905044555664
2006-04-11,88.6843032836914,1.2148010730743408,44.585357666015625
2006-04-12,88.84978485107422,1.2114017009735107,44.314422607421875
2006-04-13,88.73258972167969,1.2116072177886963,44.0017204284668
2006-04-14,88.73258972167969,1.2111963033676147,44.0017204284668
2006-04-17,88.69810485839844,1.2254000902175903,44.16326904296875
2006-04-18,90.1044921875,1.2367054224014282,44.241455078125
2006-04-19,90.27682495117188,1.2378076314926147,43.97047424316406
2006-04-20,90.40092468261719,1.230905532836914,43.93400192260742
2006-04-21,90.41468811035156,1.234095573425293,44.1893310546875
2006-04-24,90.2492446899414,1.2388964891433716,44.36651611328125
2006-04-25,89.87699890136719,1.2428998947143555,43.84018325805664
2006-04-26,89.89766693115234,1.2448959350585938,43.76724624633789
2006-04-27,90.33199310302734,1.2531956434249878,43.82456588745117
2006-04-28,90.63533020019531,1.2635995149612427,43.855865478515625
2006-05-01,89.89766693115234,1.258004069328308,43.5262565612793
2006-05-02,90.57328033447266,1.261702299118042,43.641326904296875
2006-05-03,90.23550415039062,1.2623074054718018,43.54718017578125
2006-05-04,90.55949401855469,1.270099401473999,43.47395324707031
2006-05-05,91.35919189453125,1.272799015045166,43.73551559448242
2006-05-08,91.24887084960938,1.27029287815094,43.76164245605469
2006-05-09,91.4281005859375,1.2766989469528198,43.73551559448242
2006-05-10,91.37989807128906,1.2774492502212524,43.814002990722656
2006-05-11,90.27682495117188,1.2851983308792114,43.5994758605957
2006-05-12,89.0979995727539,1.2929919958114624,43.238548278808594
2006-05-15,89.27725219726562,1.2790013551712036,43.41117858886719
2006-05-16,89.1462631225586,1.285000205039978,43.73551559448242
2006-05-17,87.45028686523438,1.2741937637329102,43.46346664428711
2006-05-18,87.00910186767578,1.2850992679595947,44.054622650146484
2006-05-19,87.62266540527344,1.2766989469528198,44.16972351074219
2006-05-22,86.95393371582031,1.2852975130081177,44.263919830322266
2006-05-23,86.29212188720703,1.2782983779907227,44.237735748291016
2006-05-24,86.98150634765625,1.277400255203247,44.258689880371094
2006-05-25,88.05697631835938,1.2810001373291016,44.08603286743164
2006-05-26,88.50507354736328,1.2739015817642212,44.054622650146484
2006-05-29,88.50507354736328,1.2751035690307617,44.054622650146484
2006-05-30,86.93325805664062,1.2865046262741089,44.03372573852539
2006-05-31,87.90530395507812,1.2816076278686523,43.77212905883789
2006-06-01,88.74637603759766,1.28109872341156,43.967498779296875
2006-06-02,88.93251037597656,1.2918059825897217,44.5348014831543
2006-06-05,87.63643646240234,1.290106177330017,44.476993560791016
2006-06-06,87.42273712158203,1.2821991443634033,44.68711471557617
2006-06-07,86.7677993774414,1.2801966667175293,44.69760513305664
2006-06-08,86.69196319580078,1.2648941278457642,44.78687286376953
2006-06-09,86.41622924804688,1.2640947103500366,45.023250579833984
2006-06-12,85.4786376953125,1.258605718612671,45.060054779052734
2006-06-13,84.48590087890625,1.2545949220657349,45.091522216796875
2006-06-14,85.14080810546875,1.2609069347381592,44.639835357666016
2006-06-15,86.9470443725586,1.2639987468719482,44.382423400878906
2006-06-16,86.31344604492188,1.2644941806793213,44.28266525268555
2006-06-19,85.6348648071289,1.258004069328308,44.21963119506836
2006-06-20,85.92567443847656,1.2589067220687866,44.14609146118164
2006-06-21,86.56271362304688,1.2660951614379883,44.1566276550293
2006-06-22,86.18186950683594,1.2584948539733887,43.90448760986328
2006-06-23,86.16802215576172,1.2523951530456543,43.815216064453125
2006-06-26,86.54889678955078,1.2589067220687866,43.73114776611328
2006-06-27,85.80103302001953,1.256897211074829,43.9465217590332
2006-06-28,86.38269805908203,1.2545949220657349,43.715389251708984
2006-06-29,88.12767791748047,1.26639986038208,43.862457275390625
2006-06-30,88.13457489013672,1.2782983779907227,44.28789138793945
2006-07-03,88.49462890625,1.28009831905365,44.2441291809082
2006-07-04,88.49462890625,1.2790013551712036,44.2441291809082
2006-07-05,87.9891586303711,1.2733986377716064,43.89088439941406
2006-07-06,88.2453842163086,1.2775959968566895,44.1598014831543
2006-07-07,87.67061614990234,1.2823965549468994,44.44451141357422
2006-07-10,87.83682250976562,1.2745022773742676,44.48668670654297
2006-07-11,88.224609375,1.2767478227615356,44.62908172607422
2006-07-12,87.2828369140625,1.2711971998214722,44.639644622802734
2006-07-13,85.86338806152344,1.2696961164474487,44.813621520996094
2006-07-14,85.531005859375,1.2643983364105225,44.84001922607422
2006-07-17,85.40635681152344,1.251799464225769,44.90849685668945
2006-07-18,85.84256744384766,1.2502031326293945,44.52360534667969
2006-07-19,87.0335922241211,1.2599060535430908,44.945411682128906
2006-07-20,86.43804931640625,1.263296127319336,45.077239990234375
2006-07-21,85.82874298095703,1.270599603652954,44.992923736572266
2006-07-24,87.39366912841797,1.262403130531311,44.96653747558594
2006-07-25,87.70527648925781,1.2583998441696167,44.83470153808594
2006-07-26,87.82298278808594,1.2712942361831665,44.998172760009766
2006-07-27,87.7398910522461,1.269599437713623,44.929656982421875
2006-07-28,88.6192855834961,1.2751035690307617,45.18795394897461
2006-07-31,88.52925872802734,1.277400255203247,45.245975494384766
2006-08-01,88.09300994873047,1.2820019721984863,45.24176788330078
2006-08-02,88.68853759765625,1.2791976928710938,45.411102294921875
2006-08-03,88.9239730834961,1.2799016237258911,45.4217414855957
2006-08-04,88.7716064453125,1.2878963947296143,45.697025299072266
2006-08-07,88.56392669677734,1.2819033861160278,45.72349548339844
2006-08-08,88.224609375,1.2766989469528198,45.622920989990234
2006-08-09,87.92687225341797,1.2874983549118042,45.47463607788086
2006-08-10,88.19691467285156,1.2792959213256836,45.405853271484375
2006-08-11,87.9476089477539,1.2725075483322144,45.20997619628906
2006-08-14,88.0168685913086,1.2722970247268677,45.130523681640625
2006-08-15,89.06937408447266,1.2790995836257935,45.5117301940918
2006-08-16,89.81031036376953,1.2843070030212402,45.81877899169922
2006-08-17,90.0387954711914,1.283202886581421,45.802886962890625
2006-08-18,90.49583435058594,1.2828078269958496,45.93523406982422
2006-08-21,90.10808563232422,1.2872995138168335,46.09931945800781
2006-08-22,90.10114288330078,1.2811970710754395,46.115272521972656
2006-08-23,89.85184478759766,1.2781022787094116,46.13644790649414
2006-08-24,89.77571105957031,1.2761938571929932,46.221126556396484
2006-08-25,89.88645935058594,1.2757054567337036,46.28995132446289
2006-08-28,90.31575012207031,1.2792466878890991,46.33231735229492
2006-08-29,90.41966247558594,1.2829065322875977,46.39579391479492
2006-08-30,90.47504425048828,1.284092664718628,46.517578125
2006-08-31,90.46121215820312,1.2809016704559326,46.62875747680664
2006-09-01,91.00133514404297,1.2835981845855713,46.64469909667969
2006-09-04,91.00133514404297,1.2856941223144531,46.64469909667969
2006-09-05,91.17444610595703,1.2823965549468994,46.352352142333984
2006-09-06,90.37120056152344,1.2819033861160278,46.288578033447266
2006-09-07,89.95569610595703,1.2732040882110596,46.378971099853516
2006-09-08,90.2119140625,1.2672985792160034,46.41615295410156
2006-09-11,90.30191802978516,1.2710033655166626,46.37363815307617
2006-09-12,91.1882553100586,1.2695027589797974,46.60747528076172
2006-09-13,91.5552978515625,1.2696961164474487,46.62876892089844
2006-09-14,91.56220245361328,1.2722970247268677,46.52244567871094
2006-09-15,91.77708435058594,1.2651021480560303,46.48524856567383
2006-09-18,91.90231323242188,1.2706964015960693,46.41082763671875
2006-09-19,91.67277526855469,1.2677003145217896,46.93172836303711
2006-09-20,92.15963745117188,1.2687939405441284,47.000797271728516
2006-09-21,91.7145004272461,1.2781022787094116,47.431297302246094
2006-09-22,91.4363021850586,1.2799999713897705,47.66518020629883
2006-09-25,92.1387710571289,1.2745022773742676,48.00004959106445
2006-09-26,92.90380096435547,1.2686975002288818,47.798065185546875
2006-09-27,93.01506805419922,1.270599603652954,47.65987777709961
2006-09-28,92.98031616210938,1.2703574895858765,47.580142974853516
2006-09-29,92.90380096435547,1.2662074565887451,47.52164840698242
2006-10-02,92.55606842041016,1.2741937637329102,47.6518669128418
2006-10-03,92.75079345703125,1.2734960317611694,47.58782196044922
2006-10-04,93.83575439453125,1.2712942361831665,47.9346923828125
2006-10-05,94.01656341552734,1.269551157951355,47.59851837158203
2006-10-06,93.89835357666016,1.260398268699646,47.10223388671875
2006-10-09,93.95398712158203,1.260096549987793,47.23030090332031
2006-10-10,94.07917785644531,1.2531956434249878,46.85680389404297
2006-10-11,93.96788024902344,1.2523951530456543,46.71803665161133
2006-10-12,94.78164672851562,1.2559974193572998,46.74469757080078
2006-10-13,95.0250473022461,1.250500202178955,46.509925842285156
2006-10-16,95.17110443115234,1.2541072368621826,46.71803665161133
2006-10-17,94.87205505371094,1.2545005083084106,46.75539779663086
2006-10-18,94.99722290039062,1.2539026737213135,46.85146713256836
2006-10-19,95.15025329589844,1.2627060413360596,46.766075134277344
2006-10-20,95.17110443115234,1.2616068124771118,46.71803665161133
2006-10-23,95.6092529296875,1.255098819732666,46.53129196166992
2006-10-24,95.8944091796875,1.2559027671813965,46.53129196166992
2006-10-25,96.2213134765625,1.2616068124771118,46.89946365356445
2006-10-26,96.52035522460938,1.2694060802459717,47.20365905761719
2006-10-27,95.915283203125,1.2743074893951416,47.42243194580078
2006-10-30,95.84569549560547,1.271795392036438,47.555824279785156
2006-10-31,95.83184051513672,1.2766989469528198,47.92404556274414
2006-11-01,95.18498992919922,1.2754452228546143,48.189186096191406
2006-11-02,95.12934875488281,1.2780042886734009,47.99097442626953
2006-11-03,94.9624252319336,1.2706964015960693,47.42315673828125
2006-11-06,96.03352355957031,1.2725560665130615,47.56247329711914
2006-11-07,96.40210723876953,1.2779062986373901,47.782081604003906
2006-11-08,96.61077117919922,1.2759984731674194,47.953460693359375
2006-11-09,96.10306549072266,1.283252239227295,47.926719665527344
2006-11-10,96.14476013183594,1.2853965759277344,48.135650634765625
2006-11-13,96.38127136230469,1.2825939655303955,48.1248779296875
2006-11-14,97.10458374023438,1.2813942432403564,48.3123893737793
2006-11-15,97.38279724121094,1.282495141029358,48.13026809692383
2006-11-16,97.63314056396484,1.2793940305709839,47.91066360473633
2006-11-17,97.66097259521484,1.285000205039978,48.18379592895508
2006-11-20,97.71661376953125,1.2818048000335693,48.25879669189453
2006-11-21,97.81399536132812,1.2846039533615112,48.37664794921875
2006-11-22,98.00872039794922,1.2938953638076782,48.45698165893555
2006-11-23,98.00872039794922,1.295202612876892,48.45698165893555
2006-11-24,97.61223602294922,1.3085066080093384,48.54270935058594
2006-11-27,96.26997375488281,1.3133012056350708,48.71952438354492
2006-11-28,96.68727111816406,1.320393443107605,48.82125473022461
2006-11-29,97.6957778930664,1.3148033618927002,48.708770751953125
2006-11-30,97.73748779296875,1.325100064277649,49.030216217041016
2006-12-01,97.52188110351562,1.334098219871521,49.154964447021484
2006-12-04,98.26602935791016,1.3336000442504883,49.240962982177734
2006-12-05,98.6902847290039,1.331894874572754,49.00974655151367
2006-12-06,98.60682678222656,1.3286564350128174,48.91294860839844
2006-12-07,98.17561340332031,1.3286035060882568,48.875343322753906
2006-12-08,98.3564682006836,1.3394052982330322,48.52047348022461
2006-12-11,98.6416015625,1.325100064277649,48.730140686035156
2006-12-12,98.56507873535156,1.3284975290298462,48.83233642578125
2006-12-13,98.66940307617188,1.3218071460723877,48.39676284790039
2006-12-14,99.53877258300781,1.3156510591506958,48.219383239746094
2006-12-15,99.54783630371094,1.3098949193954468,48.246219635009766
2006-12-18,99.27513122558594,1.3105987310409546,48.26241683959961
2006-12-19,99.46398162841797,1.3207073211669922,48.19786071777344
2006-12-20,99.40803527832031,1.318704605102539,48.192508697509766
2006-12-21,99.04434204101562,1.3183915615081787,48.43448257446289
2006-12-22,98.43583679199219,1.3136979341506958,48.063453674316406
2006-12-25,98.43583679199219,1.3135944604873657,48.063453674316406
2006-12-26,99.01634979248047,1.310994029045105,48.208621978759766
2006-12-27,99.66677856445312,1.312508225440979,47.85419464111328
2006-12-28,99.45694732666016,1.3148033618927002,47.746238708496094
2006-12-29,99.04434204101562,1.3198009729385376,47.70852279663086
2007-01-01,99.04434204101562,1.3218945264816284,47.70852279663086
2007-01-02,99.04434204101562,1.3275980949401855,47.70852279663086
2007-01-03,98.8695068359375,1.3171066045761108,48.04841995239258
2007-01-04,99.07930755615234,1.3092947006225586,48.33970642089844
2007-01-05,98.28903198242188,1.2984988689422607,48.129310607910156
2007-01-08,98.74359130859375,1.3040019273757935,48.21561813354492
2007-01-09,98.6596908569336,1.2996971607208252,48.21561813354492
2007-01-10,98.98839569091797,1.2939958572387695,47.999839782714844
2007-01-11,99.4219741821289,1.289507269859314,47.719276428222656
2007-01-12,100.17733001708984,1.292808175086975,47.49810791015625
2007-01-15,100.17733001708984,1.2935941219329834,47.49810791015625
2007-01-16,99.98146057128906,1.2920063734054565,47.60059356689453
2007-01-17,100.02345275878906,1.2939958572387695,47.45490264892578
2007-01-18,99.687744140625,1.2960922718048096,47.60059356689453
2007-01-19,99.88356018066406,1.2968990802764893,47.471107482910156
2007-01-22,99.57582092285156,1.2950012683868408,47.58441162109375
2007-01-23,99.8696060180664,1.3023037910461426,47.271488189697266
2007-01-24,100.67385864257812,1.29629385471344,47.266082763671875
2007-01-25,99.49193572998047,1.2939958572387695,46.92622375488281
2007-01-26,99.4010238647461,1.2928917407989502,46.888427734375
2007-01-29,99.34505462646484,1.29629385471344,46.785919189453125
2007-01-30,99.86257934570312,1.2965964078903198,46.839866638183594
2007-01-31,100.53396606445312,1.3023037910461426,47.233699798583984
2007-02-01,101.13545227050781,1.3018969297409058,47.176849365234375
2007-02-02,101.27532958984375,1.2963947057724,47.23643493652344
2007-02-05,101.30330657958984,1.2931926250457764,47.30143737792969
2007-02-06,101.33126831054688,1.2983977794647217,47.56147384643555
2007-02-07,101.55503845214844,1.3023037910461426,47.70231628417969
2007-02-08,101.42219543457031,1.3040019273757935,47.740230560302734
2007-02-09,100.6668930053711,1.3006945848464966,47.469364166259766
2007-02-12,100.32418060302734,1.29629385471344,47.36103057861328
2007-02-13,101.1704330444336,1.3032032251358032,47.25808334350586
2007-02-14,101.83477020263672,1.3139914274215698,47.70773696899414
2007-02-15,101.96768951416016,1.313508152961731,47.84858703613281
2007-02-16,101.91871643066406,1.3138015270233154,48.01645278930664
2007-02-19,101.91871643066406,1.3152011632919312,48.01645278930664
2007-02-20,102.13553619384766,1.3148033618927002,48.12480163574219
2007-02-21,102.09361267089844,1.313905119895935,48.043582916259766
2007-02-22,102.01665496826172,1.312508225440979,47.78353500366211
2007-02-23,101.61798095703125,1.3168984651565552,48.12480163574219
2007-02-26,101.52706146240234,1.319400429725647,48.444419860839844
2007-02-27,97.56165313720703,1.3232064247131348,49.05653762817383
2007-02-28,98.5617904663086,1.322891354560852,48.83442306518555
2007-03-01,98.26802825927734,1.317002534866333,48.80345916748047
2007-03-02,96.981201171875,1.3164995908737183,49.04812240600586
2007-03-05,96.05805969238281,1.3086949586868286,49.129722595214844
2007-03-06,97.70149230957031,1.3138015270233154,48.9829216003418
2007-03-07,97.60364532470703,1.3178529739379883,49.1732292175293
2007-03-08,98.42888641357422,1.314198613166809,49.129722595214844
2007-03-09,98.45686340332031,1.3115957975387573,48.61313247680664
2007-03-12,98.603759765625,1.318791389465332,48.80345916748047
2007-03-13,96.6874771118164,1.319000244140625,49.097076416015625
2007-03-14,97.40784454345703,1.323504090309143,48.87411880493164
2007-03-15,97.54068756103516,1.328303575515747,48.868717193603516
2007-03-16,97.26756286621094,1.3318061828613281,48.857818603515625
2007-03-19,98.4401626586914,1.3312920331954956,48.7545166015625
2007-03-20,98.98079681396484,1.33159339427948,48.78173065185547
2007-03-21,100.6097412109375,1.3399077653884888,48.80345916748047
2007-03-22,100.53253173828125,1.3334044218063354,48.41739273071289
2007-03-23,100.67997741699219,1.3296988010406494,48.28145217895508
2007-03-26,100.54656219482422,1.333191156387329,48.341251373291016
2007-03-27,100.307861328125,1.3365052938461304,48.259681701660156
2007-03-28,99.57762145996094,1.3315047025680542,48.161808013916016
2007-03-29,99.68295288085938,1.3334933519363403,48.0965461730957
2007-03-30,99.70401000976562,1.3358982801437378,48.00410842895508
2007-04-02,99.81629180908203,1.337005615234375,48.08380889892578
2007-04-03,100.89057159423828,1.33249831199646,48.023773193359375
2007-04-04,101.00292205810547,1.3373990058898926,48.07283020019531
2007-04-05,101.27680206298828,1.3432012796401978,47.89281463623047
2007-04-06,101.27680206298828,1.3401951789855957,47.89281463623047
2007-04-09,101.41724395751953,1.335505723953247,47.57624053955078
2007-04-10,101.53659057617188,1.3432012796401978,47.7181396484375
2007-04-11,101.12232208251953,1.3439956903457642,47.68538284301758
2007-04-12,101.57170104980469,1.3491089344024658,47.69630432128906
2007-04-13,102.03510284423828,1.3521004915237427,47.54889678955078
2007-04-16,103.00404357910156,1.3529053926467896,47.8109016418457
2007-04-17,103.27787780761719,1.3572019338607788,48.07835388183594
2007-04-18,103.4042739868164,1.361396312713623,48.31850051879883
2007-04-19,103.3761978149414,1.362434983253479,48.23662185668945
2007-04-20,104.35216522216797,1.3588987588882446,48.11105728149414
2007-04-23,103.958984375,1.3584003448486328,48.285743713378906
2007-04-24,104.00109100341797,1.3636053800582886,48.46586990356445
2007-04-25,104.95599365234375,1.3639029264450073,48.296661376953125
2007-04-26,105.07537841796875,1.3588987588882446,47.94731521606445
2007-04-27,104.9911117553711,1.3655046224594116,47.93646240234375
2007-04-30,104.12044525146484,1.3652063608169556,48.43855285644531
2007-05-01,104.38726043701172,1.3601001501083374,48.4736442565918
2007-05-02,104.99809265136719,1.3588064908981323,48.44622802734375
2007-05-03,105.56684875488281,1.3556013107299805,48.336700439453125
2007-05-04,105.96708679199219,1.3588987588882446,48.53387451171875
2007-05-07,105.9881820678711,1.360007643699646,48.66535186767578
2007-05-08,105.84774017333984,1.3540961742401123,48.55577850341797
2007-05-09,106.13560485839844,1.3527040481567383,48.364070892333984
2007-05-10,105.02625274658203,1.3483085632324219,48.47909927368164
2007-05-11,105.92496490478516,1.3521004915237427,48.30927658081055
2007-05-14,105.69328308105469,1.3542977571487427,48.18326950073242
2007-05-15,105.72134399414062,1.3596007823944092,48.1668586730957
2007-05-16,106.44454956054688,1.3523930311203003,48.13400650024414
2007-05-17,106.23392486572266,1.34969162940979,47.93678665161133
2007-05-18,107.16069793701172,1.3512965440750122,47.61907196044922
2007-05-21,107.10453796386719,1.3466018438339233,47.76152038574219
2007-05-22,107.02030181884766,1.3452069759368896,47.514984130859375
2007-05-23,107.03436279296875,1.3458044528961182,47.3780632019043
2007-05-24,106.06533813476562,1.3430029153823853,47.42184829711914
2007-05-25,106.50775909423828,1.3450080156326294,47.31232833862305
2007-05-28,106.50775909423828,1.3452069759368896,47.31232833862305
2007-05-29,106.89393615722656,1.3445920944213867,47.30683135986328
2007-05-30,107.76459503173828,1.3432012796401978,47.40543746948242
2007-05-31,107.6522445678711,1.3456052541732788,47.31776809692383
2007-06-01,108.18582916259766,1.3441944122314453,47.06920623779297
2007-06-04,108.19985961914062,1.349199891090393,47.28369903564453
2007-06-05,107.77159881591797,1.3520090579986572,46.98671340942383
2007-06-06,106.61310577392578,1.3492909669876099,46.96474075317383
2007-06-07,104.68923950195312,1.3428045511245728,46.123313903808594
2007-06-08,106.05133819580078,1.3360053300857544,46.08481979370117
2007-06-11,106.23392486572266,1.335594892501831,45.95283889770508
2007-06-12,105.07537841796875,1.3306012153625488,45.28741455078125
2007-06-13,106.64812469482422,1.3310085535049438,45.82637405395508
2007-06-14,107.32926177978516,1.33159339427948,45.71087646484375
2007-06-15,107.93990325927734,1.3379000425338745,46.024356842041016
2007-06-18,107.81301879882812,1.341597557067871,45.93083953857422
2007-06-19,108.08097076416016,1.3424079418182373,46.35976791381836
2007-06-20,106.57894897460938,1.3396027088165283,45.985843658447266
2007-06-21,107.1712875366211,1.3394052982330322,45.76584243774414
2007-06-22,106.16290283203125,1.347091555595398,46.062828063964844
2007-06-25,105.65518188476562,1.3468012809753418,46.315792083740234
2007-06-26,104.5692138671875,1.3448994159698486,46.32682418823242
2007-06-27,106.05704498291016,1.345496654510498,46.37077713012695
2007-06-28,106.04300689697266,1.344700574874878,46.35976791381836
2007-06-29,106.0782699584961,1.3536012172698975,46.8382568359375
2007-07-02,107.03730010986328,1.363493800163269,47.08445739746094
2007-07-03,107.4251937866211,1.3611923456192017,46.79739761352539
2007-07-04,107.4251937866211,1.3615074157714844,46.79739761352539
2007-07-05,107.31226348876953,1.3598966598510742,46.27295684814453
2007-07-06,107.8764877319336,1.3629920482635498,46.08523941040039
2007-07-09,107.96106719970703,1.3623977899551392,46.25087356567383
2007-07-10,106.42384338378906,1.3760079145431519,47.0347785949707
2007-07-11,107.17832946777344,1.3754022121429443,46.5489387512207
2007-07-12,108.87073516845703,1.378796935081482,46.38888931274414
2007-07-13,109.19508361816406,1.3784927129745483,46.51587677001953
2007-07-16,109.18101501464844,1.377695083618164,46.962989807128906
2007-07-17,109.1246337890625,1.379006028175354,46.8636589050293
2007-07-18,108.92719268798828,1.3807005882263184,47.040287017822266
2007-07-19,109.35027313232422,1.379805088043213,47.02927017211914
2007-07-20,108.24314880371094,1.3833937644958496,47.454322814941406
2007-07-23,108.5745620727539,1.3804908990859985,47.37705993652344
2007-07-24,106.69180297851562,1.3824948072433472,47.5537223815918
2007-07-25,106.91035461425781,1.3726081848144531,47.64756774902344
2007-07-26,104.3788070678711,1.3750051259994507,48.04502868652344
2007-07-27,102.32676696777344,1.3636053800582886,48.18301773071289
2007-07-30,103.92754364013672,1.3711966276168823,48.04502868652344
2007-07-31,102.7569808959961,1.3672035932540894,48.3928108215332
2007-08-01,103.257568359375,1.367708444595337,48.28804016113281
2007-08-02,104.0826644897461,1.3707079887390137,48.40999221801758
2007-08-03,101.40304565429688,1.3787018060684204,48.7314338684082
2007-08-06,103.10246276855469,1.3796910047531128,48.376739501953125
2007-08-07,104.20258331298828,1.374098300933838,48.337974548339844
2007-08-08,105.65518188476562,1.3803004026412964,47.750492095947266
2007-08-09,102.52424621582031,1.367409110069275,47.817012786865234
2007-08-10,102.0447006225586,1.3689066171646118,47.70615768432617
2007-08-13,102.41139221191406,1.3613035678863525,47.84471130371094
2007-08-14,100.84593200683594,1.3534914255142212,47.97218322753906
2007-08-15,99.4567642211914,1.3428045511245728,47.80036163330078
2007-08-16,100.20423126220703,1.3424980640411377,48.29362869262695
2007-08-17,102.0447006225586,1.349400281906128,48.09966278076172
2007-08-20,101.99533081054688,1.347490906715393,48.12734603881836
2007-08-21,102.1998519897461,1.345496654510498,48.360130310058594
2007-08-22,103.4127197265625,1.3549952507019043,48.28252410888672
2007-08-23,103.3210678100586,1.3556932210922241,48.448787689208984
2007-08-24,104.59744262695312,1.366698980331421,48.687095642089844
2007-08-27,103.62430572509766,1.3637913465499878,48.94205856323242
2007-08-28,101.34661865234375,1.3598966598510742,49.02521514892578
2007-08-29,103.33517456054688,1.367409110069275,48.89214324951172
2007-08-30,103.06015014648438,1.3642005920410156,49.219120025634766
2007-08-31,104.07559204101562,1.3642005920410156,49.2579345703125
2007-09-03,104.07559204101562,1.361396312713623,49.2579345703125
2007-09-04,105.12628936767578,1.3620080947875977,49.28132629394531
2007-09-05,104.2166519165039,1.365392804145813,49.67639923095703
2007-09-06,104.4564437866211,1.3696004152297974,49.548404693603516
2007-09-07,103.00371551513672,1.3775053024291992,50.249603271484375
2007-09-10,102.80628967285156,1.3775053024291992,50.639102935791016
2007-09-11,104.00505828857422,1.384006381034851,50.60015869140625
2007-09-12,104.27305603027344,1.390801191329956,50.41093444824219
2007-09-13,105.00646209716797,1.3866932392120361,49.960205078125
2007-09-14,104.99935150146484,1.3878093957901,50.032562255859375
2007-09-17,104.4352035522461,1.3865010738372803,50.27179718017578
2007-09-18,107.50975799560547,1.3979953527450562,49.89339828491211
2007-09-19,108.14441680908203,1.3969016075134277,49.43153762817383
2007-09-20,107.38280487060547,1.4078954458236694,48.49666976928711
2007-09-21,107.67266845703125,1.4092049598693848,48.908477783203125
2007-09-24,107.47428894042969,1.407400131225586,49.04759216308594
2007-09-25,107.26168060302734,1.4152077436447144,48.87506103515625
2007-09-26,107.8285140991211,1.4133076667785645,48.91959762573242
2007-09-27,108.4661865234375,1.4152077436447144,49.25902557373047
2007-09-28,108.10481262207031,1.4264928102493286,49.37036895751953
2007-10-01,109.32344818115234,1.4236091375350952,49.65245819091797
2007-10-02,109.1746597290039,1.4152077436447144,49.808868408203125
2007-10-03,108.95502471923828,1.4099997282028198,49.66365432739258
2007-10-04,109.12505340576172,1.4135074615478516,49.85356903076172
2007-10-05,110.42166900634766,1.4133076667785645,49.317264556884766
2007-10-08,109.83354949951172,1.4049086570739746,49.27813720703125
2007-10-09,110.86798095703125,1.4106959104537964,49.21674728393555
2007-10-10,110.68383026123047,1.414107084274292,49.244625091552734
2007-10-11,110.15241241455078,1.4201923608779907,49.194366455078125
2007-10-12,110.76175689697266,1.4190032482147217,48.95418167114258
2007-10-15,109.82649230957031,1.4203940629959106,48.965309143066406
2007-10-16,108.95502471923828,1.4176956415176392,48.982078552246094
2007-10-17,109.28801727294922,1.4217066764831543,49.51836395263672
2007-10-18,108.8912582397461,1.4294904470443726,49.7921257019043
2007-10-19,106.04304504394531,1.4296947717666626,50.53511428833008
2007-10-22,106.65946960449219,1.4179972410202026,50.54072189331055
2007-10-23,107.52384948730469,1.4258012771606445,50.473690032958984
2007-10-24,107.32545471191406,1.4263097047805786,50.84792709350586
2007-10-25,107.58055114746094,1.4326032400131226,50.674808502197266
2007-10-26,108.84162902832031,1.4393045902252197,50.557456970214844
2007-10-29,109.2030029296875,1.441794753074646,50.75299072265625
2007-10-30,108.44485473632812,1.44400155544281,50.72507095336914
2007-10-31,109.57140350341797,1.4471989870071411,50.266998291015625
2007-11-01,107.00662994384766,1.442710041999817,50.920066833496094
2007-11-02,107.12700653076172,1.4487924575805664,51.08279800415039
2007-11-05,106.31227111816406,1.4478065967559814,51.060386657714844
2007-11-06,107.74345397949219,1.4564096927642822,50.813507080078125
2007-11-07,104.79602813720703,1.4623944759368896,50.90324020385742
2007-11-08,104.2646484375,1.4681053161621094,50.813507080078125
2007-11-09,102.8334732055664,1.467502236366272,51.245513916015625
2007-11-12,101.81324768066406,1.4523905515670776,51.43070983886719
2007-11-13,104.91651153564453,1.4620951414108276,51.239898681640625
2007-11-14,104.62600708007812,1.46500825881958,51.2960205078125
2007-11-15,103.11686706542969,1.4620951414108276,51.77859878540039
2007-11-16,103.29400634765625,1.4634003639221191,51.8515510559082
2007-11-19,101.85572052001953,1.4668993949890137,52.188194274902344
2007-11-20,102.47920227050781,1.4833053350448608,52.132083892822266
2007-11-21,100.38202667236328,1.4857958555221558,52.43507766723633
2007-11-22,100.38202667236328,1.4855971336364746,52.43507766723633
2007-11-23,102.11786651611328,1.480100154876709,52.592201232910156
2007-11-26,99.86479949951172,1.480100154876709,53.63022232055664
2007-11-27,101.01260375976562,1.4837895631790161,53.11961364746094
2007-11-28,104.24346160888672,1.4840978384017944,52.76051712036133
2007-11-29,104.27880096435547,1.4759929180145264,53.21501922607422
2007-11-30,105.32746124267578,1.469594120979309,52.95686340332031
2007-12-03,104.63306427001953,1.467007040977478,53.37717056274414
2007-12-04,103.6978530883789,1.4766032695770264,53.37149429321289
2007-12-05,105.43373107910156,1.4598966836929321,52.73493194580078
2007-12-06,106.94286346435547,1.4659103155136108,52.273014068603516
2007-12-07,106.92159271240234,1.4656095504760742,51.687095642089844
2007-12-10,107.75051879882812,1.4708911180496216,51.37728500366211
2007-12-11,104.79602813720703,1.466490626335144,52.38566207885742
2007-12-12,105.83047485351562,1.4716053009033203,51.8448371887207
2007-12-13,105.61082458496094,1.4629936218261719,51.281497955322266
2007-12-14,104.27176666259766,1.4437098503112793,51.04492950439453
2007-12-17,102.7838363647461,1.4412959814071655,51.50121307373047
2007-12-18,103.3577880859375,1.4412959814071655,51.83358383178711
2007-12-19,103.3577880859375,1.4383935928344727,52.5208740234375
2007-12-20,104.00962829589844,1.433301329612732,52.40822982788086
2007-12-21,105.50894927978516,1.438807487487793,51.642024993896484
2007-12-24,106.29244232177734,1.439698338508606,51.39982223510742
2007-12-25,106.29244232177734,1.4395946264266968,51.39982223510742
2007-12-26,106.52040100097656,1.4487924575805664,50.94911193847656
2007-12-27,105.18131256103516,1.4613901376724243,51.504539489746094
2007-12-28,104.91776275634766,1.4718002080917358,52.307743072509766
2007-12-31,104.14141082763672,1.4601097106933594,52.624446868896484
2008-01-01,104.14141082763672,1.4620096683502197,52.624446868896484
2008-01-02,103.2296371459961,1.4716920852661133,53.38237380981445
2008-01-03,103.17984771728516,1.4744912385940552,53.3088493347168
2008-01-04,100.65121459960938,1.4754921197891235,53.320159912109375
2008-01-07,100.5657730102539,1.468299388885498,53.55207061767578
2008-01-08,98.94184875488281,1.5570987462997437,53.489837646484375
2008-01-09,99.98167419433594,1.466404676437378,53.59165954589844
2008-01-10,100.63700866699219,1.480100154876709,52.867637634277344
2008-01-11,99.82498168945312,1.4790055751800537,53.280582427978516
2008-01-14,100.62987518310547,1.4869003295898438,53.478538513183594
2008-01-15,98.41471099853516,1.4802095890045166,54.07806396484375
2008-01-16,97.56710815429688,1.466404676437378,53.68779754638672
2008-01-17,95.03856658935547,1.4640002250671387,54.3835334777832
2008-01-18,94.062744140625,1.4617959260940552,54.01018524169922
2008-01-21,94.062744140625,1.4420026540756226,54.01018524169922
2008-01-22,93.10826873779297,1.4647936820983887,54.58716583251953
2008-01-23,95.34481811523438,1.4632076025009155,54.46268081665039
2008-01-24,96.14968872070312,1.4774104356765747,53.37107849121094
2008-01-25,94.7607650756836,1.467502236366272,54.270355224609375
2008-01-28,96.32774353027344,1.4788086414337158,54.06676483154297
2008-01-29,96.80496215820312,1.4771921634674072,53.69915008544922
2008-01-30,96.09269714355469,1.483107328414917,53.348445892333984
2008-01-31,97.84490966796875,1.4865025281906128,53.727386474609375
2008-02-01,99.41905212402344,1.4799906015396118,54.05032730102539
2008-02-04,98.1654281616211,1.4827995300292969,53.494178771972656
2008-02-05,95.53712463378906,1.4638073444366455,53.90278244018555
2008-02-06,94.76786804199219,1.4617104530334473,53.73817825317383
2008-02-07,95.39466857910156,1.4478904008865356,52.58032989501953
2008-02-08,94.78213500976562,1.5570987462997437,53.18196105957031
2008-02-11,95.26642608642578,1.450200080871582,53.403343200683594
2008-02-12,96.14968872070312,1.4581936597824097,53.08549499511719
2008-02-13,97.13262939453125,1.455604076385498,52.523597717285156
2008-02-14,96.2778549194336,1.4644076824188232,51.75166320800781
2008-02-15,96.25654602050781,1.4676098823547363,52.14899826049805
2008-02-18,96.25654602050781,1.46500825881958,52.14899826049805
2008-02-19,96.5271987915039,1.4729926586151123,51.62110137939453
2008-02-20,96.81207275390625,1.4722987413406372,51.978694915771484
2008-02-21,96.00720977783203,1.4815034866333008,52.52928924560547
2008-02-22,96.5984115600586,1.4826017618179321,52.22842025756836
2008-02-25,97.81636810302734,1.4835914373397827,51.694881439208984
2008-02-26,98.550048828125,1.4996100664138794,51.71194839477539
2008-02-27,98.4503402709961,1.5118072032928467,51.757347106933594
2008-02-28,97.48875427246094,1.5195951461791992,52.676841735839844
2008-02-29,95.31631469726562,1.519202709197998,53.4827766418457
2008-03-03,95.08841705322266,1.5200109481811523,53.34490966796875
2008-03-04,94.72515106201172,1.5210051536560059,52.826480865478516
2008-03-05,95.32341766357422,1.527697205543518,52.194190979003906
2008-03-06,93.35047149658203,1.5385088920593262,52.473297119140625
2008-03-07,92.3888931274414,1.5336012840270996,52.541683197021484
2008-03-10,91.17090606689453,1.534095287322998,53.31640625
2008-03-11,94.44737243652344,1.5341894626617432,52.86068344116211
2008-03-12,93.56417083740234,1.5540015697479248,53.880409240722656
2008-03-13,93.77067565917969,1.5622069835662842,53.45886993408203
2008-03-14,92.3176498413086,1.561792254447937,54.11970520019531
2008-03-17,91.38460540771484,1.574803113937378,54.53557586669922
2008-03-18,95.18098449707031,1.565802812576294,54.324764251708984
2008-03-19,92.8233642578125,1.5638928413391113,55.2248649597168
2008-03-20,94.54273223876953,1.54421067237854,55.361568450927734
2008-03-21,94.54273223876953,1.5697108507156372,55.361568450927734
2008-03-24,96.43244171142578,1.5434956550598145,54.290592193603516
2008-03-25,96.5255126953125,1.5612071752548218,54.518455505371094
2008-03-26,95.34443664550781,1.5824036598205566,54.290592193603516
2008-03-27,95.04381561279297,1.5814026594161987,53.90888977050781
2008-03-28,94.13475036621094,1.5760937929153442,54.433006286621094
2008-03-31,94.4639892578125,1.5757957696914673,54.626705169677734
2008-04-01,97.7852554321289,1.5757957696914673,53.73765182495117
2008-04-02,97.84970092773438,1.5677913427352905,53.852073669433594
2008-04-03,98.09306335449219,1.5667105913162231,53.972251892089844
2008-04-04,97.98571014404297,1.5736879110336304,54.46422576904297
2008-04-07,98.0358657836914,1.5704996585845947,54.17820739746094
2008-04-08,97.93561553955078,1.5578023195266724,53.989376068115234
2008-04-09,97.22699737548828,1.5824036598205566,54.55001449584961
2008-04-10,97.36297607421875,1.57420814037323,54.36695861816406
2008-04-11,95.47327423095703,1.5822033882141113,54.733123779296875
2008-04-14,95.15113830566406,1.5825037956237793,54.41273498535156
2008-04-15,95.37306213378906,1.5786067247390747,53.73765182495117
2008-04-16,97.95709228515625,1.5958125591278076,53.21133041381836
2008-04-17,98.10021209716797,1.5902043581008911,53.119781494140625
2008-04-18,99.12381744384766,1.5733908414840698,53.07398223876953
2008-04-21,99.1739273071289,1.5911911725997925,53.285728454589844
2008-04-22,98.73731231689453,1.5987977981567383,53.46880340576172
2008-04-23,98.57982635498047,1.58740234375,53.29140853881836
2008-04-24,99.00932312011719,1.568406105041504,52.83944320678711
2008-04-25,99.92547607421875,1.5636972188949585,52.530521392822266
2008-04-28,99.94696807861328,1.5652881860733032,52.69072723388672
2008-04-29,99.55328369140625,1.556710958480835,52.890926361083984
2008-04-30,98.96636199951172,1.5622069835662842,53.26850891113281
2008-05-01,101.0135269165039,1.5622069835662842,53.2719841003418
2008-05-02,101.29271697998047,1.5434004068374634,52.60020065307617
2008-05-05,100.80596923828125,1.5498108863830566,52.60020065307617
2008-05-06,101.67926025390625,1.553591012954712,52.22124481201172
2008-05-07,99.8683090209961,1.5385088920593262,52.445152282714844
2008-05-08,99.6105728149414,1.5464078187942505,52.9160041809082
2008-05-09,99.42451477050781,1.5489946603775024,53.1112174987793
2008-05-12,100.5411376953125,1.5540015697479248,53.030799865722656
2008-05-13,100.555419921875,1.547700047492981,52.450889587402344
2008-05-14,100.76301574707031,1.546910047531128,52.473880767822266
2008-05-15,102.02279663085938,1.5450935363769531,52.950408935546875
2008-05-16,102.11589050292969,1.5596001148223877,52.732295989990234
2008-05-19,102.39502716064453,1.5527950525283813,52.8011589050293
2008-05-20,101.56468200683594,1.5654107332229614,53.07674789428711
2008-05-21,99.8467788696289,1.5788060426712036,53.08824920654297
2008-05-22,99.86109924316406,1.573192834854126,52.46238327026367
2008-05-23,98.52255249023438,1.5785070657730103,52.692012786865234
2008-05-26,98.52255249023438,1.5779341459274292,52.692012786865234
2008-05-27,99.25267028808594,1.5690950155258179,52.33604431152344
2008-05-28,99.71078491210938,1.5656068325042725,51.87097930908203
2008-05-29,100.21183013916016,1.5518070459365845,51.49778747558594
2008-05-30,100.4623794555664,1.5540982484817505,51.83654022216797
2008-06-02,99.42451477050781,1.5546056032180786,52.036476135253906
2008-06-03,98.84471130371094,1.5450220108032227,52.41111755371094
2008-06-04,98.79456329345703,1.5432575941085815,51.94431686401367
2008-06-05,100.77015686035156,1.5588949918746948,51.63310241699219
2008-06-06,97.55620574951172,1.5785070657730103,52.30160903930664
2008-06-09,97.79243469238281,1.5643576383590698,52.30160903930664
2008-06-10,97.30571746826172,1.5464078187942505,51.961578369140625
2008-06-11,95.87411499023438,1.555790662765503,51.84059143066406
2008-06-12,96.2391357421875,1.5460968017578125,51.32190704345703
2008-06-13,97.45601654052734,1.5369009971618652,51.21247482299805
2008-06-16,97.51332092285156,1.5473887920379639,51.22396469116211
2008-06-17,97.04090118408203,1.5521925687789917,51.32768630981445
2008-06-18,96.09600830078125,1.553808331489563,51.759910583496094
2008-06-19,96.21768188476562,1.550988793373108,51.45450973510742
2008-06-20,94.65589904785156,1.5627930164337158,51.75413131713867
2008-06-23,94.56239318847656,1.5522888898849487,51.863609313964844
2008-06-24,94.37537384033203,1.5570018291473389,52.209388732910156
2008-06-25,94.82135772705078,1.5673980712890625,52.232421875
2008-06-26,92.24598693847656,1.5752992630004883,52.58394241333008
2008-06-27,91.74242401123047,1.5752992630004883,53.200592041015625
2008-06-30,92.06614685058594,1.57500159740448,53.21208190917969
2008-07-01,92.35391235351562,1.57500159740448,53.08602523803711
2008-07-02,90.77127838134766,1.5878056287765503,53.36360549926758
2008-07-03,90.86475372314453,1.5700066089630127,53.24793243408203
2008-07-04,90.86475372314453,1.5713881254196167,53.24793243408203
2008-07-07,89.93677520751953,1.5720057487487793,53.49085235595703
2008-07-08,91.53380584716797,1.5333895683288574,53.83784103393555
2008-07-09,89.77133178710938,1.5735888481140137,54.074947357177734
2008-07-10,90.13819885253906,1.5785070657730103,54.06916809082031
2008-07-11,89.08792114257812,1.5948964357376099,53.29999542236328
2008-07-14,88.2822036743164,1.589092493057251,53.7684440612793
2008-07-15,87.03768157958984,1.5899008512496948,53.7510871887207
2008-07-16,89.1742172241211,1.5822033882141113,52.77947998046875
2008-07-17,90.06629180908203,1.585590124130249,52.507652282714844
2008-07-18,90.62741088867188,1.5853890180587769,52.311031341552734
2008-07-21,90.67776489257812,1.5913937091827393,52.5134391784668
2008-07-22,91.70649719238281,1.5792051553726196,52.25313949584961
2008-07-23,92.2028579711914,1.5692428350448608,52.149085998535156
2008-07-24,90.28927612304688,1.568873643875122,52.65803527832031
2008-07-25,90.26769256591797,1.5672998428344727,52.131744384765625
2008-07-28,88.94403839111328,1.5741338729858398,52.65803527832031
2008-07-29,90.84318542480469,1.5590895414352417,52.444034576416016
2008-07-30,92.4618148803711,1.5573655366897583,52.4961051940918
2008-07-31,91.23884582519531,1.5593082904815674,53.0166130065918
2008-08-01,90.75687408447266,1.5593082904815674,53.13383102416992
2008-08-04,89.91516876220703,1.5593082904815674,53.01195526123047
2008-08-05,92.3395004272461,1.5593082904815674,52.617286682128906
2008-08-06,92.74956512451172,1.5593082904815674,52.402496337890625
2008-08-07,91.36833190917969,1.5593082904815674,53.2557373046875
2008-08-08,93.06607055664062,1.5048909187316895,53.40082550048828
2008-08-11,94.03003692626953,1.5048909187316895,52.89006805419922
2008-08-12,93.05168151855469,1.5048909187316895,53.383445739746094
2008-08-13,92.49053955078125,1.5048909187316895,53.197689056396484
2008-08-14,93.18840026855469,1.5048909187316895,53.540130615234375
2008-08-15,93.64158630371094,1.5048909187316895,54.00450134277344
2008-08-18,92.36107635498047,1.5048909187316895,54.21927261352539
2008-08-19,91.35396575927734,1.5048909187316895,54.010318756103516
2008-08-20,91.77840423583984,1.5048909187316895,54.1612548828125
2008-08-21,91.9366683959961,1.5048909187316895,54.06253433227539
2008-08-22,93.26752471923828,1.5048909187316895,54.027687072753906
2008-08-25,91.37552642822266,1.5048909187316895,54.567543029785156
2008-08-26,91.64169311523438,1.4647936820983887,54.614009857177734
2008-08-27,92.53378295898438,1.4725805521011353,54.70688247680664
2008-08-28,93.65597534179688,1.4714103937149048,54.712677001953125
2008-08-29,92.64881896972656,1.4670931100845337,54.468875885009766
2008-09-01,92.64881896972656,1.4574922323226929,54.468875885009766
2008-09-02,92.07337188720703,1.4515894651412964,54.975685119628906
2008-09-03,91.99419403076172,1.4486035108566284,55.20870590209961
2008-09-04,89.22459411621094,1.4264928102493286,55.651458740234375
2008-09-05,89.50515747070312,1.4274905920028687,55.62233352661133
2008-09-08,91.35396575927734,1.5050041675567627,55.85530090332031
2008-09-09,88.64191436767578,1.414847493171692,56.40878677368164
2008-09-10,89.00161743164062,1.3984057903289795,56.05925369262695
2008-09-11,90.28927612304688,1.3995996713638306,56.030113220214844
2008-09-12,90.70650482177734,1.4239943027496338,55.3077507019043
2008-09-15,86.3902359008789,1.4268999099731445,57.10197830200195
2008-09-16,87.83621978759766,1.4135074615478516,57.09037780761719
2008-09-17,83.88679504394531,1.4329315423965454,57.37580871582031
2008-09-18,86.37586212158203,1.4304922819137573,56.536964416503906
2008-09-19,89.8061752319336,1.441794753074646,54.74263381958008
2008-09-22,87.77301025390625,1.4795963764190674,54.73684310913086
2008-09-23,85.77607727050781,1.4692918062210083,54.52711868286133
2008-09-24,86.0510025024414,1.4633146524429321,54.76597213745117
2008-09-25,87.39678192138672,1.4641932249069214,54.65524673461914
2008-09-26,87.44014739990234,1.4598966836929321,55.0514030456543
2008-09-29,80.58820343017578,1.4393253326416016,56.65345001220703
2008-09-30,83.92373657226562,1.409641981124878,55.272796630859375
2008-10-01,83.97440338134766,1.4016202688217163,55.968135833740234
2008-10-02,80.92830657958984,1.380795955657959,56.41808319091797
2008-10-03,79.83577728271484,1.3784927129745483,56.914794921875
2008-10-06,75.76942443847656,1.3504936695098877,57.94900894165039
2008-10-07,72.37605285644531,1.3588064908981323,57.773773193359375
2008-10-08,70.55269622802734,1.4957072734832764,56.944007873535156
2008-10-09,65.62537384033203,1.3598041534423828,56.46485900878906
2008-10-10,64.03356170654297,1.3398001194000244,56.06748580932617
2008-10-13,73.33110046386719,1.3621937036514282,55.34878158569336
2008-10-14,72.24579620361328,1.3618041276931763,54.99232864379883
2008-10-15,65.13336181640625,1.3443931341171265,55.51823425292969
2008-10-16,67.84664154052734,1.3489997386932373,55.23189163208008
2008-10-17,67.44149780273438,1.3422999382019043,54.85207748413086
2008-10-20,71.49327850341797,1.3313274383544922,55.29030990600586
2008-10-21,69.35885620117188,1.3061139583587646,55.582515716552734
2008-10-22,65.5819320678711,1.2816734313964844,56.710296630859375
2008-10-23,66.34168243408203,1.2944984436035156,57.130950927734375
2008-10-24,62.97718811035156,1.2629930973052979,56.52326202392578
2008-10-27,60.74144744873047,1.2464631795883179,56.564186096191406
2008-10-28,67.83943176269531,1.2809016704559326,55.740238189697266
2008-10-29,67.34738159179688,1.2959243059158325,55.45981979370117
2008-10-30,69.6772232055664,1.2868025302886963,54.95723342895508
2008-10-31,70.06069946289062,1.2701960802078247,54.244388580322266
2008-11-03,70.26329803466797,1.2617977857589722,54.39104080200195
2008-11-04,72.65095520019531,1.2983977794647217,55.4118537902832
2008-11-05,69.59760284423828,1.2918059825897217,56.068931579589844
2008-11-06,65.74115753173828,1.2695027589797974,55.66407012939453
2008-11-07,67.91173553466797,1.2714072465896606,55.300384521484375
2008-11-10,67.02178955078125,1.2747948169708252,55.57026672363281
2008-11-11,64.95248413085938,1.2515957355499268,55.73453140258789
2008-11-12,62.0944938659668,1.2459040880203247,56.092403411865234
2008-11-13,65.96540832519531,1.2788705825805664,54.74887466430664
2008-11-14,62.67328643798828,1.2596997022628784,55.83424377441406
2008-11-17,61.84126281738281,1.2643983364105225,56.08064651489258
2008-11-18,63.00613021850586,1.2636953592300415,56.80226135253906
2008-11-19,58.96876907348633,1.2505314350128174,58.257266998291016
2008-11-20,54.591331481933594,1.243904948234558,61.26691818237305
2008-11-21,57.53618240356445,1.2590969800949097,60.38102340698242
2008-11-24,61.522891998291016,1.291772723197937,59.43648910522461
2008-11-25,61.97871398925781,1.303407073020935,61.18476486206055
2008-11-26,64.37362670898438,1.289923071861267,61.26691818237305
2008-11-27,64.37362670898438,1.289507269859314,61.26691818237305
2008-11-28,65.18399810791016,1.269792914390564,62.023677825927734
2008-12-01,59.4101448059082,1.2599060535430908,64.39895629882812
2008-12-02,61.6965217590332,1.2713264226913452,64.64612579345703
2008-12-03,63.1797981262207,1.2707933187484741,64.82868194580078
2008-12-04,61.718231201171875,1.277400255203247,66.10607147216797
2008-12-05,63.62114334106445,1.2716983556747437,65.03466033935547
2008-12-08,65.84241485595703,1.4918025732040405,64.89342498779297
2008-12-09,64.75708770751953,1.2926075458526611,66.1766586303711
2008-12-10,65.19847106933594,1.3014055490493774,66.01774597167969
2008-12-11,63.628395080566406,1.3329956531524658,66.14720153808594
2008-12-12,64.3880844116211,1.33539879322052,66.14720153808594
2008-12-15,63.49091720581055,1.3696004152297974,66.9007797241211
2008-12-16,66.4791488647461,1.4061928987503052,68.55485534667969
2008-12-17,65.83515167236328,1.440839171409607,70.41497802734375
2008-12-18,64.60518646240234,1.4293065071105957,71.8925552368164
2008-12-19,64.32725524902344,1.392602562904358,71.96903991699219
2008-12-22,63.50300598144531,1.3959071636199951,71.41571044921875
2008-12-23,62.846534729003906,1.3937865495681763,71.32154846191406
2008-12-24,63.21123504638672,1.4008938074111938,71.16848754882812
2008-12-25,63.21123504638672,1.4015023708343506,71.16848754882812
2008-12-26,63.575984954833984,1.4027016162872314,71.4039535522461
2008-12-29,63.393646240234375,1.4039028882980347,71.31828308105469
2008-12-30,64.89620971679688,1.4140071868896484,71.99748992919922
2008-12-31,65.82256317138672,1.3979953527450562,70.49147033691406
2009-01-01,65.82256317138672,1.3998936414718628,70.49147033691406
2009-01-02,67.80658721923828,1.3922922611236572,68.71955871582031
2009-01-05,67.7263412475586,1.3645915985107422,66.94766235351562
2009-01-06,68.17859649658203,1.3510043621063232,66.27436065673828
2009-01-07,66.13621520996094,1.3610997200012207,66.53423309326172
2009-01-08,66.40607452392578,1.3699005842208862,66.48104858398438
2009-01-09,64.98373413085938,1.345496654510498,66.58146667480469
2009-01-12,63.422760009765625,1.3360053300857544,67.27245330810547
2009-01-13,63.53944778442383,1.3202017545700073,67.34339904785156
2009-01-14,61.54090118408203,1.3217023611068726,68.45377349853516
2009-01-15,61.56277084350586,1.3158068656921387,68.56595611572266
2009-01-16,62.044166564941406,1.3292039632797241,67.5086898803711
2009-01-19,62.044166564941406,1.3093974590301514,67.5086898803711
2009-01-20,58.76908493041992,1.2884937524795532,67.49693298339844
2009-01-21,61.307464599609375,1.3005084991455078,65.36476135253906
2009-01-22,60.35923767089844,1.3006776571273804,64.10675048828125
2009-01-23,60.62180709838867,1.2964956760406494,63.604705810546875
2009-01-26,61.037601470947266,1.319191575050354,63.04949951171875
2009-01-27,61.657623291015625,1.3215975761413574,64.5320053100586
2009-01-28,63.74372100830078,1.3153221607208252,62.919551849365234
2009-01-29,61.672176361083984,1.2937949895858765,61.4725341796875
2009-01-30,60.417572021484375,1.2836971282958984,61.27764129638672
2009-02-02,60.2352180480957,1.2814927101135254,62.417747497558594
2009-02-03,61.081363677978516,1.3012869358062744,60.931190490722656
2009-02-04,60.782283782958984,1.2855618000030518,60.717918395996094
2009-02-05,61.68678665161133,1.2791157960891724,60.7712516784668
2009-02-06,63.44469451904297,1.2927078008651733,60.58169937133789
2009-02-09,63.53217315673828,1.2959076166152954,60.777183532714844
2009-02-10,60.62180709838867,1.2914056777954102,62.09789276123047
2009-02-11,60.979225158691406,1.2868025302886963,62.90336608886719
2009-02-12,61.02301788330078,1.28909170627594,62.31113052368164
2009-02-13,60.366546630859375,1.2866039276123047,60.65277862548828
2009-02-16,60.366546630859375,1.2799016237258911,60.65277862548828
2009-02-17,57.784358978271484,1.2581939697265625,62.542118072509766
2009-02-18,57.64579772949219,1.256897211074829,62.00908279418945
2009-02-19,57.025787353515625,1.2659028768539429,60.95486068725586
2009-02-20,56.47141647338867,1.2932929992675781,61.54712677001953
2009-02-23,54.450950622558594,1.267812728881836,62.115665435791016
2009-02-24,56.515201568603516,1.2873989343643188,62.050540924072266
2009-02-25,56.07024383544922,1.2724264860153198,61.333892822265625
2009-02-26,55.15849304199219,1.2720541954040527,60.688350677490234
2009-02-27,53.925777435302734,1.2678931951522827,60.33888626098633
2009-03-02,51.496822357177734,1.256407618522644,61.33781433105469
2009-03-03,51.1102409362793,1.253179907798767,60.9280891418457
2009-03-04,52.321067810058594,1.2638070583343506,60.64892578125
2009-03-05,50.183876037597656,1.2546736001968384,62.3355712890625
2009-03-06,50.27139663696289,1.2638070583343506,61.91988754272461
2009-03-09,49.680564880371094,1.2622755765914917,61.55760955810547
2009-03-10,52.641998291015625,1.2716660499572754,60.37574005126953
2009-03-11,52.984832763671875,1.2806720733642578,61.02899932861328
2009-03-12,55.07094955444336,1.289889931678772,61.320068359375
2009-03-13,55.50130081176758,1.2929919958114624,61.01121520996094
2009-03-16,55.33353805541992,1.2976058721542358,60.04905700683594
2009-03-17,57.025787353515625,1.3033220767974854,59.722450256347656
2009-03-18,58.30226516723633,1.3483994007110596,61.9852180480957
2009-03-19,57.58015823364258,1.3661948442459106,62.06242370605469
2009-03-20,56.35404586791992,1.3581973314285278,61.71799087524414
2009-03-23,60.401912689208984,1.3620452880859375,61.18345260620117
2009-03-24,59.21179962158203,1.348126769065857,61.76547622680664
2009-03-25,59.83623504638672,1.3576995134353638,60.934043884277344
2009-03-26,61.05571746826172,1.3530701398849487,61.64077377319336
2009-03-27,59.95378494262695,1.3292039632797241,62.098026275634766
2009-03-30,57.88210678100586,1.318617582321167,62.3355712890625
2009-03-31,58.418392181396484,1.3246963024139404,62.78103256225586
2009-04-01,59.549705505371094,1.3240998983383179,63.354007720947266
2009-04-02,61.29080581665039,1.346692442893982,62.5797004699707
2009-04-03,61.90056610107422,1.34890878200531,61.299137115478516
2009-04-06,61.41568374633789,1.340572476387024,61.037105560302734
2009-04-07,59.98316955566406,1.3277391195297241,61.191951751708984
2009-04-08,60.62963104248047,1.3251352310180664,61.73393249511719
2009-04-09,63.03925704956055,1.3159972429275513,60.95966339111328
2009-04-10,63.03925704956055,1.3175925016403198,60.95966339111328
2009-04-13,63.05394744873047,1.3363981246948242,61.51954650878906
2009-04-14,61.96665954589844,1.327404260635376,61.84114074707031
2009-04-15,62.62786102294922,1.3225939273834229,61.73393249511719
2009-04-16,63.5461540222168,1.3180439472198486,61.245567321777344
2009-04-17,63.97226333618164,1.3044953346252441,60.5725212097168
2009-04-20,61.29080581665039,1.2928917407989502,61.48975372314453
2009-04-21,62.48825454711914,1.2934937477111816,60.88224411010742
2009-04-22,62.10625457763672,1.300576090812683,60.512996673583984
2009-04-23,62.71600341796875,1.3140950202941895,60.50704574584961
2009-04-24,63.663673400878906,1.3258028030395508,59.899505615234375
2009-04-27,63.061283111572266,1.3018969297409058,60.155609130859375
2009-04-28,62.862918853759766,1.313094139099121,59.1728515625
2009-04-29,64.1999740600586,1.3265942335128784,58.6486930847168
2009-04-30,64.22203826904297,1.323521614074707,58.41642379760742
2009-05-01,64.56729888916016,1.3268054723739624,58.01443862915039
2009-05-04,66.76383972167969,1.3418675661087036,58.205589294433594
2009-05-05,66.53611755371094,1.33159339427948,58.13386154174805
2009-05-06,67.68952178955078,1.3312920331954956,57.99649429321289
2009-05-07,66.74919128417969,1.3392080068588257,56.58063888549805
2009-05-08,68.30658721923828,1.3639029264450073,56.71797561645508
2009-05-11,67.0283432006836,1.358991026878357,57.524539947509766
2009-05-12,66.82999420166016,1.364498496055603,57.733604431152344
2009-05-13,65.14765930175781,1.3588618040084839,58.36092758178711
2009-05-14,65.70600128173828,1.3636053800582886,58.587890625
2009-05-15,65.16970825195312,1.350201964378357,58.570003509521484
2009-05-18,67.0209732055664,1.3558034896850586,57.66196823120117
2009-05-19,66.94015502929688,1.3632335662841797,57.3572883605957
2009-05-20,66.49205780029297,1.3772966861724854,57.960693359375
2009-05-21,65.53701782226562,1.3906078338623047,56.502933502197266
2009-05-22,65.3974380493164,1.4003052711486816,55.875667572021484
2009-05-25,65.3974380493164,1.4006974697113037,55.875667572021484
2009-05-26,67.07240295410156,1.3994038105010986,55.0333137512207
2009-05-27,65.87494659423828,1.3833937644958496,54.0595817565918
2009-05-28,66.79328155517578,1.3931069374084473,54.84217834472656
2009-05-29,67.97602844238281,1.4157087802886963,56.25803756713867
2009-06-01,69.62161254882812,1.4163904190063477,54.59482192993164
2009-06-02,69.68038940429688,1.4308607578277588,54.888465881347656
2009-06-03,68.79881286621094,1.4149675369262695,55.40396499633789
2009-06-04,69.44527435302734,1.4177961349487305,54.25917434692383
2009-06-05,69.45996856689453,1.3971943855285645,53.84566116333008
2009-06-08,69.17347717285156,1.3902984857559204,53.70778274536133
2009-06-09,69.52608489990234,1.4063313007354736,53.70181655883789
2009-06-10,69.34979248046875,1.3983862400054932,52.85669708251953
2009-06-11,69.65831756591797,1.4110939502716064,53.444087982177734
2009-06-12,69.8493423461914,1.4001091718673706,53.92362594604492
2009-06-15,68.24787139892578,1.3784927129745483,54.40902328491211
2009-06-16,67.32218170166016,1.382991909980774,55.356021881103516
2009-06-17,67.25607299804688,1.393805980682373,55.044334411621094
2009-06-18,67.7482681274414,1.3914979696273804,54.21126174926758
2009-06-19,67.99797821044922,1.3947001695632935,54.954463958740234
2009-06-22,65.95893096923828,1.386520266532898,55.487892150878906
2009-06-23,66.0106201171875,1.4072020053863525,56.14114761352539
2009-06-24,66.57949829101562,1.3940973281860352,55.577762603759766
2009-06-25,68.02751922607422,1.3985623121261597,56.59667205810547
2009-06-26,67.8502197265625,1.4053035974502563,56.6925163269043
2009-06-29,68.48558807373047,1.408609390258789,56.7764778137207
2009-06-30,67.9314956665039,1.4038830995559692,56.68058776855469
2009-07-01,68.21221923828125,1.414087176322937,56.56807327270508
2009-07-02,66.35049438476562,1.3957513570785522,56.7004280090332
2009-07-03,66.35049438476562,1.3960046768188477,56.7004280090332
2009-07-06,66.34312438964844,1.3977022171020508,56.592201232910156
2009-07-07,65.0576171875,1.3915947675704956,56.97098159790039
2009-07-08,65.01325225830078,1.3879058361053467,58.023258209228516
2009-07-09,65.13890838623047,1.4027999639511108,57.331756591796875
2009-07-10,64.98370361328125,1.3933980464935303,57.86087417602539
2009-07-13,66.56475830078125,1.3990123271942139,57.53617477416992
2009-07-14,66.94152069091797,1.3971552848815918,56.58012771606445
2009-07-15,68.89930725097656,1.4101985692977905,55.12506866455078
2009-07-16,68.78848266601562,1.414107084274292,55.72037124633789
2009-07-17,69.54205322265625,1.4104969501495361,54.860504150390625
2009-07-20,70.28083801269531,1.421181321144104,55.14912033081055
2009-07-21,70.60590362548828,1.4198495149612427,56.249420166015625
2009-07-22,70.59112548828125,1.4205957651138306,55.74436569213867
2009-07-23,72.14997863769531,1.416330337524414,54.722206115722656
2009-07-24,72.44549560546875,1.4212015867233276,54.98677444458008
2009-07-27,72.65971374511719,1.4247043132781982,54.35541915893555
2009-07-28,72.31989288330078,1.4146071672439575,54.83644485473633
2009-07-29,72.14257049560547,1.4014631509780884,55.13710021972656
2009-07-30,72.89613342285156,1.4084903001785278,55.918724060058594
2009-07-31,72.99957275390625,1.4260046482086182,57.00706100463867
2009-08-03,74.20380401611328,1.4411921501159668,56.14315414428711
2009-08-04,74.39590454101562,1.4419610500335693,55.69670486450195
2009-08-05,74.1816177368164,1.4411712884902954,54.86410903930664
2009-08-06,73.79745483398438,1.4372979402542114,55.051116943359375
2009-08-07,74.7652816772461,1.419103980064392,54.592674255371094
2009-08-10,74.61009979248047,1.413107991218567,55.27439880371094
2009-08-11,73.67922973632812,1.4150075912475586,55.913841247558594
2009-08-12,74.46977233886719,1.4217066764831543,55.31661605834961
2009-08-13,75.03861236572266,1.4275925159454346,56.10093307495117
2009-08-14,74.46240234375,1.42069673538208,56.318084716796875
2009-08-17,72.63018798828125,1.4105963706970215,57.15064239501953
2009-08-18,73.20645141601562,1.4165109395980835,56.81880569458008
2009-08-19,73.84915161132812,1.4253947734832764,57.289390563964844
2009-08-20,74.61009979248047,1.4260046482086182,57.75997543334961
2009-08-21,76.07295227050781,1.4320902824401855,56.57147216796875
2009-08-24,76.06555938720703,1.4293065071105957,57.59711837768555
2009-08-25,76.21330261230469,1.4284082651138306,57.92285919189453
2009-08-26,76.22068786621094,1.4236294031143188,58.18831253051758
2009-08-27,76.39064025878906,1.4372979402542114,57.959049224853516
2009-08-28,76.37582397460938,1.4359976053237915,58.22455596923828
2009-08-31,75.69612884521484,1.434267520904541,58.2788200378418
2009-09-01,74.02648162841797,1.4212015867233276,58.13779830932617
2009-09-02,73.74574279785156,1.4274091720581055,58.98513412475586
2009-09-03,74.35894775390625,1.4256386756896973,58.62195587158203
2009-09-04,75.40061950683594,1.4294085502624512,57.62336730957031
2009-09-07,75.40061950683594,1.4331985712051392,57.62336730957031
2009-09-08,76.05077362060547,1.4504104852676392,57.2178955078125
2009-09-09,76.63441467285156,1.4547992944717407,57.15127182006836
2009-09-10,77.41752624511719,1.4581297636032104,58.204402923583984
2009-09-11,77.40274810791016,1.4580022096633911,58.52515411376953
2009-09-14,77.779541015625,1.4643217325210571,57.944129943847656
2009-09-15,78.1046142578125,1.4670931100845337,57.64759063720703
2009-09-16,79.28665924072266,1.4711940288543701,57.750492095947266
2009-09-17,79.16844940185547,1.4732965230941772,58.476722717285156
2009-09-18,79.21895599365234,1.4716053009033203,57.956214904785156
2009-09-21,79.01847839355469,1.468407154083252,58.08935546875
2009-09-22,79.47874450683594,1.4811961650848389,58.21040725708008
2009-09-23,78.81807708740234,1.4726022481918335,58.38597106933594
2009-09-24,77.94953155517578,1.4650940895080566,58.55540466308594
2009-09-25,77.53388977050781,1.4684934616088867,59.29984664916992
2009-09-28,78.92201232910156,1.462159276008606,59.82032012939453
2009-09-29,78.6844711303711,1.4591723680496216,59.765811920166016
2009-09-30,78.3801040649414,1.465502142906189,59.711387634277344
2009-10-01,76.43527221679688,1.4515894651412964,60.529151916503906
2009-10-02,76.07891845703125,1.4590020179748535,60.11024475097656
2009-10-05,77.21468353271484,1.465996265411377,60.116302490234375
2009-10-06,78.32073211669922,1.4721685647964478,59.521339416503906
2009-10-07,78.53601837158203,1.4711507558822632,60.21952819824219
2009-10-08,79.13726806640625,1.4781310558319092,59.5881462097168
2009-10-09,79.61978149414062,1.473405122756958,58.22215270996094
2009-10-12,79.93155670166016,1.4792898893356323,58.31320571899414
2009-10-13,79.76823425292969,1.4846047163009644,58.61674118041992
2009-10-14,81.14147186279297,1.4932059049606323,57.748592376708984
2009-10-15,81.43841552734375,1.4955954551696777,57.48142623901367
2009-10-16,80.82972717285156,1.4908016920089722,57.948951721191406
2009-10-19,81.4978256225586,1.496490716934204,58.40426254272461
2009-10-20,81.06726837158203,1.4934512376785278,58.719974517822266
2009-10-21,80.3398208618164,1.500690221786499,58.367820739746094
2009-10-22,81.1563491821289,1.504189133644104,58.08247375488281
2009-10-23,80.22848510742188,1.5010056495666504,57.64537048339844
2009-10-26,79.35994720458984,1.4861712455749512,56.89863967895508
2009-10-27,78.9962387084961,1.4817010164260864,57.675724029541016
2009-10-28,77.50421142578125,1.4718002080917358,57.948951721191406
2009-10-29,79.16697692871094,1.4840097427368164,57.31753158569336
2009-10-30,76.87325286865234,1.4732965230941772,58.14925765991211
2009-11-02,77.4373779296875,1.4774104356765747,57.892276763916016
2009-11-03,77.68235778808594,1.473101258277893,57.31362533569336
2009-11-04,77.88276672363281,1.4869003295898438,56.78987503051758
2009-11-05,79.31546020507812,1.4878073930740356,56.78987503051758
2009-11-06,79.52328491210938,1.4848912954330444,56.84463882446289
2009-11-09,81.3344955444336,1.5008028745651245,56.911651611328125
2009-11-10,81.34933471679688,1.4989807605743408,56.80809783935547
2009-11-11,81.76504516601562,1.4983967542648315,57.045650482177734
2009-11-12,80.93364715576172,1.4856854677200317,56.94210433959961
2009-11-13,81.37158966064453,1.490890622138977,57.20399856567383
2009-11-16,82.55186462402344,1.498374342918396,57.87401580810547
2009-11-17,82.64838409423828,1.4876967668533325,58.184608459472656
2009-11-18,82.59642028808594,1.495394229888916,57.84354019165039
2009-11-19,81.52008056640625,1.4916245937347412,57.94708251953125
2009-11-20,81.23058319091797,1.4863920211791992,57.93489456176758
2009-11-23,82.26237487792969,1.496199607849121,57.86178970336914
2009-11-24,82.38858032226562,1.496669888496399,58.227237701416016
2009-11-25,82.67808532714844,1.5127906799316406,58.495262145996094
2009-11-26,82.67808532714844,1.4972974061965942,58.495262145996094
2009-11-27,81.3344955444336,1.4990930557250977,58.71450424194336
2009-11-30,81.60916137695312,1.5038950443267822,58.854591369628906
2009-12-01,82.61869049072266,1.5090012550354004,58.19898223876953
2009-12-02,82.58155822753906,1.5069773197174072,58.247806549072266
2009-12-03,81.93574523925781,1.506545901298523,57.64293670654297
2009-12-04,82.40342712402344,1.485707402229309,57.031925201416016
2009-12-07,82.27720642089844,1.4841198921203613,57.10525131225586
2009-12-08,81.36418151855469,1.4697020053863525,57.19081115722656
2009-12-09,81.66854095458984,1.4737958908081055,56.928062438964844
2009-12-10,82.12877655029297,1.4729492664337158,56.27427673339844
2009-12-11,82.4776840209961,1.4619027376174927,56.268157958984375
2009-12-14,83.04182434082031,1.4656953811645508,56.335391998291016
2009-12-15,82.65579223632812,1.4542070627212524,56.08488464355469
2009-12-16,82.7820053100586,1.452601671218872,56.01765441894531
2009-12-17,81.78732299804688,1.4346996545791626,56.94034194946289
2009-12-18,82.2500228881836,1.4349054098129272,56.695892333984375
2009-12-21,83.08588409423828,1.428673505783081,55.68768310546875
2009-12-22,83.3843994140625,1.4254355430603027,55.37607192993164
2009-12-23,83.54859161376953,1.4336096048355103,55.388328552246094
2009-12-24,83.9441146850586,1.4384970664978027,54.81397247314453
2009-12-25,83.9441146850586,1.4399055242538452,54.81397247314453
2009-12-28,84.12322235107422,1.437504529953003,54.661197662353516
2009-12-29,84.00383758544922,1.434308648109436,55.02174377441406
2009-12-30,83.9739761352539,1.4342057704925537,55.38356399536133
2009-12-31,83.16796112060547,1.4327058792114258,55.11990737915039
2010-01-01,83.16796112060547,1.4389938116073608,55.11990737915039
2010-01-04,84.57846069335938,1.4423978328704834,55.07078552246094
2010-01-05,84.80235290527344,1.4365959167480469,55.426475524902344
2010-01-06,84.86205291748047,1.4404033422470093,54.68451690673828
2010-01-07,85.22027587890625,1.4318032264709473,54.776466369628906
2010-01-08,85.50389862060547,1.44110906124115,54.751953125
2010-01-11,85.62329864501953,1.4511260986328125,54.451480865478516
2010-01-12,84.82476806640625,1.447659969329834,55.38356399536133
2010-01-13,85.54119873046875,1.4523905515670776,54.73966979980469
2010-01-14,85.7725601196289,1.4499897956848145,55.506168365478516
2010-01-15,84.8098373413086,1.4390974044799805,55.84958267211914
2010-01-18,84.8098373413086,1.4406731128692627,55.84958267211914
2010-01-19,85.86958312988281,1.4281021356582642,55.69015121459961
2010-01-20,84.99642181396484,1.4110342264175415,56.254268646240234
2010-01-21,83.36200714111328,1.4097015857696533,56.51183319091797
2010-01-22,81.50370788574219,1.414107084274292,56.41371536254883
2010-01-25,81.921630859375,1.4150075912475586,56.156185150146484
2010-01-26,81.57833099365234,1.4082324504852295,56.17458724975586
2010-01-27,81.96641540527344,1.4030951261520386,56.14386749267578
2010-01-28,81.02607727050781,1.3968042135238647,56.11323165893555
2010-01-29,80.1454086303711,1.3866932392120361,56.603763580322266
2010-02-01,81.39178466796875,1.3926994800567627,56.08998107910156
2010-02-02,82.37689208984375,1.3976240158081055,56.24997329711914
2010-02-03,81.96641540527344,1.3901052474975586,55.59767532348633
2010-02-04,79.43647003173828,1.3744947910308838,56.47768020629883
2010-02-05,79.60066223144531,1.368007779121399,56.60072708129883
2010-02-08,79.02600860595703,1.3654673099517822,56.67456817626953
2010-02-09,80.01856994628906,1.378207802772522,56.108463287353516
2010-02-10,79.86185455322266,1.3753266334533691,55.573097229003906
2010-02-11,80.69770050048828,1.3681762218475342,55.27156448364258
2010-02-12,80.63055419921875,1.363493800163269,55.499210357666016
2010-02-15,80.63055419921875,1.3603036403656006,55.499210357666016
2010-02-16,81.89922332763672,1.3767088651657104,55.60382080078125
2010-02-17,82.28736114501953,1.3606922626495361,54.970008850097656
2010-02-18,82.7724380493164,1.3461486101150513,54.74846649169922
2010-02-19,82.94409942626953,1.3615074157714844,55.04384994506836
2010-02-22,82.958984375,1.3605626821517944,54.81618118286133
2010-02-23,81.95149230957031,1.3527040481567383,55.67151641845703
2010-02-24,82.70524597167969,1.354316234588623,55.80691146850586
2010-02-25,82.59332275390625,1.3536012172698975,56.1207389831543
2010-02-26,82.64556884765625,1.3631035089492798,56.40998840332031
2010-03-01,83.5037841796875,1.356208086013794,56.38527297973633
2010-03-02,83.73516082763672,1.3620638847351074,56.311195373535156
2010-03-03,83.80982971191406,1.3701633214950562,56.16918182373047
2010-03-04,84.06352233886719,1.3584003448486328,56.46553421020508
2010-03-05,85.26507568359375,1.3628991842269897,55.72471618652344
2010-03-08,85.280029296875,1.3616927862167358,55.43461227416992
2010-03-09,85.42181396484375,1.3606922626495361,55.44697189331055
2010-03-10,85.80244445800781,1.3643310070037842,55.304969787597656
2010-03-11,86.16067504882812,1.3685319423675537,55.50871276855469
2010-03-12,86.1681137084961,1.376993179321289,55.854408264160156
2010-03-15,86.19049835205078,1.3677457571029663,55.7802848815918
2010-03-16,86.87709045410156,1.3768794536590576,56.22478103637695
2010-03-17,87.39204406738281,1.3738338947296143,56.46553421020508
2010-03-18,87.34727478027344,1.361396312713623,56.280330657958984
2010-03-19,86.9051284790039,1.353692889213562,56.335914611816406
2010-03-22,87.3697738647461,1.356704831123352,56.397621154785156
2010-03-23,87.9842529296875,1.3468012809753418,56.13216018676758
2010-03-24,87.55709838867188,1.3331022262573242,55.107421875
2010-03-25,87.41474151611328,1.3307074308395386,54.755577087402344
2010-03-26,87.36224365234375,1.3410038948059082,54.90987777709961
2010-03-29,87.91679382324219,1.3481086492538452,54.70001983642578
2010-03-30,87.97672271728516,1.3424079418182373,54.87284851074219
2010-03-31,87.67699432373047,1.3508037328720093,55.24942398071289
2010-04-01,88.27650451660156,1.3584003448486328,55.114341735839844
2010-04-02,88.27650451660156,1.3504936695098877,55.114341735839844
2010-04-05,88.99591064453125,1.34890878200531,54.19729232788086
2010-04-06,89.20572662353516,1.3401951789855957,54.2840576171875
2010-04-07,88.69612884521484,1.3348461389541626,54.97804641723633
2010-04-08,89.00336456298828,1.336112380027771,55.00282287597656
2010-04-09,89.587890625,1.3500925302505493,55.13290786743164
2010-04-12,89.73027038574219,1.3596007823944092,55.42414093017578
2010-04-13,89.79769134521484,1.3608589172363281,55.60383224487305
2010-04-14,90.8168716430664,1.3655978441238403,55.213504791259766
2010-04-15,90.89180755615234,1.3574045896530151,55.275367736816406
2010-04-16,89.4455337524414,1.3504024744033813,55.67815399169922
2010-04-19,89.7827377319336,1.348726749420166,55.54188537597656
2010-04-20,90.58454895019531,1.343508243560791,55.74011993408203
2010-04-21,90.4197006225586,1.3389928340911865,56.19866180419922
2010-04-22,90.68949127197266,1.3269991874694824,56.03131866455078
2010-04-23,91.281494140625,1.338401436805725,55.83307647705078
2010-04-26,90.9367904663086,1.3401232957839966,55.89508819580078
2010-04-27,88.78606414794922,1.3170719146728516,56.681976318359375
2010-04-28,89.46051788330078,1.321283221244812,56.19866180419922
2010-04-29,90.5696029663086,1.3262951374053955,56.43412780761719
2010-04-30,89.03335571289062,1.3298048973083496,57.08469009399414
2010-05-03,90.18741607666016,1.3199926614761353,57.01011657714844
2010-05-04,88.06669616699219,1.2963947057724,58.036006927490234
2010-05-05,87.5420913696289,1.2814927101135254,58.37802505493164
2010-05-06,84.63451385498047,1.263296127319336,60.18112564086914
2010-05-07,83.37556457519531,1.2756078243255615,59.42876052856445
2010-05-10,87.04751586914062,1.2779226303100586,58.19765090942383
2010-05-11,86.80023956298828,1.2629930973052979,58.04843521118164
2010-05-12,88.01421356201172,1.2639029026031494,57.606964111328125
2010-05-13,86.9201431274414,1.2541072368621826,57.98624801635742
2010-05-14,85.34644317626953,1.2360023260116577,58.993534088134766
2010-05-17,85.39139556884766,1.2392956018447876,58.77592468261719
2010-05-18,84.22987365722656,1.217893362045288,59.677467346191406
2010-05-19,83.75023651123047,1.2393416166305542,59.87644577026367
2010-05-20,80.58789825439453,1.2478941679000854,61.13860321044922
2010-05-21,81.76444244384766,1.2567076683044434,61.20079040527344
2010-05-24,80.71527099609375,1.234994888305664,60.98942184448242
2010-05-25,80.7977066040039,1.2345983982086182,61.28786849975586
2010-05-26,80.31062316894531,1.217300295829773,61.113731384277344
2010-05-27,83.00086975097656,1.2347966432571411,59.72722244262695
2010-05-28,81.95925903320312,1.227400541305542,60.000816345214844
2010-05-31,81.95925903320312,1.2287880182266235,60.000816345214844
2010-06-01,80.58038330078125,1.2233014106750488,60.42255401611328
2010-06-02,82.67864990234375,1.223900318145752,59.84858322143555
2010-06-03,82.9634017944336,1.216944694519043,59.41185760498047
2010-06-04,80.0483169555664,1.1971030235290527,61.00895690917969
2010-06-07,79.05166625976562,1.1922929286956787,61.476871490478516
2010-06-08,79.89847564697266,1.197203278541565,61.17123794555664
2010-06-09,79.4713134765625,1.1991989612579346,61.102561950683594
2010-06-10,81.79438781738281,1.2109030485153198,60.01076889038086
2010-06-11,82.19157409667969,1.2114017009735107,60.77192687988281
2010-06-14,82.06414794921875,1.2218068838119507,60.459983825683594
2010-06-15,83.93011474609375,1.2319064140319824,60.21039581298828
2010-06-16,83.90013885498047,1.2311935424804688,60.55354309082031
2010-06-17,84.03502655029297,1.238206148147583,61.04643249511719
2010-06-18,84.12612915039062,1.2392956018447876,60.94658660888672
2010-06-21,83.88518524169922,1.2316029071807861,60.77192687988281
2010-06-22,82.49977111816406,1.2275059223175049,61.49558639526367
2010-06-23,82.24374389648438,1.2319064140319824,61.91355895996094
2010-06-24,80.8809585571289,1.2337453365325928,61.54551315307617
2010-06-25,81.21978759765625,1.2373021841049194,61.79512023925781
2010-06-28,80.9637451171875,1.2277017831802368,62.37530517578125
2010-06-29,78.46399688720703,1.2186353206634521,63.05532455444336
2010-06-30,77.71859741210938,1.223002314567566,63.47951889038086
2010-07-01,77.37223815917969,1.2507504224777222,63.57966995239258
2010-07-02,76.95059204101562,1.257102608680725,63.07280349731445
2010-07-05,76.95059204101562,1.2536983489990234,63.07280349731445
2010-07-06,77.4550552368164,1.262403130531311,63.59214782714844
2010-07-07,79.89459991455078,1.2633121013641357,62.8475456237793
2010-07-08,80.68518829345703,1.2694060802459717,62.446964263916016
2010-07-09,81.2875747680664,1.2643983364105225,62.090267181396484
2010-07-12,81.3402328491211,1.2590018510818481,62.06525802612305
2010-07-13,82.56753540039062,1.2720866203308105,61.53331756591797
2010-07-14,82.55998992919922,1.274047613143921,62.152862548828125
2010-07-15,82.58261108398438,1.2928582429885864,62.77235794067383
2010-07-16,80.3087387084961,1.2931926250457764,63.079071044921875
2010-07-19,80.78303527832031,1.2939456701278687,62.691104888916016
2010-07-20,81.67906188964844,1.289307713508606,62.78487777709961
2010-07-21,80.61741638183594,1.276796817779541,63.84872817993164
2010-07-22,82.41693878173828,1.2903059720993042,63.1103515625
2010-07-23,83.13224792480469,1.291305661201477,62.44075012207031
2010-07-26,83.99812316894531,1.299899935722351,62.3343620300293
2010-07-27,83.99060821533203,1.2990893125534058,61.73357009887695
2010-07-28,83.44847869873047,1.2992243766784668,61.93383026123047
2010-07-29,83.04190063476562,1.307805061340332,61.91511535644531
2010-07-30,83.02681732177734,1.3039000034332275,62.87883377075195
2010-08-02,84.90165710449219,1.3175925016403198,61.99610900878906
2010-08-03,84.49508666992188,1.3225064277648926,62.35392761230469
2010-08-04,85.05979919433594,1.3225064277648926,61.876800537109375
2010-08-05,84.96941375732422,1.3158068656921387,62.165584564208984
2010-08-06,84.6230697631836,1.3181308507919312,62.843658447265625
2010-08-09,85.07486724853516,1.3285682201385498,62.611328125
2010-08-10,84.61552429199219,1.3229963779449463,62.743194580078125
2010-08-11,82.2965087890625,1.3184958696365356,63.58445739746094
2010-08-12,81.79198455810547,1.284406065940857,63.42750930786133
2010-08-13,81.55107116699219,1.2829889059066772,64.21855926513672
2010-08-16,81.513427734375,1.277090311050415,65.82572937011719
2010-08-17,82.51483917236328,1.2811970710754395,65.44903564453125
2010-08-18,82.6654281616211,1.2879958152770996,65.62488555908203
2010-08-19,81.22730255126953,1.28564453125,66.648193359375
2010-08-20,80.9637451171875,1.2808033227920532,66.57279968261719
2010-08-23,80.65506744384766,1.2710033655166626,66.58539581298828
2010-08-24,79.4578857421875,1.2635036706924438,67.65266418457031
2010-08-25,79.76658630371094,1.263296127319336,67.43292236328125
2010-08-26,79.23201751708984,1.26639986038208,68.06696319580078
2010-08-27,80.45929718017578,1.2706480026245117,66.13965606689453
2010-08-30,79.29222869873047,1.2753963470458984,67.40779113769531
2010-08-31,79.29222869873047,1.266592264175415,68.15486907958984
2010-09-01,81.66401672363281,1.268729567527771,66.74565887451172
2010-09-02,82.42449951171875,1.2802950143814087,66.04042053222656
2010-09-03,83.49364471435547,1.2825939655303955,65.22184753417969
2010-09-06,83.49364471435547,1.28940749168396,65.22184753417969
2010-09-07,82.5524673461914,1.2868356704711914,66.55674743652344
2010-09-08,83.13224792480469,1.2677966356277466,66.02787017822266
2010-09-09,83.5162353515625,1.2732040882110596,64.72440338134766
2010-09-10,83.93790435791016,1.269309401512146,64.428466796875
2010-09-13,84.87154388427734,1.2716983556747437,64.74327850341797
2010-09-14,84.81885528564453,1.2872000932693481,65.3666763305664
2010-09-15,85.14258575439453,1.2991737127304077,64.39700317382812
2010-09-16,85.12003326416016,1.3015071153640747,63.760986328125
2010-09-17,85.15178680419922,1.3075997829437256,64.01918029785156
2010-09-20,86.45382690429688,1.3043931722640991,64.39067840576172
2010-09-21,86.27970886230469,1.3066941499710083,65.28478240966797
2010-09-22,85.85578918457031,1.3256973028182983,65.87040710449219
2010-09-23,85.15937042236328,1.3391003608703613,66.05933380126953
2010-09-24,86.91555786132812,1.331912636756897,65.17149353027344
2010-09-27,86.49922180175781,1.3479087352752686,66.3049087524414
2010-09-28,86.80198669433594,1.3439054489135742,66.75824737548828
2010-09-29,86.65058898925781,1.3570915460586548,66.48121643066406
2010-09-30,86.39322662353516,1.3628062009811401,66.43717193603516
2010-10-01,86.756591796875,1.3622123003005981,66.11605834960938
2010-10-04,86.10557556152344,1.377695083618164,66.28669738769531
2010-10-05,87.83905792236328,1.367409110069275,65.88854217529297
2010-10-06,87.83147430419922,1.3833937644958496,66.71653747558594
2010-10-07,87.72549438476562,1.3920016288757324,66.16033935546875
2010-10-08,88.21754455566406,1.3927963972091675,65.8696060180664
2010-10-11,88.30079650878906,1.3977607488632202,65.88220977783203
2010-10-12,88.57331848144531,1.3880213499069214,65.23124694824219
2010-10-13,89.26216888427734,1.3916915655136108,65.1301040649414
2010-10-14,88.9139633178711,1.3967260122299194,64.15679931640625
2010-10-15,89.09562683105469,1.4072020053863525,63.373104095458984
2010-10-18,89.53468322753906,1.3964334726333618,63.885009765625
2010-10-19,88.36136627197266,1.3935922384262085,64.27055358886719
2010-10-20,89.22427368164062,1.3739094734191895,64.40955352783203
2010-10-21,89.42109680175781,1.3963165283203125,63.6448860168457
2010-10-22,89.58763122558594,1.3916915655136108,64.07464599609375
2010-10-25,89.85257720947266,1.3944084644317627,64.25790405273438
2010-10-26,89.86775207519531,1.3948947191238403,63.26559829711914
2010-10-27,89.61035919189453,1.3854252099990845,62.70942306518555
2010-10-28,89.6255111694336,1.377808928489685,62.880096435546875
2010-10-29,89.6936264038086,1.377808928489685,63.46786880493164
2010-11-01,89.72393798828125,1.397506833076477,63.19462966918945
2010-11-02,90.43547058105469,1.3910914659500122,64.02521514892578
2010-11-03,90.79882049560547,1.4036072492599487,62.71906661987305
2010-11-04,92.54742431640625,1.4127286672592163,63.207298278808594
2010-11-05,92.89561462402344,1.422798991203308,62.123043060302734
2010-11-08,92.72152709960938,1.407578468322754,62.40206527709961
2010-11-09,92.05536651611328,1.3869625329971313,61.02621841430664
2010-11-10,92.42632293701172,1.377201795578003,61.10860824584961
2010-11-11,92.07813262939453,1.3775622844696045,61.076934814453125
2010-11-12,90.98805236816406,1.3621008396148682,60.74721145629883
2010-11-15,90.859375,1.3693190813064575,59.47917175292969
2010-11-16,89.44383239746094,1.357478380203247,60.95646286010742
2010-11-17,89.4892578125,1.3490543365478516,60.62040710449219
2010-11-18,90.80640411376953,1.355399250984192,60.86766052246094
2010-11-19,91.05616760253906,1.365728497505188,61.24174118041992
2010-11-22,90.98046875,1.3744381666183472,61.501747131347656
2010-11-23,89.66336059570312,1.3601926565170288,61.80608367919922
2010-11-24,90.98805236816406,1.3386342525482178,60.70281982421875
2010-11-25,90.98805236816406,1.3357912302017212,60.70281982421875
2010-11-26,89.92829895019531,1.3339736461639404,61.54611587524414
2010-11-29,90.20079040527344,1.3238019943237305,62.07235336303711
2010-11-30,89.6936264038086,1.3103927373886108,62.39573287963867
2010-12-01,91.60122680664062,1.2992074489593506,61.00873565673828
2010-12-02,92.7745132446289,1.3124909400939941,60.849708557128906
2010-12-03,93.0243148803711,1.3215975761413574,60.37250518798828
2010-12-06,92.92594909667969,1.341597557067871,61.22502136230469
2010-12-07,92.97887420654297,1.328691840171814,59.914405822753906
2010-12-08,93.31954956054688,1.3244681358337402,59.33540344238281
2010-12-09,93.68287658691406,1.3250824213027954,59.62805938720703
2010-12-10,94.2279052734375,1.3242051601409912,59.26545715332031
2010-12-13,94.2884750366211,1.319713830947876,59.48809814453125
2010-12-14,94.37169647216797,1.3395488262176514,58.62284851074219
2010-12-15,93.94023132324219,1.336094617843628,57.859352111816406
2010-12-16,94.48526763916016,1.3224014043807983,58.26015090942383
2010-12-17,94.58649444580078,1.323994755744934,59.322654724121094
2010-12-20,94.81476593017578,1.3164995908737183,59.259056091308594
2010-12-21,95.41590881347656,1.3118022680282593,59.672645568847656
2010-12-22,95.71269226074219,1.3090033531188965,59.246337890625
2010-12-23,95.57573699951172,1.3115441799163818,59.1254997253418
2010-12-24,95.57573699951172,1.31271493434906,59.1254997253418
2010-12-27,95.61375427246094,1.3079760074615479,59.65354537963867
2010-12-28,95.750732421875,1.3189654350280762,58.4852180480957
2010-12-29,95.81922149658203,1.3086265325546265,59.47482681274414
2010-12-30,95.66703033447266,1.3224539756774902,59.430091857910156
2010-12-31,95.6898422241211,1.3301233053207397,60.087642669677734
2011-01-03,96.67906951904297,1.3357912302017212,59.63434600830078
2011-01-04,96.62582397460938,1.3356841802597046,59.70457077026367
2011-01-05,97.12803649902344,1.3321077823638916,58.389469146728516
2011-01-06,96.93782806396484,1.3156856298446655,58.64482116699219
2011-01-07,96.7475814819336,1.2979933023452759,58.95764923095703
2011-01-10,96.62582397460938,1.289507269859314,59.276832580566406
2011-01-11,96.96824645996094,1.2964956760406494,58.94488525390625
2011-01-12,97.84333038330078,1.2983977794647217,58.4852180480957
2011-01-13,97.68357849121094,1.3128355741500854,59.00877380371094
2011-01-14,98.3912582397461,1.335327386856079,58.63207244873047
2011-01-17,98.3912582397461,1.3380253314971924,58.63207244873047
2011-01-18,98.55867767333984,1.3283917903900146,58.35756301879883
2011-01-19,97.59223175048828,1.3378105163574219,58.77888488769531
2011-01-20,97.46287536621094,1.3452069759368896,57.968170166015625
2011-01-21,97.68357849121094,1.3468012809753418,58.427757263183594
2011-01-24,98.2390365600586,1.361952543258667,58.45331954956055
2011-01-25,98.29232025146484,1.3644053936004639,59.00877380371094
2011-01-26,98.67280578613281,1.3686069250106812,58.114986419677734
2011-01-27,98.91631317138672,1.3710086345672607,58.376705169677734
2011-01-28,97.18892669677734,1.3723068237304688,58.68314743041992
2011-01-31,97.91944885253906,1.3572757244110107,58.236236572265625
2011-02-01,99.48700714111328,1.3713847398757935,57.94796371459961
2011-02-02,99.29680633544922,1.382991909980774,57.9608039855957
2011-02-03,99.51747131347656,1.3817880153656006,57.480262756347656
2011-02-04,99.79900360107422,1.362453579902649,56.89725112915039
2011-02-07,100.4229736328125,1.357496738433838,57.191951751708984
2011-02-08,100.87957763671875,1.359194278717041,56.6666374206543
2011-02-09,100.65129852294922,1.3626948595046997,57.159950256347656
2011-02-10,100.68934631347656,1.372099757194519,56.500057220458984
2011-02-11,101.29047393798828,1.3601926565170288,57.31369400024414
2011-02-14,101.53396606445312,1.3510043621063232,57.352134704589844
2011-02-15,101.21438598632812,1.3481086492538452,57.60840606689453
2011-02-16,101.85357666015625,1.3498555421829224,57.422611236572266
2011-02-17,102.15797424316406,1.357533574104309,57.51232147216797
2011-02-18,102.3709945678711,1.3626019954681396,57.332923889160156
2011-02-21,102.3709945678711,1.3713470697402954,57.332923889160156
2011-02-22,100.31648254394531,1.3682323694229126,58.191410064697266
2011-02-23,99.7000732421875,1.3673717975616455,58.4028434753418
2011-02-24,99.63159942626953,1.3764055967330933,58.77442932128906
2011-02-25,100.6969223022461,1.381998062133789,59.120391845703125
2011-02-28,101.3209228515625,1.373437762260437,59.19725799560547
2011-03-01,99.63159942626953,1.3821508884429932,59.36886215209961
2011-03-02,99.84468078613281,1.3771828413009644,58.45619201660156
2011-03-03,101.56438446044922,1.3866548538208008,57.88414001464844
2011-03-04,100.80349731445312,1.3958877325057983,58.366207122802734
2011-03-07,100.0121078491211,1.3990709781646729,57.993446350097656
2011-03-08,100.88717651367188,1.3963944911956787,57.63995361328125
2011-03-09,100.7425765991211,1.3897961378097534,58.19911193847656
2011-03-10,98.87828063964844,1.3902212381362915,59.17606735229492
2011-03-11,99.56311798095703,1.3801289796829224,58.841819763183594
2011-03-14,98.96196746826172,1.3934563398361206,58.81613540649414
2011-03-15,97.82814025878906,1.3992079496383667,59.69667053222656
2011-03-16,96.01708221435547,1.3986209630966187,60.37153625488281
2011-03-17,97.28784942626953,1.3884838819503784,59.90877151489258
2011-03-18,97.64170837402344,1.4032920598983765,60.06947326660156
2011-03-21,99.15494537353516,1.4170527458190918,59.71599197387695
2011-03-22,98.81101989746094,1.4217066764831543,59.91519546508789
2011-03-23,99.09381103515625,1.4168118238449097,59.83806228637695
2011-03-24,100.04150390625,1.4105963706970215,59.388153076171875
2011-03-25,100.34720611572266,1.4171934127807617,59.24034118652344
2011-03-28,100.10262298583984,1.402603268623352,59.3238639831543
2011-03-29,100.77517700195312,1.4079747200012207,58.867515563964844
2011-03-30,101.47064208984375,1.411113977432251,59.336700439453125
2011-03-31,101.33309936523438,1.4121301174163818,59.21461486816406
2011-04-01,101.76107788085938,1.415869116783142,59.50248336791992
2011-04-04,101.8451156616211,1.4223334789276123,59.56700134277344
2011-04-05,101.82984924316406,1.422009825706482,59.32819366455078
2011-04-06,102.15084838867188,1.4219088554382324,58.4375114440918
2011-04-07,101.8910140991211,1.4335273504257202,58.32139205932617
2011-04-08,101.53942108154297,1.430206060409546,58.01152038574219
2011-04-11,101.23373413085938,1.446215271949768,58.06320571899414
2011-04-12,100.47709655761719,1.4437931776046753,58.68924331665039
2011-04-13,100.4695053100586,1.447638988494873,59.05714797973633
2011-04-14,100.54589080810547,1.444210171699524,59.01194763183594
2011-04-15,100.91275787353516,1.4432096481323242,59.81224822998047
2011-04-18,99.78164672851562,1.4412959814071655,59.94782257080078
2011-04-19,100.35482788085938,1.4223941564559937,60.20597457885742
2011-04-20,101.72286987304688,1.433794617652893,59.818729400634766
2011-04-21,102.24258422851562,1.4513999223709106,59.76711654663086
2011-04-22,102.24258422851562,1.455498218536377,59.76711654663086
2011-04-25,102.13558197021484,1.4557099342346191,59.99302673339844
2011-04-26,103.01447296142578,1.4578959941864014,60.57392883300781
2011-04-27,103.68704223632812,1.4687954187393188,59.95429229736328
2011-04-28,104.02326965332031,1.4779999256134033,60.412540435791016
2011-04-29,104.26783752441406,1.4844063520431519,60.599700927734375
2011-05-02,104.10735321044922,1.4793994426727295,60.69696044921875
2011-05-03,103.73286437988281,1.4823819398880005,61.04045104980469
2011-05-04,103.04503631591797,1.4833273887634277,61.312705993652344
2011-05-05,102.11260986328125,1.4829754829406738,61.896053314208984
2011-05-06,102.56352996826172,1.454439640045166,61.623870849609375
2011-05-09,102.9609603881836,1.4352967739105225,61.559024810791016
2011-05-10,103.83985900878906,1.4376078844070435,61.118263244628906
2011-05-11,102.74698638916016,1.44110906124115,61.46830749511719
2011-05-12,103.236083984375,1.4211004972457886,61.079368591308594
2011-05-13,102.44124603271484,1.423791527748108,61.63036346435547
2011-05-16,101.79161834716797,1.4077963829040527,61.9738655090332
2011-05-17,101.77635955810547,1.415808916091919,62.609092712402344
2011-05-18,102.68583679199219,1.4268999099731445,61.779422760009766
2011-05-19,102.93038940429688,1.4255167245864868,61.75349426269531
2011-05-20,102.11260986328125,1.4316186904907227,61.785919189453125
2011-05-23,100.92800903320312,1.4105764627456665,62.084110260009766
2011-05-24,100.84394073486328,1.403666377067566,62.31743240356445
2011-05-25,101.18024444580078,1.4099003076553345,62.02574920654297
2011-05-26,101.64644622802734,1.4084903001785278,62.55723571777344
2011-05-27,102.03621673583984,1.4135074615478516,62.53130340576172
2011-05-30,102.03621673583984,1.4297356605529785,62.53130340576172
2011-05-31,103.0985336303711,1.4322338104248047,62.67390060424805
2011-06-01,100.78282928466797,1.4427932500839233,63.52098083496094
2011-06-02,100.67582702636719,1.434493899345398,62.310909271240234
2011-06-03,99.6746597290039,1.4486035108566284,62.66871643066406
2011-06-06,98.61996459960938,1.465502142906189,62.193824768066406
2011-06-07,98.55883026123047,1.458299994468689,62.4801025390625
2011-06-08,98.14612579345703,1.4686013460159302,62.967987060546875
2011-06-09,98.89508819580078,1.4601950645446777,62.714263916015625
2011-06-10,97.51945495605469,1.451568365097046,63.19572448730469
2011-06-13,97.59589385986328,1.4332603216171265,62.87692642211914
2011-06-14,98.83396911621094,1.4416908025741577,61.92708206176758
2011-06-15,97.07616424560547,1.4450031518936157,63.052528381347656
2011-06-16,97.29016876220703,1.4181982278823853,63.33879852294922
2011-06-17,97.5804672241211,1.419909954071045,63.03950500488281
2011-06-20,98.07971954345703,1.4285101890563965,63.11759567260742
2011-06-21,99.4238052368164,1.4325416088104248,62.83784484863281
2011-06-22,98.82470703125,1.4381660223007202,62.87692642211914
2011-06-23,98.5405502319336,1.4314342737197876,63.358314514160156
2011-06-24,97.39614868164062,1.427001714706421,63.09164810180664
2011-06-27,98.2640380859375,1.4171332120895386,62.22635269165039
2011-06-28,99.54671478271484,1.4316802024841309,61.72541809082031
2011-06-29,100.39921569824219,1.4357914924621582,61.315528869628906
2011-06-30,101.35926818847656,1.4478904008865356,61.21799850463867
2011-07-01,102.85696411132812,1.4496954679489136,61.12009048461914
2011-07-04,102.85696411132812,1.4539955854415894,61.12009048461914
2011-07-05,102.77246856689453,1.4553074836730957,61.25712203979492
2011-07-06,102.89537048339844,1.4428139925003052,61.5704345703125
2011-07-07,103.96296691894531,1.4331575632095337,61.387691497802734
2011-07-08,103.22564697265625,1.4364513158798218,62.255863189697266
2011-07-11,101.35926818847656,1.4201923608779907,63.18937301635742
2011-07-12,100.92147827148438,1.4040604829788208,63.40477752685547
2011-07-13,101.25940704345703,1.3969016075134277,63.58106994628906
2011-07-14,100.56050872802734,1.4234267473220825,62.67365646362305
2011-07-15,101.14422607421875,1.4157286882400513,62.778141021728516
2011-07-18,100.31473541259766,1.4123096466064453,62.17098617553711
2011-07-19,101.94298553466797,1.411193609237671,63.46356201171875
2011-07-20,101.88152313232422,1.417293906211853,62.71282196044922
2011-07-21,103.29474639892578,1.427001714706421,62.22978210449219
2011-07-22,103.36390686035156,1.4420026540756226,62.69972610473633
2011-07-25,102.78787231445312,1.4388489723205566,62.01435470581055
2011-07-26,102.40382385253906,1.4371533393859863,62.43864059448242
2011-07-27,100.30704498291016,1.450810194015503,62.4452018737793
2011-07-28,100.01518249511719,1.4372979402542114,62.68025588989258
2011-07-29,99.33161926269531,1.4331985712051392,63.92049789428711
2011-08-01,98.90919494628906,1.4363688230514526,64.56559753417969
2011-08-02,96.38235473632812,1.4262080192565918,66.5042953491211
2011-08-03,96.90459442138672,1.417333960533142,66.6352767944336
2011-08-04,92.36544036865234,1.4352967739105225,69.00623321533203
2011-08-05,92.22718811035156,1.4067071676254272,67.0151596069336
2011-08-08,86.2210464477539,1.4294085502624512,69.130615234375
2011-08-09,90.23027038574219,1.4170728921890259,69.34028625488281
2011-08-10,86.24409484863281,1.4383108615875244,71.40333557128906
2011-08-11,90.11506652832031,1.4124692678451538,67.80113983154297
2011-08-12,90.7218246459961,1.4226369857788086,69.14373779296875
2011-08-15,92.64193725585938,1.4274091720581055,68.44294738769531
2011-08-16,91.85083770751953,1.4438347816467285,69.57609558105469
2011-08-17,91.91229248046875,1.439801812171936,70.79423522949219
2011-08-18,87.94915771484375,1.4429181814193726,72.2482681274414
2011-08-19,86.51290893554688,1.4324390888214111,72.83114624023438
2011-08-22,86.58203125,1.4369261264801025,72.64779663085938
2011-08-23,89.43151092529297,1.436100721359253,71.6457290649414
2011-08-24,90.69109344482422,1.4437098503112793,69.6087646484375
2011-08-25,89.30859375,1.44123375415802,70.3619384765625
2011-08-26,90.60658264160156,1.4372979402542114,71.05622863769531
2011-08-29,93.21028900146484,1.449506402015686,70.07380676269531
2011-08-30,93.4560546875,1.4524328708648682,71.20037078857422
2011-08-31,93.87081909179688,1.4433138370513916,70.10005187988281
2011-09-01,92.88771057128906,1.4374631643295288,71.58598327636719
2011-09-02,90.5144271850586,1.4262080192565918,73.91155242919922
2011-09-05,90.5144271850586,1.4157688617706299,73.91155242919922
2011-09-06,89.85391235351562,1.4063115119934082,74.68016815185547
2011-09-07,92.38844299316406,1.4003249406814575,73.25462341308594
2011-09-08,91.42842102050781,1.4085696935653687,73.91155242919922
2011-09-09,89.03208923339844,1.3904144763946533,74.69987487792969
2011-09-12,89.608154296875,1.3600815534591675,74.77870178222656
2011-09-13,90.4299545288086,1.3660268783569336,73.71446990966797
2011-09-14,91.68190002441406,1.3686069250106812,74.33853912353516
2011-09-15,93.2640380859375,1.3746082782745361,73.20204162597656
2011-09-16,93.81603240966797,1.3869048357009888,73.73416137695312
2011-09-19,92.88189697265625,1.3701446056365967,75.13997650146484
2011-09-20,92.77378845214844,1.3605626821517944,75.45530700683594
2011-09-21,90.04085540771484,1.369394063949585,77.95169067382812
2011-09-22,87.13030242919922,1.3586033582687378,80.88162231445312
2011-09-23,87.65532684326172,1.348090410232544,79.37718963623047
2011-09-26,89.73976135253906,1.3547013998031616,78.10275268554688
2011-09-27,90.74339294433594,1.351807951927185,76.90714263916016
2011-09-28,88.8905258178711,1.3582342863082886,76.88086700439453
2011-09-29,89.59306335449219,1.3537662029266357,77.4129409790039
2011-09-30,87.35420227050781,1.3585848808288574,79.35748291015625
2011-10-03,84.86831665039062,1.336094617843628,81.54143524169922
2011-10-04,86.72889709472656,1.3195048570632935,80.50739288330078
2011-10-05,88.33467102050781,1.3330134153366089,79.92784118652344
2011-10-06,89.93274688720703,1.333991527557373,78.45262145996094
2011-10-07,89.33059692382812,1.3428946733474731,77.87305450439453
2011-10-10,92.31831359863281,1.3385984897613525,76.77313232421875
2011-10-11,92.41099548339844,1.3635495901107788,76.51631927490234
2011-10-12,93.22159576416016,1.3645730018615723,75.40323638916016
2011-10-13,93.03633117675781,1.379196286201477,76.15406799316406
2011-10-14,94.62667083740234,1.3735508918762207,75.0476303100586
2011-10-17,92.82012939453125,1.3879058361053467,76.34506225585938
2011-10-18,94.63438415527344,1.3744003772735596,75.87085723876953
2011-10-19,93.51496124267578,1.3740037679672241,75.844482421875
2011-10-20,93.92414093017578,1.3765003681182861,75.30448913574219
2011-10-21,95.70748901367188,1.377903938293457,74.50758361816406
2011-10-24,96.8809814453125,1.3847730159759521,74.6327133178711
2011-10-25,94.99723052978516,1.3922340869903564,76.52948760986328
2011-10-26,95.96226501464844,1.3904531002044678,75.19251251220703
2011-10-27,99.30511474609375,1.387694001197815,72.64376831054688
2011-10-28,99.28196716308594,1.4173942804336548,73.4077377319336
2011-10-31,96.88868713378906,1.4140071868896484,76.31871032714844
2011-11-01,94.18659210205078,1.386001467704773,78.87349700927734
2011-11-02,95.72293853759766,1.3655978441238403,77.8895263671875
2011-11-03,97.46770477294922,1.3690004348754883,76.81990814208984
2011-11-04,96.87327575683594,1.382991909980774,76.912353515625
2011-11-07,97.47541809082031,1.3789299726486206,77.40096282958984
2011-11-08,98.72608947753906,1.3760079145431519,76.41053771972656
2011-11-09,95.08216094970703,1.3826478719711304,77.9952163696289
2011-11-10,95.97769927978516,1.3526674509048462,76.83306121826172
2011-11-11,97.78424072265625,1.3610072135925293,76.3642807006836
2011-11-14,96.85780334472656,1.3787018060684204,77.5925064086914
2011-11-15,97.33647918701172,1.362416386604309,77.48683166503906
2011-11-16,95.79244232177734,1.350712537765503,78.19331359863281
2011-11-17,94.27152252197266,1.3441040515899658,78.82064056396484
2011-11-18,94.17118835449219,1.3458044528961182,78.8007583618164
2011-11-21,92.3801040649414,1.3529969453811646,79.26966094970703
2011-11-22,92.0172348022461,1.348435878753662,80.1544418334961
2011-11-23,89.98683166503906,1.3521919250488281,80.94019317626953
2011-11-24,89.98683166503906,1.3352025747299194,80.94019317626953
2011-11-25,89.81697082519531,1.3331022262573242,79.76483154296875
2011-11-28,92.41867065429688,1.3313452005386353,79.7252426147461
2011-11-29,92.68115234375,1.3316997289657593,79.07152557373047
2011-11-30,96.4949722290039,1.3324095010757446,77.83675384521484
2011-12-01,96.47949981689453,1.3443931341171265,77.44620513916016
2011-12-02,96.39460754394531,1.346692442893982,78.53182220458984
2011-12-05,97.44456481933594,1.3419036865234375,78.37294006347656
2011-12-06,97.47541809082031,1.3386701345443726,77.6249008178711
2011-12-07,97.83830261230469,1.3412017822265625,77.9029769897461
2011-12-08,95.69205474853516,1.3403747081756592,78.87604522705078
2011-12-09,97.31331634521484,1.3345433473587036,77.2542495727539
2011-12-12,95.89276123046875,1.3371665477752686,78.1147689819336
2011-12-13,94.99723052978516,1.3171066045761108,78.84290313720703
2011-12-14,93.98590850830078,1.3019137382507324,80.33224487304688
2011-12-15,94.32559204101562,1.2988024950027466,80.03443145751953
2011-12-16,94.46543884277344,1.302965521812439,80.96771240234375
2011-12-19,93.45541381835938,1.3036959171295166,81.99371337890625
2011-12-20,96.28340148925781,1.3007792234420776,79.94833374023438
2011-12-21,96.46988677978516,1.3087977170944214,78.83626556396484
2011-12-22,97.32447052001953,1.3040019273757935,79.16726684570312
2011-12-23,98.19461059570312,1.3056023120880127,78.286865234375
2011-12-26,98.19461059570312,1.3044953346252441,78.286865234375
2011-12-27,98.27233123779297,1.3050570487976074,78.6587905883789
2011-12-28,96.98262786865234,1.307206630706787,80.11309051513672
2011-12-29,97.98485565185547,1.292724609375,80.25916290283203
2011-12-30,97.503173828125,1.2956053018569946,80.5181884765625
2012-01-02,97.503173828125,1.2960082292556763,80.5181884765625
2012-01-03,99.05701446533203,1.2940963506698608,79.30953216552734
2012-01-04,99.2124252319336,1.3056023120880127,78.36658477783203
2012-01-05,99.47651672363281,1.2931424379348755,78.22711944580078
2012-01-06,99.22015380859375,1.279606819152832,78.84467315673828
2012-01-09,99.46101379394531,1.2680377960205078,78.70519256591797
2012-01-10,100.3233871459961,1.2775959968566895,78.57245635986328
2012-01-11,100.37775421142578,1.2751848697662354,79.59510803222656
2012-01-12,100.61857604980469,1.272394061088562,79.48217010498047
2012-01-13,100.09806060791016,1.2820513248443604,80.27242279052734
2012-01-16,100.09806060791016,1.2647020816802979,80.27242279052734
2012-01-17,100.48653411865234,1.2667046785354614,80.64433288574219
2012-01-18,101.5975570678711,1.2745997905731201,79.66815185546875
2012-01-19,102.13362121582031,1.2866039276123047,78.57245635986328
2012-01-20,102.5142822265625,1.2964956760406494,77.68258666992188
2012-01-23,102.25010681152344,1.2884771823883057,77.19114685058594
2012-01-24,102.13362121582031,1.3026939630508423,77.33064270019531
2012-01-25,102.98819732666016,1.304103970527649,77.14463806152344
2012-01-26,102.45990753173828,1.3107362985610962,78.16730499267578
2012-01-27,102.41331481933594,1.3092775344848633,78.41305541992188
2012-01-30,102.06369018554688,1.3207945823669434,79.33610534667969
2012-01-31,102.02484130859375,1.3139568567276,80.2525405883789
2012-02-01,102.91831970214844,1.3077024221420288,79.33323669433594
2012-02-02,103.0814437866211,1.317002534866333,79.29996490478516
2012-02-03,104.52650451660156,1.3137152194976807,77.59585571289062
2012-02-06,104.45658111572266,1.31271493434906,78.3680191040039
2012-02-07,104.72073364257812,1.3121638298034668,77.39614868164062
2012-02-08,105.0315170288086,1.3248542547225952,77.4560775756836
2012-02-09,105.1635971069336,1.3248542547225952,76.8769760131836
2012-02-10,104.38665771484375,1.3278449773788452,77.87543487548828
2012-02-13,105.1635971069336,1.3236793279647827,77.97528076171875
2012-02-14,105.0315170288086,1.3157894611358643,78.38800048828125
2012-02-15,104.54206848144531,1.3133701086044312,78.24824523925781
2012-02-16,105.69965362548828,1.3058068752288818,77.62246704101562
2012-02-17,105.9793472290039,1.3126804828643799,77.60254669189453
2012-02-20,105.9793472290039,1.3227163553237915,77.60254669189453
2012-02-21,106.02596282958984,1.3204805850982666,76.74383544921875
2012-02-22,105.68412017822266,1.324327826499939,77.70902252197266
2012-02-23,106.15032196044922,1.325574278831482,77.70902252197266
2012-02-24,106.38333892822266,1.337363362312317,78.21491241455078
2012-02-27,106.56204986572266,1.3467106819152832,78.90723419189453
2012-02-28,106.87281036376953,1.3406623601913452,78.64762115478516
2012-02-29,106.4532470703125,1.3477997779846191,78.16828155517578
2012-03-01,107.00487518310547,1.3320900201797485,77.43242645263672
2012-03-02,106.67858123779297,1.3322675228118896,78.15965270996094
2012-03-05,106.2435073852539,1.318617582321167,77.5391616821289
2012-03-06,104.68965911865234,1.3225764036178589,78.47989654541016
2012-03-07,105.41999053955078,1.3123359680175781,77.99954986572266
2012-03-08,106.46880340576172,1.3139914274215698,77.21894836425781
2012-03-09,106.88057708740234,1.327492356300354,77.37232971191406
2012-03-12,106.88834381103516,1.312508225440979,77.35903930664062
2012-03-13,108.81512451171875,1.3168290853500366,75.99800872802734
2012-03-14,108.69854736328125,1.30804443359375,74.0832290649414
2012-03-15,109.32789611816406,1.3022528886795044,74.19657135009766
2012-03-16,109.47921752929688,1.3078734874725342,74.34342193603516
2012-03-19,109.90840148925781,1.3177140951156616,73.4560775756836
2012-03-20,109.5885238647461,1.3229262828826904,73.74960327148438
2012-03-21,109.40901184082031,1.323766827583313,74.58358764648438
2012-03-22,108.62093353271484,1.3218770027160645,74.82381439208984
2012-03-23,108.9720458984375,1.3204805850982666,75.531005859375
2012-03-26,110.50144958496094,1.328303575515747,75.14401245117188
2012-03-27,110.15811157226562,1.3360053300857544,75.68448638916016
2012-03-28,109.61190032958984,1.3328713178634644,75.57769775390625
2012-03-29,109.42459106445312,1.3326226472854614,76.144775390625
2012-03-30,109.8772201538086,1.3313806056976318,74.85709381103516
2012-04-02,110.6809310913086,1.3358268737792969,75.27184295654297
2012-04-03,110.22830200195312,1.3333333730697632,73.96751403808594
2012-04-04,109.13591766357422,1.3225239515304565,74.98420715332031
2012-04-05,109.08126831054688,1.314405918121338,75.52603149414062
2012-04-06,109.08126831054688,1.3065063953399658,75.52603149414062
2012-04-09,107.856201171875,1.3079075813293457,77.29194641113281
2012-04-10,106.04584503173828,1.311131477355957,78.16818237304688
2012-04-11,106.90415954589844,1.3073604106903076,77.23174285888672
2012-04-12,108.30098724365234,1.311991572380066,76.91073608398438
2012-04-13,107.01338958740234,1.318913221359253,78.15485382080078
2012-04-16,106.94316101074219,1.30565345287323,78.0411148071289
2012-04-17,108.52725219726562,1.3126804828643799,77.99429321289062
2012-04-18,108.16049194335938,1.3135426044464111,78.22171783447266
2012-04-19,107.46599578857422,1.311991572380066,78.29531860351562
2012-04-20,107.64545440673828,1.314578652381897,78.3086929321289
2012-04-23,106.74031829833984,1.3204805850982666,78.87722778320312
2012-04-24,107.14610290527344,1.3152011632919312,78.3220443725586
2012-04-25,108.61308288574219,1.3197835683822632,77.92073822021484
2012-04-26,109.3700180053711,1.323276400566101,78.38896942138672
2012-04-27,109.5494613647461,1.319087266921997,78.45588684082031
2012-04-30,109.14369201660156,1.3241524696350098,78.47592163085938
2012-05-01,109.82257080078125,1.3239772319793701,78.06891632080078
2012-05-02,109.49485778808594,1.3239772319793701,78.6187515258789
2012-05-03,108.6598892211914,1.3147515058517456,78.59866333007812
2012-05-04,106.90415954589844,1.3156163692474365,79.21550750732422
2012-05-07,106.98223114013672,1.297033667564392,79.2288818359375
2012-05-08,106.55304718017578,1.306165099143982,79.65131378173828
2012-05-09,105.92098236083984,1.299545168876648,79.70503234863281
2012-05-10,106.13947296142578,1.2936609983444214,79.47029113769531
2012-05-11,105.81953430175781,1.2934937477111816,80.12743377685547
2012-05-14,104.6490478515625,1.289989709854126,81.2472152709961
2012-05-15,104.04820251464844,1.283202886581421,81.57579803466797
2012-05-16,103.65023803710938,1.273560881614685,81.81038665771484
2012-05-17,102.11299133300781,1.2730745077133179,83.25878143310547
2012-05-18,101.2390365600586,1.269841194152832,83.2788314819336
2012-05-21,102.9791488647461,1.2773023843765259,83.10455322265625
2012-05-22,103.15867614746094,1.281065821647644,82.1792221069336
2012-05-23,103.21327209472656,1.2664639949798584,82.74917602539062
2012-05-24,103.41614532470703,1.2561235427856445,82.43399810791016
2012-05-25,103.08061981201172,1.2536041736602783,82.74244689941406
2012-05-28,103.08061981201172,1.2569130659103394,82.74244689941406
2012-05-29,104.3291244506836,1.2525050640106201,82.48770141601562
2012-05-30,102.8152847290039,1.2478163242340088,84.5796890258789
2012-05-31,102.58897399902344,1.2374706268310547,85.5586166381836
2012-06-01,100.00613403320312,1.2362467050552368,87.58981323242188
2012-06-04,99.95934295654297,1.2402331829071045,86.89776611328125
2012-06-05,100.71623229980469,1.2509382963180542,85.7353515625
2012-06-06,102.9791488647461,1.2462612390518188,84.0219955444336
2012-06-07,103.04161834716797,1.2573871612548828,84.149658203125
2012-06-08,103.86093139648438,1.2570710182189941,84.12944793701172
2012-06-11,102.54216766357422,1.2645422220230103,84.51246643066406
2012-06-12,103.7204360961914,1.2478163242340088,83.73981475830078
2012-06-13,103.05721282958984,1.2504688501358032,84.5662612915039
2012-06-14,104.1496353149414,1.2573871612548828,84.4587173461914
2012-06-15,105.21481323242188,1.262785792350769,84.92909240722656
2012-06-18,105.41879272460938,1.27048659324646,85.38603973388672
2012-06-19,106.43846130371094,1.2597631216049194,84.2706069946289
2012-06-20,106.26586151123047,1.2680699825286865,84.68717193603516
2012-06-21,103.88140106201172,1.2680699825286865,85.13738250732422
2012-06-22,104.68144226074219,1.255177617073059,84.00181579589844
2012-06-25,103.0029067993164,1.2537612915039062,85.22469329833984
2012-06-26,103.52058410644531,1.2504688501358032,84.88874053955078
2012-06-27,104.45397186279297,1.248751163482666,85.02315521240234
2012-06-28,104.15589141845703,1.2473493814468384,85.23140716552734
2012-06-29,106.75213623046875,1.2440905570983887,84.12274169921875
2012-07-02,107.07376098632812,1.2655184268951416,84.9906997680664
2012-07-03,107.7796859741211,1.2581782341003418,84.33757019042969
2012-07-04,107.7796859741211,1.2605571746826172,84.33757019042969
2012-07-05,107.2933578491211,1.2516272068023682,84.76850128173828
2012-07-06,106.27373504638672,1.2391574382781982,85.55634307861328
2012-07-09,106.14039611816406,1.227144479751587,86.31048583984375
2012-07-10,105.21481323242188,1.2318304777145386,86.48558807373047
2012-07-11,105.23052215576172,1.2256402969360352,86.59331512451172
2012-07-12,104.72066497802734,1.2247247695922852,87.20606231689453
2012-07-13,106.47765350341797,1.2192742824554443,86.97711944580078
2012-07-16,106.22665405273438,1.2248897552490234,87.38115692138672
2012-07-17,106.95611572265625,1.2268433570861816,86.69435119628906
2012-07-18,107.7483139038086,1.2295585870742798,86.74146270751953
2012-07-19,108.03069305419922,1.2277470827102661,86.51927185058594
2012-07-20,107.04238891601562,1.2276867628097534,87.57638549804688
2012-07-23,105.95995330810547,1.2127091884613037,88.0679702758789
2012-07-24,105.05011749267578,1.212415099143982,88.76153564453125
2012-07-25,105.07363891601562,1.2061853408813477,88.99046325683594
2012-07-26,106.8071060180664,1.2140341997146606,88.17569732666016
2012-07-27,108.77581787109375,1.2280486822128296,86.5125503540039
2012-07-30,108.77581787109375,1.230466365814209,87.15896606445312
2012-07-31,108.0149917602539,1.2259409427642822,87.33403015136719
2012-08-01,107.9208984375,1.2294074296951294,86.8974380493164
2012-08-02,107.17570495605469,1.2241400480270386,87.39002990722656
2012-08-03,109.3013687133789,1.218026876449585,85.9797134399414
2012-08-06,109.51314544677734,1.2428536415100098,86.01347351074219
2012-08-07,110.06219482421875,1.2390038967132568,84.90682220458984
2012-08-08,110.19551849365234,1.2386969327926636,84.45474243164062
2012-08-09,110.2896499633789,1.237332820892334,84.39400482177734
2012-08-10,110.47008514404297,1.2294074296951294,84.81907653808594
2012-08-13,110.4151382446289,1.2277169227600098,84.67742919921875
2012-08-14,110.43081665039062,1.2327415943145752,83.53031158447266
2012-08-15,110.55634307861328,1.2325897216796875,82.35618591308594
2012-08-16,111.37207794189453,1.2289540767669678,81.6543960571289
2012-08-17,111.5211181640625,1.2357884645462036,82.05255889892578
2012-08-20,111.52894592285156,1.233258605003357,82.22119903564453
2012-08-21,111.1916732788086,1.2353304624557495,82.58565521240234
2012-08-22,111.23875427246094,1.2476606369018555,83.94868469238281
2012-08-23,110.32889556884766,1.2534469366073608,84.299560546875
2012-08-24,110.99557495117188,1.2561235427856445,84.2185287475586
2012-08-27,111.01910400390625,1.250437617301941,84.71114349365234
2012-08-28,110.90924835205078,1.250156283378601,84.9135971069336
2012-08-29,110.99557495117188,1.257228970527649,84.5424575805664
2012-08-30,110.19551849365234,1.2531328201293945,84.9810791015625
2012-08-31,110.72105407714844,1.2510946989059448,86.1821517944336
2012-09-03,110.72105407714844,1.257703423500061,86.1821517944336
2012-09-04,110.61907958984375,1.2586532831192017,86.09563446044922
2012-09-05,110.52497863769531,1.2534469366073608,85.68991088867188
2012-09-06,112.76828002929688,1.2602394819259644,84.2630844116211
2012-09-07,113.20752716064453,1.2632642984390259,83.87089538574219
2012-09-10,112.56430053710938,1.2795906066894531,84.07377624511719
2012-09-11,112.87808227539062,1.2761613130569458,83.54631042480469
2012-09-12,113.2545166015625,1.2851818799972534,82.50492858886719
2012-09-13,114.98014068603516,1.2903226613998413,82.1803207397461
2012-09-14,115.49004364013672,1.299376368522644,79.99613952636719
2012-09-17,115.09781646728516,1.3116475343704224,80.9563980102539
2012-09-18,115.00373840332031,1.3110111951828003,81.36212921142578
2012-09-19,115.06645202636719,1.3046314716339111,81.89635467529297
2012-09-20,115.07432556152344,1.3058239221572876,82.09915161132812
2012-09-21,115.02616882324219,1.2973533868789673,82.19384765625
2012-09-24,114.8526840209961,1.2968486547470093,82.83625793457031
2012-09-25,113.63047790527344,1.2941633462905884,83.65447235107422
2012-09-26,112.99173736572266,1.2900062799453735,84.55384063720703
2012-09-27,114.05626678466797,1.2881617546081543,83.95201873779297
2012-09-28,113.52798461914062,1.2913223505020142,83.99935913085938
2012-10-01,113.82758331298828,1.2809016704559326,84.31111145019531
2012-10-02,113.94583892822266,1.2888258695602417,84.19584655761719
2012-10-03,114.41109466552734,1.2916558980941772,84.22295379638672
2012-10-04,115.23123931884766,1.2923235893249512,83.17265319824219
2012-10-05,115.23908233642578,1.3017443418502808,82.09522247314453
2012-10-08,114.84484100341797,1.301574945449829,82.78638458251953
2012-10-09,113.70928955078125,1.2976900339126587,82.6373519897461
2012-10-10,112.98387145996094,1.2858428955078125,83.22010040283203
2012-10-11,113.04690551757812,1.2858428955078125,83.79608917236328
2012-10-12,112.67634582519531,1.293326497077942,84.00613403320312
2012-10-15,113.61466979980469,1.2943308353424072,83.81643676757812
2012-10-16,114.76595306396484,1.2968486547470093,82.6576156616211
2012-10-17,115.2863998413086,1.3107877969741821,81.89189147949219
2012-10-18,114.98677825927734,1.3116475343704224,81.39043426513672
2012-10-19,113.07059478759766,1.3069161176681519,82.49501037597656
2012-10-22,113.08638000488281,1.3022528886795044,81.96646881103516
2012-10-23,111.51713562011719,1.3070186376571655,83.1387710571289
2012-10-24,111.2016830444336,1.2973533868789673,82.31884765625
2012-10-25,111.52497100830078,1.2965123653411865,81.89869689941406
2012-10-26,111.46190643310547,1.2938284873962402,83.10491180419922
2012-10-29,111.46190643310547,1.2924071550369263,83.10491180419922
2012-10-30,111.46190643310547,1.2908222675323486,83.10491180419922
2012-10-31,111.46190643310547,1.2962603569030762,83.59281921386719
2012-11-01,112.6290054321289,1.2965123653411865,82.90835571289062
2012-11-02,111.62752532958984,1.2948336601257324,82.84732818603516
2012-11-05,111.85623168945312,1.2827913761138916,83.31495666503906
2012-11-06,112.73149871826172,1.2802459001541138,82.52888488769531
2012-11-07,110.17660522460938,1.2808033227920532,84.02644348144531
2012-11-08,108.85187530517578,1.2759984731674194,85.27333068847656
2012-11-09,108.94649505615234,1.274534821510315,85.3681411743164
2012-11-12,109.03318786621094,1.272394061088562,85.51046752929688
2012-11-13,108.65469360351562,1.2709709405899048,85.79507446289062
2012-11-14,107.18795013427734,1.2709709405899048,85.87644958496094
2012-11-15,107.0066146850586,1.273236632347107,85.7070083618164
2012-11-16,107.53492736816406,1.2784454822540283,85.6324462890625
2012-11-19,109.71134185791016,1.2759497165679932,85.1513900756836
2012-11-20,109.75865936279297,1.276943564414978,84.29745483398438
2012-11-21,109.96367645263672,1.281443476676941,84.2500991821289
2012-11-22,109.96367645263672,1.2865046262741089,84.2500991821289
2012-11-23,111.46190643310547,1.2875149250030518,84.16877746582031
2012-11-26,111.22537994384766,1.2965964078903198,84.56851959228516
2012-11-27,110.65762329101562,1.298701286315918,84.9005355834961
2012-11-28,111.54869079589844,1.2938284873962402,84.77863311767578
2012-11-29,112.069091796875,1.2953367233276367,84.79219818115234
2012-11-30,112.09273529052734,1.2973533868789673,84.5617904663086
2012-12-03,111.540771484375,1.299680233001709,84.63986206054688
2012-12-04,111.3830795288086,1.299680233001709,85.12869262695312
2012-12-05,111.5802001953125,1.3099292516708374,85.08797454833984
2012-12-06,111.95870208740234,1.3070186376571655,85.27132415771484
2012-12-07,112.29783630371094,1.2963443994522095,84.48369598388672
2012-12-10,112.3451156616211,1.2906056642532349,84.8570785522461
2012-12-11,113.11003112792969,1.2938284873962402,84.21212768554688
2012-12-12,113.16519927978516,1.3013207912445068,83.2343978881836
2012-12-13,112.47130584716797,1.3066771030426025,83.29553985595703
2012-12-14,112.05337524414062,1.3078734874725342,83.92015838623047
2012-12-17,113.3702621459961,1.3165863752365112,82.6640853881836
2012-12-18,114.63190460205078,1.316482424736023,81.82218170166016
2012-12-19,113.78028869628906,1.323101282119751,82.0937271118164
2012-12-20,114.43482208251953,1.3215277194976807,82.10731506347656
2012-12-21,113.39606475830078,1.323766827583313,83.0035400390625
2012-12-24,113.04657745361328,1.3182003498077393,82.85420227050781
2012-12-25,113.04657745361328,1.3180439472198486,82.85420227050781
2012-12-26,112.57015991210938,1.3180439472198486,83.15225219726562
2012-12-27,112.41924285888672,1.3225764036178589,83.43116760253906
2012-12-28,111.2042236328125,1.3250298500061035,83.9075698852539
2012-12-31,113.09427642822266,1.3227688074111938,82.45814514160156
2013-01-01,113.09427642822266,1.3201320171356201,82.45814514160156
2013-01-02,115.992919921875,1.3197835683822632,81.35586547851562
2013-01-03,115.73081970214844,1.3182177543640137,80.25350189208984
2013-01-04,116.23908996582031,1.3032711744308472,80.56651306152344
2013-01-07,115.92141723632812,1.3067454099655151,80.60050964355469
2013-01-08,115.58787536621094,1.312508225440979,81.13126373291016
2013-01-09,115.88169860839844,1.3082326650619507,81.05644989013672
2013-01-10,116.80291748046875,1.305483102798462,80.83189392089844
2013-01-11,116.79500579833984,1.327316164970398,81.55318450927734
2013-01-14,116.71556091308594,1.3362016677856445,81.32859802246094
2013-01-15,116.79500579833984,1.3377926349639893,81.70282745361328
2013-01-16,116.77908325195312,1.330849051475525,81.87296295166016
2013-01-17,117.5335464477539,1.32908034324646,81.05644989013672
2013-01-18,117.79564666748047,1.3372559547424316,81.68243408203125
2013-01-21,117.79564666748047,1.3320013284683228,81.68243408203125
2013-01-22,118.430908203125,1.3311502933502197,81.83892822265625
2013-01-23,118.62149047851562,1.331398367881775,81.7164535522461
2013-01-24,118.6532974243164,1.330849051475525,81.4306869506836
2013-01-25,119.32037353515625,1.3369340896606445,80.31471252441406
2013-01-28,119.17740631103516,1.3466018438339233,80.0221176147461
2013-01-29,119.64593505859375,1.3446282148361206,79.57982635498047
2013-01-30,119.17740631103516,1.34916353225708,79.44371032714844
2013-01-31,118.88358306884766,1.3568336963653564,79.83158111572266
2013-02-01,120.1065673828125,1.3610997200012207,78.79497528076172
2013-02-04,118.75647735595703,1.3648709058761597,79.80427551269531
2013-02-05,119.95569610595703,1.3511687517166138,79.0950927734375
2013-02-06,120.04302215576172,1.3581420183181763,79.74293518066406
2013-02-07,119.8841552734375,1.3523930311203003,79.56562805175781
2013-02-08,120.55127716064453,1.3389389514923096,79.87252044677734
2013-02-11,120.5274429321289,1.3368269205093384,79.81111145019531
2013-02-12,120.72599792480469,1.340356707572937,79.61337280273438
2013-02-13,120.82923889160156,1.3452069759368896,78.96549224853516
2013-02-14,120.94043731689453,1.3444474935531616,79.68158721923828
2013-02-15,120.79750061035156,1.3352917432785034,79.44969177246094
2013-02-18,120.79750061035156,1.3344007730484009,79.44969177246094
2013-02-19,121.70278930664062,1.3347214460372925,79.05415344238281
2013-02-20,120.18599700927734,1.3395847082138062,79.29280853271484
2013-02-21,119.45535278320312,1.327316164970398,79.75653839111328
2013-02-22,120.62274932861328,1.3194352388381958,79.81111145019531
2013-02-25,118.3276596069336,1.319591999053955,81.37968444824219
2013-02-26,119.13771057128906,1.3065063953399658,80.90913391113281
2013-02-27,120.63862609863281,1.3065917491912842,80.67045593261719
2013-02-28,120.40038299560547,1.3150973320007324,80.8204574584961
2013-03-01,120.79750061035156,1.3059945106506348,81.26055908203125
2013-03-04,121.44073486328125,1.3016934394836426,80.8300552368164
2013-03-05,122.52871704101562,1.3036110401153564,80.59766387939453
2013-03-06,122.69544982910156,1.3048527240753174,79.86638641357422
2013-03-07,122.91785430908203,1.297858476638794,79.25131225585938
2013-03-08,123.44197845458984,1.311131477355957,78.4242935180664
2013-03-11,123.9104995727539,1.2988024950027466,78.49952697753906
2013-03-12,123.63261413574219,1.3032711744308472,79.06678009033203
2013-03-13,123.80729675292969,1.3029316663742065,78.98473358154297
2013-03-14,124.46642303466797,1.2958402633666992,78.74557495117188
2013-03-15,124.30213928222656,1.3012362718582153,79.11457061767578
2013-03-18,123.61614227294922,1.2892745733261108,79.71602630615234
2013-03-19,123.3289566040039,1.2944984436035156,80.25594329833984
2013-03-20,124.19047546386719,1.2863887548446655,79.3606185913086
2013-03-21,123.12950897216797,1.2941633462905884,80.12604522705078
2013-03-22,124.11861419677734,1.2904890775680542,80.18758392333984
2013-03-25,123.60015106201172,1.302405595779419,80.11241912841797
2013-03-26,124.58927917480469,1.2858428955078125,80.20809173583984
2013-03-27,124.58927917480469,1.2860082387924194,80.8915023803711
2013-03-28,124.97215270996094,1.277791976928711,80.4814682006836
2013-03-29,124.97215270996094,1.2815911769866943,80.4814682006836
2013-04-01,124.47761535644531,1.2805737257003784,81.08763122558594
2013-04-02,125.091796875,1.2850167751312256,80.75884246826172
2013-04-03,123.82347869873047,1.2820513248443604,81.48482513427734
2013-04-04,124.32606506347656,1.2850167751312256,82.45745849609375
2013-04-05,123.76766204833984,1.2928247451782227,84.12176513671875
2013-04-08,124.60523986816406,1.2992074489593506,83.47801208496094
2013-04-09,125.03590393066406,1.3029316663742065,83.27252197265625
2013-04-10,126.5675048828125,1.3080273866653442,82.12870025634766
2013-04-11,126.98237609863281,1.3055341243743896,82.28618621826172
2013-04-12,126.67117309570312,1.311475396156311,83.5122299194336
2013-04-15,123.73571014404297,1.3099292516708374,84.23822021484375
2013-04-16,125.56243896484375,1.3054660558700562,83.54652404785156
2013-04-17,123.72774505615234,1.3178702592849731,84.10123443603516
2013-04-18,122.95401763916016,1.3034920692443848,84.30671691894531
2013-04-19,124.02294158935547,1.3053126335144043,84.12862396240234
2013-04-22,124.57331085205078,1.3055682182312012,84.19026947021484
2013-04-23,125.85757446289062,1.306165099143982,83.89576721191406
2013-04-24,125.93733978271484,1.2994438409805298,84.10812377929688
2013-04-25,126.44786071777344,1.3017443418502808,83.74508666992188
2013-04-26,126.22450256347656,1.3007283210754395,84.51219940185547
2013-04-29,127.07003021240234,1.3042571544647217,84.20399475097656
2013-04-30,127.37310791015625,1.3095861673355103,84.25193786621094
2013-05-01,126.25637817382812,1.3168290853500366,85.11747741699219
2013-05-02,127.4289779663086,1.3182177543640137,85.00765228271484
2013-05-03,128.72116088867188,1.3065063953399658,83.00342559814453
2013-05-06,129.04827880859375,1.3123359680175781,82.7975082397461
2013-05-07,129.702392578125,1.3070186376571655,82.47491455078125
2013-05-08,130.29263305664062,1.3077024221420288,82.60539245605469
2013-05-09,129.9257354736328,1.3161357641220093,82.39254760742188
2013-05-10,130.34854125976562,1.303441047668457,81.50713348388672
2013-05-13,130.4521942138672,1.2965291738510132,80.88250732421875
2013-05-14,131.8002471923828,1.2988024950027466,80.00397491455078
2013-05-15,132.51022338867188,1.2937111854553223,80.53933715820312
2013-05-16,131.88804626464844,1.2882447242736816,81.376708984375
2013-05-17,133.16429138183594,1.2883278131484985,80.34715270996094
2013-05-20,133.1562957763672,1.2835652828216553,80.25105285644531
2013-05-21,133.34780883789062,1.2891082763671875,80.88250732421875
2013-05-22,132.35865783691406,1.2919062376022339,79.68143463134766
2013-05-23,131.9757537841797,1.2842081785202026,80.0589370727539
2013-05-24,131.8640594482422,1.2925074100494385,80.16868591308594
2013-05-27,131.8640594482422,1.2937781810760498,80.16868591308594
2013-05-28,132.65379333496094,1.2933933734893799,78.13697814941406
2013-05-29,131.79225158691406,1.2846370935440063,79.01558685302734
2013-05-30,132.2788848876953,1.294783353805542,78.82335662841797
2013-05-31,130.3804168701172,1.3043931722640991,78.55571746826172
2013-06-03,131.09829711914062,1.2996464967727661,78.97195434570312
2013-06-04,130.46812438964844,1.3072919845581055,78.24266052246094
2013-06-05,128.64149475097656,1.3073433637619019,79.32286834716797
2013-06-06,129.80609130859375,1.3093289136886597,79.27471923828125
2013-06-07,131.45721435546875,1.3245558738708496,77.85737609863281
2013-06-10,131.45721435546875,1.3224014043807983,77.48578643798828
2013-06-11,130.10125732421875,1.3224014043807983,78.40779113769531
2013-06-12,129.02435302734375,1.3224014043807983,77.28629302978516
2013-06-13,130.98663330078125,1.3339558839797974,78.49720001220703
2013-06-14,130.16497802734375,1.3367911577224731,78.31148529052734
2013-06-17,131.17013549804688,1.3348639011383057,77.89859008789062
2013-06-18,132.2070770263672,1.3363088369369507,77.93991088867188
2013-06-19,130.3804168701172,1.3389928340911865,77.1349105834961
2013-06-20,127.14981079101562,1.329186201095581,75.86894989013672
2013-06-21,127.5579833984375,1.323556661605835,74.58232879638672
2013-06-24,125.94615173339844,1.3105300664901733,74.89195251464844
2013-06-25,127.15701293945312,1.313232183456421,74.22455596923828
2013-06-26,128.41607666015625,1.3079760074615479,74.70616912841797
2013-06-27,129.16978454589844,1.301337718963623,75.46990966796875
2013-06-28,128.6405029296875,1.3035939931869507,75.9859390258789
2013-07-01,129.39431762695312,1.3014055490493774,76.1390151977539
2013-07-02,129.27406311035156,1.306762456893921,76.0907211303711
2013-07-03,129.33016967773438,1.2978922128677368,75.8631591796875
2013-07-04,129.33016967773438,1.3010838031768799,75.8631591796875
2013-07-05,130.7255096435547,1.2907721996307373,73.27714538574219
2013-07-08,131.47122192382812,1.2829065322875977,73.98748779296875
2013-07-09,132.41746520996094,1.2871006727218628,74.06328582763672
2013-07-10,132.46559143066406,1.278183937072754,73.48404693603516
2013-07-11,134.26986694335938,1.3187741041183472,74.34606170654297
2013-07-12,134.32595825195312,1.3097747564315796,74.2839584350586
2013-07-15,134.8392333984375,1.3059945106506348,74.67705535888672
2013-07-16,134.33404541015625,1.3058750629425049,74.93222045898438
2013-07-17,134.6788330078125,1.3151146173477173,75.07015991210938
2013-07-18,135.41659545898438,1.3116990327835083,74.1323013305664
2013-07-19,135.65708923339844,1.3110626935958862,75.30461120605469
2013-07-22,135.9217987060547,1.3159972429275513,75.41493225097656
2013-07-23,135.63308715820312,1.3190349340438843,75.09768676757812
2013-07-24,135.13592529296875,1.3223315477371216,74.1460952758789
2013-07-25,135.46469116210938,1.319087266921997,74.11854553222656
2013-07-26,135.60906982421875,1.3274219036102295,74.57357025146484
2013-07-29,135.19203186035156,1.3287447690963745,74.02886962890625
2013-07-30,135.19203186035156,1.3263654708862305,74.00125122070312
2013-07-31,135.2882537841797,1.3264886140823364,74.27021789550781
2013-08-01,136.8520050048828,1.3301409482955933,72.83912658691406
2013-08-02,137.0845184326172,1.3211959600448608,73.64104461669922
2013-08-05,136.884033203125,1.3278977870941162,73.07416534423828
2013-08-06,136.10621643066406,1.3257501125335693,73.28849792480469
2013-08-07,135.6652069091797,1.3308136463165283,73.83464813232422
2013-08-08,136.16233825683594,1.334098219871521,74.03511047363281
2013-08-09,135.76943969726562,1.3380074501037598,74.15264129638672
2013-08-12,135.60906982421875,1.3339380025863647,73.64801025390625
2013-08-13,136.00999450683594,1.3292922973632812,72.58332061767578
2013-08-14,135.31231689453125,1.326559066772461,72.69395446777344
2013-08-15,133.41990661621094,1.3264182806015015,71.71224212646484
2013-08-16,132.97879028320312,1.33539879322052,71.46337127685547
2013-08-19,132.12875366210938,1.332906723022461,70.84111785888672
2013-08-20,132.77830505371094,1.3333866596221924,71.38732147216797
2013-08-21,131.9604034423828,1.3421016931533813,70.60608673095703
2013-08-22,133.1632843017578,1.334294080734253,71.32512664794922
2013-08-23,133.6123046875,1.335505723953247,72.09941101074219
2013-08-26,133.11514282226562,1.33865225315094,72.4588623046875
2013-08-27,130.9740753173828,1.3379179239273071,73.37142944335938
2013-08-28,131.43911743164062,1.3392080068588257,72.77693176269531
2013-08-29,131.6476287841797,1.3334933519363403,73.35761260986328
2013-08-30,131.23072814941406,1.3236267566680908,73.27466583251953
2013-09-02,131.23072814941406,1.3208295106887817,73.27466583251953
2013-09-03,131.8240966796875,1.319000244140625,72.24117279052734
2013-09-04,132.9146270751953,1.317401647567749,72.08177185058594
2013-09-05,133.0831298828125,1.320062279701233,71.07669830322266
2013-09-06,133.14718627929688,1.3118367195129395,71.4301986694336
2013-09-09,134.42222595214844,1.3174188137054443,71.46479797363281
2013-09-10,135.41659545898438,1.3258028030395508,70.96574401855469
2013-09-11,135.84158325195312,1.326629400253296,71.5965347290039
2013-09-12,135.48077392578125,1.3315579891204834,71.49951171875
2013-09-13,135.78546142578125,1.3298933506011963,71.7767562866211
2013-09-16,136.57130432128906,1.3359339237213135,71.2984390258789
2013-09-17,137.18077087402344,1.3337956666946411,71.88761901855469
2013-09-18,138.7685089111328,1.3357912302017212,72.77489471435547
2013-09-19,138.5360107421875,1.3523015975952148,72.34513854980469
2013-09-20,137.5673828125,1.353417992591858,72.72638702392578
2013-09-23,136.9307861328125,1.3534547090530396,73.26008605957031
2013-09-24,136.60848999023438,1.349892020225525,74.0503158569336
2013-09-25,136.21363830566406,1.347182273864746,74.20284271240234
2013-09-26,136.7373809814453,1.351698398590088,73.6829833984375
2013-09-27,136.10894775390625,1.348617672920227,73.86317443847656
2013-09-30,135.38360595703125,1.349545955657959,73.75225830078125
2013-10-01,136.4553985595703,1.3525211811065674,73.52849578857422
2013-10-02,136.3264923095703,1.352338194847107,73.63965606689453
2013-10-03,135.06935119628906,1.3591018915176392,73.52156829833984
2013-10-04,136.09275817871094,1.362416386604309,73.46592712402344
2013-10-07,134.91629028320312,1.356999397277832,73.76477813720703
2013-10-08,133.34498596191406,1.356999397277832,73.78561401367188
2013-10-09,133.44163513183594,1.3598041534423828,73.19489288330078
2013-10-10,136.31834411621094,1.352027416229248,73.31299591064453
2013-10-11,137.19667053222656,1.3526674509048462,73.29214477539062
2013-10-14,137.74461364746094,1.3556748628616333,72.70143127441406
2013-10-15,136.74546813964844,1.3558586835861206,72.65280151367188
2013-10-16,138.65524291992188,1.3521736860275269,73.56324768066406
2013-10-17,139.58192443847656,1.3522467613220215,74.23041534423828
2013-10-18,140.52468872070312,1.366698980331421,74.39021301269531
2013-10-21,140.5327911376953,1.3681949377059937,74.1539306640625
2013-10-22,141.34666442871094,1.36759614944458,74.98095703125
2013-10-23,140.6697998046875,1.3778469562530518,75.27284240722656
2013-10-24,141.1371612548828,1.3780938386917114,74.98095703125
2013-10-25,141.78173828125,1.380395531654358,75.25898742675781
2013-10-28,142.00741577148438,1.3805290460586548,75.00179290771484
2013-10-29,142.76483154296875,1.3789299726486206,75.09913635253906
2013-10-30,142.0557403564453,1.374306082725525,74.64739990234375
2013-10-31,141.65284729003906,1.3724011182785034,74.80726623535156
2013-11-01,141.99127197265625,1.3579760789871216,73.99749755859375
2013-11-04,142.49081420898438,1.349400281906128,74.06719207763672
2013-11-05,142.03961181640625,1.351698398590088,73.18215942382812
2013-11-06,142.76483154296875,1.3473094701766968,73.21701049804688
2013-11-07,140.95986938476562,1.351807951927185,73.83726501464844
2013-11-08,142.8614959716797,1.3409138917922974,72.0602798461914
2013-11-11,142.88575744628906,1.3347926139831543,71.78851318359375
2013-11-12,142.5955810546875,1.3409318923950195,72.12299346923828
2013-11-13,143.7399139404297,1.3439956903457642,72.3877944946289
2013-11-14,144.4569854736328,1.3489633798599243,72.83377838134766
2013-11-15,145.0855712890625,1.3448994159698486,72.9801025390625
2013-11-18,144.57786560058594,1.3483994007110596,73.41912841796875
2013-11-19,144.26365661621094,1.3504389524459839,72.86164855957031
2013-11-20,143.81236267089844,1.3567416667938232,71.62124633789062
2013-11-21,144.97274780273438,1.3433817625045776,71.73973083496094
2013-11-22,145.69798278808594,1.347182273864746,72.40872192382812
2013-11-25,145.55294799804688,1.355233907699585,72.61771392822266
2013-11-26,145.59327697753906,1.3527590036392212,72.88951873779297
2013-11-27,145.94776916503906,1.3567785024642944,72.76407623291016
2013-11-28,145.94776916503906,1.357367753982544,72.76407623291016
2013-11-29,145.85107421875,1.360396146774292,72.78497314453125
2013-12-02,145.47235107421875,1.3585110902786255,72.21891784667969
2013-12-03,144.8437957763672,1.3542062044143677,72.48448181152344
2013-12-04,144.8276824951172,1.3590649366378784,71.79254150390625
2013-12-05,144.19107055664062,1.3586403131484985,71.58985900878906
2013-12-06,145.80271911621094,1.3669979572296143,71.93232727050781
2013-12-09,146.17343139648438,1.3706516027450562,72.0999984741211
2013-12-10,145.64967346191406,1.3740227222442627,72.61723327636719
2013-12-11,144.01380920410156,1.37644362449646,72.05811309814453
2013-12-12,143.5384063720703,1.3786067962646484,71.78556823730469
2013-12-13,143.52232360839844,1.3750807046890259,72.13501739501953
2013-12-16,144.41676330566406,1.3739283084869385,71.86944580078125
2013-12-17,143.9574737548828,1.3762919902801514,72.19092559814453
2013-12-18,146.4151611328125,1.3771259784698486,71.82748413085938
2013-12-19,146.24595642089844,1.3684945106506348,71.75755310058594
2013-12-20,147.09657287597656,1.3655791282653809,72.86190795898438
2013-12-23,147.88250732421875,1.3678393363952637,72.44951629638672
2013-12-24,148.2065887451172,1.3699944019317627,71.86944580078125
2013-12-25,148.2065887451172,1.3681949377059937,71.86944580078125
2013-12-26,148.96006774902344,1.3668484687805176,71.59245300292969
2013-12-27,148.9519500732422,1.3696191310882568,71.38910675048828
2013-12-30,148.9276580810547,1.3750240802764893,71.87993621826172
2013-12-31,149.6324920654297,1.3810056447982788,71.42413330078125
2014-01-01,149.6324920654297,1.3744947910308838,71.42413330078125
2014-01-02,148.198486328125,1.3766709566116333,71.64154052734375
2014-01-03,148.17417907714844,1.3666616678237915,71.64154052734375
2014-01-06,147.74478149414062,1.3596007823944092,71.94305419921875
2014-01-07,148.6521759033203,1.3631964921951294,72.12535095214844
2014-01-08,148.68463134765625,1.3616372346878052,71.92902374267578
2014-01-09,148.78179931640625,1.3572019338607788,72.34976959228516
2014-01-10,149.18692016601562,1.360710859298706,73.21220397949219
2014-01-13,147.20196533203125,1.3671848773956299,73.57682037353516
2014-01-14,148.8060760498047,1.3669979572296143,73.24030303955078
2014-01-15,149.6082305908203,1.3668484687805176,73.16320037841797
2014-01-16,149.4137725830078,1.359933614730835,73.65399169921875
2014-01-17,148.78179931640625,1.3618041276931763,73.9625015258789
2014-01-20,148.78179931640625,1.3527590036392212,73.9625015258789
2014-01-21,149.21925354003906,1.3549033403396606,74.01859283447266
2014-01-22,149.31658935546875,1.355913758277893,73.83629608154297
2014-01-23,148.09310913085938,1.354224443435669,74.88107299804688
2014-01-24,144.93345642089844,1.3689066171646118,75.36492156982422
2014-01-27,144.22044372558594,1.3687942028045654,74.8389892578125
2014-01-28,145.0792999267578,1.3674652576446533,75.02128601074219
2014-01-29,143.68577575683594,1.3655046224594116,75.6383285522461
2014-01-30,145.20889282226562,1.365859031677246,75.42100524902344
2014-01-31,144.3582305908203,1.3558770418167114,75.92584991455078
2014-02-03,141.1093292236328,1.3488178253173828,76.85100555419922
2014-02-04,142.09779357910156,1.3525028228759766,76.03553771972656
2014-02-05,141.91957092285156,1.3515887260437012,75.33253479003906
2014-02-06,143.7910919189453,1.3535096645355225,75.0091552734375
2014-02-07,145.57345581054688,1.3592127561569214,75.07241821289062
2014-02-10,145.84088134765625,1.361933946609497,75.2833480834961
2014-02-11,147.43692016601562,1.364610195159912,74.84748840332031
2014-02-12,147.5098419189453,1.3639029264450073,74.4608383178711
2014-02-13,148.2714385986328,1.3590095043182373,74.88263702392578
2014-02-14,149.0897216796875,1.3678767681121826,74.92481994628906
2014-02-17,149.0897216796875,1.3699944019317627,74.92481994628906
2014-02-18,149.26792907714844,1.3704450130462646,75.093505859375
2014-02-19,148.27951049804688,1.376197338104248,74.77715301513672
2014-02-20,149.15451049804688,1.3730417490005493,74.5943832397461
2014-02-21,148.98435974121094,1.372118592262268,74.988037109375
2014-02-24,149.8107147216797,1.3737962245941162,74.79825592041016
2014-02-25,149.75408935546875,1.3736075162887573,75.46613311767578
2014-02-26,149.76214599609375,1.3746082782745361,75.8668212890625
2014-02-27,150.54803466796875,1.3681949377059937,76.2815933227539
2014-02-28,150.9287567138672,1.3707455396652222,76.3237533569336
2014-03-03,149.86746215820312,1.377695083618164,76.83325958251953
2014-03-04,151.97384643554688,1.373701810836792,75.67756652832031
2014-03-05,152.1116485595703,1.374117136001587,75.83963775634766
2014-03-06,152.46005249023438,1.3734188079833984,75.09260559082031
2014-03-07,152.52484130859375,1.3863087892532349,74.6204833984375
2014-03-10,152.44381713867188,1.3878673315048218,74.7261962890625
2014-03-11,151.6904296875,1.3878865242004395,74.92349243164062
2014-03-12,151.73089599609375,1.385809302330017,75.44499969482422
2014-03-13,150.0294952392578,1.3904531002044678,76.45972442626953
2014-03-14,149.6082305908203,1.3865394592285156,76.47389221191406
2014-03-17,150.9611358642578,1.39130437374115,75.90303802490234
2014-03-18,152.0387725830078,1.3926606178283691,76.17789459228516
2014-03-19,151.22854614257812,1.3930875062942505,75.58594512939453
2014-03-20,152.1116485595703,1.381921648979187,75.45203399658203
2014-03-21,151.52166748046875,1.378207802772522,76.26947784423828
2014-03-24,150.89503479003906,1.3795576095581055,76.81206512451172
2014-03-25,151.61123657226562,1.3838915824890137,76.52318572998047
2014-03-26,150.5207061767578,1.3819025754928589,77.12216186523438
2014-03-27,150.2034149169922,1.378207802772522,77.50975799560547
2014-03-28,150.94390869140625,1.3741360902786255,77.07279968261719
2014-03-31,152.1808319091797,1.3752131462097168,76.88257598876953
2014-04-01,153.18980407714844,1.3775053024291992,76.22557830810547
2014-04-02,153.70254516601562,1.379481554031372,75.78748321533203
2014-04-03,153.49911499023438,1.376822590827942,76.11953735351562
2014-04-04,151.68438720703125,1.3723821640014648,76.62825775146484
2014-04-07,150.00808715820312,1.3704074621200562,77.08747863769531
2014-04-08,150.62652587890625,1.374306082725525,77.27114868164062
2014-04-09,152.24595642089844,1.3793293237686157,76.88961029052734
2014-04-10,149.0478515625,1.3855020999908447,77.60323333740234
2014-04-11,147.70513916015625,1.3886381387710571,78.23200988769531
2014-04-14,148.86883544921875,1.3846195936203003,78.027099609375
2014-04-15,149.89410400390625,1.381711721420288,78.5146484375
2014-04-16,151.4647216796875,1.38119637966156,78.6135482788086
2014-04-17,151.67630004882812,1.3827050924301147,77.75160217285156
2014-04-18,151.67630004882812,1.3812155723571777,77.75160217285156
2014-04-21,152.20521545410156,1.3815207481384277,77.68797302246094
2014-04-22,152.89695739746094,1.3795006275177002,77.94939422607422
2014-04-23,152.53887939453125,1.3810056447982788,78.39447784423828
2014-04-24,152.8480987548828,1.381921648979187,78.54281616210938
2014-04-25,151.59486389160156,1.3832024335861206,78.65587615966797
2014-04-28,152.0749969482422,1.384063959121704,78.27446746826172
2014-04-29,152.782958984375,1.3852909803390503,78.16839599609375
2014-04-30,153.2387237548828,1.3813681602478027,78.49337768554688
2014-05-01,153.25497436523438,1.386924147605896,79.33549499511719
2014-05-02,153.03526306152344,1.3870972394943237,79.82418060302734
2014-05-05,153.32826232910156,1.387270450592041,79.34259033203125
2014-05-06,151.99366760253906,1.387597680091858,79.66127014160156
2014-05-07,152.8888397216797,1.3930680751800537,79.37800598144531
2014-05-08,152.7260284423828,1.3911689519882202,79.03803253173828
2014-05-09,152.95388793945312,1.3844279050827026,78.7830810546875
2014-05-12,154.44308471679688,1.376064658164978,78.4644546508789
2014-05-13,154.5813751220703,1.3756672143936157,79.14425659179688
2014-05-14,153.84902954101562,1.3709522485733032,80.00122833251953
2014-05-15,152.49818420410156,1.372005581855774,80.63861846923828
2014-05-16,153.02711486816406,1.3716480731964111,80.41201782226562
2014-05-19,153.58859252929688,1.3703323602676392,79.81708526611328
2014-05-20,152.62022399902344,1.3713847398757935,79.99413299560547
2014-05-21,153.90602111816406,1.3704074621200562,79.50545501708984
2014-05-22,154.28028869628906,1.3681762218475342,79.39212036132812
2014-05-23,154.89874267578125,1.3654487133026123,79.81708526611328
2014-05-26,154.89874267578125,1.3628805875778198,79.81708526611328
2014-05-27,155.8509063720703,1.3651318550109863,80.28451538085938
2014-05-28,155.73695373535156,1.3636983633041382,81.2761001586914
2014-05-29,156.54257202148438,1.359342098236084,80.84400177001953
2014-05-30,156.7948455810547,1.360451579093933,80.80863952636719
2014-06-02,156.97384643554688,1.3628062009811401,80.2078857421875
2014-06-03,156.89247131347656,1.3598966598510742,79.22090911865234
2014-06-04,157.2098846435547,1.3621008396148682,79.19963836669922
2014-06-05,158.23516845703125,1.3604146242141724,79.23514556884766
2014-06-06,158.99197387695312,1.3661948442459106,79.23514556884766
2014-06-09,159.1547393798828,1.3642936944961548,79.1215591430664
2014-06-10,159.1710205078125,1.3592681884765625,78.83041381835938
2014-06-11,158.61767578125,1.3540961742401123,78.97247314453125
2014-06-12,157.49465942382812,1.3537112474441528,79.67536163330078
2014-06-13,157.97476196289062,1.3554543256759644,79.63276672363281
2014-06-16,158.10496520996094,1.3538029193878174,79.83159637451172
2014-06-17,158.54441833496094,1.3577179908752441,79.19963836669922
2014-06-18,159.7080535888672,1.3547931909561157,79.8102798461914
2014-06-19,159.88706970214844,1.3590649366378784,78.78777313232422
2014-06-20,160.21173095703125,1.361136794090271,79.38423919677734
2014-06-23,160.16259765625,1.3593051433563232,79.1357192993164
2014-06-24,159.19778442382812,1.3601926565170288,79.93810272216797
2014-06-25,159.91737365722656,1.3605812788009644,80.14400482177734
2014-06-26,159.80288696289062,1.3628991842269897,80.52745819091797
2014-06-27,160.11363220214844,1.3613035678863525,80.40673828125
2014-06-30,160.0318145751953,1.3644425868988037,80.60555267333984
2014-07-01,161.1029815673828,1.3693565130233765,79.9306869506836
2014-07-02,161.2664794921875,1.3680826425552368,79.07637786865234
2014-07-03,162.05963134765625,1.3652995824813843,78.79166412353516
2014-07-04,162.05963134765625,1.3610072135925293,78.79166412353516
2014-07-07,161.49545288085938,1.3588433265686035,79.36827850341797
2014-07-08,160.45700073242188,1.360618233680725,80.25813293457031
2014-07-09,161.17649841308594,1.3617113828659058,80.322265625
2014-07-10,160.5387725830078,1.3642936944961548,80.34358215332031
2014-07-11,160.75949096679688,1.3605072498321533,80.85615539550781
2014-07-14,161.56903076171875,1.360377550125122,80.50733947753906
2014-07-15,161.2664794921875,1.3621751070022583,80.34358215332031
2014-07-16,161.8634490966797,1.3572019338607788,80.77073669433594
2014-07-17,160.02365112304688,1.3529969453811646,81.78868865966797
2014-07-18,161.65895080566406,1.3518811464309692,81.5252914428711
2014-07-21,161.35641479492188,1.3532166481018066,81.93101501464844
2014-07-22,162.05963134765625,1.3527040481567383,82.1019058227539
2014-07-23,162.4193878173828,1.3468012809753418,81.9951400756836
2014-07-24,162.42755126953125,1.346293568611145,81.38292694091797
2014-07-25,161.6671142578125,1.3464748859405518,82.34396362304688
2014-07-28,161.73255920410156,1.3428946733474731,82.23006439208984
2014-07-29,161.03753662109375,1.3439054489135742,82.52906036376953
2014-07-30,161.06202697753906,1.3411117792129517,81.38292694091797
2014-07-31,157.88136291503906,1.3396027088165283,81.14085388183594
2014-08-01,157.3989715576172,1.3389928340911865,81.76898956298828
2014-08-04,158.53553771972656,1.3428946733474731,81.55489349365234
2014-08-05,156.99830627441406,1.342209815979004,81.8189468383789
2014-08-06,157.04737854003906,1.337238073348999,81.86892700195312
2014-08-07,156.19708251953125,1.3382940292358398,82.63268280029297
2014-08-08,158.00404357910156,1.3358268737792969,82.45420837402344
2014-08-11,158.4619598388672,1.3405184745788574,82.44705963134766
2014-08-12,158.24118041992188,1.3384909629821777,81.91177368164062
2014-08-13,159.31228637695312,1.3366124629974365,82.44705963134766
2014-08-14,160.0645751953125,1.3367911577224731,83.11087799072266
2014-08-15,160.0318145751953,1.3363981246948242,84.01737976074219
2014-08-18,161.3727569580078,1.339046597480774,83.1822509765625
2014-08-19,162.21499633789062,1.336112380027771,82.92528533935547
2014-08-20,162.64833068847656,1.332196593284607,82.78966522216797
2014-08-21,163.12254333496094,1.3260489702224731,83.25364685058594
2014-08-22,162.86907958984375,1.3279330730438232,83.71756744384766
2014-08-25,163.6949462890625,1.3198705911636353,84.03160858154297
2014-08-26,163.80123901367188,1.3188958168029785,83.7603759765625
2014-08-27,163.7357635498047,1.3170199394226074,84.47413635253906
2014-08-28,163.6458740234375,1.319087266921997,84.91667938232422
2014-08-29,164.11195373535156,1.3184958696365356,84.97383880615234
2014-09-01,164.11195373535156,1.3127838373184204,84.97383880615234
2014-09-02,164.0301513671875,1.3131976127624512,83.50797271728516
2014-09-03,163.94021606445312,1.3131976127624512,83.97296142578125
2014-09-04,163.70309448242188,1.3150973320007324,82.9499740600586
2014-09-05,164.43898010253906,1.2932761907577515,82.79255676269531
2014-09-08,164.0137939453125,1.2953367233276367,82.82830047607422
2014-09-09,162.9753875732422,1.2891082763671875,82.76394653320312
2014-09-10,163.58863830566406,1.2941968441009521,82.24171447753906
2014-09-11,163.7766876220703,1.2917059659957886,81.96985626220703
2014-09-12,162.82005310058594,1.2923569679260254,81.1114273071289
2014-09-15,162.6973876953125,1.2960082292556763,81.23301696777344
2014-09-16,163.92384338378906,1.2939791679382324,80.90394592285156
2014-09-17,164.14459228515625,1.2959076166152954,80.69647979736328
2014-09-18,165.01956176757812,1.285000205039978,80.95397186279297
2014-09-19,164.87091064453125,1.2920063734054565,81.98416137695312
2014-09-22,163.5975341796875,1.2841421365737915,82.0843276977539
2014-09-23,162.6610870361328,1.2851488590240479,82.59223175048828
2014-09-24,163.93434143066406,1.2853965759277344,82.13442993164062
2014-09-25,161.28921508789062,1.2778083086013794,83.10734558105469
2014-09-26,162.5707244873047,1.2757054567337036,82.98570251464844
2014-09-29,162.27496337890625,1.2673146724700928,83.65103912353516
2014-09-30,161.84779357910156,1.269083857536316,83.17887878417969
2014-10-01,159.6544189453125,1.262833595275879,84.79179382324219
2014-10-02,159.67909240722656,1.2624191045761108,84.05311584472656
2014-10-03,161.4370880126953,1.2670577764511108,84.41167449951172
2014-10-06,161.24813842773438,1.2513607740402222,84.46194458007812
2014-10-07,158.75900268554688,1.264606237411499,85.60224914550781
2014-10-08,161.53562927246094,1.266800880432129,85.62371063232422
2014-10-09,158.33187866210938,1.2743074893951416,85.25082397460938
2014-10-10,156.524658203125,1.2689067125320435,86.09709167480469
2014-10-13,153.9534454345703,1.263982892036438,86.62059783935547
2014-10-14,154.19161987304688,1.272394061088562,87.18718719482422
2014-10-15,153.14833068847656,1.2639029026031494,87.87565612792969
2014-10-16,153.0168914794922,1.2821663618087769,87.3162612915039
2014-10-17,154.8241729736328,1.280442476272583,86.82856750488281
2014-10-20,156.32745361328125,1.274957299232483,87.1441879272461
2014-10-21,159.42437744140625,1.2795250415802002,86.44847106933594
2014-10-22,158.29078674316406,1.2714719772338867,86.54171752929688
2014-10-23,160.13082885742188,1.2641425132751465,85.77435302734375
2014-10-24,161.36312866210938,1.2654062509536743,85.86038208007812
2014-10-27,161.141357421875,1.2676681280136108,86.0181884765625
2014-10-28,162.98965454101562,1.270147681236267,85.48030090332031
2014-10-29,162.7432403564453,1.273836612701416,85.6739501953125
2014-10-30,163.78651428222656,1.2632802724838257,85.74565887451172
2014-10-31,165.6594696044922,1.2613362073898315,85.52335357666016
2014-11-03,165.7498016357422,1.2503125667572021,85.52334594726562
2014-11-04,165.17481994628906,1.2495938539505005,85.78936767578125
2014-11-05,166.21810913085938,1.2552564144134521,85.66709899902344
2014-11-06,166.8834991455078,1.2480031251907349,85.11351013183594
2014-11-07,167.03953552246094,1.238006830215454,86.09126281738281
2014-11-10,167.56527709960938,1.246137022972107,85.3004379272461
2014-11-11,167.72958374023438,1.242992639541626,85.35800170898438
2014-11-12,167.54888916015625,1.2475829124450684,85.28606414794922
2014-11-13,167.73780822753906,1.242992639541626,85.48738098144531
2014-11-14,167.77886962890625,1.2475982904434204,85.90435791015625
2014-11-17,167.8856658935547,1.251846432685852,85.68867492675781
2014-11-18,168.85504150390625,1.2448959350585938,85.92597198486328
2014-11-19,168.5839385986328,1.253337025642395,85.3795394897461
2014-11-20,168.87960815429688,1.2540757656097412,85.82527923583984
2014-11-21,169.78326416015625,1.2545005083084106,86.34290313720703
2014-11-24,170.25978088378906,1.2375012636184692,86.41478729248047
2014-11-25,170.13648986816406,1.2433171272277832,87.13368225097656
2014-11-26,170.57192993164062,1.24806547164917,87.37095642089844
2014-11-27,170.57192993164062,1.2505940198898315,87.37095642089844
2014-11-28,170.21046447753906,1.246199131011963,88.06114196777344
2014-12-01,169.02757263183594,1.2438275814056396,87.54739379882812
2014-12-02,170.12013244628906,1.247007131576538,86.69709014892578
2014-12-03,170.77719116210938,1.2388503551483154,87.03575134277344
2014-12-04,170.5883026123047,1.231663703918457,87.76354217529297
2014-12-05,170.86769104003906,1.2386661767959595,87.25193786621094
2014-12-08,169.72579956054688,1.2294074296951294,88.31837463378906
2014-12-09,169.6107635498047,1.2315119504928589,88.77230072021484
2014-12-10,166.89169311523438,1.2394952774047852,89.42082977294922
2014-12-11,167.73780822753906,1.2473959922790527,89.78829193115234
2014-12-12,165.0269317626953,1.2394952774047852,91.00602722167969
2014-12-15,163.89328002929688,1.2463544607162476,90.81866455078125
2014-12-16,162.57896423339844,1.2443537712097168,91.94278717041016
2014-12-17,165.7662811279297,1.2512043714523315,91.11412811279297
2014-12-18,169.8654327392578,1.2338976860046387,89.49283599853516
2014-12-19,170.58822631835938,1.229044795036316,90.6961669921875
2014-12-22,171.37290954589844,1.2225985527038574,90.81866455078125
2014-12-23,171.6042022705078,1.2223743200302124,89.01731872558594
2014-12-24,171.6207275390625,1.217492938041687,89.50184631347656
2014-12-25,171.6207275390625,1.2198543548583984,89.50184631347656
2014-12-26,172.1741180419922,1.2210012674331665,89.83399963378906
2014-12-29,172.40545654296875,1.216944694519043,90.50550842285156
2014-12-30,171.48028564453125,1.215347409248352,90.7509994506836
2014-12-31,169.77865600585938,1.2162047624588013,90.92427062988281
2015-01-01,169.77865600585938,1.2098628282546997,90.92427062988281
2015-01-02,169.6878204345703,1.2089413404464722,91.93525695800781
2015-01-05,166.6233367919922,1.194643259048462,93.37942504882812
2015-01-06,165.053955078125,1.193901538848877,95.06182098388672
2015-01-07,167.11068725585938,1.1875356435775757,94.87410736083984
2015-01-08,170.0760955810547,1.1836000680923462,93.61766052246094
2015-01-09,168.7131805419922,1.1796069145202637,94.64305114746094
2015-01-12,167.3915252685547,1.187070369720459,95.1845932006836
2015-01-13,166.920654296875,1.1831519603729248,95.1845932006836
2015-01-14,165.91297912597656,1.1778285503387451,95.90665435791016
2015-01-15,164.3931121826172,1.1785920858383179,97.41584777832031
2015-01-16,166.54901123046875,1.1637378931045532,96.17387390136719
2015-01-19,166.54901123046875,1.1566041707992554,96.17387390136719
2015-01-20,166.90419006347656,1.1597968339920044,97.45195770263672
2015-01-21,167.74673461914062,1.1546944379806519,96.32549285888672
2015-01-22,170.24127197265625,1.1615345478057861,95.97887420654297
2015-01-23,169.30789184570312,1.1346745491027832,97.3147201538086
2015-01-26,169.70433044433594,1.1125450134277344,97.01869201660156
2015-01-27,167.4658966064453,1.1247708797454834,97.17033386230469
2015-01-28,165.31822204589844,1.1367381811141968,98.75886535644531
2015-01-29,166.8463592529297,1.1281461715698242,98.10901641845703
2015-01-30,164.7482147216797,1.13355553150177,99.84921264648438
2015-02-02,166.7885284423828,1.1309019327163696,99.47220611572266
2015-02-03,169.20046997070312,1.1341726779937744,97.36676788330078
2015-02-04,168.5561981201172,1.145737886428833,97.53323364257812
2015-02-05,170.25779724121094,1.131874680519104,96.46234893798828
2015-02-06,169.78700256347656,1.147196888923645,94.75477600097656
2015-02-09,169.02700805664062,1.1314393281936646,94.60282897949219
2015-02-10,170.82769775390625,1.1326953172683716,93.85038757324219
2015-02-11,170.92686462402344,1.1321951150894165,94.02401733398438
2015-02-12,172.57061767578125,1.131196141242981,93.71287536621094
2015-02-13,173.28097534179688,1.140393853187561,92.7505874633789
2015-02-16,173.28097534179688,1.1400039196014404,92.7505874633789
2015-02-17,173.55357360839844,1.1334012746810913,91.35415649414062
2015-02-18,173.57005310058594,1.1404719352722168,91.89678192138672
2015-02-19,173.44615173339844,1.1400039196014404,91.28900146484375
2015-02-20,174.48704528808594,1.1366735696792603,91.55674743652344
2015-02-23,174.4622039794922,1.1381484270095825,92.6058578491211
2015-02-24,174.95782470703125,1.1332985162734985,93.82139587402344
2015-02-25,174.80909729003906,1.1339025497436523,94.22662353515625
2015-02-26,174.6026153564453,1.1363636255264282,92.9386978149414
2015-02-27,174.00791931152344,1.1205360889434814,93.7200927734375
2015-03-02,175.1065216064453,1.1161960363388062,91.97441101074219
2015-03-03,174.38787841796875,1.1179054975509644,91.64097595214844
2015-03-04,173.6527099609375,1.118217945098877,91.66996765136719
2015-03-05,173.8427276611328,1.1082050800323486,91.55400085449219
2015-03-06,171.397705078125,1.1032048463821411,89.53137969970703
2015-03-09,172.10806274414062,1.0845986604690552,90.3578109741211
2015-03-10,169.31613159179688,1.0833414793014526,91.54667663574219
2015-03-11,168.91964721679688,1.0708701610565186,92.2136459350586
2015-03-12,171.0673065185547,1.0548745393753052,92.1484603881836
2015-03-13,170.01824951171875,1.0626314878463745,91.86567687988281
2015-03-16,172.28976440429688,1.0481630563735962,92.75013732910156
2015-03-17,171.7776641845703,1.0572947263717651,93.51856231689453
2015-03-18,173.8427276611328,1.0598047971725464,95.32374572753906
2015-03-19,173.04969787597656,1.0849988460540771,94.83802795410156
2015-03-20,174.57717895507812,1.066894292831421,95.33820343017578
2015-03-23,174.237060546875,1.0826611518859863,95.22219848632812
2015-03-24,173.2579803466797,1.094499111175537,96.14288330078125
2015-03-25,170.7191162109375,1.0902034044265747,95.3309555053711
2015-03-26,170.31256103515625,1.0960465669631958,93.8448486328125
2015-03-27,170.70252990722656,1.0886367559432983,95.01195526123047
2015-03-30,172.78501892089844,1.0884946584701538,94.54074096679688
2015-03-31,171.2749786376953,1.0830246210098267,94.74378967285156
2015-04-01,170.6692657470703,1.073814034461975,95.98817443847656
2015-04-02,171.28329467773438,1.0769942998886108,94.97118377685547
2015-04-03,171.28329467773438,1.087074637413025,94.97118377685547
2015-04-06,172.4365692138672,1.100134253501892,94.44081115722656
2015-04-07,171.98023986816406,1.0934817790985107,95.2326431274414
2015-04-08,172.56105041503906,1.0824151039123535,95.26174926757812
2015-04-09,173.32435607910156,1.078527569770813,94.02669525146484
2015-04-10,174.27027893066406,1.0669056177139282,94.1647720336914
2015-04-13,173.48204040527344,1.0609854459762573,94.29554748535156
2015-04-14,173.8138885498047,1.0572947263717651,94.9638671875
2015-04-15,174.59384155273438,1.0647132396697998,94.88392639160156
2015-04-16,174.5439910888672,1.0676802396774292,94.4117431640625
2015-04-17,172.5361328125,1.0755579471588135,95.49417114257812
2015-04-20,174.11268615722656,1.0810226202011108,94.65144348144531
2015-04-21,173.90513610839844,1.0747487545013428,94.2228775024414
2015-04-22,174.759765625,1.074171543121338,92.78446960449219
2015-04-23,175.19949340820312,1.0725815296173096,93.18404388427734
2015-04-24,175.6060333251953,1.0815019607543945,93.76525115966797
2015-04-27,174.87591552734375,1.086897373199463,93.76525115966797
2015-04-28,175.43177795410156,1.0877959728240967,92.4720458984375
2015-04-29,174.7099609375,1.096912145614624,91.33879852294922
2015-04-30,172.95928955078125,1.1114321947097778,91.49864959716797
2015-05-01,174.83445739746094,1.1214659214019775,90.26689147949219
2015-05-04,175.33224487304688,1.1185932159423828,89.41519927978516
2015-05-05,173.32435607910156,1.1149141788482666,89.29145050048828
2015-05-06,172.6107940673828,1.1186307668685913,87.76273345947266
2015-05-07,173.2994842529297,1.1341469287872314,88.9420394897461
2015-05-08,175.58114624023438,1.1246949434280396,89.18222045898438
2015-05-11,174.74314880371094,1.1194071769714355,87.012939453125
2015-05-12,174.2203826904297,1.114441990852356,87.23858642578125
2015-05-13,174.25364685058594,1.1221455335617065,86.53978729248047
2015-05-14,176.07064819335938,1.1350480318069458,86.77271270751953
2015-05-15,176.261474609375,1.1404979228973389,88.51255798339844
2015-05-18,176.80909729003906,1.144505262374878,87.02747344970703
2015-05-19,176.7510528564453,1.1326183080673218,86.25582122802734
2015-05-20,176.62655639648438,1.1146656274795532,86.40142059326172
2015-05-21,177.14097595214844,1.1100751161575317,87.60982513427734
2015-05-22,176.7178192138672,1.1111851930618286,87.64629364013672
2015-05-25,176.7178192138672,1.0992997884750366,87.64629364013672
2015-05-26,174.81784057617188,1.0971167087554932,89.1458511352539
2015-05-27,176.47723388671875,1.08888578414917,89.34968566894531
2015-05-28,176.2781219482422,1.0900014638900757,89.13131713867188
2015-05-29,175.18296813964844,1.0960345268249512,89.32784271240234
2015-06-01,175.53970336914062,1.0957943201065063,88.3677978515625
2015-06-02,175.36541748046875,1.0922993421554565,87.13489532470703
2015-06-03,175.8300323486328,1.1150012016296387,85.7341537475586
2015-06-04,174.34486389160156,1.1257838010787964,86.8503646850586
2015-06-05,174.0461883544922,1.120787262916565,85.79254913330078
2015-06-08,172.97589111328125,1.1108149290084839,85.69771575927734
2015-06-09,172.95094299316406,1.128095269203186,85.01927947998047
2015-06-10,175.02525329589844,1.1299052238464355,84.27513885498047
2015-06-11,175.5894317626953,1.131196141242981,86.04792022705078
2015-06-12,174.24526977539062,1.1240627765655518,86.04792022705078
2015-06-15,173.49859619140625,1.1219944953918457,86.18650817871094
2015-06-16,174.4444580078125,1.1277008056640625,86.86497497558594
2015-06-17,174.72657775878906,1.124201774597168,86.19380950927734
2015-06-18,176.5436248779297,1.1369967460632324,85.77061462402344
2015-06-19,175.7598876953125,1.1370742321014404,86.87224578857422
2015-06-22,176.66026306152344,1.1372941732406616,85.0995101928711
2015-06-23,176.7853240966797,1.13490629196167,84.58885192871094
2015-06-24,175.5014190673828,1.1172186136245728,85.318359375
2015-06-25,174.96786499023438,1.1206992864608765,85.01927947998047
2015-06-26,174.9345245361328,1.1202975511550903,84.06359100341797
2015-06-29,171.2660675048828,1.0975021123886108,86.28864288330078
2015-06-30,171.6246337890625,1.122296690940857,85.69044494628906
2015-07-01,173.00018310546875,1.1134989261627197,84.53378295898438
2015-07-02,172.84181213378906,1.103363037109375,84.81156921386719
2015-07-03,172.84181213378906,1.1086965799331665,84.81156921386719
2015-07-06,172.3498992919922,1.0995051860809326,86.38353729248047
2015-07-07,173.43374633789062,1.1048991680145264,87.19510650634766
2015-07-08,170.52403259277344,1.1009942293167114,87.94815826416016
2015-07-09,170.83248901367188,1.1071009635925293,86.21531677246094
2015-07-10,172.98355102539062,1.1063048839569092,84.84815979003906
2015-07-13,174.89279174804688,1.1129041910171509,84.58493041992188
2015-07-14,175.6515350341797,1.099045991897583,84.86278533935547
2015-07-15,175.59312438964844,1.1008002758026123,85.76206970214844
2015-07-16,177.00218200683594,1.0943553447723389,86.3542709350586
2015-07-17,177.15220642089844,1.0886012315750122,86.80029296875
2015-07-20,177.24392700195312,1.0830246210098267,86.43470764160156
2015-07-21,176.5435791015625,1.0835410356521606,86.90265655517578
2015-07-22,176.22679138183594,1.0939961671829224,87.44366455078125
2015-07-23,175.2345733642578,1.0927051305770874,88.53307342529297
2015-07-24,173.41712951660156,1.0989010334014893,88.7524642944336
2015-07-27,172.4082489013672,1.0972371101379395,89.22763061523438
2015-07-28,174.52597045898438,1.109004020690918,88.57694244384766
2015-07-29,175.72654724121094,1.1065986156463623,88.2479248046875
2015-07-30,175.7682647705078,1.098406195640564,88.92793273925781
2015-07-31,175.5014190673828,1.0939244031906128,89.58588409423828
2015-08-03,174.90943908691406,1.0969001054763794,90.5289535522461
2015-08-04,174.56764221191406,1.09560227394104,89.81082916259766
2015-08-05,175.14288330078125,1.0888975858688354,89.13672637939453
2015-08-06,173.70889282226562,1.0903104543685913,89.92804718017578
2015-08-07,173.37539672851562,1.0927051305770874,91.1077651977539
2015-08-10,175.559814453125,1.0965032577514648,89.9793930053711
2015-08-11,173.9757080078125,1.1016976833343506,91.408203125
2015-08-12,174.1841583251953,1.104203701019287,90.90994262695312
2015-08-13,173.9673614501953,1.1160963773727417,90.61687469482422
2015-08-14,174.60101318359375,1.1160963773727417,90.82933807373047
2015-08-17,175.5764923095703,1.1092993021011353,91.23969268798828
2015-08-18,175.0678253173828,1.107800006866455,90.5215835571289
2015-08-19,173.68386840820312,1.1030831336975098,91.41552734375
2015-08-20,170.05714416503906,1.1118029356002808,92.3387451171875
2015-08-21,164.93797302246094,1.1236965656280518,92.61723327636719
2015-08-24,157.99298095703125,1.1376951932907104,92.5878677368164
2015-08-25,156.13375854492188,1.1583056449890137,91.1004867553711
2015-08-26,162.1282958984375,1.1550945043563843,89.34187316894531
2015-08-27,166.13858032226562,1.1340054273605347,89.39317321777344
2015-08-28,166.14688110351562,1.1247961521148682,89.65697479248047
2015-08-31,164.80455017089844,1.1214030981063843,88.96820068359375
2015-09-01,159.8855743408203,1.1225864887237549,89.60932922363281
2015-09-02,162.9203643798828,1.1293437480926514,88.83821105957031
2015-09-03,163.0370635986328,1.121604323387146,89.27149200439453
2015-09-04,160.56924438476562,1.1125946044921875,90.08663940429688
2015-09-07,160.56924438476562,1.115200161933899,90.08663940429688
2015-09-08,164.6044921875,1.1163954734802246,88.7574462890625
2015-09-09,162.40341186523438,1.1207369565963745,89.18339538574219
2015-09-10,163.28713989257812,1.1220699548721313,88.58123016357422
2015-09-11,164.0291748046875,1.1290887594223022,89.13934326171875
2015-09-14,163.42059326171875,1.1344043016433716,89.27881622314453
2015-09-15,165.46324157714844,1.1307612657546997,87.5678939819336
2015-09-16,166.897216796875,1.1271796226501465,87.23738861083984
2015-09-17,166.52210998535156,1.12920343875885,88.30219268798828
2015-09-18,163.80088806152344,1.1400948762893677,89.66068267822266
2015-09-21,164.6473388671875,1.12920343875885,88.19940948486328
2015-09-22,162.51026916503906,1.1190940141677856,89.42570495605469
2015-09-23,162.2504119873047,1.1120749711990356,89.41834259033203
2015-09-24,161.6637725830078,1.1189937591552734,90.02783966064453
2015-09-25,161.6219024658203,1.1178929805755615,89.24944305419922
2015-09-28,157.5656280517578,1.1201720237731934,90.77686309814453
2015-09-29,157.65785217285156,1.123103380203247,91.03387451171875
2015-09-30,160.5994110107422,1.1255937814712524,90.71807861328125
2015-10-01,161.01852416992188,1.11720609664917,91.10515594482422
2015-10-02,163.42373657226562,1.1193444728851318,91.65702819824219
2015-10-05,166.33181762695312,1.1226998567581177,90.4134750366211
2015-10-06,165.76187133789062,1.1195199489593506,90.80347442626953
2015-10-07,167.11965942382812,1.1267986297607422,90.50176239013672
2015-10-08,168.62808227539062,1.1239995956420898,89.74385070800781
2015-10-09,168.72869873046875,1.1286935806274414,89.97930908203125
2015-10-12,168.88795471191406,1.1369967460632324,90.6636734008789
2015-10-13,167.82357788085938,1.135550618171692,90.8181381225586
2015-10-14,167.01907348632812,1.138498306274414,91.61287689208984
2015-10-15,169.58355712890625,1.147552251815796,91.16401672363281
2015-10-16,170.35459899902344,1.1368157863616943,91.19345092773438
2015-10-19,170.43838500976562,1.1361054182052612,90.94322204589844
2015-10-20,170.22044372558594,1.132900595664978,90.3840560913086
2015-10-21,169.16453552246094,1.1353960037231445,91.2817611694336
2015-10-22,172.0222930908203,1.134803295135498,91.4363021850586
2015-10-23,173.90802001953125,1.108094573020935,90.65629577636719
2015-10-26,173.48062133789062,1.1020376682281494,91.25965881347656
2015-10-27,173.1453399658203,1.1065986156463623,91.48783111572266
2015-10-28,175.11477661132812,1.1037039756774902,91.119873046875
2015-10-29,175.0142822265625,1.0928961038589478,89.6702880859375
2015-10-30,174.2599639892578,1.0993843078613281,90.34722900390625
2015-11-02,176.3216552734375,1.102596640586853,89.9320297241211
2015-11-03,176.8328857421875,1.1016006469726562,89.19458770751953
2015-11-04,176.29647827148438,1.0963950157165527,89.29782104492188
2015-11-05,176.12051391601562,1.0868029594421387,89.0618667602539
2015-11-06,176.02833557128906,1.0883997678756714,87.75655364990234
2015-11-09,174.3856658935547,1.0733413696289062,87.26246643066406
2015-11-10,174.78793334960938,1.0759514570236206,87.52058410644531
2015-11-11,174.1007537841797,1.0737563371658325,87.33626556396484
2015-11-12,171.67030334472656,1.0762988328933716,87.75655364990234
2015-11-13,169.74278259277344,1.0815019607543945,88.2580337524414
2015-11-16,172.3240509033203,1.06999933719635,88.17693328857422
2015-11-17,172.19834899902344,1.068798542022705,88.32440948486328
2015-11-18,174.93040466308594,1.0643846988677979,88.5087661743164
2015-11-19,174.7795867919922,1.066996693611145,89.09872436523438
2015-11-20,175.41648864746094,1.0726161003112793,88.82585906982422
2015-11-23,175.21536254882812,1.0641014575958252,89.09872436523438
2015-11-24,175.45004272460938,1.0642033815383911,89.09133911132812
2015-11-25,175.42491149902344,1.0643846988677979,89.29782104492188
2015-11-26,175.42491149902344,1.0624960660934448,89.29782104492188
2015-11-27,175.6260528564453,1.0604453086853027,89.20934295654297
2015-11-30,174.8968963623047,1.0583018064498901,89.5633316040039
2015-12-01,176.564697265625,1.0572947263717651,90.77310180664062
2015-12-02,174.76283264160156,1.0625863075256348,90.80268096923828
2015-12-03,172.3157196044922,1.0613007545471191,88.33434295654297
2015-12-04,175.6763153076172,1.0915957689285278,89.11029052734375
2015-12-07,174.6119842529297,1.0883997678756714,89.97494506835938
2015-12-08,173.4386749267578,1.0834001302719116,90.01927947998047
2015-12-09,172.08935546875,1.0893957614898682,89.9232177734375
2015-12-10,172.53355407714844,1.1017948389053345,90.04147338867188
2015-12-11,169.1896514892578,1.0948106050491333,91.46036529541016
2015-12-14,170.04444885253906,1.0983941555023193,90.27796936035156
2015-12-15,171.82958984375,1.0992997884750366,89.74586486816406
2015-12-16,174.3437957763672,1.0936251878738403,89.55364990234375
2015-12-17,171.6871795654297,1.087453007698059,90.56615447998047
2015-12-18,168.62841796875,1.0844104290008545,91.06864929199219
2015-12-21,170.01956176757812,1.0869920253753662,91.04651641845703
2015-12-22,171.56236267089844,1.09129798412323,90.38878631591797
2015-12-23,173.6868438720703,1.0950024127960205,89.70892333984375
2015-12-24,173.40020751953125,1.0909169912338257,90.2228775024414
2015-12-25,173.40020751953125,1.0969964265823364,90.2228775024414
2015-12-28,173.0039825439453,1.0965994596481323,90.48944854736328
2015-12-29,174.85028076171875,1.0975261926651,88.98616027832031
2015-12-30,173.61097717285156,1.0928006172180176,88.89722442626953
2015-12-31,171.87425231933594,1.093398094177246,89.29714965820312
2016-01-01,171.87425231933594,1.0859060287475586,89.29714965820312
2016-01-04,169.47157287597656,1.0853991508483887,89.94147491455078
2016-01-05,169.75816345214844,1.0827549695968628,89.57858276367188
2016-01-06,167.6168212890625,1.0751993656158447,90.78568267822266
2016-01-07,163.59547424316406,1.0778998136520386,90.9486312866211
2016-01-08,161.7997283935547,1.0925976037979126,91.35594940185547
2016-01-11,161.9598846435547,1.0941038131713867,90.35614013671875
2016-01-12,163.26666259765625,1.0857999324798584,91.6595458984375
2016-01-13,159.1946563720703,1.0843987464904785,92.56306457519531
2016-01-14,161.80813598632812,1.0886012315750122,91.69652557373047
2016-01-15,158.3347930908203,1.085894227027893,93.12589263916016
2016-01-18,158.3347930908203,1.0920010805130005,93.12589263916016
2016-01-19,158.54551696777344,1.0895025730133057,92.83708190917969
2016-01-20,156.5137481689453,1.09129798412323,93.81456756591797
2016-01-21,157.39056396484375,1.0877013206481934,93.17767333984375
2016-01-22,160.61949157714844,1.0862009525299072,92.82223510742188
2016-01-25,158.1914520263672,1.079901933670044,93.32583618164062
2016-01-26,160.3496551513672,1.0853049755096436,93.37023162841797
2016-01-27,158.60452270507812,1.0864958763122559,93.34806060791016
2016-01-28,159.4307098388672,1.090798020362854,93.48135375976562
2016-01-29,163.3172607421875,1.0936970710754395,94.27369689941406
2016-02-01,163.25820922851562,1.0825908184051514,93.98512268066406
2016-02-02,160.31593322753906,1.0897282361984253,95.7287368774414
2016-02-03,161.27703857421875,1.0922038555145264,94.9348373413086
2016-02-04,161.5299530029297,1.1091023683547974,95.39485931396484
2016-02-05,158.45277404785156,1.119996428489685,95.50615692138672
2016-02-08,156.3199005126953,1.114504098892212,97.56143188476562
2016-02-09,156.32827758789062,1.1189812421798706,97.66532135009766
2016-02-10,156.19342041015625,1.1289994716644287,98.52595520019531
2016-02-11,154.16165161132812,1.128095269203186,99.21599578857422
2016-02-12,157.33993530273438,1.1317979097366333,97.56886291503906
2016-02-15,157.33993530273438,1.1225990056991577,97.56886291503906
2016-02-16,159.99560546875,1.1174057722091675,96.5374755859375
2016-02-17,162.6090545654297,1.1147029399871826,95.94390869140625
2016-02-18,161.94302368164062,1.112297534942627,97.12364196777344
2016-02-19,161.86715698242188,1.1110987663269043,97.20526885986328
2016-02-22,164.2108612060547,1.1123965978622437,97.15331268310547
2016-02-23,162.136962890625,1.102803349494934,97.54656982421875
2016-02-24,162.87879943847656,1.1027060747146606,97.35368347167969
2016-02-25,164.85154724121094,1.1013944149017334,97.70234680175781
2016-02-26,164.47219848632812,1.1024993658065796,96.76010131835938
2016-02-29,163.18234252929688,1.0923947095870972,97.18302917480469
2016-03-01,167.0182647705078,1.0888975858688354,95.47171020507812
2016-03-02,167.7685546875,1.0875948667526245,95.86576080322266
2016-03-03,168.4261932373047,1.086897373199463,96.21514892578125
2016-03-04,168.97413635253906,1.094894528388977,95.59811401367188
2016-03-07,169.1090545654297,1.0993964672088623,95.56840515136719
2016-03-08,167.26272583007812,1.1016006469726562,96.62397003173828
2016-03-09,168.08892822265625,1.1004005670547485,96.03672790527344
2016-03-10,168.2238006591797,1.0989010334014893,95.64273071289062
2016-03-11,170.9384765625,1.1178430318832397,94.67637634277344
2016-03-14,170.71923828125,1.1167943477630615,94.97370910644531
2016-03-15,170.4411163330078,1.1101982593536377,95.06289672851562
2016-03-16,171.42742919921875,1.1109012365341187,95.34532928466797
2016-03-17,172.5150146484375,1.1218937635421753,95.73933410644531
2016-03-18,173.1929473876953,1.1317979097366333,95.94007110595703
2016-03-21,173.4386444091797,1.1279042959213257,95.20418548583984
2016-03-22,173.345458984375,1.1235954761505127,95.18183135986328
2016-03-23,172.201416015625,1.122296690940857,96.25977325439453
2016-03-24,172.1251983642578,1.118105411529541,96.29689025878906
2016-03-25,172.1251983642578,1.1167943477630615,96.29689025878906
2016-03-28,172.22683715820312,1.1159967184066772,96.42328643798828
2016-03-29,173.81996154785156,1.1202723979949951,97.43424224853516
2016-03-30,174.58261108398438,1.12920343875885,96.40840148925781
2016-03-31,174.1589813232422,1.1334655284881592,97.09233093261719
2016-04-01,175.34532165527344,1.1379671096801758,97.34559631347656
2016-04-04,174.7775115966797,1.1390039920806885,97.40514373779297
2016-04-05,173.03187561035156,1.1389002799987793,98.47039794921875
2016-04-06,174.9215850830078,1.138200283050537,97.75530242919922
2016-04-07,172.8285369873047,1.1404979228973389,98.9620590209961
2016-04-08,173.29457092285156,1.1373976469039917,98.3362808227539
2016-04-11,172.8878173828125,1.1403028964996338,98.20966339111328
2016-04-12,174.49790954589844,1.141291856765747,97.53179168701172
2016-04-13,176.26052856445312,1.138498306274414,97.87445068359375
2016-04-14,176.2689971923828,1.1279042959213257,97.40514373779297
2016-04-15,176.07408142089844,1.1270017623901367,98.23941802978516
2016-04-18,177.31129455566406,1.1299946308135986,97.8148422241211
2016-04-19,177.87062072753906,1.1309019327163696,97.50946044921875
2016-04-20,178.04005432128906,1.1359634399414062,96.43682861328125
2016-04-21,177.08248901367188,1.1305055618286133,95.86317443847656
2016-04-22,177.08248901367188,1.12920343875885,95.6174087524414
2016-04-25,176.77743530273438,1.123406171798706,95.22256469726562
2016-04-26,177.04013061523438,1.1269001960754395,94.7905044555664
2016-04-27,177.40452575683594,1.1299052238464355,95.73654174804688
2016-04-28,175.79444885253906,1.132900595664978,96.13139343261719
2016-04-29,174.84532165527344,1.135589361190796,96.37720489501953
2016-05-02,176.2350616455078,1.146302580833435,95.40682220458984
2016-05-03,174.70127868652344,1.1524986028671265,96.6085433959961
2016-05-04,173.7267608642578,1.1504037380218506,97.13851165771484
2016-05-05,173.69284057617188,1.1493064165115356,97.78792572021484
2016-05-06,174.32843017578125,1.1406019926071167,97.36993408203125
2016-05-09,174.47247314453125,1.1387965679168701,97.67597198486328
2016-05-10,176.641845703125,1.1387965679168701,97.68336486816406
2016-05-11,174.9893798828125,1.1374363899230957,98.23580932617188
2016-05-12,175.04022216796875,1.142700433731079,97.78792572021484
2016-05-13,173.51492309570312,1.1376951932907104,98.73585510253906
2016-05-16,175.2266845703125,1.1316953897476196,97.88494873046875
2016-05-17,173.59120178222656,1.1316057443618774,98.04915618896484
2016-05-18,173.64205932617188,1.1316057443618774,96.65338897705078
2016-05-19,173.04034423828125,1.122296690940857,97.07136535644531
2016-05-20,174.133544921875,1.1205987930297852,97.14599609375
2016-05-23,173.89627075195312,1.1221708059310913,97.36247253417969
2016-05-24,176.1503448486328,1.121604323387146,96.92957305908203
2016-05-25,177.3452606201172,1.113796591758728,96.56377410888672
2016-05-26,177.39605712890625,1.1158970594406128,97.06391906738281
2016-05-27,178.15875244140625,1.1192066669464111,96.92205047607422
2016-05-30,178.15875244140625,1.1110000610351562,96.92205047607422
2016-05-31,177.8197479248047,1.1148396730422974,97.15345764160156
2016-06-01,178.1841583251953,1.113598108291626,97.54763793945312
2016-06-02,178.7265167236328,1.1189061403274536,98.25071716308594
2016-06-03,178.19261169433594,1.115200161933899,99.64934539794922
2016-06-06,179.09934997558594,1.1350995302200317,98.90895080566406
2016-06-07,179.37901306152344,1.1364023685455322,99.14826202392578
2016-06-08,179.96368408203125,1.1357828378677368,99.6792984008789
2016-06-09,179.71791076660156,1.140706181526184,100.32251739501953
2016-06-10,178.0146484375,1.1315033435821533,100.8086929321289
2016-06-13,176.641845703125,1.1239995956420898,101.25743103027344
2016-06-14,176.2943878173828,1.1291015148162842,101.18260955810547
2016-06-15,176.0486602783203,1.1213024854660034,101.57157135009766
2016-06-16,176.57403564453125,1.1262656450271606,102.06522369384766
2016-06-17,175.9164276123047,1.1252011060714722,101.42945861816406
2016-06-20,177.0493927001953,1.13490629196167,100.34503173828125
2016-06-21,177.55194091796875,1.1322976350784302,99.88126373291016
2016-06-22,177.26235961914062,1.1250618696212769,100.04576110839844
2016-06-23,179.57073974609375,1.1328235864639282,98.90140533447266
2016-06-24,173.12249755859375,1.1324002742767334,101.55660247802734
2016-06-27,170.0218963623047,1.103594422340393,104.09219360351562
2016-06-28,173.08843994140625,1.1015034914016724,104.30909729003906
2016-06-29,176.03575134277344,1.1073951721191406,103.5087890625
2016-06-30,178.43785095214844,1.1128050088882446,103.8902587890625
2016-07-01,178.81260681152344,1.1106051206588745,105.33263397216797
2016-07-04,178.81260681152344,1.1131023168563843,105.33263397216797
2016-07-05,177.52639770507812,1.1146035194396973,106.6515121459961
2016-07-06,178.59112548828125,1.1065007448196411,106.82386016845703
2016-07-07,178.48046875,1.1099025011062622,106.81632232666016
2016-07-08,181.13807678222656,1.1065741777420044,107.60319519042969
2016-07-11,181.77694702148438,1.1043988466262817,106.65897369384766
2016-07-12,183.09725952148438,1.1058032512664795,104.90556335449219
2016-07-13,183.0716552734375,1.1062926054000854,106.14199829101562
2016-07-14,184.09388732910156,1.1094961166381836,104.59834289550781
2016-07-15,183.84681701660156,1.1106051206588745,103.69915771484375
2016-07-18,184.3408660888672,1.1053143739700317,103.60171508789062
2016-07-19,184.1535186767578,1.1071866750717163,104.18621826171875
2016-07-20,184.9201202392578,1.1013579368591309,103.61669158935547
2016-07-21,184.22166442871094,1.1019526720046997,103.82656860351562
2016-07-22,185.0478973388672,1.1032899618148804,104.0063705444336
2016-07-25,184.54530334472656,1.097044587135315,103.93141174316406
2016-07-26,184.63050842285156,1.0991184711456299,104.09627532958984
2016-07-27,184.43463134765625,1.0987803936004639,105.39263916015625
2016-07-28,184.64756774902344,1.1073460578918457,105.19780731201172
2016-07-29,184.9456787109375,1.108438491821289,106.07451629638672
2016-08-01,184.7923583984375,1.1168068647384644,104.92445373535156
2016-08-02,183.6083984375,1.1168068647384644,103.84343719482422
2016-08-03,184.14495849609375,1.1219062805175781,103.90354919433594
2016-08-04,184.3408660888672,1.1151504516601562,104.68419647216797
2016-08-05,185.84860229492188,1.1134741306304932,103.5957260131836
2016-08-08,185.7378692626953,1.1089547872543335,103.79086303710938
2016-08-09,185.84860229492188,1.1083648204803467,104.81182861328125
2016-08-10,185.3886260986328,1.111580491065979,105.21727752685547
2016-08-11,186.2489471435547,1.1186434030532837,104.27883911132812
2016-08-12,186.08717346191406,1.113908290863037,105.1572036743164
2016-08-15,186.62380981445312,1.1166945695877075,104.16622924804688
2016-08-16,185.6612091064453,1.1184055805206299,103.88851165771484
2016-08-17,186.01043701171875,1.1275991201400757,104.51154327392578
2016-08-18,186.42782592773438,1.1298924684524536,104.67671966552734
2016-08-19,186.15528869628906,1.1349449157714844,104.12871551513672
2016-08-22,186.14675903320312,1.1298158168792725,105.00704193115234
2016-08-23,186.52154541015625,1.1319260597229004,105.11964416503906
2016-08-24,185.56753540039062,1.1300839185714722,104.87189483642578
2016-08-25,185.439697265625,1.1263798475265503,104.47403717041016
2016-08-26,185.09051513671875,1.1290504932403564,103.86595916748047
2016-08-29,186.0018768310547,1.1199462413787842,105.25475311279297
2016-08-30,185.69528198242188,1.1192818880081177,104.84944152832031
2016-08-31,185.1671600341797,1.1153244972229004,104.99949645996094
2016-09-01,185.17564392089844,1.116071343421936,105.11534881591797
2016-09-02,186.01043701171875,1.1200717687606812,104.25798797607422
2016-09-05,186.01043701171875,1.1161960363388062,104.25798797607422
2016-09-06,186.5726776123047,1.1153244972229004,105.01760864257812
2016-09-07,186.55560302734375,1.1253657341003418,104.94239807128906
2016-09-08,186.12973022460938,1.1241008043289185,103.62623596191406
2016-09-09,181.67474365234375,1.1271415948867798,101.91911315917969
2016-09-12,184.28125,1.1241133213043213,101.97171020507812
2016-09-13,181.63214111328125,1.1243535280227661,100.81351470947266
2016-09-14,181.56398010253906,1.12186861038208,100.9639663696289
2016-09-15,183.37831115722656,1.1247328519821167,100.5278091430664
2016-09-16,182.6694793701172,1.124593734741211,101.3399658203125
2016-09-19,182.7036895751953,1.1158473491668701,101.00908660888672
2016-09-20,182.71231079101562,1.118067979812622,101.36255645751953
2016-09-21,184.7669677734375,1.1153992414474487,102.18229675292969
2016-09-22,185.93133544921875,1.1193194389343262,102.99452209472656
2016-09-23,184.91250610351562,1.1210134029388428,102.89679718017578
2016-09-26,183.41432189941406,1.123923897743225,103.55107879638672
2016-09-27,184.55291748046875,1.124985933303833,104.31066131591797
2016-09-28,185.46897888183594,1.121956706047058,104.08500671386719
2016-09-29,183.7909698486328,1.1224982738494873,104.34822845458984
2016-09-30,185.17787170410156,1.121956706047058,103.41567993164062
2016-10-03,184.7327423095703,1.1234692335128784,103.07437896728516
2016-10-04,183.7909698486328,1.121038556098938,101.86894989013672
2016-10-05,184.60430908203125,1.121076226234436,101.39424896240234
2016-10-06,184.7327423095703,1.120824933052063,100.82920837402344
2016-10-07,184.09915161132812,1.1144545078277588,100.89701843261719
2016-10-10,185.05804443359375,1.1196954250335693,100.3018798828125
2016-10-11,182.72084045410156,1.1140819787979126,100.07581329345703
2016-10-12,182.96058654785156,1.1061947345733643,100.17375946044922
2016-10-13,182.3612823486328,1.1011881828308105,100.55043029785156
2016-10-14,182.4553985595703,1.1049723625183105,99.1416015625
2016-10-17,181.82196044921875,1.0967799425125122,99.7744369506836
2016-10-18,182.96058654785156,1.1015641689300537,100.0984115600586
2016-10-19,183.44854736328125,1.0976948738098145,100.18131256103516
2016-10-20,183.10610961914062,1.0975141525268555,100.28678131103516
2016-10-21,183.19171142578125,1.0930395126342773,100.43745422363281
2016-10-24,183.97076416015625,1.0882576704025269,100.00045013427734
2016-10-25,183.3543243408203,1.0875475406646729,100.26415252685547
2016-10-26,182.98623657226562,1.0887316465377808,99.58607482910156
2016-10-27,182.49827575683594,1.091202735900879,98.5011978149414
2016-10-28,181.9589080810547,1.0900371074676514,98.28271484375
2016-10-31,181.9674835205078,1.0984665155410767,98.8853988647461
2016-11-01,180.64906311035156,1.0973334312438965,98.89299774169922
2016-11-02,179.56175231933594,1.1057054996490479,99.3232192993164
2016-11-03,178.73989868164062,1.1097548007965088,98.56085205078125
2016-11-04,178.54299926757812,1.1102476119995117,99.44403076171875
2016-11-07,182.48117065429688,1.1101243495941162,98.59861755371094
2016-11-08,183.30299377441406,1.1052166223526,98.19854736328125
2016-11-09,185.2463836669922,1.1019041538238525,94.03177642822266
2016-11-10,185.70875549316406,1.0920606851577759,92.64277648925781
2016-11-11,185.28065490722656,1.0889687538146973,92.1219482421875
2016-11-14,185.42617797851562,1.0824854373931885,91.57091522216797
2016-11-15,186.87303161621094,1.0750375986099243,92.02386474609375
2016-11-16,186.5220184326172,1.0727311372756958,92.85418701171875
2016-11-17,187.48086547851562,1.0706638097763062,91.48789978027344
2016-11-18,187.06138610839844,1.062304139137268,91.22371673583984
2016-11-21,188.47393798828125,1.0584250688552856,91.45016479492188
2016-11-22,188.8420867919922,1.0638864040374756,91.41993713378906
2016-11-23,188.94482421875,1.0633772611618042,91.0652084350586
2016-11-24,188.94482421875,1.0545185804367065,91.0652084350586
2016-11-25,189.64682006835938,1.0561892986297607,91.2010726928711
2016-11-28,188.7564697265625,1.0612331628799438,91.87287902832031
2016-11-29,189.12464904785156,1.062134861946106,92.25784301757812
2016-11-30,188.67088317871094,1.0648492574691772,90.76322937011719
2016-12-01,187.9773712158203,1.0592098236083984,89.80490112304688
2016-12-02,188.07154846191406,1.0663141012191772,90.46296691894531
2016-12-05,189.20162963867188,1.0582010746002197,90.36463928222656
2016-12-06,189.8009033203125,1.0757315158843994,90.29656219482422
2016-12-07,192.28363037109375,1.0720411539077759,91.06804656982422
2016-12-08,192.75450134277344,1.0761945247650146,89.99400329589844
2016-12-09,193.91891479492188,1.062134861946106,88.8746109008789
2016-12-12,193.69630432128906,1.0547411441802979,89.04097747802734
2016-12-13,194.98898315429688,1.0641694068908691,89.35861206054688
2016-12-14,193.37950134277344,1.062925100326538,88.3602294921875
2016-12-15,194.1756591796875,1.051414132118225,88.80648040771484
2016-12-16,193.7958984375,1.0418837070465088,88.60227966308594
2016-12-19,194.2178497314453,1.0449975728988647,89.55529022216797
2016-12-20,194.96710205078125,1.0405826568603516,89.10907745361328
2016-12-21,194.42457580566406,1.039047360420227,89.50232696533203
2016-12-22,194.08871459960938,1.0428615808486938,89.34236907958984
2016-12-23,194.37286376953125,1.0437650680541992,89.52433776855469
2016-12-26,194.37286376953125,1.045478343963623,89.52433776855469
2016-12-27,194.85516357421875,1.0456969738006592,89.23616790771484
2016-12-28,193.2447967529297,1.046233057975769,89.88835144042969
2016-12-29,193.20175170898438,1.0416991710662842,90.20686340332031
2016-12-30,192.4955596923828,1.0575296878814697,90.34335327148438
2017-01-02,192.4955596923828,1.052698016166687,90.34335327148438
2017-01-03,193.96815490722656,1.0460032224655151,90.73013305664062
2017-01-04,195.12210083007812,1.0419923067092896,91.07901000976562
2017-01-05,194.96710205078125,1.0500892400741577,92.5047378540039
2017-01-06,195.66464233398438,1.0605915784835815,91.65534973144531
2017-01-09,195.0187530517578,1.0531858205795288,92.39094543457031
2017-01-10,195.0187530517578,1.0588620901107788,92.33026123046875
2017-01-11,195.5699005126953,1.0552419424057007,92.64120483398438
2017-01-12,195.0790557861328,1.0597710609436035,92.43644714355469
2017-01-13,195.52685546875,1.0616837739944458,91.99658966064453
2017-01-16,195.52685546875,1.0628687143325806,91.99658966064453
2017-01-17,194.8379669189453,1.0602991580963135,92.95970153808594
2017-01-18,195.2685089111328,1.0696789026260376,91.76908874511719
2017-01-19,194.54507446289062,1.062778353691101,91.13964080810547
2017-01-20,195.25991821289062,1.0659730434417725,90.95762634277344
2017-01-23,194.7517852783203,1.0713750123977661,91.86768341064453
2017-01-24,196.00047302246094,1.0760787725448608,91.23822784423828
2017-01-25,197.69699096679688,1.0728693008422852,90.09310913085938
2017-01-26,197.4903106689453,1.0751993656158447,90.39640808105469
2017-01-27,197.1802978515625,1.068296194076538,90.72257232666016
2017-01-30,195.9573974609375,1.0713980197906494,90.44953918457031
2017-01-31,195.94024658203125,1.0708587169647217,91.07901000976562
2017-02-01,196.0177001953125,1.0803803205490112,90.51585388183594
2017-02-02,196.14688110351562,1.0767391920089722,90.47782135009766
2017-02-03,197.49891662597656,1.0761713981628418,90.43984985351562
2017-02-06,197.14585876464844,1.0782949924468994,90.98699951171875
2017-02-07,197.1544952392578,1.0743216276168823,91.65581512451172
2017-02-08,197.41278076171875,1.0678056478500366,92.9021987915039
2017-02-09,198.58399963378906,1.0692213773727417,91.83061218261719
2017-02-10,199.3676300048828,1.0658594369888306,91.77742004394531
2017-02-13,200.45272827148438,1.061954379081726,91.4886474609375
2017-02-14,201.25352478027344,1.059849739074707,90.8274154663086
2017-02-15,202.30422973632812,1.0578316450119019,90.40940856933594
2017-02-16,202.13198852539062,1.0607378482818604,90.9034423828125
2017-02-17,202.4506072998047,1.0672245025634766,91.4429702758789
2017-02-20,202.4506072998047,1.062665343284607,91.4429702758789
2017-02-21,203.65621948242188,1.0609403848648071,91.28338623046875
2017-02-22,203.47540283203125,1.0542073249816895,91.4354248046875
2017-02-23,203.61314392089844,1.0554089546203613,91.70905303955078
2017-02-24,203.87149047851562,1.0584474802017212,92.72742462158203
2017-02-27,204.19015502929688,1.055275321006775,92.1802749633789
2017-02-28,203.6389923095703,1.0584250688552856,92.52223205566406
2017-03-01,206.4894256591797,1.0569148063659668,90.97189331054688
2017-03-02,205.1890869140625,1.0535852909088135,90.64444732666016
2017-03-03,205.31826782226562,1.0509721040725708,90.88050842285156
2017-03-06,204.7068328857422,1.062044620513916,90.44645690917969
2017-03-07,204.09536743164062,1.0579211711883545,90.17232513427734
2017-03-08,203.71649169921875,1.0570154190063477,89.68500518798828
2017-03-09,203.97483825683594,1.0547411441802979,88.96925354003906
2017-03-10,204.68959045410156,1.0578428506851196,89.28146362304688
2017-03-13,204.79293823242188,1.0690041780471802,88.71798706054688
2017-03-14,204.0093231201172,1.0651443004608154,89.14434051513672
2017-03-15,205.77471923828125,1.0612443685531616,90.2332992553711
2017-03-16,205.3699188232422,1.0737909078598022,89.77638244628906
2017-03-17,205.00924682617188,1.077470064163208,90.3398666381836
2017-03-20,204.78439331054688,1.0742985010147095,90.72819519042969
2017-03-21,202.15504455566406,1.073767900466919,91.4820785522461
2017-03-22,202.63076782226562,1.081244707107544,91.84756469726562
2017-03-23,202.41452026367188,1.0790164470672607,91.71809387207031
2017-03-24,202.26751708984375,1.0783880949020386,92.04554748535156
2017-03-27,202.05990600585938,1.0849517583847046,92.4643325805664
2017-03-28,203.5302734375,1.0860947370529175,91.84756469726562
2017-03-29,203.7205810546875,1.0817711353302002,92.39584350585938
2017-03-30,204.36923217773438,1.0759629011154175,91.64959716796875
2017-03-31,203.8935546875,1.0687072277069092,91.91609191894531
2017-04-03,203.53892517089844,1.0668829679489136,92.8432388305664
2017-04-04,203.66867065429688,1.067008137702942,92.33961486816406
2017-04-05,203.06320190429688,1.0680338144302368,92.62191009521484
2017-04-06,203.634033203125,1.0672472715377808,92.48457336425781
2017-04-07,203.4264678955078,1.0644639730453491,92.1106948852539
2017-04-10,203.5475616455078,1.0582010746002197,92.53799438476562
2017-04-11,203.30540466308594,1.0597598552703857,93.41555786132812
2017-04-12,202.41452026367188,1.0611318349838257,93.92683410644531
2017-04-13,201.09986877441406,1.0670650005340576,94.21674346923828
2017-04-14,201.09986877441406,1.0616387128829956,94.21674346923828
2017-04-17,202.88160705566406,1.0610530376434326,93.92683410644531
2017-04-18,202.276123046875,1.0644525289535522,95.15531921386719
2017-04-19,201.9042510986328,1.0728693008422852,94.6364517211914
2017-04-20,203.5475616455078,1.0715012550354004,94.27017974853516
2017-04-21,202.8988800048828,1.0714898109436035,94.27017974853516
2017-04-24,205.13034057617188,1.087393879890442,93.80474090576172
2017-04-25,206.32386779785156,1.0864840745925903,92.67536163330078
2017-04-26,206.1941680908203,1.0928245782852173,93.18663024902344
2017-04-27,206.3671875,1.090893268585205,93.15608978271484
2017-04-28,205.9174346923828,1.0864251852035522,93.36216735839844
2017-05-01,206.4363250732422,1.0907504558563232,92.58599090576172
2017-05-02,206.5142059326172,1.090893268585205,93.06004333496094
2017-05-03,206.26336669921875,1.0935654640197754,93.12122344970703
2017-05-04,206.50552368164062,1.0888975858688354,92.66242218017578
2017-05-05,207.3185577392578,1.098152995109558,92.74659729003906
2017-05-08,207.2839813232422,1.0965152978897095,92.24188995361328
2017-05-09,207.09368896484375,1.0927767753601074,92.23423767089844
2017-05-10,207.465576171875,1.0886842012405396,92.12718963623047
2017-05-11,207.0417938232422,1.087074637413025,92.12718963623047
2017-05-12,206.6958465576172,1.0864958763122559,92.8230209350586
2017-05-15,207.8375244140625,1.0927289724349976,92.57069396972656
2017-05-16,207.64723205566406,1.0981770753860474,92.91477966308594
2017-05-17,203.96273803710938,1.1093976497650146,94.26826477050781
2017-05-18,204.78439331054688,1.115635633468628,94.37532043457031
2017-05-19,206.1162872314453,1.1113580465316772,94.5970687866211
2017-05-22,207.1628875732422,1.120485782623291,94.3370590209961
2017-05-23,207.62130737304688,1.123885989189148,93.702392578125
2017-05-24,208.10565185546875,1.11793053150177,94.23003387451172
2017-05-25,209.10028076171875,1.1230907440185547,94.26063537597656
2017-05-26,209.0570526123047,1.121076226234436,94.42121124267578
2017-05-29,209.0570526123047,1.1176055669784546,94.42121124267578
2017-05-30,208.87539672851562,1.1129041910171509,94.88765716552734
2017-05-31,208.82351684570312,1.117168664932251,95.12467956542969
2017-06-01,210.4841766357422,1.1243535280227661,95.1346664428711
2017-06-02,211.18470764160156,1.1215791702270508,96.26107788085938
2017-06-05,211.02903747558594,1.128082513809204,95.66338348388672
2017-06-06,210.35440063476562,1.1256824731826782,96.1844711303711
2017-06-07,210.7435760498047,1.1271415948867798,95.72470092773438
2017-06-08,210.84739685058594,1.125517725944519,95.47180938720703
2017-06-09,210.52735900878906,1.1184805631637573,95.32620239257812
2017-06-12,210.4841766357422,1.1201971769332886,95.29557800292969
2017-06-13,211.51341247558594,1.1196202039718628,95.31086730957031
2017-06-14,211.2452850341797,1.1208877563476562,96.78221130371094
2017-06-15,210.83877563476562,1.1215791702270508,96.62889862060547
2017-06-16,210.88479614257812,1.1146905422210693,96.82048034667969
2017-06-19,212.6404571533203,1.120824933052063,96.68255615234375
2017-06-20,211.2063751220703,1.1144545078277588,97.54842376708984
2017-06-21,211.1542205810547,1.1136974096298218,97.74769592285156
2017-06-22,211.05860900878906,1.1167196035385132,97.96222686767578
2017-06-23,211.31069946289062,1.1149640083312988,97.9162826538086
2017-06-26,211.4497528076172,1.1198835372924805,98.28409576416016
2017-06-27,209.7462615966797,1.118355631828308,97.2342529296875
2017-06-28,211.6235809326172,1.1339154243469238,96.9124526977539
2017-06-29,209.76364135742188,1.1382650136947632,96.10018157958984
2017-06-30,210.1547393798828,1.144164800643921,95.87794494628906
2017-07-03,210.5110626220703,1.1423088312149048,95.56924438476562
2017-07-04,210.5110626220703,1.1371389627456665,95.56924438476562
2017-07-05,210.997802734375,1.1360150575637817,95.59230041503906
2017-07-06,209.06834411621094,1.1346874237060547,94.80142974853516
2017-07-07,210.4241943359375,1.1424784660339355,94.23312377929688
2017-07-10,210.650146484375,1.140380859375,94.37136840820312
2017-07-11,210.49368286132812,1.140380859375,94.53264617919922
2017-07-12,212.07546997070312,1.1473942995071411,95.185302734375
2017-07-13,212.431884765625,1.1418914794921875,94.58638763427734
2017-07-14,213.4226837158203,1.140393853187561,94.70156860351562
2017-07-17,213.3965606689453,1.1475391387939453,94.9626235961914
2017-07-18,213.5095672607422,1.1474337577819824,95.79193115234375
2017-07-19,214.66552734375,1.1549744606018066,95.83036804199219
2017-07-20,214.76113891601562,1.1528440713882446,96.10678100585938
2017-07-21,214.56988525390625,1.1628718376159668,96.5137939453125
2017-07-24,214.51779174804688,1.1681697368621826,96.13749694824219
2017-07-25,215.03921508789062,1.1638869047164917,94.88587951660156
2017-07-26,215.04791259765625,1.1644561290740967,95.03942108154297
2017-07-27,214.8480224609375,1.1728004217147827,94.57102966308594
2017-07-28,214.59600830078125,1.1688660383224487,95.131591796875
2017-07-31,214.47433471679688,1.1747292280197144,95.24675750732422
2017-08-01,214.9523162841797,1.182410478591919,95.91549682617188
2017-08-02,215.056640625,1.1811256408691406,95.96939086914062
2017-08-03,214.63946533203125,1.1851149797439575,96.9620361328125
2017-08-04,215.03054809570312,1.1884952783584595,96.13864135742188
2017-08-07,215.4303436279297,1.1778424978256226,96.24639892578125
2017-08-08,214.90017700195312,1.1800941228866577,95.90010070800781
2017-08-09,214.89149475097656,1.1754610538482666,96.42337036132812
2017-08-10,211.85821533203125,1.1761523485183716,97.24678039550781
2017-08-11,212.17111206054688,1.177024483680725,97.29291534423828
2017-08-14,214.27442932128906,1.182550311088562,96.79277801513672
2017-08-15,214.24835205078125,1.1775789260864258,96.38488006591797
2017-08-16,214.62205505371094,1.1741223335266113,96.7388687133789
2017-08-17,211.27590942382812,1.1774264574050903,97.46227264404297
2017-08-18,210.94564819335938,1.1715501546859741,97.43919372558594
2017-08-21,211.1107635498047,1.1756268739700317,97.6777114868164
2017-08-22,213.318359375,1.1811953783035278,97.30065155029297
2017-08-23,212.5535125732422,1.176221489906311,97.96247863769531
2017-08-24,212.0581512451172,1.1816558837890625,97.60074615478516
2017-08-25,212.5535125732422,1.1802195310592651,97.97782897949219
2017-08-28,212.56222534179688,1.1951857805252075,97.9162826538086
2017-08-29,212.80564880371094,1.1963869333267212,98.23181915283203
2017-08-30,213.81375122070312,1.1970456838607788,98.20101928710938
2017-08-31,215.1001434326172,1.1893434524536133,98.4934310913086
2017-09-01,215.40420532226562,1.1910432577133179,97.74008178710938
2017-09-04,215.40420532226562,1.1882835626602173,97.74008178710938
2017-09-05,213.85723876953125,1.1893434524536133,99.2900161743164
2017-09-06,214.58729553222656,1.1924067735671997,98.68087005615234
2017-09-07,214.56126403808594,1.1927765607833862,99.69099426269531
2017-09-08,214.30918884277344,1.2029062509536743,99.47505950927734
2017-09-11,216.59500122070312,1.2017642259597778,98.28758239746094
2017-09-12,217.32504272460938,1.1959433555603027,97.77092742919922
2017-09-13,217.42930603027344,1.1974613666534424,97.38536071777344
2017-09-14,217.35975646972656,1.1890605688095093,97.78636169433594
2017-09-15,217.65237426757812,1.1921650171279907,97.8248519897461
2017-09-18,218.11534118652344,1.193716287612915,97.26195526123047
2017-09-19,218.3336639404297,1.1959290504455566,97.02289581298828
2017-09-20,218.41232299804688,1.199256420135498,97.09232330322266
2017-09-21,217.82708740234375,1.1872113943099976,97.03829956054688
2017-09-22,217.87074279785156,1.194557547569275,97.31593322753906
2017-09-25,217.42532348632812,1.1927196979522705,97.9251480102539
2017-09-26,217.5563507080078,1.185564637184143,97.74773406982422
2017-09-27,218.403564453125,1.1786059141159058,96.27489471435547
2017-09-28,218.66563415527344,1.1749638319015503,95.98958587646484
2017-09-29,219.4342498779297,1.178175449371338,96.20550537109375
2017-10-02,220.3862762451172,1.1807351112365723,96.02930450439453
2017-10-03,220.8579559326172,1.173378348350525,96.12205505371094
2017-10-04,221.11997985839844,1.1747568845748901,96.12979125976562
2017-10-05,222.43008422851562,1.175723671913147,95.76664733886719
2017-10-06,222.17681884765625,1.1712344884872437,95.49617004394531
2017-10-09,221.80996704101562,1.1742464303970337,95.7975845336914
2017-10-10,222.3951873779297,1.1741636991500854,95.95208740234375
2017-10-11,222.7445526123047,1.1814883947372437,96.13748931884766
2017-10-12,222.41265869140625,1.1865493059158325,96.54704284667969
2017-10-13,222.6833953857422,1.1831799745559692,97.24246215820312
2017-10-16,222.98040771484375,1.181404709815979,97.17293548583984
2017-10-17,223.1376190185547,1.1794538497924805,97.2965316772461
2017-10-18,223.35597229003906,1.1771907806396484,96.65522766113281
2017-10-19,223.41712951660156,1.1795234680175781,96.82518768310547
2017-10-20,224.57003784179688,1.184805989265442,95.7975845336914
2017-10-23,223.6966094970703,1.175364375114441,95.96754455566406
2017-10-24,224.0896759033203,1.1759172677993774,95.37255859375
2017-10-25,222.98040771484375,1.1759034395217896,94.91666412353516
2017-10-26,223.26858520507812,1.182075023651123,94.59992218017578
2017-10-27,225.0941162109375,1.163724422454834,95.22576141357422
2017-10-30,224.25563049316406,1.1604562997817993,96.13748931884766
2017-10-31,224.60501098632812,1.1652703285217285,96.16841125488281
2017-11-01,224.90194702148438,1.165175199508667,96.59664154052734
2017-11-02,224.98934936523438,1.1628718376159668,97.02249908447266
2017-11-03,225.74049377441406,1.1661807298660278,97.2857894897461
2017-11-06,226.08982849121094,1.1614941358566284,97.64971923828125
2017-11-07,225.9326629638672,1.1612648963928223,98.06014251708984
2017-11-08,226.3169403076172,1.1601063013076782,97.84326934814453
2017-11-09,225.49594116210938,1.15968918800354,97.56449890136719
2017-11-10,225.426025390625,1.164686679840088,96.09332275390625
2017-11-13,225.63563537597656,1.1661127805709839,96.29462432861328
2017-11-14,225.111572265625,1.1664936542510986,96.94506072998047
2017-11-15,223.9848175048828,1.1792869567871094,97.99812316894531
2017-11-16,225.88894653320312,1.1792869567871094,97.14641571044922
2017-11-17,225.22512817382812,1.1777453422546387,97.86653137207031
2017-11-20,225.6094512939453,1.1731857061386108,97.82782745361328
2017-11-21,227.0855255126953,1.1741223335266113,98.13752746582031
2017-11-22,226.8846435546875,1.173722743988037,98.45501708984375
2017-11-23,226.8846435546875,1.1814744472503662,98.45501708984375
2017-11-24,227.40870666503906,1.1853959560394287,98.18399047851562
2017-11-27,227.29519653320312,1.1926485300064087,98.04460144042969
2017-11-28,229.60110473632812,1.1904903650283813,98.17626190185547
2017-11-29,229.46133422851562,1.184805989265442,97.20835876464844
2017-11-30,231.47027587890625,1.18519926071167,96.88311767578125
2017-12-01,230.98983764648438,1.1898245811462402,98.19053649902344
2017-12-04,230.7103271484375,1.1859863996505737,98.23706817626953
2017-12-05,229.8804931640625,1.1867746114730835,98.72589874267578
2017-12-06,229.92422485351562,1.1832919120788574,99.0672836303711
2017-12-07,230.64926147460938,1.1804285049438477,98.2914047241211
2017-12-08,231.90692138671875,1.1772184371948242,98.2991714477539
2017-12-11,232.605712890625,1.1769968271255493,98.097412109375
2017-12-12,233.0161895751953,1.1777591705322266,98.05863189697266
2017-12-13,232.98997497558594,1.1742602586746216,98.79573822021484
2017-12-14,232.03794860839844,1.1835860013961792,99.21472930908203
2017-12-15,233.97023010253906,1.1774957180023193,99.5871810913086
2017-12-18,235.45396423339844,1.1743566989898682,98.67931365966797
2017-12-19,234.54965209960938,1.1784253120422363,97.39911651611328
2017-12-20,234.4267120361328,1.1841325759887695,96.32058715820312
2017-12-21,234.90956115722656,1.1878176927566528,96.88201141357422
2017-12-22,234.84814453125,1.1857331991195679,97.01416778564453
2017-12-25,234.84814453125,1.1856067180633545,97.01416778564453
2017-12-26,234.5671844482422,1.187253713607788,97.3018569946289
2017-12-27,234.6813201904297,1.1857894659042358,98.56927490234375
2017-12-28,235.16419982910156,1.1900794506072998,98.4837417602539
2017-12-29,234.2774658203125,1.1941723823547363,98.63919067382812
2018-01-01,234.2774658203125,1.200494647026062,98.63919067382812
2018-01-02,235.9542999267578,1.2011579275131226,97.57400512695312
2018-01-03,237.4467315673828,1.2063454389572144,98.04053497314453
2018-01-04,238.4475555419922,1.2010425329208374,98.0250015258789
2018-01-05,240.0365447998047,1.2068840265274048,97.74505615234375
2018-01-08,240.47544860839844,1.2037460803985596,97.68286895751953
2018-01-09,241.01971435546875,1.1970456838607788,96.3765640258789
2018-01-10,240.65109252929688,1.1929330825805664,96.25995635986328
2018-01-11,242.40692138671875,1.1956144571304321,96.656494140625
2018-01-12,243.98715209960938,1.2042099237442017,96.8198013305664
2018-01-15,243.98715209960938,1.2192296981811523,96.8198013305664
2018-01-16,243.15318298339844,1.2268433570861816,97.2240982055664
2018-01-17,245.47076416015625,1.227129340171814,97.09193420410156
2018-01-18,245.05813598632812,1.218397855758667,96.18997955322266
2018-01-19,246.173095703125,1.2236607074737549,95.68457794189453
2018-01-22,248.1747283935547,1.2255502939224243,95.7778549194336
2018-01-23,248.70143127441406,1.2256253957748413,96.18997955322266
2018-01-24,248.60482788085938,1.2310267686843872,95.66901397705078
2018-01-25,248.71023559570312,1.239111304283142,96.4543228149414
2018-01-26,251.58981323242188,1.239234209060669,96.09664916992188
2018-01-29,249.9217071533203,1.2428072690963745,95.4280014038086
2018-01-30,247.3583221435547,1.2381141185760498,94.86817169189453
2018-01-31,247.48121643066406,1.2409565448760986,95.4280014038086
2018-02-01,247.20030212402344,1.241865873336792,94.04496765136719
2018-02-02,241.81871032714844,1.2510008811950684,93.1722640991211
2018-02-05,231.7052764892578,1.244694471359253,94.05274200439453
2018-02-06,236.2703399658203,1.2367818355560303,93.46839141845703
2018-02-07,234.9886474609375,1.2381294965744019,92.58010864257812
2018-02-08,226.17446899414062,1.2268133163452148,92.47886657714844
2018-02-09,229.57196044921875,1.2260762453079224,91.89449310302734
2018-02-12,232.94309997558594,1.2252799272537231,92.29964447021484
2018-02-13,233.52256774902344,1.2303755283355713,92.71261596679688
2018-02-14,236.67416381835938,1.235376238822937,91.6841049194336
2018-02-15,239.69418334960938,1.2467273473739624,91.99580383300781
2018-02-16,239.764404296875,1.2503595352172852,92.49443817138672
2018-02-19,239.764404296875,1.241187572479248,92.49443817138672
2018-02-20,238.26318359375,1.2398641109466553,92.08928680419922
2018-02-21,237.07794189453125,1.233532428741455,90.9594497680664
2018-02-22,237.38525390625,1.2281843423843384,91.23220825195312
2018-02-23,241.1691131591797,1.2326656579971313,92.04253387451172
2018-02-26,243.9695587158203,1.228712558746338,92.07367706298828
2018-02-27,240.92324829101562,1.2315573692321777,91.94123077392578
2018-02-28,238.48268127441406,1.2230321168899536,92.52560424804688
2018-03-01,235.0149383544922,1.2191256284713745,93.15718078613281
2018-03-02,236.22645568847656,1.2270842790603638,92.39993286132812
2018-03-05,238.95675659179688,1.2315422296524048,92.15003204345703
2018-03-06,239.56246948242188,1.2336541414260864,92.2359619140625
2018-03-07,239.47471618652344,1.2416653633117676,92.13446807861328
2018-03-08,240.63345336914062,1.2414649724960327,92.66535186767578
2018-03-09,244.82113647460938,1.2306632995605469,92.0563735961914
2018-03-12,244.51390075683594,1.2308752536773682,92.58726501464844
2018-03-13,242.93362426757812,1.2339584827423096,93.05574035644531
2018-03-14,241.68704223632812,1.239234209060669,93.8755111694336
2018-03-15,241.4236297607422,1.2375624179840088,93.8755111694336
2018-03-16,241.68544006347656,1.2309207916259766,93.53977966308594
2018-03-19,238.41529846191406,1.228078842163086,93.24310302734375
2018-03-20,238.82073974609375,1.2336845397949219,92.86836242675781
2018-03-21,238.36245727539062,1.2251899242401123,92.9698257446289
2018-03-22,232.40408325195312,1.2347661256790161,93.89111328125
2018-03-23,227.45045471191406,1.2324985265731812,93.8208236694336
2018-03-26,233.67332458496094,1.235437273979187,93.46173095703125
2018-03-27,229.69810485839844,1.2457488775253296,94.4610595703125
2018-03-28,229.01939392089844,1.240787148475647,94.71086883544922
2018-03-29,231.94573974609375,1.2310267686843872,95.17150115966797
2018-03-30,231.94573974609375,1.2302846908569336,95.17150115966797
2018-04-02,226.93923950195312,1.231420874595642,95.35926055908203
2018-04-03,229.84793090820312,1.229271411895752,94.62380981445312
2018-04-04,232.30712890625,1.2278525829315186,94.42821502685547
2018-04-05,234.14047241210938,1.228682279586792,93.72403717041016
2018-04-06,228.9224853515625,1.2251598834991455,94.74901580810547
2018-04-09,230.0506134033203,1.227144479751587,94.90548706054688
2018-04-10,233.7085723876953,1.2322403192520142,94.7333755493164
2018-04-11,232.48338317871094,1.2363078594207764,95.06977081298828
2018-04-12,234.39605712890625,1.2371643781661987,94.37348175048828
2018-04-13,233.7085723876953,1.2329696416854858,94.59255981445312
2018-04-16,235.63006591796875,1.233258605003357,94.62380981445312
2018-04-17,238.15087890625,1.2385127544403076,94.88198852539062
2018-04-18,238.32723999023438,1.237317442893982,94.1230697631836
2018-04-19,237.0050506591797,1.237914800643921,93.35631561279297
2018-04-20,234.99546813964844,1.2345526218414307,92.6834716796875
2018-04-23,234.96022033691406,1.2273402214050293,92.70689392089844
2018-04-24,231.79588317871094,1.22089684009552,92.28443145751953
2018-04-25,232.36880493164062,1.2241400480270386,91.66638946533203
2018-04-26,234.73106384277344,1.2171669006347656,92.30791473388672
2018-04-27,234.95140075683594,1.2109616994857788,93.0199203491211
2018-04-30,233.1444549560547,1.2122827768325806,93.1841812133789
2018-05-01,233.55870056152344,1.2081234455108643,92.84860229492188
2018-05-02,231.9897918701172,1.1991558074951172,92.74665832519531
2018-05-03,231.4785614013672,1.19510018825531,93.16226196289062
2018-05-04,234.4754180908203,1.1989257335662842,93.30343627929688
2018-05-07,235.26869201660156,1.195500135421753,93.15438842773438
2018-05-08,235.26869201660156,1.1933743953704834,93.06816101074219
2018-05-09,237.54275512695312,1.1867886781692505,92.51142120361328
2018-05-10,239.76388549804688,1.184721827507019,93.2563705444336
2018-05-11,240.49554443359375,1.1917530298233032,93.49158477783203
2018-05-14,240.610107421875,1.1952143907546997,92.99759674072266
2018-05-15,238.95298767089844,1.1931180953979492,91.93898010253906
2018-05-16,239.9578094482422,1.1820889711380005,91.58612823486328
2018-05-17,239.7550506591797,1.1816978454589844,91.12351989746094
2018-05-18,239.15576171875,1.1795234680175781,91.90762329101562
2018-05-21,240.95384216308594,1.1766643524169922,91.95467376708984
2018-05-22,240.28399658203125,1.1792453527450562,91.81356811523438
2018-05-23,240.9450225830078,1.1788560152053833,92.48007202148438
2018-05-24,240.45143127441406,1.1710150241851807,93.21712493896484
2018-05-25,239.87852478027344,1.1722642183303833,93.79739379882812
2018-05-28,239.87852478027344,1.1688934564590454,93.79739379882812
2018-05-29,237.11968994140625,1.162696123123169,95.85176086425781
2018-05-30,240.28399658203125,1.1539349555969238,95.20879364013672
2018-05-31,238.8119659423828,1.1667250394821167,95.05198669433594
2018-06-01,241.15658569335938,1.1693171262741089,94.54975891113281
2018-06-04,242.30242919921875,1.1668611764907837,93.8659896850586
2018-06-05,242.4787139892578,1.1700559854507446,94.08609008789062
2018-06-06,244.50599670410156,1.1726216077804565,93.32369232177734
2018-06-07,244.4794921875,1.178550362586975,94.22750854492188
2018-06-08,245.2022705078125,1.1795234680175781,93.94462585449219
2018-06-11,245.52847290039062,1.1783976554870605,93.77168273925781
2018-06-12,245.84573364257812,1.177412509918213,93.7952651977539
2018-06-13,245.0613250732422,1.17482590675354,93.74809265136719
2018-06-14,245.67823791503906,1.1807769536972046,94.52617645263672
2018-06-15,245.36477661132812,1.1566576957702637,94.61261749267578
2018-06-18,244.8601531982422,1.159595012664795,94.52617645263672
2018-06-19,243.9217071533203,1.1630746126174927,95.07634735107422
2018-06-20,244.33773803710938,1.1588560342788696,94.24325561523438
2018-06-21,242.80609130859375,1.1579033136367798,94.73837280273438
2018-06-22,243.24876403808594,1.1605775356292725,94.73052978515625
2018-06-25,239.93753051757812,1.1661399602890015,94.9427719116211
2018-06-26,240.46871948242188,1.1702749729156494,95.07634735107422
2018-06-27,238.47654724121094,1.1650259494781494,95.97234344482422
2018-06-28,239.8400421142578,1.1563634872436523,95.99595642089844
2018-06-29,240.18531799316406,1.1562966108322144,95.66580963134766
2018-07-02,240.6988983154297,1.1678558588027954,95.59098815917969
2018-07-03,239.8489532470703,1.1642121076583862,96.10297393798828
2018-07-04,239.8489532470703,1.1659224033355713,96.10297393798828
2018-07-05,241.80557250976562,1.166235089302063,96.37870788574219
2018-07-06,243.85084533691406,1.1695905923843384,96.69380187988281
2018-07-09,246.0465545654297,1.1752262115478516,96.07150268554688
2018-07-10,246.93197631835938,1.1756960153579712,96.0635986328125
2018-07-11,245.1257781982422,1.1727042198181152,96.43386840820312
2018-07-12,247.34808349609375,1.1676785945892334,96.42601013183594
2018-07-13,247.54283142089844,1.1665889024734497,96.67020416259766
2018-07-16,247.32156372070312,1.1679104566574097,96.26847076416016
2018-07-17,248.3219757080078,1.170946478843689,96.08724975585938
2018-07-18,248.84446716308594,1.1653246879577637,95.70126342773438
2018-07-19,247.90582275390625,1.164564609527588,96.30780029296875
2018-07-20,247.62254333496094,1.1655147075653076,95.12621307373047
2018-07-23,248.08299255371094,1.1741912364959717,93.9525146484375
2018-07-24,249.33128356933594,1.1694128513336182,94.27550506591797
2018-07-25,251.45620727539062,1.1685519218444824,94.12582397460938
2018-07-26,250.86300659179688,1.1737502813339233,93.94463348388672
2018-07-27,249.16314697265625,1.1642934083938599,94.1021499633789
2018-07-30,247.86158752441406,1.16604483127594,93.77918243408203
2018-07-31,249.0833740234375,1.1707408428192139,94.29120635986328
2018-08-01,248.66726684570312,1.168961763381958,93.52305603027344
2018-08-02,250.02198791503906,1.1665889024734497,93.65727996826172
2018-08-03,251.0932159423828,1.1586008071899414,94.1230697631836
2018-08-06,252.01397705078125,1.1562297344207764,94.17832946777344
2018-08-07,252.8462371826172,1.1558021306991577,93.6888656616211
2018-08-08,252.7400665283203,1.1602946519851685,93.7835922241211
2018-08-09,252.39474487304688,1.1610760688781738,94.57308197021484
2018-08-10,250.70358276367188,1.1523923873901367,95.25997161865234
2018-08-13,249.76515197753906,1.1394712924957275,95.06257629394531
2018-08-14,251.35885620117188,1.1402509212493896,94.84939575195312
2018-08-15,249.4818572998047,1.1345715522766113,95.40206146240234
2018-08-16,251.50047302246094,1.134429931640625,95.39414978027344
2018-08-17,252.3859100341797,1.1371389627456665,95.5125732421875
2018-08-20,252.92584228515625,1.1437721252441406,96.15205383300781
2018-08-21,253.51902770996094,1.149134635925293,95.82835388183594
2018-08-22,253.36868286132812,1.1576753854751587,96.20733642578125
2018-08-23,253.0321807861328,1.1584800481796265,96.35733032226562
2018-08-24,254.5550994873047,1.154334545135498,96.54680633544922
2018-08-27,256.5648193359375,1.164890170097351,95.9941635131836
2018-08-28,256.6888122558594,1.1683608293533325,95.41783905029297
2018-08-29,258.0699768066406,1.1691256761550903,95.54415893554688
2018-08-30,257.02520751953125,1.1709738969802856,95.74942016601562
2018-08-31,257.0340881347656,1.1664663553237915,95.52837371826172
2018-09-03,257.0340881347656,1.1601063013076782,95.52837371826172
2018-09-04,256.5914001464844,1.161548137664795,94.9760513305664
2018-09-05,255.9008331298828,1.1586545705795288,94.72285461425781
2018-09-06,255.13059997558594,1.1635212898254395,95.07099151611328
2018-09-07,254.63473510742188,1.1620069742202759,94.26393127441406
2018-09-10,255.07740783691406,1.1561094522476196,94.61207580566406
2018-09-11,255.91842651367188,1.159595012664795,93.89203643798828
2018-09-12,255.98049926757812,1.1596084833145142,94.11356353759766
2018-09-13,257.4946594238281,1.1629259586334229,94.25598907470703
2018-09-14,257.5387878417969,1.1691803932189941,93.80499267578125
2018-09-17,256.17523193359375,1.1628988981246948,93.80499267578125
2018-09-18,257.5653991699219,1.1669156551361084,92.82376861572266
2018-09-19,257.8398132324219,1.167992353439331,92.2698974609375
2018-09-20,259.9292907714844,1.167460560798645,92.69718933105469
2018-09-21,259.69183349609375,1.1775927543640137,92.65762329101562
2018-09-24,258.8290100097656,1.1751019954681396,92.4202651977539
2018-09-25,258.5889587402344,1.175295352935791,92.3252944946289
2018-09-26,257.8153076171875,1.1763184070587158,92.97415161132812
2018-09-27,258.53564453125,1.1748534440994263,93.0374755859375
2018-09-28,258.5622863769531,1.1637378931045532,92.79212188720703
2018-10-01,259.4605407714844,1.1605371236801147,92.11090087890625
2018-10-02,259.30938720703125,1.157755732536316,92.67400360107422
2018-10-03,259.4516296386719,1.1551746129989624,91.06409454345703
2018-10-04,257.4238586425781,1.147631287574768,90.42174530029297
2018-10-05,255.9831085205078,1.1518083810806274,89.64457702636719
2018-10-08,255.9831085205078,1.1522595882415771,89.34322357177734
2018-10-09,255.60952758789062,1.1494120359420776,90.24726104736328
2018-10-10,247.51614379882812,1.1506949663162231,90.00148010253906
2018-10-11,242.064208984375,1.1533360481262207,91.09586334228516
2018-10-12,245.4260711669922,1.1590440273284912,90.77862548828125
2018-10-15,244.04750061035156,1.1551345586776733,90.73900604248047
2018-10-16,249.3838348388672,1.1583458185195923,90.94519805908203
2018-10-17,249.42828369140625,1.1575279235839844,90.40592956542969
2018-10-18,245.8263702392578,1.1500862836837769,90.37421417236328
2018-10-19,245.69290161132812,1.1460003852844238,90.1759033203125
2018-10-22,244.5900421142578,1.1509466171264648,90.05701446533203
2018-10-23,243.3448944091797,1.1467890739440918,90.34246826171875
2018-10-24,235.97190856933594,1.147315263748169,91.02449035644531
2018-10-25,240.20535278320312,1.1399258375167847,90.64382934570312
2018-10-26,235.9808349609375,1.1377859115600586,91.19102478027344
2018-10-29,234.6733856201172,1.1398738622665405,90.98483276367188
2018-10-30,238.15090942382812,1.137617588043213,90.5328598022461
2018-10-31,240.69454956054688,1.1346358060836792,90.0728530883789
2018-11-01,243.2560272216797,1.1316697597503662,90.1562728881836
2018-11-02,241.8151397705078,1.1403288841247559,89.03541564941406
2018-11-05,243.14926147460938,1.1397570371627808,89.38522338867188
2018-11-06,244.6878662109375,1.141291856765747,89.32957458496094
2018-11-07,249.92642211914062,1.1438506841659546,89.44879150390625
2018-11-08,249.47279357910156,1.1434059143066406,89.44081115722656
2018-11-09,247.03587341308594,1.1368415355682373,90.10861206054688
2018-11-12,242.41998291015625,1.132502794265747,90.69689178466797
2018-11-13,241.9663543701172,1.1233429908752441,90.64120483398438
2018-11-14,240.3121337890625,1.1311193704605103,90.69689178466797
2018-11-15,242.82015991210938,1.131183385848999,90.6571273803711
2018-11-16,243.45162963867188,1.1324899196624756,91.18181610107422
2018-11-19,239.33383178710938,1.141396164894104,91.4361572265625
2018-11-20,234.9046173095703,1.1455016136169434,91.46794128417969
2018-11-21,235.70510864257812,1.1372424364089966,91.4361572265625
2018-11-22,235.70510864257812,1.1388354301452637,91.4361572265625
2018-11-23,234.13084411621094,1.1403158903121948,91.5315933227539
2018-11-26,237.91075134277344,1.1337354183197021,91.32489013671875
2018-11-27,238.711181640625,1.1333370208740234,91.42825317382812
2018-11-28,244.20762634277344,1.1298797130584717,90.98310852050781
2018-11-29,243.67398071289062,1.1368545293807983,91.34083557128906
2018-11-30,245.15927124023438,1.1392766237258911,91.68265533447266
2018-12-03,248.4055633544922,1.1342240571975708,92.33360290527344
2018-12-04,240.3566131591797,1.135486125946045,93.87942504882812
2018-12-05,240.3566131591797,1.1342884302139282,93.87942504882812
2018-12-06,239.99191284179688,1.13490629196167,94.17423248291016
2018-12-07,234.41554260253906,1.1374752521514893,94.34954071044922
2018-12-10,234.8601837158203,1.1400948762893677,94.73999786376953
2018-12-11,234.9135284423828,1.1356538534164429,94.72400665283203
2018-12-12,236.096435546875,1.1323105096817017,94.30171203613281
2018-12-13,236.016357421875,1.1373459100723267,94.07865905761719
2018-12-14,231.65834045410156,1.1363636255264282,94.40532684326172
2018-12-17,227.1136474609375,1.1305949687957764,94.95510864257812
2018-12-18,226.8646697998047,1.1349835395812988,95.52379608154297
2018-12-19,223.4671173095703,1.1375399827957153,96.78570556640625
2018-12-20,219.8295135498047,1.1389521360397339,96.43428039550781
2018-12-21,215.32534790039062,1.1456853151321411,96.41826629638672
2018-12-24,209.6358184814453,1.1372811794281006,96.89752960205078
2018-12-25,209.6358184814453,1.140393853187561,96.89752960205078
2018-12-26,220.2276153564453,1.1415525674819946,95.85924530029297
2018-12-27,221.91842651367188,1.1361312866210938,95.87520599365234
2018-12-28,221.63211059570312,1.143105387687683,96.681884765625
2018-12-31,223.57333374023438,1.1439945697784424,97.04930114746094
2019-01-01,223.57333374023438,1.1493064165115356,97.04930114746094
2019-01-02,223.8059539794922,1.14617121219635,97.5604476928711
2019-01-03,218.46533203125,1.1318106651306152,98.67060089111328
2019-01-04,225.78297424316406,1.1391078233718872,97.52851867675781
2019-01-07,227.56321716308594,1.1410444974899292,97.240966796875
2019-01-08,229.70123291015625,1.1479737758636475,96.98538208007812
2019-01-09,230.77474975585938,1.1456066370010376,96.83364868164062
2019-01-10,231.58885192871094,1.1554949283599854,96.21064758300781
2019-01-11,231.67828369140625,1.151012897491455,96.58601379394531
2019-01-14,230.2648162841797,1.146013617515564,96.22660064697266
2019-01-15,232.90383911132812,1.1472889184951782,95.87520599365234
2019-01-16,233.4674072265625,1.1416828632354736,95.9710464477539
2019-01-17,235.23866271972656,1.1398088932037354,95.99501037597656
2019-01-18,238.36968994140625,1.13926362991333,95.49185180664062
2019-01-21,238.36968994140625,1.1365574598312378,95.49185180664062
2019-01-22,235.14915466308594,1.136932134628296,96.13877868652344
2019-01-23,235.64125061035156,1.1364023685455322,96.09883117675781
2019-01-24,235.76644897460938,1.1388224363327026,96.72980499267578
2019-01-25,237.76136779785156,1.1313496828079224,96.26657104492188
2019-01-28,235.954345703125,1.1413049697875977,96.17073059082031
2019-01-29,235.64125061035156,1.143000841140747,96.6579360961914
2019-01-30,239.37161254882812,1.1435366868972778,96.58601379394531
2019-01-31,241.47386169433594,1.1487650871276855,97.41666412353516
2019-02-01,241.5902099609375,1.1449507474899292,96.82830047607422
2019-02-04,243.28990173339844,1.1455278396606445,96.39604187011719
2019-02-05,244.3096466064453,1.1436283588409424,96.8363037109375
2019-02-06,243.98765563964844,1.140992522239685,96.88433837890625
2019-02-07,241.66184997558594,1.1365960836410522,97.5247573852539
2019-02-08,241.9569549560547,1.1338768005371094,97.9410171508789
2019-02-11,242.09121704101562,1.1324259042739868,97.55674743652344
2019-02-12,245.2042694091797,1.1279042959213257,97.30858612060547
2019-02-13,246.0004119873047,1.1334655284881592,96.94038391113281
2019-02-14,245.454833984375,1.12649405002594,97.49275970458984
2019-02-15,248.12957763671875,1.1295350790023804,97.64481353759766
2019-02-18,248.12957763671875,1.1298030614852905,97.64481353759766
2019-02-19,248.55889892578125,1.131196141242981,97.89300537109375
2019-02-20,249.0599822998047,1.1343011856079102,97.61279296875
2019-02-21,248.1743621826172,1.1346358060836792,96.74024963378906
2019-02-22,249.71310424804688,1.1343011856079102,97.3166275024414
2019-02-25,250.05282592773438,1.1342240571975708,97.0284423828125
2019-02-26,249.8740997314453,1.1367511749267578,97.50875091552734
2019-02-27,249.7666778564453,1.1393154859542847,96.40408325195312
2019-02-28,249.3014678955078,1.1380189657211304,96.07587432861328
2019-03-01,250.85813903808594,1.1373459100723267,95.18782043457031
2019-03-04,249.94564819335938,1.1375917196273804,95.93383026123047
2019-03-05,249.60562133789062,1.1337354183197021,96.13440704345703
2019-03-06,248.0937957763672,1.1307101249694824,96.48735046386719
2019-03-07,246.0183868408203,1.1314009428024292,97.11307525634766
2019-03-08,245.52635192871094,1.1198333501815796,97.52218627929688
2019-03-11,249.08677673339844,1.1232421398162842,97.23340606689453
2019-03-12,250.026123046875,1.1259232759475708,97.91525268554688
2019-03-13,251.68101501464844,1.1287446022033691,97.73078918457031
2019-03-14,251.51998901367188,1.133105993270874,97.02485656738281
2019-03-15,252.76271057128906,1.1308379173278809,97.66656494140625
2019-03-18,253.6792449951172,1.1319772005081177,97.61044311523438
2019-03-19,253.7421112060547,1.133619785308838,97.39385223388672
2019-03-20,252.97836303710938,1.135486125946045,98.41258239746094
2019-03-21,255.83566284179688,1.1427918672561646,98.62920379638672
2019-03-22,250.91163635253906,1.1375011205673218,100.16140747070312
2019-03-25,250.72305297851562,1.129586100578308,100.32186889648438
2019-03-26,252.59190368652344,1.131580114364624,100.24966430664062
2019-03-27,251.27113342285156,1.127484679222107,101.17217254638672
2019-03-28,252.22352600097656,1.1251758337020874,101.52513122558594
2019-03-29,253.8140411376953,1.1230024099349976,101.42887115478516
2019-04-01,256.8240051269531,1.1223849058151245,99.9881820678711
2019-04-02,256.9497985839844,1.1205737590789795,100.173095703125
2019-04-03,257.3542175292969,1.1203854084014893,99.3048095703125
2019-04-04,258.0369567871094,1.1246949434280396,99.58619689941406
2019-04-05,259.2859802246094,1.1225864887237549,99.71482849121094
2019-04-08,259.483642578125,1.121956706047058,99.36105346679688
2019-04-09,258.15380859375,1.1256444454193115,99.67467498779297
2019-04-10,259.03436279296875,1.126697063446045,99.91582489013672
2019-04-11,258.9624938964844,1.1276500225067139,99.32891845703125
2019-04-12,260.714599609375,1.1260753870010376,98.62141418457031
2019-04-15,260.5439147949219,1.1305055618286133,98.87066650390625
2019-04-16,260.714599609375,1.1304928064346313,98.25160217285156
2019-04-17,260.07666015625,1.128502607345581,98.29180908203125
2019-04-18,260.5888366699219,1.129713773727417,98.80635070800781
2019-04-19,260.5888366699219,1.1235954761505127,98.80635070800781
2019-04-22,260.8134460449219,1.1244546175003052,98.33202362060547
2019-04-23,263.15863037109375,1.1258978843688965,98.5410385131836
2019-04-24,262.5744934082031,1.122435212135315,99.34498596191406
2019-04-25,262.41278076171875,1.1153494119644165,99.20026397705078
2019-04-26,263.6347961425781,1.113684892654419,99.53793334960938
2019-04-29,264.048095703125,1.1150261163711548,98.90280151367188
2019-04-30,264.18292236328125,1.1185182332992554,99.40930938720703
2019-05-01,262.1971740722656,1.121604323387146,99.81940460205078
2019-05-02,261.6310119628906,1.1200841665267944,99.34406280517578
2019-05-03,264.19189453125,1.1173559427261353,99.62601470947266
2019-05-06,263.1046142578125,1.1185808181762695,99.89995574951172
2019-05-07,258.71087646484375,1.1201846599578857,100.66535186767578
2019-05-08,258.3515625,1.1191065311431885,100.23027801513672
2019-05-09,257.56976318359375,1.1198333501815796,100.64114379882812
2019-05-10,258.8636474609375,1.1222084760665894,100.50420379638672
2019-05-13,252.3583221435547,1.1236460208892822,101.29373931884766
2019-05-14,254.64064025878906,1.1232547760009766,100.99566650390625
2019-05-15,256.1322021484375,1.1204482316970825,101.61597442626953
2019-05-16,258.5042419433594,1.1207244396209717,101.27760314941406
2019-05-17,256.8330078125,1.1173559427261353,101.50318908691406
2019-05-20,255.13473510742188,1.1165324449539185,101.29373931884766
2019-05-21,257.43499755859375,1.1168566942214966,101.1325912475586
2019-05-22,256.644287109375,1.1168566942214966,101.7126693725586
2019-05-23,253.5084228515625,1.1155484914779663,102.85667419433594
2019-05-24,254.08343505859375,1.1184556484222412,102.94528198242188
2019-05-27,254.08343505859375,1.1209630966186523,102.94528198242188
2019-05-28,251.72039794921875,1.1193821430206299,103.68647766113281
2019-05-29,250.03121948242188,1.1170687675476074,104.00066375732422
2019-05-30,250.71408081054688,1.1137346029281616,104.89491271972656
2019-05-31,247.33560180664062,1.1131147146224976,106.20816802978516
2019-06-03,246.7067108154297,1.1174057722091675,106.91854095458984
2019-06-04,252.06182861328125,1.124631643295288,105.6995620727539
2019-06-05,254.24525451660156,1.1254037618637085,105.10213470458984
2019-06-06,255.89845275878906,1.1229015588760376,105.44124603271484
2019-06-07,258.4593505859375,1.1276500225067139,106.35347747802734
2019-06-10,259.6453857421875,1.1320157051086426,105.35242462158203
2019-06-11,259.5824279785156,1.1318106651306152,105.41703033447266
2019-06-12,259.1242370605469,1.1329518556594849,105.49772644042969
2019-06-13,260.1934509277344,1.1295605897903442,105.86100769042969
2019-06-14,259.9059753417969,1.1280443668365479,106.12740325927734
2019-06-17,260.0047302246094,1.1217050552368164,106.31307220458984
2019-06-18,262.7272644042969,1.1224603652954102,106.84591674804688
2019-06-19,263.3204040527344,1.1198208332061768,106.99931335449219
2019-06-20,265.8360900878906,1.1238480806350708,107.28182983398438
2019-06-21,265.4497375488281,1.1295605897903442,106.10320281982422
2019-06-24,265.1247253417969,1.1384724378585815,106.89435577392578
2019-06-25,262.5243835449219,1.140029788017273,107.2253189086914
2019-06-26,262.26251220703125,1.1369967460632324,106.53910827636719
2019-06-27,263.1925354003906,1.1374752521514893,107.28992462158203
2019-06-28,264.5468444824219,1.1372941732406616,107.2173080444336
2019-07-01,266.94854736328125,1.1364928483963013,106.96652221679688
2019-07-02,267.64373779296875,1.1287446022033691,107.79157257080078
2019-07-03,269.7836608886719,1.1293054819107056,108.55999755859375
2019-07-04,269.7836608886719,1.1287955045700073,108.55999755859375
2019-07-05,269.4765625,1.128579020500183,107.12017059326172
2019-07-08,267.99591064453125,1.1227376461029053,107.26579284667969
2019-07-09,268.3299865722656,1.121604323387146,107.22537231445312
2019-07-10,269.6120910644531,1.120824933052063,106.63488006591797
2019-07-11,270.2440490722656,1.125885248184204,105.21124267578125
2019-07-12,271.4539489746094,1.1252391338348389,105.33258819580078
2019-07-15,271.5442810058594,1.1272051334381104,105.93928527832031
2019-07-16,270.6683654785156,1.1261768341064453,105.62380981445312
2019-07-17,268.8265075683594,1.1212271451950073,106.7643051147461
2019-07-18,269.8106384277344,1.12296462059021,106.77242279052734
2019-07-19,268.3118591308594,1.1261515617370605,106.5216064453125
2019-07-22,268.9709777832031,1.1218308210372925,106.72383117675781
2019-07-23,270.8941650390625,1.1206114292144775,106.1414566040039
2019-07-24,272.1672058105469,1.1151255369186401,106.6025161743164
2019-07-25,270.8670959472656,1.1142433881759644,106.09288787841797
2019-07-26,272.681884765625,1.1146159172058105,106.34371185302734
2019-07-29,272.1853332519531,1.1132138967514038,106.37602996826172
2019-07-30,271.51708984375,1.1143054962158203,106.63488006591797
2019-07-31,268.54656982421875,1.1157974004745483,107.49227142333984
2019-08-01,266.2080993652344,1.1071745157241821,109.6271743774414
2019-08-02,264.2037658691406,1.1078859567642212,110.64028930664062
2019-08-05,256.25830078125,1.1108025312423706,112.55301666259766
2019-08-06,259.8517761230469,1.1243788003921509,113.45262145996094
2019-08-07,260.0052795410156,1.1206992864608765,113.49319458007812
2019-08-08,265.1065979003906,1.1204355955123901,113.73632049560547
2019-08-09,263.3008117675781,1.1187183856964111,113.5093765258789
2019-08-12,260.0956726074219,1.1208499670028687,115.87596893310547
2019-08-13,264.1405334472656,1.1218308210372925,115.47882080078125
2019-08-14,256.33050537109375,1.1177055835723877,118.08056640625
2019-08-15,257.00762939453125,1.1143302917480469,119.39358520507812
2019-08-16,260.7998046875,1.1113580465316772,118.43721008300781
2019-08-19,263.9418640136719,1.109385371208191,116.74320983886719
2019-08-20,261.91937255859375,1.1083157062530518,117.95088195800781
2019-08-21,264.0502624511719,1.1097793579101562,117.16466522216797
2019-08-22,263.968994140625,1.10907781124115,116.38661193847656
2019-08-23,257.1883239746094,1.1084016561508179,118.29934692382812
2019-08-26,260.0324401855469,1.1143054962158203,117.82122039794922
2019-08-27,259.0120849609375,1.1103708744049072,119.63671112060547
2019-08-28,260.8359680175781,1.109004020690918,119.79072570800781
2019-08-29,264.1676025390625,1.1085859537124634,119.33685302734375
2019-08-30,264.0502624511719,1.1061947345733643,119.3692398071289
2019-09-02,264.0502624511719,1.0991789102554321,119.3692398071289
2019-09-03,262.50628662109375,1.0968520641326904,119.52357482910156
2019-09-04,265.48583984375,1.0974539518356323,119.70213317871094
2019-09-05,268.8987731933594,1.10349702835083,117.53422546386719
2019-09-06,269.1064147949219,1.1036310195922852,118.37055969238281
2019-09-09,269.2417907714844,1.1020619869232178,116.26771545410156
2019-09-10,269.17864990234375,1.1048381328582764,114.22980499267578
2019-09-11,271.0927429199219,1.1050333976745605,114.02679443359375
2019-09-12,272.0318298339844,1.1013457775115967,113.27986145019531
2019-09-13,271.85125732421875,1.1058276891708374,110.86028289794922
2019-09-16,271.01153564453125,1.1083402633666992,112.27305603027344
2019-09-17,271.69775390625,1.100594401359558,112.88192749023438
2019-09-18,271.86029052734375,1.1074687242507935,113.36095428466797
2019-09-19,271.8421325683594,1.1031439304351807,113.70201873779297
2019-09-20,270.557861328125,1.1048502922058105,115.20407104492188
2019-09-23,270.49432373046875,1.1019041538238525,115.17974853515625
2019-09-24,268.3717956542969,1.0993722677230835,116.56807708740234
2019-09-25,269.95916748046875,1.1016855239868164,114.86307525634766
2019-09-26,269.3967590332031,1.0952903032302856,115.60191345214844
2019-09-27,267.9454345703125,1.0922753810882568,115.88606262207031
2019-09-30,269.1880798339844,1.0942714214324951,116.1702651977539
2019-10-01,265.9862060546875,1.0899657011032104,116.51995849609375
2019-10-02,261.2876281738281,1.0934937000274658,116.80469512939453
2019-10-03,263.4283447265625,1.0963709354400635,117.87014770507812
2019-10-04,266.9930114746094,1.0975382328033447,118.74041748046875
2019-10-07,265.8410339355469,1.098659634590149,117.7563247680664
2019-10-08,261.7139587402344,1.0972130298614502,118.07357025146484
2019-10-09,264.1992492675781,1.0960105657577515,117.40654754638672
2019-10-10,265.9862060546875,1.0987803936004639,115.65787506103516
2019-10-11,268.74365234375,1.1011033058166504,114.22636413574219
2019-10-14,268.4443664550781,1.1030004024505615,115.05595397949219
2019-10-15,271.1020812988281,1.1029006242752075,113.6651382446289
2019-10-16,270.6666259765625,1.1034727096557617,113.80340576171875
2019-10-17,271.4648742675781,1.107493281364441,113.52690887451172
2019-10-18,270.2764892578125,1.1127183437347412,113.52690887451172
2019-10-21,272.1087951660156,1.1155734062194824,112.6728515625
2019-10-22,271.219970703125,1.1151753664016724,113.33171844482422
2019-10-23,272.0091247558594,1.112928867340088,113.44554901123047
2019-10-24,272.4535827636719,1.1132385730743408,113.21778869628906
2019-10-25,273.56927490234375,1.1103955507278442,112.66471862792969
2019-10-28,275.1112365722656,1.1084262132644653,111.63993072509766
2019-10-29,275.0295715332031,1.1099148988723755,111.71306610107422
2019-10-30,275.8731994628906,1.1114816665649414,113.34793853759766
2019-10-31,275.138427734375,1.1154489517211914,114.87702941894531
2019-11-01,277.6873474121094,1.1157102584838867,114.52342224121094
2019-11-04,278.8029479980469,1.1166571378707886,113.01614379882812
2019-11-05,278.4945983886719,1.1128545999526978,111.7450942993164
2019-11-06,278.5580749511719,1.107419729232788,112.42134857177734
2019-11-07,279.5376892089844,1.1070396900177002,110.38442993164062
2019-11-08,280.2270812988281,1.1019697189331055,109.91999053955078
2019-11-11,279.6918640136719,1.102244257926941,109.9933090209961
2019-11-12,280.28143310546875,1.1035456657409668,110.49846649169922
2019-11-13,280.3721923828125,1.1012367010116577,111.21549224853516
2019-11-14,280.7803039550781,1.1013215780258179,112.36427307128906
2019-11-15,282.8121032714844,1.1020498275756836,112.2420883178711
2019-11-18,283.0207214355469,1.105509877204895,112.44575500488281
2019-11-19,282.93914794921875,1.1072357892990112,113.38280487060547
2019-11-20,281.886962890625,1.1080001592636108,114.5560073852539
2019-11-21,281.43341064453125,1.1078859567642212,113.83899688720703
2019-11-22,282.0592956542969,1.1065863370895386,113.9857406616211
2019-11-25,284.2452697753906,1.1022562980651855,114.31970977783203
2019-11-26,284.88934326171875,1.1014429330825806,114.98786163330078
2019-11-27,286.1592712402344,1.1022562980651855,114.65376281738281
2019-11-28,286.1592712402344,1.1004853248596191,114.65376281738281
2019-11-29,285.097900390625,1.101176142692566,114.40930938720703
2019-12-02,282.6761474609375,1.1019041538238525,112.8839340209961
2019-12-03,280.7803039550781,1.1079105138778687,115.25081634521484
2019-12-04,282.5128479003906,1.1085245609283447,114.10000610351562
2019-12-05,283.0207214355469,1.108303427696228,113.54505157470703
2019-12-06,285.6059265136719,1.1105434894561768,112.91667938232422
2019-12-09,284.70794677734375,1.105888843536377,113.16140747070312
2019-12-10,284.3904113769531,1.106499433517456,113.16960906982422
2019-12-11,285.1977233886719,1.1092746257781982,114.05921173095703
2019-12-12,287.6559143066406,1.1135857105255127,112.1820297241211
2019-12-13,287.8282470703125,1.1186057329177856,113.47977447509766
2019-12-16,289.8055725097656,1.1124460697174072,112.45954132080078
2019-12-17,289.869140625,1.1136974096298218,112.30447387695312
2019-12-18,289.88726806640625,1.115138053894043,111.38219451904297
2019-12-19,291.07550048828125,1.1115927696228027,111.56039428710938
2019-12-20,292.35162353515625,1.1125946044921875,111.70751190185547
2019-12-23,292.7982177734375,1.1079840660095215,111.5440444946289
2019-12-24,292.807373046875,1.109385371208191,111.86284637451172
2019-12-25,292.807373046875,1.1090162992477417,111.86284637451172
2019-12-26,294.3660888671875,1.1095454692840576,112.13261413574219
2019-12-27,294.2931213378906,1.110111951828003,112.25526428222656
2019-12-30,292.6705322265625,1.1182304620742798,111.84648895263672
2019-12-31,293.3816223144531,1.120229721069336,110.75110626220703
2020-01-01,293.3816223144531,1.1220825910568237,110.75110626220703
2020-01-02,296.1252746582031,1.1220825910568237,112.00180053710938
2020-01-03,293.88299560546875,1.1171437501907349,113.7267074584961
2020-01-06,295.0041809082031,1.1161960363388062,113.08088684082031
2020-01-07,294.1746520996094,1.1197994947433472,112.52501678466797
2020-01-08,295.74237060546875,1.1154738664627075,111.78115844726562
2020-01-09,297.747802734375,1.1113210916519165,112.1734848022461
2020-01-10,296.89093017578125,1.1111111640930176,113.17082214355469
2020-01-13,298.9327392578125,1.1116669178009033,112.82747650146484
2020-01-14,298.4770202636719,1.1135733127593994,113.40789031982422
2020-01-15,299.1515808105469,1.113089919090271,114.15997314453125
2020-01-16,301.6399230957031,1.1154004335403442,113.80025482177734
2020-01-17,302.5788879394531,1.1139578819274902,112.82747650146484
2020-01-20,302.5788879394531,1.1094592809677124,112.82747650146484
2020-01-21,301.98638916015625,1.109693169593811,114.01282501220703
2020-01-22,302.0228271484375,1.108561396598816,114.41342163085938
2020-01-23,302.3691711425781,1.1096439361572266,115.21453857421875
2020-01-24,299.68023681640625,1.1055220365524292,116.14643096923828
2020-01-27,294.87652587890625,1.1025358438491821,117.95304107666016
2020-01-28,297.9665832519531,1.101976990699768,117.0292739868164
2020-01-29,297.7204895019531,1.1022562980651855,118.17372131347656
2020-01-30,298.6866455078125,1.1016855239868164,118.19013977050781
2020-01-31,293.2632141113281,1.1029127836227417,119.26917266845703
2020-02-03,295.4416198730469,1.1089794635772705,119.17253112792969
2020-02-04,299.94451904296875,1.1062926054000854,117.56764221191406
2020-02-05,303.4083557128906,1.1047282218933105,116.28209686279297
2020-02-06,304.42919921875,1.1002310514450073,116.80611419677734
2020-02-07,302.8067932128906,1.0982975959777832,118.26358032226562
2020-02-10,305.06732177734375,1.0949305295944214,118.5912094116211
2020-02-11,305.595947265625,1.0913456678390503,117.9934310913086
2020-02-12,307.56488037109375,1.091941475868225,117.39568328857422
2020-02-13,307.2366943359375,1.0875948667526245,117.84597778320312
2020-02-14,307.72894287109375,1.0845986604690552,118.36188507080078
2020-02-17,307.72894287109375,1.0841753482818604,118.36188507080078
2020-02-18,306.9359130859375,1.0840108394622803,119.17253112792969
2020-02-19,308.40338134765625,1.079540491104126,119.16436767578125
2020-02-20,307.1364440917969,1.081009864807129,120.09777069091797
2020-02-21,303.97344970703125,1.078799843788147,121.21961975097656
2020-02-24,293.8921203613281,1.0839051008224487,123.02926635742188
2020-02-25,284.98651123046875,1.0849199295043945,123.68426513671875
2020-02-26,283.9382629394531,1.0881996154785156,123.02926635742188
2020-02-27,271.18609619140625,1.0885894298553467,124.36395263671875
2020-02-28,270.0467834472656,1.0997228622436523,127.17253875732422
2020-03-02,281.7414855957031,1.1051311492919922,126.2368392944336
2020-03-03,273.67462158203125,1.1144047975540161,128.19676208496094
2020-03-04,285.17791748046875,1.118067979812622,126.8354721069336
2020-03-05,275.69818115234375,1.113908290863037,129.99261474609375
2020-03-06,271.1405944824219,1.1223849058151245,136.7579345703125
2020-03-09,249.96597290039062,1.1386020183563232,140.46450805664062
2020-03-10,262.900390625,1.1397960186004639,133.2645721435547
2020-03-11,250.08448791503906,1.1316505670547485,128.36077880859375
2020-03-12,226.15707397460938,1.1261515617370605,129.1561737060547
2020-03-13,245.4904022216797,1.1184931993484497,126.2368392944336
2020-03-16,218.62789916992188,1.115536093711853,134.41259765625
2020-03-17,230.43209838867188,1.1163206100463867,125.44961547851562
2020-03-18,218.7646484375,1.101552128791809,118.3726806640625
2020-03-19,219.22950744628906,1.0961546897888184,121.5954360961914
2020-03-20,209.78199768066406,1.0657345056533813,130.7388916015625
2020-03-23,204.4182586669922,1.0694386959075928,136.12652587890625
2020-03-24,222.939208984375,1.0764610767364502,133.5926055908203
2020-03-25,226.27664184570312,1.080263614654541,133.2891082763672
2020-03-26,239.48886108398438,1.0889569520950317,133.94520568847656
2020-03-27,232.3555145263672,1.1048258543014526,137.52052307128906
2020-03-30,239.90150451660156,1.113908290863037,136.388916015625
2020-03-31,236.32565307617188,1.1030466556549072,135.28189086914062
2020-04-01,225.68984985351562,1.102657437324524,137.17726135253906
2020-04-02,230.897705078125,1.0953621864318848,138.04774475097656
2020-04-03,227.560302734375,1.0847399234771729,138.3762969970703
2020-04-06,242.84466552734375,1.0806955099105835,138.01492309570312
2020-04-07,243.09226989746094,1.0803803205490112,136.56959533691406
2020-04-08,251.25241088867188,1.0895144939422607,135.575927734375
2020-04-09,255.07589721679688,1.0863661766052246,135.82228088378906
2020-04-10,255.07589721679688,1.0927408933639526,135.82228088378906
2020-04-13,252.74700927734375,1.0932666063308716,134.5821990966797
2020-04-14,260.201171875,1.0922993421554565,134.54945373535156
2020-04-15,254.67245483398438,1.098538875579834,138.11343383789062
2020-04-16,255.9010467529297,1.0905101299285889,139.6820068359375
2020-04-17,262.81427001953125,1.0858471393585205,137.80958557128906
2020-04-20,258.18414306640625,1.0866966247558594,138.91824340820312
2020-04-21,250.34474182128906,1.0864840745925903,140.66744995117188
2020-04-22,255.9010467529297,1.0856467485427856,139.2303009033203
2020-04-23,255.88270568847656,1.080964207649231,139.96939086914062
2020-04-24,259.44940185546875,1.077702283859253,140.2978973388672
2020-04-27,263.19024658203125,1.08236825466156,137.68649291992188
2020-04-28,261.97998046875,1.0824854373931885,139.2714080810547
2020-04-29,268.8381652832031,1.0836584568023682,138.5487823486328
2020-04-30,266.3351135253906,1.087725043296814,136.93087768554688
2020-05-01,259.2843322753906,1.094546914100647,138.10348510742188
2020-05-04,259.99957275390625,1.0959625244140625,137.45396423339844
2020-05-05,262.4017333984375,1.0904293060302734,136.5740509033203
2020-05-06,260.6229248046875,1.0838581323623657,134.37033081054688
2020-05-07,263.7677917480469,1.0798553228378296,136.61517333984375
2020-05-08,268.1322326660156,1.0837171077728271,134.83900451660156
2020-05-11,268.1871643066406,1.0839520692825317,133.7864532470703
2020-05-12,262.84185791015625,1.080940842628479,135.15969848632812
2020-05-13,258.1933288574219,1.0846810340881348,136.1053924560547
2020-05-14,261.2831115722656,1.08236825466156,137.43743896484375
2020-05-15,262.4842224121094,1.0806955099105835,137.0838165283203
2020-05-18,270.47943115234375,1.0821340084075928,134.0742950439453
2020-05-19,267.70123291015625,1.0915124416351318,134.5758819580078
2020-05-20,272.2488708496094,1.0927767753601074,134.97882080078125
2020-05-21,270.3692932128906,1.0982975959777832,135.3159637451172
2020-05-22,270.88275146484375,1.0952903032302856,136.1299591064453
2020-05-25,270.88275146484375,1.0907801389694214,136.1299591064453
2020-05-26,274.22027587890625,1.0902997255325317,134.30453491210938
2020-05-27,278.3004150390625,1.0981770753860474,134.057861328125
2020-05-28,277.7869567871094,1.1016855239868164,133.564453125
2020-05-29,279.02471923828125,1.1079105138778687,134.5182647705078
2020-06-01,280.1524353027344,1.1118524074554443,133.6126251220703
2020-06-02,282.47216796875,1.1125946044921875,133.12684631347656
2020-06-03,286.2313232421875,1.118943691253662,131.35665893554688
2020-06-04,285.47955322265625,1.1235954761505127,129.45472717285156
2020-06-05,292.79620361328125,1.1337867975234985,128.5325164794922
2020-06-08,296.3353576660156,1.1319515705108643,129.026611328125
2020-06-09,294.1257629394531,1.1305567026138306,130.49217224121094
2020-06-10,292.4844970703125,1.1332215070724487,132.4270782470703
2020-06-11,275.6230163574219,1.1365444660186768,134.9299774169922
2020-06-12,278.9239196777344,1.1288082599639893,133.62911987304688
2020-06-15,281.5278015136719,1.1252011060714722,133.70309448242188
2020-06-16,286.946533203125,1.1337740421295166,131.65304565429688
2020-06-17,285.7546081542969,1.1265701055526733,132.19650268554688
2020-06-18,285.8646545410156,1.1242902278900146,133.59616088867188
2020-06-19,284.2310485839844,1.1211000680923462,133.70309448242188
2020-06-22,286.0542907714844,1.1177555322647095,133.7196807861328
2020-06-23,287.3711853027344,1.1279679536819458,132.80572509765625
2020-06-24,280.0408020019531,1.1312345266342163,134.2301483154297
2020-06-25,283.0429992675781,1.1250872611999512,134.61712646484375
2020-06-26,276.3203125,1.1222084760665894,136.05795288085938
2020-06-29,280.38153076171875,1.1225864887237549,135.62986755371094
2020-06-30,283.9730224609375,1.1247202157974243,134.97116088867188
2020-07-01,285.9622497558594,1.1235954761505127,134.7090301513672
2020-07-02,287.53704833984375,1.1251378059387207,134.84913635253906
2020-07-03,287.53704833984375,1.1237848997116089,134.84913635253906
2020-07-06,291.975830078125,1.1247202157974243,134.2967987060547
2020-07-07,288.9644775390625,1.1312856674194336,136.18458557128906
2020-07-08,291.17462158203125,1.1275228261947632,135.6404266357422
2020-07-09,289.5169677734375,1.1339154243469238,137.8001708984375
2020-07-10,292.47314453125,1.1287955045700073,137.10781860351562
2020-07-13,289.940673828125,1.1310042142868042,137.56109619140625
2020-07-14,293.69793701171875,1.134549617767334,137.75900268554688
2020-07-15,296.39617919921875,1.1410704851150513,137.1160430908203
2020-07-16,295.4200134277344,1.1417193412780762,137.76722717285156
2020-07-17,296.2765197753906,1.139211654663086,137.4786376953125
2020-07-20,298.6708984375,1.1442956924438477,137.81666564941406
2020-07-21,299.3063659667969,1.1458691358566284,137.89907836914062
2020-07-22,301.0099182128906,1.15340256690979,138.31129455566406
2020-07-23,297.41839599609375,1.1568717956542969,139.92686462402344
2020-07-24,295.50299072265625,1.1596084833145142,139.91868591308594
2020-07-27,297.6578674316406,1.1652567386627197,139.3993377685547
2020-07-28,295.7699890136719,1.1769275665283203,140.36375427246094
2020-07-29,299.4075927734375,1.171879529953003,140.12478637695312
2020-07-30,298.3393859863281,1.1782865524291992,141.04795837402344
2020-07-31,300.6968688964844,1.1872254610061646,140.95724487304688
2020-08-03,302.787353515625,1.1782310009002686,140.2476043701172
2020-08-04,303.9569396972656,1.1763322353363037,141.58444213867188
2020-08-05,305.84478759765625,1.181544303894043,140.3466796875
2020-08-06,307.88916015625,1.187281847000122,141.130615234375
2020-08-07,308.1102294921875,1.1876484155654907,140.1898956298828
2020-08-10,309.03118896484375,1.1782727241516113,139.5626220703125
2020-08-11,306.480224609375,1.1737778186798096,137.90399169921875
2020-08-12,310.7533264160156,1.1736538410186768,136.6495361328125
2020-08-13,310.19146728515625,1.179380178451538,135.18894958496094
2020-08-14,310.20062255859375,1.1816558837890625,134.6608123779297
2020-08-17,311.1861267089844,1.1852554082870483,134.99916076660156
2020-08-18,311.8584289550781,1.1876484155654907,135.96466064453125
2020-08-19,310.5599670410156,1.1947859525680542,135.11460876464844
2020-08-20,311.5268859863281,1.1843500137329102,136.33599853515625
2020-08-21,312.6319274902344,1.1873664855957031,137.15296936035156
2020-08-24,315.79986572265625,1.1798018217086792,136.93019104003906
2020-08-25,316.9049987792969,1.1794538497924805,135.88218688964844
2020-08-26,320.0821228027344,1.183501958847046,135.36227416992188
2020-08-27,320.7821044921875,1.1842728853225708,133.05982971191406
2020-08-28,322.85400390625,1.1819632053375244,132.96087646484375
2020-08-31,321.6845397949219,1.1918240785598755,133.8437957763672
2020-09-01,324.7143249511719,1.193901538848877,135.37469482421875
2020-09-02,329.4110107421875,1.1923214197158813,136.66351318359375
2020-09-03,318.0745544433594,1.184735894203186,137.05184936523438
2020-09-04,315.4775390625,1.1839784383773804,134.44940185546875
2020-09-07,315.4775390625,1.183445930480957,134.44940185546875
2020-09-08,306.8577880859375,1.1821727752685547,135.27560424804688
2020-09-09,312.9173889160156,1.177024483680725,134.91204833984375
2020-09-10,307.4840393066406,1.1806375980377197,135.5978240966797
2020-09-11,307.6405334472656,1.1824384927749634,135.8868865966797
2020-09-14,311.692626953125,1.1842728853225708,135.87867736816406
2020-09-15,313.2673645019531,1.187000036239624,135.54818725585938
2020-09-16,312.0240783691406,1.1844412088394165,135.14341735839844
2020-09-17,309.2797546386719,1.1803449392318726,135.55648803710938
2020-09-18,305.7191467285156,1.1848200559616089,135.13511657714844
2020-09-21,302.3166198730469,1.1845533847808838,135.82080078125
2020-09-22,305.3955993652344,1.176800012588501,135.71336364746094
2020-09-23,298.3130798339844,1.1708368062973022,135.89523315429688
2020-09-24,299.1082458496094,1.1658544540405273,136.41567993164062
2020-09-25,303.9439697265625,1.1673243045806885,136.41567993164062
2020-09-28,308.9922790527344,1.1635348796844482,136.02737426757812
2020-09-29,307.3094787597656,1.167883276939392,136.1843719482422
2020-09-30,309.6395568847656,1.1742050647735596,134.87901306152344
2020-10-01,311.6273498535156,1.1726078987121582,135.10150146484375
2020-10-02,308.6686706542969,1.1744946241378784,134.59686279296875
2020-10-05,314.1423034667969,1.1720443964004517,131.96707153320312
2020-10-06,309.67657470703125,1.1792453527450562,132.67832946777344
2020-10-07,315.06689453125,1.1737639904022217,131.7107391357422
2020-10-08,317.8592224121094,1.176747441291809,132.42190551757812
2020-10-09,320.69769287109375,1.1767003536224365,132.3971405029297
2020-10-12,325.85693359375,1.181683897972107,132.81893920898438
2020-10-13,323.7303771972656,1.1816140413284302,133.7700653076172
2020-10-14,321.6962890625,1.1742188930511475,134.07594299316406
2020-10-15,321.29864501953125,1.1743981838226318,133.8444366455078
2020-10-16,321.10455322265625,1.1707134246826172,133.47215270996094
2020-10-19,316.22265625,1.1715501546859741,132.96778869628906
2020-10-20,317.4893493652344,1.176885962486267,131.7024383544922
2020-10-21,316.8883972167969,1.1829839944839478,131.24761962890625
2020-10-22,318.6265869140625,1.1853959560394287,129.88299560546875
2020-10-23,319.70843505859375,1.1815024614334106,130.6769561767578
2020-10-26,313.8002014160156,1.1848480701446533,131.8926239013672
2020-10-27,312.7184143066406,1.1809443235397339,132.77757263183594
2020-10-28,302.0300598144531,1.1784114837646484,132.9015655517578
2020-10-29,305.0997009277344,1.1748672723770142,131.6114501953125
2020-10-30,301.9190368652344,1.1678695678710938,130.31301879882812
2020-11-02,305.30316162109375,1.1642121076583862,131.28915405273438
2020-11-03,310.69354248046875,1.1642799377441406,130.5274658203125
2020-11-04,317.6372985839844,1.176221489906311,133.35890197753906
2020-11-05,323.83209228515625,1.17326819896698,133.59072875976562
2020-11-06,323.7582092285156,1.1817537546157837,131.97637939453125
2020-11-09,327.826416015625,1.1893010139465332,129.20281982421875
2020-11-10,327.3455810546875,1.182732105255127,128.45767211914062
2020-11-11,329.7772521972656,1.1818794012069702,128.92132568359375
2020-11-12,326.57818603515625,1.1780297756195068,131.11532592773438
2020-11-13,331.09942626953125,1.1803393363952637,130.94143676757812
2020-11-16,335.2323913574219,1.1845253705978394,130.6268310546875
2020-11-17,333.429443359375,1.1859441995620728,131.4795379638672
2020-11-18,329.4165954589844,1.186366319656372,131.86038208007812
2020-11-19,330.8035888671875,1.1847639083862305,132.53929138183594
2020-11-20,328.5382995605469,1.1866477727890015,133.71487426757812
2020-11-23,330.5076904296875,1.1866477727890015,133.10231018066406
2020-11-24,335.8334045410156,1.1842728853225708,131.77760314941406
2020-11-25,335.315673828125,1.1900511980056763,131.37191772460938
2020-11-26,335.315673828125,1.1920002698898315,131.37191772460938
2020-11-27,336.24957275390625,1.191599726676941,132.64688110351562
2020-11-30,334.7607727050781,1.1971460580825806,132.48129272460938
2020-12-01,338.4222717285156,1.193816065788269,130.52793884277344
2020-12-02,339.13427734375,1.2074378728866577,129.49203491210938
2020-12-03,339.0417785644531,1.2114603519439697,130.53623962402344
2020-12-04,341.9634704589844,1.2145650386810303,128.6219024658203
2020-12-07,341.2608337402344,1.212135910987854,129.78211975097656
2020-12-08,342.2594299316406,1.2113136053085327,130.3953399658203
2020-12-09,339.1897277832031,1.2110936641693115,129.96450805664062
2020-12-10,339.0788879394531,1.207875370979309,131.1164093017578
2020-12-11,338.6811828613281,1.2144293785095215,131.5804443359375
2020-12-14,337.1648254394531,1.213340401649475,131.21583557128906
2020-12-15,341.7230224609375,1.214889645576477,130.77659606933594
2020-12-16,342.2594299316406,1.2154301404953003,130.42848205566406
2020-12-17,344.1732482910156,1.2199585437774658,130.0834197998047
2020-12-18,342.7990417480469,1.226271629333496,129.6934356689453
2020-12-21,341.5734558105469,1.221612811088562,130.20790100097656
2020-12-22,340.9977111816406,1.2236906290054321,130.8798065185547
2020-12-23,341.30413818359375,1.2186651229858398,129.97555541992188
2020-12-24,342.6320495605469,1.2191405296325684,130.48992919921875
2020-12-25,342.6320495605469,1.2184720039367676,130.48992919921875
2020-12-28,345.57537841796875,1.2205095291137695,130.54795837402344
2020-12-29,344.9161376953125,1.2223445177078247,130.38211059570312
2020-12-30,345.40826416015625,1.225295066833496,130.66415405273438
2020-12-31,347.1632080078125,1.2299896478652954,130.85496520996094
2021-01-01,347.1632080078125,1.218026876449585,130.85496520996094
2021-01-04,342.4368896484375,1.2250697612762451,130.6973419189453
2021-01-05,344.7953186035156,1.2251598834991455,129.7266845703125
2021-01-06,346.8567810058594,1.230027437210083,127.06364440917969
2021-01-07,352.01019287109375,1.2341108322143555,125.94364929199219
2021-01-08,354.0157775878906,1.227144479751587,125.53711700439453
2021-01-11,351.6294860839844,1.2186205387115479,125.32972717285156
2021-01-12,351.7037353515625,1.2160701751708984,125.23011779785156
2021-01-13,352.6509094238281,1.2208894491195679,126.64048767089844
2021-01-14,351.4159240722656,1.2162491083145142,125.45417785644531
2021-01-15,348.85308837890625,1.2151259183883667,125.95195007324219
2021-01-18,348.85308837890625,1.2068113088607788,125.95195007324219
2021-01-19,351.5923156738281,1.207729458808899,126.35845947265625
2021-01-20,356.4578857421875,1.2138868570327759,126.48289489746094
2021-01-21,356.78289794921875,1.2115631103515625,125.59521484375
2021-01-22,355.5201416015625,1.2166293859481812,126.001708984375
2021-01-25,356.9222412109375,1.216944694519043,127.48676300048828
2021-01-26,356.36505126953125,1.214624047279358,127.24607849121094
2021-01-27,347.6553039550781,1.216299295425415,127.56968688964844
2021-01-28,350.6452331542969,1.2105072736740112,126.86446380615234
2021-01-29,343.6255187988281,1.2120037078857422,126.10124969482422
2021-02-01,349.34527587890625,1.2123857736587524,126.24739074707031
2021-02-02,354.28515625,1.2068694829940796,125.43346405029297
2021-02-03,354.56365966796875,1.203905463218689,124.32047271728516
2021-02-04,358.5935363769531,1.2042388916015625,123.98826599121094
2021-02-05,360.0048828125,1.1966731548309326,122.95008087158203
2021-02-08,362.6048583984375,1.2048773765563965,123.48993682861328
2021-02-09,362.36346435546875,1.2053595781326294,123.58125305175781
2021-02-10,362.2055969238281,1.2119992971420288,124.40348815917969
2021-02-11,362.7905578613281,1.2121212482452393,123.72249603271484
2021-02-12,364.5826416015625,1.2131506204605103,122.18589782714844
2021-02-15,364.5826416015625,1.2122093439102173,122.18589782714844
2021-02-16,364.26690673828125,1.2132196426391602,120.32543182373047
2021-02-17,364.3504638671875,1.2092483043670654,121.08954620361328
2021-02-18,362.7997741699219,1.2048004865646362,120.59954071044922
2021-02-19,362.1591796875,1.209189772605896,118.99650573730469
2021-02-22,359.37347412109375,1.2126356363296509,118.0911865234375
2021-02-23,359.80999755859375,1.2166796922683716,117.75062561035156
2021-02-24,363.77484130859375,1.215214490890503,116.978271484375
2021-02-25,355.0093688964844,1.2171372175216675,115.06786346435547
2021-02-26,353.18011474609375,1.2160420417785645,118.87191009521484
2021-03-01,361.7413024902344,1.208956003189087,117.30192565917969
2021-03-02,358.9185791015625,1.2051095962524414,117.31021118164062
2021-03-03,354.16455078125,1.208546757698059,116.0379409790039
2021-03-04,349.78173828125,1.2050660848617554,115.2895278930664
2021-03-05,356.2165222167969,1.1967735290527344,115.51406860351562
2021-03-08,354.4429931640625,1.1925631761550903,114.61595916748047
2021-03-09,359.5035095214844,1.185171127319336,116.2042465209961
2021-03-10,361.7413024902344,1.1897906064987183,116.4371109008789
2021-03-11,365.40911865234375,1.1926058530807495,115.59720611572266
2021-03-12,365.9011535644531,1.1986095905303955,113.1440200805664
2021-03-15,368.083251953125,1.1950000524520874,113.80931854248047
2021-03-16,367.61895751953125,1.1925773620605469,113.35195922851562
2021-03-17,368.8724670410156,1.190164566040039,112.50371551513672
2021-03-18,363.5055236816406,1.1982792615890503,111.36448669433594
2021-03-19,362.8330078125,1.1918240785598755,112.05467987060547
2021-03-22,365.7301330566406,1.1883116960525513,113.31034088134766
2021-03-23,362.8515625,1.193303108215332,114.333251953125
2021-03-24,361.0070495605469,1.1840205192565918,114.9485855102539
2021-03-25,363.03790283203125,1.1813069581985474,114.04215240478516
2021-03-26,368.8882141113281,1.1776621341705322,113.64299011230469
2021-03-29,368.7019348144531,1.1788004636764526,112.6783676147461
2021-03-30,367.7237548828125,1.177100658416748,113.26879119873047
2021-03-31,369.2143249511719,1.1723604202270508,112.63680267333984
2021-04-01,373.2014465332031,1.1728830337524414,114.5062255859375
2021-04-02,373.2014465332031,1.177994966506958,114.5062255859375
2021-04-05,378.55804443359375,1.176816701889038,114.00653839111328
2021-04-06,378.3345031738281,1.1818934679031372,114.78102111816406
2021-04-07,378.7723388671875,1.1874228715896606,113.98165130615234
2021-04-08,380.57025146484375,1.1873664855957031,114.92257690429688
2021-04-09,383.337158203125,1.1915684938430786,114.5062255859375
2021-04-12,383.47686767578125,1.1900511980056763,114.45624542236328
2021-04-13,384.61334228515625,1.1914690732955933,115.31397247314453
2021-04-14,383.2998046875,1.1954143047332764,114.94756317138672
2021-04-15,387.41741943359375,1.1986095905303955,116.87113189697266
2021-04-16,388.71234130859375,1.1971746683120728,115.96349334716797
2021-04-19,386.80255126953125,1.1969454288482666,115.63037872314453
2021-04-20,383.9706115722656,1.204529047012329,116.16331481933594
2021-04-21,387.6037292480469,1.2032392024993896,116.39649963378906
2021-04-22,384.0636901855469,1.2037750482559204,116.9044189453125
2021-04-23,388.2279357910156,1.2014753818511963,116.62962341308594
2021-04-26,389.038330078125,1.2089852094650269,116.46305847167969
2021-04-27,388.9545593261719,1.2081671953201294,115.44718933105469
2021-04-28,388.8426818847656,1.2090305089950562,115.52214813232422
2021-04-29,391.3206787109375,1.213592290878296,115.18073272705078
2021-04-30,388.7496032714844,1.2127091884613037,115.44718933105469
2021-05-03,389.58807373046875,1.2027760744094849,115.51640319824219
2021-05-04,387.1845397949219,1.2061271667480469,116.30033874511719
2021-05-05,387.3056335449219,1.2015043497085571,116.49208068847656
2021-05-06,390.3985290527344,1.2007973194122314,116.68389129638672
2021-05-07,393.2398376464844,1.2068549394607544,116.10848236083984
2021-05-10,389.34588623046875,1.2171076536178589,114.93267059326172
2021-05-11,385.87103271484375,1.2140932083129883,114.28216552734375
2021-05-12,377.6731262207031,1.2144500017166138,113.081298828125
2021-05-13,382.20989990234375,1.2078505754470825,113.25642395019531
2021-05-14,388.0788269042969,1.207729458808899,114.3155517578125
2021-05-17,387.0914001464844,1.2150373458862305,114.07367706298828
2021-05-18,383.7563171386719,1.2156872749328613,113.78180694580078
2021-05-19,382.7501220703125,1.2223997116088867,113.50664520263672
2021-05-20,386.8677673339844,1.217285394668579,114.44068908691406
2021-05-21,386.551025390625,1.222538709640503,114.80755615234375
2021-05-24,390.49163818359375,1.2183235883712769,115.23284912109375
2021-05-25,389.6252746582031,1.2214635610580444,116.30033874511719
2021-05-26,390.3985290527344,1.2249093055725098,116.10014343261719
2021-05-27,390.6033630371094,1.21925950050354,115.63314819335938
2021-05-28,391.3021545410156,1.2193188667297363,115.4496841430664
2021-05-31,391.3021545410156,1.2190067768096924,115.4496841430664
2021-06-01,390.95745849609375,1.223286509513855,115.42383575439453
2021-06-02,391.5722961425781,1.2217769622802734,115.69100952148438
2021-06-03,390.1190185546875,1.220986247062683,115.25677490234375
2021-06-04,393.6869812011719,1.2133007049560547,116.83518981933594
2021-06-07,393.3050231933594,1.2168411016464233,116.47608184814453
2021-06-08,393.388916015625,1.2193634510040283,117.2945327758789
2021-06-09,392.8019714355469,1.217285394668579,118.3300552368164
2021-06-10,394.62786865234375,1.218200445175171,119.03995513916016
2021-06-11,395.2799377441406,1.2172558307647705,118.84783172607422
2021-06-14,396.1650085449219,1.2110203504562378,117.93757629394531
2021-06-15,395.43829345703125,1.212224006652832,117.79560089111328
2021-06-16,393.23046875,1.2127091884613037,117.69535827636719
2021-06-17,393.1001281738281,1.1995586156845093,119.45745086669922
2021-06-18,387.7969970703125,1.1913414001464844,121.7040023803711
2021-06-21,393.3487548828125,1.1873664855957031,119.666259765625
2021-06-22,395.4516296386719,1.1912561655044556,119.95853424072266
2021-06-23,394.9750061035156,1.1936734914779663,119.64958953857422
2021-06-24,397.3115234375,1.1933174133300781,119.84169006347656
2021-06-25,398.72283935546875,1.1930327415466309,118.59730529785156
2021-06-28,399.5265808105469,1.1942152976989746,119.81663513183594
2021-06-29,399.7415771484375,1.1928904056549072,120.01703643798828
2021-06-30,400.0780944824219,1.1901928186416626,120.55157470703125
2021-07-01,402.2931213378906,1.1856770515441895,120.55821990966797
2021-07-02,405.3680419921875,1.1846235990524292,121.28573608398438
2021-07-05,405.3680419921875,1.1856207847595215,121.28573608398438
2021-07-06,404.629638671875,1.186380386352539,122.70728302001953
2021-07-07,406.05963134765625,1.1824523210525513,123.79440307617188
2021-07-08,402.75103759765625,1.17933988571167,124.27941131591797
2021-07-09,407.05035400390625,1.184800386428833,122.53163146972656
2021-07-12,408.5083923339844,1.187295913696289,122.37281036376953
2021-07-13,407.1158142089844,1.186521053314209,121.43620300292969
2021-07-14,407.7232971191406,1.1775373220443726,122.8160171508789
2021-07-15,406.3307189941406,1.1833338737487793,124.17068481445312
2021-07-16,403.14361572265625,1.1811814308166504,123.93653869628906
2021-07-19,397.1900634765625,1.1814005374908447,126.65424346923828
2021-07-20,402.8819274902344,1.1793843507766724,125.43330383300781
2021-07-21,406.143798828125,1.1784114837646484,123.84454345703125
2021-07-22,406.9942932128906,1.179273009300232,125.01527404785156
2021-07-23,411.18145751953125,1.1772738695144653,124.1790542602539
2021-07-26,412.1907653808594,1.1773432493209839,123.81109619140625
2021-07-27,410.3122863769531,1.1807769536972046,125.1323471069336
2021-07-28,410.1439514160156,1.1823126077651978,125.14073181152344
2021-07-29,411.844970703125,1.1845955848693848,124.44664001464844
2021-07-30,409.8449401855469,1.1892997026443481,125.03192901611328
2021-08-02,408.9850158691406,1.186704158782959,126.14720153808594
2021-08-03,412.3123474121094,1.1874650716781616,126.2142105102539
2021-08-04,410.2841796875,1.1869436502456665,126.47372436523438
2021-08-05,412.8824768066406,1.1837401390075684,125.82905578613281
2021-08-06,413.56475830078125,1.1835720539093018,123.72753143310547
2021-08-09,413.228271484375,1.1749500036239624,123.28385925292969
2021-08-10,413.7423095703125,1.17384672164917,122.71454620361328
2021-08-11,414.7705078125,1.172333002090454,122.63916778564453
2021-08-12,416.0135192871094,1.1741899251937866,122.43824768066406
2021-08-13,416.7705078125,1.173626184463501,124.37225341796875
2021-08-16,417.751953125,1.179467797279358,124.67369842529297
2021-08-17,415.013427734375,1.177994966506958,124.62345123291016
2021-08-18,410.4711608886719,1.1709738969802856,125.04206085205078
2021-08-19,411.1066589355469,1.1703298091888428,125.96302795410156
2021-08-20,414.37786865234375,1.1676595211029053,126.04678344726562
2021-08-23,418.02301025390625,1.1697548627853394,125.96302795410156
2021-08-24,418.68646240234375,1.1744533777236938,124.98346710205078
2021-08-25,419.5651550292969,1.175309181213379,123.94526672363281
2021-08-26,417.0883483886719,1.1774401664733887,124.28850555419922
2021-08-27,420.8173828125,1.1756407022476196,125.1341552734375
2021-08-30,422.6680908203125,1.1799006462097168,125.46068572998047
2021-08-31,422.0419006347656,1.1796904802322388,124.60664367675781
2021-09-01,422.2661437988281,1.1810280084609985,124.81544494628906
2021-09-02,423.5653381347656,1.1840906143188477,125.36033630371094
2021-09-03,423.46246337890625,1.1876484155654907,124.22023010253906
2021-09-06,423.46246337890625,1.1885942220687866,124.22023010253906
2021-09-07,421.9483642578125,1.1875073909759521,123.17235565185547
2021-09-08,421.434326171875,1.184356927871704,124.01062774658203
2021-09-09,419.6305236816406,1.1819101572036743,125.51119232177734
2021-09-10,416.3220520019531,1.1825922727584839,124.40464782714844
2021-09-13,417.3874206542969,1.1811953783035278,125.1591567993164
2021-09-14,415.135009765625,1.1811953783035278,126.67638397216797
2021-09-15,418.6024475097656,1.1804981231689453,126.23218536376953
2021-09-16,417.9388427734375,1.1819995641708374,125.6537094116211
2021-09-17,413.86761474609375,1.176747441291809,125.05009460449219
2021-09-20,406.9667663574219,1.1729930639266968,126.60101318359375
2021-09-21,406.58233642578125,1.1730204820632935,126.49198913574219
2021-09-22,410.5484313964844,1.17229163646698,127.24650573730469
2021-09-23,415.53662109375,1.168770432472229,124.3711166381836
2021-09-24,416.2210998535156,1.1740258932113647,123.15557098388672
2021-09-27,415.03033447265625,1.1723054647445679,122.70291137695312
2021-09-28,406.6666564941406,1.1696795225143433,120.79155731201172
2021-09-29,407.3511657714844,1.1686338186264038,121.00109100341797
2021-09-30,402.3724365234375,1.1601601839065552,120.98435974121094
2021-10-01,407.154296875,1.1574475765228271,122.00251007080078
2021-10-04,401.9035339355469,1.160725712776184,121.69192504882812
2021-10-05,406.0854187011719,1.1618449687957764,120.51683044433594
2021-10-06,407.7731018066406,1.1596084833145142,121.1967544555664
2021-10-07,411.2985534667969,1.1555349826812744,119.92930603027344
2021-10-08,410.5484313964844,1.1559758186340332,119.08991241455078
2021-10-11,407.5762023925781,1.1566041707992554,118.78775787353516
2021-10-12,406.5729675292969,1.1553747653961182,120.81900024414062
2021-10-13,408.0356140136719,1.15340256690979,121.99412536621094
2021-10-14,414.8990478515625,1.1599582433700562,122.4473648071289
2021-10-15,418.0588684082031,1.159151554107666,121.73390197753906
2021-10-18,419.2964782714844,1.1597026586532593,122.30467987060547
2021-10-19,422.53143310546875,1.161386251449585,120.61758422851562
2021-10-20,424.19091796875,1.1631964445114136,119.80333709716797
2021-10-21,425.2973327636719,1.1655012369155884,119.6606674194336
2021-10-22,424.85662841796875,1.1625338792800903,120.97846221923828
2021-10-25,427.13507080078125,1.1640088558197021,120.79385375976562
2021-10-26,427.5195007324219,1.161170482635498,121.79267120361328
2021-10-27,425.6254577636719,1.1598236560821533,124.00862884521484
2021-10-28,429.7322692871094,1.1600120067596436,123.58891296386719
2021-10-29,430.60430908203125,1.1683608293533325,123.96662139892578
2021-11-01,431.3450012207031,1.1556684970855713,123.0741195678711
2021-11-02,433.0889892578125,1.1599582433700562,123.62037658691406
2021-11-03,435.7330627441406,1.1579434871673584,122.34293365478516
2021-11-04,437.78656005859375,1.1615750789642334,123.62879180908203
2021-11-05,439.3054504394531,1.1555349826812744,125.47771453857422
2021-11-08,439.68048095703125,1.1568851470947266,125.24241638183594
2021-11-09,438.22711181640625,1.159151554107666,126.87284088134766
2021-11-10,434.7016906738281,1.1595547199249268,124.55329132080078
2021-11-11,434.84234619140625,1.148593544960022,124.36839294433594
2021-11-12,438.1239929199219,1.145081877708435,123.82211303710938
2021-11-15,438.2740173339844,1.144164800643921,122.26728057861328
2021-11-16,440.0086364746094,1.1366478204727173,121.9562759399414
2021-11-17,438.9398193359375,1.1321182250976562,122.92281341552734
2021-11-18,440.4306335449219,1.1321182250976562,123.3850326538086
2021-11-19,439.64300537109375,1.1368415355682373,124.68775939941406
2021-11-22,438.4053649902344,1.1275737285614014,123.22534942626953
2021-11-23,438.9866027832031,1.12421452999115,121.44365692138672
2021-11-24,440.15869140625,1.1244926452636719,123.39347839355469
2021-11-25,440.15869140625,1.1202975511550903,123.39347839355469
2021-11-26,430.34173583984375,1.1209630966186523,126.51148223876953
2021-11-29,435.62054443359375,1.1293182373046875,125.49454498291016
2021-11-30,427.1444396972656,1.1293437480926514,127.40235900878906
2021-12-01,422.4000244140625,1.1330289840698242,128.1882781982422
2021-12-02,428.8697204589844,1.1319515705108643,128.34815979003906
2021-12-03,425.137939453125,1.1306205987930298,129.87962341308594
2021-12-06,430.1729736328125,1.1304799318313599,128.09573364257812
2021-12-07,439.0709533691406,1.128668189048767,127.06069946289062
2021-12-08,440.23370361328125,1.1276500225067139,124.86448669433594
2021-12-09,437.2614440917969,1.1345586776733398,125.56291961669922
2021-12-10,441.3775939941406,1.1293309926986694,125.25991821289062
2021-12-13,437.46771240234375,1.131183385848999,127.1112060546875
2021-12-14,434.45794677734375,1.1285407543182373,126.80834197998047
2021-12-15,441.246337890625,1.1261261701583862,125.58812713623047
2021-12-16,437.3551330566406,1.1290758848190308,125.63703155517578
2021-12-17,432.700439453125,1.1334141492843628,127.06068420410156
2021-12-20,428.0993957519531,1.1243535280227661,126.10877990722656
2021-12-21,435.7020263671875,1.1277517080307007,125.62858581542969
2021-12-22,440.0584716796875,1.128757357597351,126.20984649658203
2021-12-23,442.7965087890625,1.1328877210617065,125.11470031738281
2021-12-24,442.7965087890625,1.132733702659607,125.11470031738281
2021-12-27,449.0630187988281,1.1324259042739868,125.41802978515625
2021-12-28,448.6961669921875,1.1330032348632812,124.92100524902344
2021-12-29,449.2700500488281,1.1314777135849,123.55624389648438
2021-12-30,448.02801513671875,1.1360150575637817,124.5924072265625
2021-12-31,446.89892578125,1.132502794265747,124.83673095703125
2022-01-03,449.4864807128906,1.1373459100723267,121.55977630615234
2022-01-04,449.3359069824219,1.1302244663238525,121.05430603027344
2022-01-05,440.70770263671875,1.1283625364303589,120.397216796875
2022-01-06,440.2936706542969,1.1313496828079224,120.70893859863281
2022-01-07,438.5529479980469,1.1296881437301636,119.84123229980469
2022-01-10,438.00726318359375,1.1353960037231445,120.13610076904297
2022-01-11,441.99676513671875,1.1330417394638062,120.93640899658203
2022-01-12,443.19171142578125,1.1366478204727173,120.4730453491211
2022-01-13,437.08514404296875,1.144164800643921,121.54285430908203
2022-01-14,437.263916015625,1.1457115411758423,119.70648956298828
2022-01-17,437.263916015625,1.1410704851150513,119.70648956298828
2022-01-18,429.5201721191406,1.1410574913024902,118.02163696289062
2022-01-19,425.06024169921875,1.1329647302627563,118.83882141113281
2022-01-20,420.35565185546875,1.1343399286270142,119.57164001464844
2022-01-21,412.1037292480469,1.1313753128051758,120.9953384399414
2022-01-24,413.85382080078125,1.1341469287872314,120.00126647949219
2022-01-25,408.8011474609375,1.1324130296707153,119.80755615234375
2022-01-26,407.7755126953125,1.130454421043396,118.35860443115234
2022-01-27,405.7619934082031,1.1243535280227661,120.53199005126953
2022-01-28,415.8392028808594,1.1147029399871826,120.57415771484375
2022-01-31,423.32891845703125,1.1152374744415283,119.95075988769531
2022-02-01,426.18939208984375,1.12296462059021,119.55256652832031
2022-02-02,430.32940673828125,1.1273956298828125,119.9574966430664
2022-02-03,420.2145080566406,1.1299946308135986,119.0210952758789
2022-02-04,422.19036865234375,1.14357590675354,117.26646423339844
2022-02-07,420.8354797363281,1.145514726638794,117.34239959716797
2022-02-08,424.2980651855469,1.1442956924438477,116.557861328125
2022-02-09,430.5081787109375,1.142126202583313,116.77717590332031
2022-02-10,422.7738342285156,1.142152190208435,114.92132568359375
2022-02-11,414.43719482421875,1.1415525674819946,116.62538146972656
2022-02-14,413.0822448730469,1.1365057229995728,115.1744155883789
2022-02-15,419.7439880371094,1.1306334733963013,113.86680603027344
2022-02-16,420.2145080566406,1.1356796026229858,114.54168701171875
2022-02-17,411.2380676269531,1.1375269889831543,115.39373016357422
2022-02-18,408.5752868652344,1.1366478204727173,116.60844421386719
2022-02-21,408.5752868652344,1.131721019744873,116.60844421386719
2022-02-22,404.1906433105469,1.1309658288955688,116.91218566894531
2022-02-23,397.02081298828125,1.13291335105896,115.30091094970703
2022-02-24,402.99566650390625,1.1305694580078125,115.37681579589844
2022-02-25,411.8873596191406,1.11906898021698,115.46118927001953
2022-02-28,410.83355712890625,1.118105411529541,117.99195861816406
2022-03-01,404.576416015625,1.1215918064117432,119.35615539550781
2022-03-02,412.01904296875,1.1132758855819702,115.27623748779297
2022-03-03,409.96783447265625,1.1112345457077026,116.45035552978516
2022-03-04,406.6369934082031,1.1066844463348389,118.46074676513672
2022-03-07,394.6496887207031,1.087453007698059,117.55693054199219
2022-03-08,391.6575927734375,1.0865312814712524,116.37434387207031
2022-03-09,402.1581726074219,1.0898232460021973,115.23402404785156
2022-03-10,400.34222412109375,1.107382893562317,113.57846069335938
2022-03-11,395.251953125,1.1013944149017334,113.95848846435547
2022-03-14,392.3633117675781,1.093206763267517,111.29771423339844
2022-03-15,400.9914855957031,1.0943193435668945,111.10342407226562
2022-03-16,409.8831481933594,1.0969363451004028,112.19306945800781
2022-03-17,415.01116943359375,1.1021955013275146,111.35684204101562
2022-03-18,419.55670166015625,1.1099518537521362,112.71678161621094
2022-03-21,419.4340515136719,1.1043134927749634,110.1066665649414
2022-03-22,424.342041015625,1.101722002029419,108.69602966308594
2022-03-23,418.87713623046875,1.1029735803604126,111.0781021118164
2022-03-24,425.1914367675781,1.1006306409835815,110.20803833007812
2022-03-25,427.267822265625,1.1009578704833984,108.67915344238281
2022-03-28,430.30712890625,1.098189115524292,109.60830688476562
2022-03-29,435.63031005859375,1.0993843078613281,110.4361343383789
2022-03-30,432.94049072265625,1.1091516017913818,111.29771423339844
2022-03-31,426.2769775390625,1.1161835193634033,111.56800079345703
2022-04-01,427.48504638671875,1.1072357892990112,111.99270629882812
2022-04-04,431.1470642089844,1.1047282218933105,111.21440124511719
2022-04-05,425.7012023925781,1.0975863933563232,108.70178985595703
2022-04-06,421.4444274902344,1.090643286705017,107.82193756103516
2022-04-07,423.56805419921875,1.0898232460021973,107.00981140136719
2022-04-08,422.4354248046875,1.0864840745925903,105.85076904296875
2022-04-11,415.215087890625,1.0884946584701538,104.17570495605469
2022-04-12,413.6765441894531,1.0877959728240967,104.03190612792969
2022-04-13,418.4146423339844,1.0826143026351929,104.24339294433594
2022-04-14,413.20465087890625,1.089656949043274,102.15380859375
2022-04-15,413.20465087890625,1.0820988416671753,102.15380859375
2022-04-18,413.3746032714844,1.081525444984436,101.646240234375
2022-04-19,420.0475769042969,1.0781787633895874,100.88478088378906
2022-04-20,419.7360534667969,1.0794472694396973,102.91516876220703
2022-04-21,413.4595031738281,1.0849870443344116,102.15380859375
2022-04-22,402.114501953125,1.0835175514221191,101.51083374023438
2022-04-25,404.4457702636719,1.0811045169830322,102.52604675292969
2022-04-26,392.7327575683594,1.0714209079742432,103.55813598632812
2022-04-27,393.8370056152344,1.0643619298934937,102.2299575805664
2022-04-28,403.7850646972656,1.0555092096328735,102.3822021484375
2022-04-29,388.8629150390625,1.0504201650619507,101.05400085449219
2022-05-02,391.2037048339844,1.0535964965820312,99.30233764648438
2022-05-03,392.9969787597656,1.0509058237075806,99.9718017578125
2022-05-04,404.9648742675781,1.0528532266616821,100.52265167236328
2022-05-05,390.5712890625,1.0622477531433105,97.76850128173828
2022-05-06,388.2399597167969,1.0539740324020386,96.32784271240234
2022-05-09,375.80963134765625,1.053219199180603,97.17532348632812
2022-05-10,376.677978515625,1.056579828262329,98.05665588378906
2022-05-11,370.69403076171875,1.0532968044281006,99.94641876220703
2022-05-12,370.3070068359375,1.05124831199646,99.75997161865234
2022-05-13,379.1602478027344,1.0379581451416016,98.28541564941406
2022-05-16,377.6218566894531,1.0400632619857788,98.18373107910156
2022-05-17,385.3896484375,1.0438958406448364,96.99735260009766
2022-05-18,369.85394287109375,1.0547856092453003,99.0650863647461
2022-05-19,367.5887756347656,1.0472739934921265,99.30233764648438
2022-05-20,367.7492370605469,1.057898759841919,100.42945861816406
2022-05-23,374.6298522949219,1.0569819211959839,98.77693939208984
2022-05-24,371.76995849609375,1.0682048797607422,100.72601318359375
2022-05-25,375.0545959472656,1.0736525058746338,101.12435150146484
2022-05-26,382.5486755371094,1.0686614513397217,100.666748046875
2022-05-27,391.9399108886719,1.0732953548431396,100.91248321533203
2022-05-30,391.9399108886719,1.0731456279754639,100.91248321533203
2022-05-31,389.7407531738281,1.0773539543151855,98.77693939208984
2022-06-01,386.5882568359375,1.0734105110168457,98.66405487060547
2022-06-02,393.9502868652344,1.0654165744781494,98.71497344970703
2022-06-03,387.4850158691406,1.0751069784164429,98.50272369384766
2022-06-06,388.66473388671875,1.0726046562194824,96.68599700927734
2022-06-07,392.3929748535156,1.0691413879394531,97.73018646240234
2022-06-08,388.1268005371094,1.0698620080947876,96.86427307128906
2022-06-09,378.8959655761719,1.071765422821045,97.18689727783203
2022-06-10,367.90966796875,1.0619205236434937,96.58413696289062
2022-06-13,353.94073486328125,1.0489987134933472,93.55338287353516
2022-06-14,352.874267578125,1.0415147542953491,92.3733901977539
2022-06-15,357.90496826171875,1.0440592765808105,94.09673309326172
2022-06-16,346.0597229003906,1.0456204414367676,94.84381866455078
2022-06-17,346.8058166503906,1.0546854734420776,95.14944458007812
2022-06-20,346.8058166503906,1.049141764640808,95.14944458007812
2022-06-21,355.5361022949219,1.0520778894424438,93.53644561767578
2022-06-22,354.8915100097656,1.053263545036316,96.10873413085938
2022-06-23,358.3703918457031,1.0564124584197998,96.89822387695312
2022-06-24,369.7643127441406,1.052011489868164,95.55692291259766
2022-06-27,368.3519592285156,1.0566133260726929,94.74192810058594
2022-06-28,360.8254699707031,1.0580891370773315,95.18339538574219
2022-06-29,360.5316162109375,1.0523545742034912,96.66903686523438
2022-06-30,357.6025390625,1.04465913772583,97.51798248291016
2022-07-01,361.38470458984375,1.0477677583694458,98.51912689208984
2022-07-04,361.38470458984375,1.0433948040008545,98.51912689208984
2022-07-05,362.06719970703125,1.0433186292648315,99.29325103759766
2022-07-06,363.2900390625,1.0257673263549805,97.62598419189453
2022-07-07,368.73114013671875,1.0186411142349243,96.76683807373047
2022-07-08,368.42779541015625,1.0169836282730103,95.69507598876953
2022-07-11,364.21905517578125,1.0166114568710327,97.34529113769531
2022-07-12,360.9961242675781,1.004752516746521,97.9237060546875
2022-07-13,359.1002502441406,1.0033109188079834,99.04651641845703
2022-07-14,358.2281799316406,1.0032706260681152,98.23844146728516
2022-07-15,365.0721435546875,1.0025665760040283,98.79135131835938
2022-07-18,362.0577697753906,1.009631872177124,97.7620849609375
2022-07-19,371.84027099609375,1.0145177841186523,97.23470306396484
2022-07-20,374.2100830078125,1.0231330394744873,97.48987579345703
2022-07-21,378.0207214355469,1.0182781219482422,99.17412567138672
2022-07-22,374.51348876953125,1.0221081972122192,100.84134674072266
2022-07-25,374.968505859375,1.0200231075286865,99.85462951660156
2022-07-26,370.5321960449219,1.022494912147522,99.93115997314453
2022-07-27,380.153564453125,1.0129557847976685,99.36976623535156
2022-07-28,384.9215393066406,1.0209290981292725,100.1608657836914
2022-07-29,390.5333251953125,1.0192328691482544,99.88862609863281
2022-08-01,389.3768005371094,1.0208247900009155,102.2943344116211
2022-08-02,386.8079528808594,1.0261356830596924,100.12981414794922
2022-08-03,392.8651428222656,1.015568733215332,101.7063217163086
2022-08-04,392.5997314453125,1.015764594078064,101.67223358154297
2022-08-05,391.9361572265625,1.024779200553894,99.25208282470703
2022-08-08,391.48114013671875,1.0170871019363403,100.85415649414062
2022-08-09,389.92657470703125,1.0197629928588867,100.462158203125
2022-08-10,398.11663818359375,1.0208144187927246,99.80599975585938
2022-08-11,398.11663818359375,1.0300782918930054,97.47956085205078
2022-08-12,404.8564147949219,1.0316723585128784,98.46807861328125
2022-08-15,406.524658203125,1.0256409645080566,98.38287353515625
2022-08-16,407.3209228515625,1.0161981582641602,98.79192352294922
2022-08-17,404.42974853515625,1.0170663595199585,97.76074981689453
2022-08-18,405.60516357421875,1.0180189609527588,97.9056625366211
2022-08-19,400.1546936035156,1.0089900493621826,96.32913208007812
2022-08-22,391.8224182128906,1.0035223960876465,96.00533294677734
2022-08-23,390.87451171875,0.9939467906951904,95.47695922851562
2022-08-24,392.125732421875,0.9966909885406494,94.77819061279297
2022-08-25,397.6616516113281,0.9969095587730408,96.09905242919922
2022-08-26,384.2011413574219,0.9971283078193665,96.82342529296875
2022-08-29,381.66082763671875,0.993867814540863,96.02235412597656
2022-08-30,377.4709167480469,1.0014019012451172,96.2609634399414
2022-08-31,374.5987854003906,1.0025062561035156,95.34059143066406
2022-09-01,375.774169921875,1.003905177116394,93.59510803222656
2022-09-02,371.8118591308594,0.995232880115509,94.12459564208984
2022-09-05,371.8118591308594,0.9909427762031555,94.12459564208984
2022-09-06,370.408935546875,0.9952229857444763,91.79324340820312
2022-09-07,377.0633544921875,0.9897951483726501,93.2449722290039
2022-09-08,379.5279541015625,0.9995701909065247,92.28855895996094
2022-09-09,385.4240417480469,1.0012015104293823,92.49348449707031
2022-09-12,389.5664367675781,1.0071406364440918,91.73345184326172
2022-09-13,372.62713623046875,1.0129557847976685,91.94693756103516
2022-09-14,374.0489196777344,0.9982032775878906,92.2629165649414
2022-09-15,369.8022766113281,0.9984025359153748,92.20316314697266
2022-09-16,366.9810791015625,0.9988313317298889,91.43456268310547
2022-09-19,369.8269958496094,1.002234935760498,91.6480484008789
2022-09-20,365.58197021484375,1.0029587745666504,90.73431396484375
2022-09-21,359.20477294921875,0.997078537940979,92.25436401367188
2022-09-22,356.1875305175781,0.983071506023407,89.89740753173828
2022-09-23,350.2196960449219,0.9841550588607788,90.26461029052734
2022-09-26,346.7550354003906,0.968992292881012,88.53960418701172
2022-09-27,345.8699035644531,0.9623712301254272,86.20823669433594
2022-09-28,352.6753234863281,0.9596191644668579,89.09471893310547
2022-09-29,345.308349609375,0.9708172082901001,88.63352966308594
2022-09-30,339.9685974121094,0.9829555749893188,87.4892349243164
2022-10-03,348.9442443847656,0.9792688488960266,88.87940979003906
2022-10-04,359.75689697265625,0.9832068681716919,88.63113403320312
2022-10-05,358.91925048828125,0.998432457447052,87.78366088867188
2022-10-06,355.2166748046875,0.9910998940467834,87.29576873779297
2022-10-07,345.308349609375,0.9789045453071594,86.44831085205078
2022-10-10,342.6717834472656,0.9735012650489807,85.10438537597656
2022-10-11,340.50164794921875,0.9710057377815247,85.48101043701172
2022-10-12,339.3785400390625,0.9700167775154114,85.90047454833984
2022-10-13,348.3350830078125,0.9707984328269958,85.07869720458984
2022-10-14,340.39697265625,0.975134015083313,84.37679290771484
2022-10-17,349.1441345214844,0.973937451839447,83.96586608886719
2022-10-18,353.24639892578125,0.9846396446228027,84.16275787353516
2022-10-19,350.7431640625,0.9863878488540649,82.63053131103516
2022-10-20,347.8020935058594,0.9766482710838318,81.21808624267578
2022-10-21,356.2541198730469,0.9778899550437927,79.75433349609375
2022-10-24,360.6134338378906,0.9860085844993591,79.09522247314453
2022-10-25,366.3719177246094,0.9886503219604492,81.39788055419922
2022-10-26,363.6117248535156,0.9963731169700623,82.57060241699219
2022-10-27,361.6699523925781,1.009193778038025,83.4351577758789
2022-10-28,370.27435302734375,0.9967803955078125,82.86163330078125
2022-10-31,367.5997314453125,0.9955002665519714,82.27101135253906
2022-11-01,365.99114990234375,0.9886307716369629,83.03986358642578
2022-11-02,356.8062744140625,0.9877909421920776,82.67945861816406
2022-11-03,353.1322326660156,0.9814409017562866,82.23323059082031
2022-11-04,358.21490478515625,0.9749630093574524,80.85166931152344
2022-11-07,361.6413879394531,0.9928810596466064,80.04502868652344
2022-11-08,363.5926513671875,1.0018634796142578,80.92030334472656
2022-11-09,356.10186767578125,1.008084774017334,81.18634033203125
2022-11-10,375.671142578125,1.0019538402557373,84.30988311767578
2022-11-11,379.30706787109375,1.0192224979400635,84.00096130371094
2022-11-14,376.0804443359375,1.0328551530838013,83.79499816894531
2022-11-15,379.28802490234375,1.0319278240203857,85.15084075927734
2022-11-16,376.39453125,1.0357863903045654,87.01296997070312
2022-11-17,375.2428283691406,1.0395010709762573,86.09475708007812
2022-11-18,376.9465637207031,1.036172866821289,85.50265502929688
2022-11-21,375.5759582519531,1.0330898761749268,85.86306762695312
2022-11-22,380.6300964355469,1.0245691537857056,87.08161163330078
2022-11-23,383.02874755859375,1.0311086177825928,88.6004867553711
2022-11-24,383.02874755859375,1.0416233539581299,88.6004867553711
2022-11-25,382.94293212890625,1.040810227394104,88.30010986328125
2022-11-28,376.83233642578125,1.0367528200149536,88.54898071289062
2022-11-29,376.1851501464844,1.034554123878479,87.5106430053711
2022-11-30,388.0351867675781,1.0324499607086182,88.15422821044922
2022-12-01,387.74969482421875,1.042535424232483,90.97039031982422
2022-12-02,387.3022766113281,1.052842140197754,92.11439514160156
2022-12-05,380.3350524902344,1.0544185638427734,90.82416534423828
2022-12-06,374.85260009765625,1.0496923923492432,91.99397277832031
2022-12-07,374.21484375,1.0469011068344116,94.1615982055664
2022-12-08,377.14642333984375,1.051325798034668,93.90353393554688
2022-12-09,374.3291320800781,1.0559661388397217,91.46070861816406
2022-12-12,379.7258605957031,1.0522217750549316,91.75315856933594
2022-12-13,382.6003723144531,1.0541739463806152,92.63908386230469
2022-12-14,380.1542053222656,1.062665343284607,93.03478240966797
2022-12-15,370.8550109863281,1.0676347017288208,93.3978042602539
2022-12-16,366.4765930175781,1.064056158065796,92.35445404052734
2022-12-19,363.3690490722656,1.05850350856781,90.80242919921875
2022-12-20,363.86627197265625,1.0614584684371948,89.19007110595703
2022-12-21,369.3069763183594,1.062699317932129,89.41423797607422
2022-12-22,364.0382995605469,1.0610079765319824,89.3969955444336
2022-12-23,366.1323547363281,1.060333013534546,88.08641052246094
2022-12-26,366.1323547363281,1.0667804479599,88.08641052246094
2022-12-27,364.6885681152344,1.064022183418274,86.34464263916016
2022-12-28,360.15625,1.0637166500091553,85.8359375
2022-12-29,366.6391906738281,1.062925100326538,86.81027221679688
2022-12-30,365.6734619140625,1.066075325012207,85.84454345703125
2023-01-02,365.6734619140625,1.0709733963012695,85.84454345703125
2023-01-03,364.1340026855469,1.0677714347839355,87.48282623291016
2023-01-04,366.9452209472656,1.0546854734420776,88.68132781982422
2023-01-05,362.7569885253906,1.0606365203857422,89.05207824707031
2023-01-06,371.07586669921875,1.0522217750549316,90.69034576416016
2023-01-09,370.8655700683594,1.0656323432922363,91.1731948852539
2023-01-10,373.46630859375,1.073318362236023,89.6642837524414
2023-01-11,378.1898193359375,1.0738946199417114,91.12149047851562
2023-01-12,379.5667724609375,1.0766000747680664,92.91490936279297
2023-01-13,381.03924560546875,1.0860239267349243,92.0440673828125
2023-01-16,381.03924560546875,1.082461953163147,92.0440673828125
2023-01-17,380.3412780761719,1.0830129384994507,91.44911193847656
2023-01-18,374.3364562988281,1.0793308019638062,93.66509246826172
2023-01-19,371.6112976074219,1.0797853469848633,93.0787582397461
2023-01-20,378.5340881347656,1.083388328552246,91.56982421875
2023-01-23,383.0759582519531,1.086507797241211,91.1386947631836
2023-01-24,382.6647644042969,1.0874292850494385,92.44931030273438
2023-01-25,382.80816650390625,1.088814616203308,92.67352294921875
2023-01-26,387.0154724121094,1.0922038555145264,92.2424087524414
2023-01-27,387.9046325683594,1.0894432067871094,92.00956726074219
2023-01-30,383.0377502441406,1.0871455669403076,91.6733169555664
2023-01-31,388.66961669921875,1.0850694179534912,92.40621948242188
2023-02-01,392.80035400390625,1.0860947370529175,93.51703643798828
2023-02-02,398.518310546875,1.1012852191925049,93.63805389404297
2023-02-03,394.2824401855469,1.0905125141143799,92.2376480102539
2023-02-06,391.87286376953125,1.079086184501648,91.55470275878906
2023-02-07,396.99798583984375,1.0730764865875244,90.8199234008789
2023-02-08,392.65692138671875,1.0729728937149048,91.2521743774414
2023-02-09,389.2529296875,1.0715816020965576,90.3876953125
2023-02-10,390.16131591796875,1.0742292404174805,89.37628173828125
2023-02-13,394.74139404296875,1.0677714347839355,90.12835693359375
2023-02-14,394.5597229003906,1.0730419158935547,89.92089080810547
2023-02-15,395.841064453125,1.0735719203948975,89.08238983154297
2023-02-16,390.3907165527344,1.0691757202148438,87.82025909423828
2023-02-17,389.4154357910156,1.0665756464004517,88.50318908691406
2023-02-20,389.4154357910156,1.0684444904327393,88.50318908691406
2023-02-21,381.6034240722656,1.068261981010437,86.78292083740234
2023-02-22,381.0775451660156,1.065200924873352,87.57820129394531
2023-02-23,383.1047058105469,1.0605803728103638,88.43402099609375
2023-02-24,379.0121765136719,1.0598047971725464,87.28430938720703
2023-02-27,380.3030090332031,1.0554758310317993,87.5263671875
2023-02-28,378.8974304199219,1.0611205101013184,87.92401885986328
2023-03-01,377.44403076171875,1.0577309131622314,86.97944641113281
2023-03-02,380.3794860839844,1.066894292831421,86.2081527709961
2023-03-03,386.4799499511719,1.0599732398986816,88.29663848876953
2023-03-06,386.7476806640625,1.0626201629638672,87.61201477050781
2023-03-07,380.8193664550781,1.0688328742980957,88.14932250976562
2023-03-08,381.4408874511719,1.05507493019104,88.2359619140625
2023-03-09,374.4033203125,1.0549525022506714,88.45260620117188
2023-03-10,369.00091552734375,1.0584698915481567,91.50299835205078
2023-03-13,368.4750061035156,1.0683646202087402,91.71097564697266
2023-03-14,374.56591796875,1.0725010633468628,90.2031478881836
2023-03-15,372.2232666015625,1.0727657079696655,91.94495391845703
2023-03-16,378.75396728515625,1.0583354234695435,91.2257080078125
2023-03-17,374.32537841796875,1.0614134073257446,92.59490203857422
2023-03-20,377.9246826171875,1.0678855180740356,91.78028869628906
2023-03-21,382.8870544433594,1.071914792060852,90.99171447753906
2023-03-22,376.36016845703125,1.0774236917495728,92.2049331665039
2023-03-23,377.37762451171875,1.0870392322540283,92.2049331665039
2023-03-24,379.85400390625,1.0835057497024536,92.59490203857422
2023-03-27,380.5642395019531,1.077818512916565,90.4197769165039
2023-03-28,379.7100830078125,1.0807071924209595,90.58441925048828
2023-03-29,385.2290344238281,1.0839520692825317,90.40245056152344
2023-03-30,387.48468017578125,1.0843634605407715,90.81841278076172
2023-03-31,392.9460754394531,1.0904649496078491,92.17894744873047
2023-04-03,394.4434509277344,1.0803335905075073,92.61246490478516
2023-04-04,392.25506591796875,1.091226577758789,93.07292938232422
2023-04-05,391.22802734375,1.0960105657577515,94.04598236083984
2023-04-06,392.7541809082031,1.090334177017212,94.28923034667969
2023-04-07,392.7541809082031,1.0920130014419556,94.28923034667969
2023-04-10,393.1572570800781,1.0913575887680054,92.76883697509766
2023-04-11,393.2628173828125,1.086932897567749,92.95997619628906
2023-04-12,391.6598815917969,1.0917507410049438,92.86444854736328
2023-04-13,396.8621826171875,1.0999890565872192,92.13465881347656
2023-04-14,395.892822265625,1.1054610013961792,91.29191589355469
2023-04-17,397.3133544921875,1.098659634590149,90.20594024658203
2023-04-18,397.572509765625,1.0925379991531372,90.52740478515625
2023-04-19,397.50531005859375,1.0975382328033447,90.44049835205078
2023-04-20,395.33612060546875,1.095218300819397,91.21373748779297
2023-04-21,395.64324951171875,1.0970927476882935,90.7011489868164
2023-04-24,396.05596923828125,1.0992271900177002,91.57862854003906
2023-04-25,389.76904296875,1.1059499979019165,92.92523193359375
2023-04-26,388.1181640625,1.0978394746780396,91.93479919433594
2023-04-27,395.8448181152344,1.1047282218933105,91.0225830078125
2023-04-28,399.223388671875,1.1032048463821411,92.49083709716797
2023-05-01,398.8203125,1.1010911464691162,89.82389831542969
2023-05-02,394.3378601074219,1.0969241857528687,92.06230926513672
2023-05-03,391.63116455078125,1.1010911464691162,92.57620239257812
2023-05-04,388.85723876953125,1.1068925857543945,91.66168212890625
2023-05-05,396.05596923828125,1.102292776107788,91.3568344116211
2023-05-08,396.1615295410156,1.10186767578125,90.07650756835938
2023-05-09,394.4242858886719,1.0996140241622925,89.75422668457031
2023-05-10,396.26708984375,1.096467137336731,90.62520599365234
2023-05-11,395.5760803222656,1.098406195640564,91.58329010009766
2023-05-12,395.0577697753906,1.0912145376205444,90.81682586669922
2023-05-15,396.4207763671875,1.0852696895599365,89.87619018554688
2023-05-16,393.7716064453125,1.0873701572418213,89.60615539550781
2023-05-17,398.55157470703125,1.0865668058395386,89.3448715209961
2023-05-18,402.3908996582031,1.0838346481323242,88.68291473388672
2023-05-19,401.80535888671875,1.0775396823883057,88.05581665039062
2023-05-22,401.9685974121094,1.0822745561599731,87.74227142333984
2023-05-23,397.4573059082031,1.0811045169830322,87.994873046875
2023-05-24,394.57781982421875,1.076971173286438,87.55936431884766
2023-05-25,397.99481201171875,1.0757315158843994,87.3416519165039
2023-05-26,403.14910888671875,1.0724436044692993,88.04711151123047
2023-05-29,403.14910888671875,1.0723055601119995,88.04711151123047
2023-05-30,403.3027038574219,1.0707669258117676,88.92679595947266
2023-05-31,401.0663146972656,1.073306918144226,89.70195770263672
2023-06-01,404.8768615722656,1.0695186853408813,90.05391693115234
2023-06-02,410.73187255859375,1.0760787725448608,89.06707000732422
2023-06-05,409.94482421875,1.0698620080947876,88.90118408203125
2023-06-06,410.8374328613281,1.0711798667907715,89.42515563964844
2023-06-07,409.4168395996094,1.0698047876358032,88.09770965576172
2023-06-08,411.8931884765625,1.0707440376281738,89.12821960449219
2023-06-09,412.6322937011719,1.078271746635437,89.00594329833984
2023-06-12,416.3756408691406,1.0750954151153564,89.26795959472656
2023-06-13,419.1207275390625,1.0762988328933716,88.38593292236328
2023-06-14,419.619873046875,1.078934907913208,89.09327697753906
2023-06-15,424.82220458984375,1.084304690361023,89.9490966796875
2023-06-16,423.3751220703125,1.0945948362350464,89.59979248046875
2023-06-19,423.3751220703125,1.0942115783691406,89.59979248046875
2023-06-20,421.1786193847656,1.0924304723739624,90.21984100341797
2023-06-21,419.0205993652344,1.0920368432998657,90.43815612792969
2023-06-22,420.5331115722656,1.0992635488510132,89.34654998779297
2023-06-23,417.3538818359375,1.0958904027938843,90.23729705810547
2023-06-26,415.6486511230469,1.0906671285629272,90.33335876464844
2023-06-27,420.2055358886719,1.091048002243042,90.09757232666016
2023-06-28,420.4175109863281,1.0957223176956177,90.48182678222656
2023-06-29,422.0745544433594,1.0915838479995728,88.84877014160156
2023-06-30,427.0553283691406,1.0868029594421387,89.89671325683594
2023-07-03,427.54669189453125,1.0907504558563232,89.3870849609375
2023-07-04,427.54669189453125,1.091309905052185,89.3870849609375
2023-07-05,426.91082763671875,1.0884946584701538,88.53771209716797
2023-07-06,423.5678405761719,1.0856584310531616,87.28551483154297
2023-07-07,422.4983825683594,1.0890636444091797,86.76012420654297
2023-07-10,423.5678405761719,1.0969723463058472,86.87395477294922
2023-07-11,426.26531982421875,1.100594401359558,87.32054901123047
2023-07-12,429.6950378417969,1.101406455039978,88.29249572753906
2023-07-13,433.10540771484375,1.1144545078277588,89.22071075439453
2023-07-14,432.8357238769531,1.1223469972610474,88.6953125
2023-07-17,434.338623046875,1.1227755546569824,88.73908996582031
2023-07-18,437.5660095214844,1.1237596273422241,89.14192199707031
2023-07-19,438.5390625,1.1228890419006348,90.14888763427734
2023-07-20,435.6296081542969,1.120523452758789,89.0543441772461
2023-07-21,435.6296081542969,1.113709807395935,89.08061981201172
2023-07-24,437.5756530761719,1.112532615661621,88.75662994384766
2023-07-25,438.770263671875,1.1063170433044434,88.5902328491211
2023-07-26,438.837646484375,1.1050456762313843,88.67779541015625
2023-07-27,435.92822265625,1.1078368425369263,86.9527587890625
2023-07-28,440.1960754394531,1.0978755950927734,87.39933776855469
2023-07-31,441.0342712402344,1.1024264097213745,87.60948181152344
2023-08-01,439.772216796875,1.0997591018676758,86.1738510131836
2023-08-02,433.6546325683594,1.1007881164550781,85.25186157226562
2023-08-03,432.4118347167969,1.0944151878356934,83.28500366210938
2023-08-04,430.45611572265625,1.095158338546753,84.76016235351562
2023-08-07,434.2134094238281,1.1002674102783203,83.9260025024414
2023-08-08,432.3251037597656,1.100315809249878,84.90065002441406
2023-08-09,429.4349365234375,1.0958904027938843,85.33968353271484
2023-08-10,429.5890197753906,1.0977671146392822,83.93474578857422
2023-08-11,429.3385925292969,1.0981649160385132,83.7416000366211
2023-08-14,431.70855712890625,1.094439148902893,83.55720520019531
2023-08-15,426.6795959472656,1.0909883975982666,83.04792785644531
2023-08-16,423.548583984375,1.0904173851013184,82.39815521240234
2023-08-17,420.32122802734375,1.0874884128570557,82.04692077636719
2023-08-18,420.52349853515625,1.0874648094177246,82.33667755126953
2023-08-21,423.2595520019531,1.087559461593628,81.23908996582031
2023-08-22,422.1130676269531,1.0898351669311523,81.86251831054688
2023-08-23,426.8145446777344,1.0846692323684692,83.890869140625
2023-08-24,420.89923095703125,1.086578607559204,83.33769226074219
2023-08-25,423.8664245605469,1.07991361618042,83.60989379882812
2023-08-28,426.55438232421875,1.0797386169433594,83.69769287109375
2023-08-29,432.7200927734375,1.0825556516647339,84.56697845458984
2023-08-30,434.50244140625,1.0869210958480835,84.47919464111328
2023-08-31,433.8665771484375,1.0932546854019165,84.85673522949219
2023-09-01,434.6758117675781,1.0844104290008545,83.53480529785156
2023-09-04,434.6758117675781,1.07758629322052,83.53480529785156
2023-09-05,432.79718017578125,1.0794472694396973,82.36346435546875
2023-09-06,429.8877258300781,1.0726161003112793,82.56600952148438
2023-09-07,428.5678405761719,1.0724204778671265,82.7950210571289
2023-09-08,429.21331787109375,1.0697818994522095,83.1120834350586
2023-09-11,432.0361022949219,1.071811318397522,82.51317596435547
2023-09-12,429.6661682128906,1.0750375986099243,82.98877716064453
2023-09-13,430.16705322265625,1.075326681137085,82.9711685180664
2023-09-14,433.8761901855469,1.0734220743179321,82.37225341796875
2023-09-15,428.6487121582031,1.0637166500091553,81.87026977539062
2023-09-18,428.90008544921875,1.0668259859085083,82.33705139160156
2023-09-19,428.0106201171875,1.0692671537399292,81.7293701171875
2023-09-20,424.07574462890625,1.0682048797607422,81.9847640991211
2023-09-21,417.0664978027344,1.065303087234497,79.87989044189453
2023-09-22,416.12872314453125,1.0661548376083374,80.5228042602539
2023-09-25,417.87860107421875,1.0648492574691772,78.54121398925781
2023-09-26,411.7394104003906,1.0591648817062378,78.2681884765625
2023-09-27,411.9037780761719,1.0569483041763306,77.86309051513672
2023-09-28,414.291748046875,1.0505305528640747,78.10086822509766
2023-09-29,413.2862854003906,1.0562450885772705,78.10967254638672
2023-10-02,413.1219787597656,1.0565240383148193,76.80209350585938
2023-10-03,407.59185791015625,1.0480751991271973,75.14994812011719
2023-10-04,410.5599060058594,1.0472300052642822,76.21017456054688
2023-10-05,410.4052429199219,1.0507071018218994,75.83026885986328
2023-10-06,415.2779846191406,1.0546631813049316,74.91141510009766
2023-10-09,417.9366149902344,1.056747317314148,76.66958618164062
2023-10-10,420.1119079589844,1.0578875541687012,76.5635757446289
2023-10-11,421.8327331542969,1.0604791641235352,78.16268157958984
2023-10-12,419.2611389160156,1.0624282360076904,76.04229736328125
2023-10-13,417.1728820800781,1.0536741018295288,77.40288543701172
2023-10-16,421.56207275390625,1.0521553754806519,76.15713500976562
2023-10-17,421.542724609375,1.0554312467575073,75.31782531738281
2023-10-18,415.9256896972656,1.057305932044983,74.65519714355469
2023-10-19,412.2711486816406,1.053851842880249,73.12674713134766
2023-10-20,407.20513916015625,1.0586491823196411,73.5420150756836
2023-10-23,406.4994201660156,1.0589966773986816,74.42549896240234
2023-10-24,409.5641174316406,1.0669853687286377,75.40618133544922
2023-10-25,403.6860046386719,1.059535264968872,73.72753143310547
2023-10-26,398.8520202636719,1.056725025177002,74.85842895507812
2023-10-27,397.0441589355469,1.0564459562301636,74.54035949707031
2023-10-30,401.79107666015625,1.0562450885772705,74.20462036132812
2023-10-31,404.314453125,1.061503529548645,73.84241485595703
2023-11-01,408.6263427734375,1.0579099655151367,75.4434585571289
2023-11-02,416.45745849609375,1.05870521068573,77.16332244873047
2023-11-03,420.2569274902344,1.0619093179702759,77.68636322021484
2023-11-06,421.2236633300781,1.0732147693634033,76.93285369873047
2023-11-07,422.4225158691406,1.0721560716629028,78.06759643554688
2023-11-08,422.73187255859375,1.0696102380752563,79.3973617553711
2023-11-09,419.43511962890625,1.0710422992706299,77.57112121582031
2023-11-10,425.9803466796875,1.0667576789855957,78.0055160522461
2023-11-13,425.5742492675781,1.069015622138977,77.8282241821289
2023-11-14,433.8307189941406,1.0701825618743896,79.5924301147461
2023-11-15,434.74920654296875,1.0878314971923828,78.4753646850586
2023-11-16,435.2809753417969,1.0854581594467163,79.45056915283203
2023-11-17,435.8223876953125,1.0853756666183472,79.8228988647461
2023-11-20,439.1771545410156,1.090702772140503,80.31048583984375
2023-11-21,438.219970703125,1.0945948362350464,80.27503204345703
2023-11-22,439.91192626953125,1.0918222665786743,80.55874633789062
2023-11-23,439.91192626953125,1.0890873670578003,80.55874633789062
2023-11-24,440.1825866699219,1.0906314849853516,79.61011505126953
2023-11-27,439.38983154296875,1.0940439701080322,80.93992614746094
2023-11-28,439.8249206542969,1.0958423614501953,81.09953308105469
2023-11-29,439.5154724121094,1.100594401359558,82.11900329589844
2023-11-30,441.2460632324219,1.0973695516586304,81.1704330444336
2023-12-01,443.8564147949219,1.0892059803009033,82.69921875
2023-12-04,441.5263977050781,1.088814616203308,82.37013244628906
2023-12-05,441.439453125,1.0837758779525757,84.1399154663086
2023-12-06,439.66058349609375,1.0793657302856445,85.26048278808594
2023-12-07,443.01531982421875,1.076669692993164,84.7713394165039
2023-12-08,444.9198913574219,1.079214334487915,84.07764434814453
2023-12-11,446.65045166015625,1.0765769481658936,83.89982604980469
2023-12-12,448.6903991699219,1.076658010482788,84.1488265991211
2023-12-13,454.8779296875,1.0798670053482056,86.12310028076172
2023-12-14,456.3377990722656,1.0886130332946777,88.36345672607422
2023-12-15,455.58642578125,1.0993602275848389,88.46159362792969
2023-12-18,458.1491394042969,1.0895264148712158,87.75674438476562
2023-12-19,460.93505859375,1.092382788658142,88.2296142578125
2023-12-20,454.54779052734375,1.0981045961380005,88.827392578125
2023-12-21,458.85772705078125,1.0945708751678467,88.26530456542969
2023-12-22,459.7798767089844,1.100618600845337,87.86381530761719
2023-12-25,459.7798767089844,1.102657437324524,87.86381530761719
2023-12-26,461.72137451171875,1.1020255088806152,88.11365509033203
2023-12-27,462.5561828613281,1.1043012142181396,89.67498016357422
2023-12-28,462.73089599609375,1.110864281654358,89.023681640625
2023-12-29,461.3913269042969,1.1068191528320312,88.22071075439453
2024-01-01,461.3913269042969,1.1055831909179688,88.22071075439453
2024-01-02,458.8092041015625,1.1038745641708374,87.71214294433594
2024-01-03,455.0622253417969,1.0941756963729858,88.07793426513672
2024-01-04,453.5964660644531,1.0927767753601074,86.73966217041016
2024-01-05,454.21771240234375,1.0947387218475342,85.90990447998047
2024-01-08,460.70208740234375,1.0942236185073853,86.75748443603516
2024-01-09,460.0032043457031,1.095170259475708,86.20433807373047
2024-01-10,462.6047058105469,1.0932426452636719,85.80281829833984
2024-01-11,462.4009094238281,1.0975141525268555,86.28461456298828
2024-01-12,462.7211608886719,1.0981649160385132,86.11510467529297
2024-01-15,462.7211608886719,1.0945708751678467,86.11510467529297
2024-01-16,461.0224609375,1.0945708751678467,84.5983657836914
2024-01-17,458.4598083496094,1.087878942489624,84.46453857421875
2024-01-18,462.5367736816406,1.0885775089263916,83.6794204711914
2024-01-19,468.3028259277344,1.0879143476486206,83.9470443725586
2024-01-22,469.2929382324219,1.089229702949524,84.4466781616211
2024-01-23,470.66168212890625,1.088020920753479,83.77754974365234
2024-01-24,471.1761474609375,1.0857881307601929,83.28681945800781
2024-01-25,473.7388610839844,1.088174819946289,83.83108520507812
2024-01-26,473.13702392578125,1.0847046375274658,83.67045593261719
2024-01-29,476.8839416503906,1.0843517780303955,84.6340560913086
2024-01-30,476.51507568359375,1.0834470987319946,85.4013442993164
2024-01-31,468.7396545410156,1.08433997631073,86.24002075195312
2024-02-01,474.87457275390625,1.0803920030593872,87.93170166015625
2024-02-02,479.8738098144531,1.0874648094177246,85.98939514160156
2024-02-05,478.1264953613281,1.0780043601989746,84.2529525756836
2024-02-06,479.5146484375,1.0741831064224243,85.07642364501953
2024-02-07,483.513916015625,1.075719952583313,84.66468048095703
2024-02-08,483.7275390625,1.077574610710144,84.17239379882812
2024-02-09,486.523193359375,1.0777255296707153,84.00232696533203
2024-02-12,486.3096008300781,1.0798202753067017,84.10077667236328
2024-02-13,479.6117248535156,1.0772264003753662,82.65972900390625
2024-02-14,483.97021484375,1.0708931684494019,83.08040618896484
2024-02-15,487.3094787597656,1.0732147693634033,83.51004791259766
2024-02-16,484.8826904296875,1.0773887634277344,83.0267333984375
2024-02-19,484.8826904296875,1.0784927606582642,83.0267333984375
2024-02-20,482.2132263183594,1.0775396823883057,83.09832000732422
2024-02-21,482.6499938964844,1.0813149213790894,82.50757598876953
2024-02-22,492.6387023925781,1.0820403099060059,82.91036224365234
2024-02-23,492.9784240722656,1.0825674533843994,84.0202407836914
2024-02-26,491.1728820800781,1.0820051431655884,83.76963806152344
2024-02-27,492.0853271484375,1.0850930213928223,83.17888641357422
2024-02-28,491.4350280761719,1.084481120109558,83.70697784423828
2024-02-29,493.2016906738281,1.0838816165924072,84.2977294921875
2024-03-01,497.8320617675781,1.0804970264434814,84.82295989990234
2024-03-04,497.2981262207031,1.084269404411316,84.4817886352539
2024-03-05,492.32806396484375,1.0855170488357544,85.68495178222656
2024-03-06,494.82275390625,1.0855995416641235,86.18775939941406
2024-03-07,499.7346496582031,1.089953899383545,86.1069564819336
2024-03-08,496.7350769042969,1.0950144529342651,85.95430755615234
2024-03-11,496.3079833984375,1.0942955017089844,85.909423828125
2024-03-12,501.64697265625,1.093135118484497,85.19109344482422
2024-03-13,500.8606262207031,1.0927767753601074,84.77806091308594
2024-03-14,499.87054443359375,1.0955302715301514,83.47613525390625
2024-03-15,496.4381408691406,1.0883406400680542,83.44921112060547
2024-03-18,499.3885192871094,1.0882576704025269,83.19781494140625
2024-03-19,502.1636962890625,1.087393879890442,83.43124389648438
2024-03-20,506.8083190917969,1.0863306522369385,83.40432739257812
2024-03-21,508.48321533203125,1.0937210321426392,83.58390808105469
2024-03-22,507.5191650390625,1.0862362384796143,84.38301849365234
2024-03-25,506.11700439453125,1.0807539224624634,83.96101379394531
2024-03-26,505.18218994140625,1.0838228464126587,84.19444274902344
2024-03-27,509.4277038574219,1.0832358598709106,85.02947235107422
2024-03-28,509.3302917480469,1.0813382863998413,84.9576644897461
2024-03-29,509.3302917480469,1.0794472694396973,84.9576644897461
2024-04-01,508.4441833496094,1.0792726278305054,83.37395477294922
2024-04-02,505.2115478515625,1.0737217664718628,82.91451263427734
2024-04-03,505.766357421875,1.076855182647705,82.89649200439453
2024-04-04,499.5930480957031,1.0838346481323242,83.4910659790039
2024-04-05,504.8121643066406,1.0837054252624512,82.3289566040039
2024-04-08,505.09454345703125,1.0830481052398682,82.31995391845703
2024-04-09,505.67889404296875,1.0863661766052246,83.08568572998047
2024-04-10,500.61541748046875,1.0859296321868896,81.27497100830078
2024-04-11,504.3935852050781,1.074171543121338,80.9056167602539
2024-04-12,497.43133544921875,1.0726851224899292,81.33802795410156
2024-04-15,491.199462890625,1.0649627447128296,80.07683563232422
2024-04-16,490.3036193847656,1.0625749826431274,79.54533386230469
2024-04-17,487.4018249511719,1.0621461868286133,80.42814636230469
2024-04-18,486.39892578125,1.0669398307800293,80.02278137207031
2024-04-19,482.1534423828125,1.0644185543060303,80.3110580444336
2024-04-22,486.5937194824219,1.065825343132019,80.17593383789062
2024-04-23,492.3679504394531,1.065405249595642,80.20294952392578
2024-04-24,492.1341857910156,1.0704345703125,79.63541412353516
2024-04-25,490.2646179199219,1.0699878931045532,79.07686614990234
2024-04-26,494.9093933105469,1.072961449623108,79.49127960205078
2024-04-29,496.6621398925781,1.0706866979599,80.15790557861328
2024-04-30,488.7943420410156,1.0715701580047607,79.47328186035156
2024-05-01,487.2071838378906,1.0666552782058716,80.0590591430664
2024-05-02,491.76422119140625,1.0721560716629028,80.40258026123047
2024-05-03,497.85980224609375,1.073306918144226,81.21617889404297
2024-05-06,503.0010986328125,1.0758124589920044,81.53260040283203
2024-05-07,503.55615234375,1.0767507553100586,82.02979278564453
2024-05-08,503.604736328125,1.0750491619110107,81.53260040283203
2024-05-09,506.5064392089844,1.0746910572052002,81.93034362792969
2024-05-10,507.1589050292969,1.078515887260437,81.46932220458984
2024-05-13,507.22711181640625,1.077040672302246,81.67724609375
2024-05-14,509.55426025390625,1.079354166984558,82.1382827758789
2024-05-15,515.8641357421875,1.0814552307128906,83.25926208496094
2024-05-16,514.8026733398438,1.0889805555343628,83.17789459228516
2024-05-17,515.5427856445312,1.0867793560028076,82.61740112304688
2024-05-20,516.13671875,1.0875475406646729,82.37334442138672
2024-05-21,517.4026489257812,1.086082935333252,82.79821014404297
2024-05-22,515.9127807617188,1.0855170488357544,82.89764404296875
2024-05-23,512.1444702148438,1.0825204849243164,82.36428833007812
2024-05-24,515.5330810546875,1.0812681913375854,82.60836791992188
2024-05-27,515.5330810546875,1.0847634077072144,82.60836791992188
2024-05-28,515.8932495117188,1.0861891508102417,81.42410278320312
2024-05-29,512.2807006835938,1.0851871967315674,80.43872833251953
2024-05-30,508.8824157714844,1.0801819562911987,81.21617889404297
2024-05-31,513.5175170898438,1.0835410356521606,81.76762390136719
2024-06-03,513.9360961914062,1.0853049755096436,83.09019470214844
2024-06-04,514.5106201171875,1.0907385349273682,84.0607681274414
2024-06-05,520.6256713867188,1.0881866216659546,84.67761993408203
2024-06-06,520.6158447265625,1.087453007698059,84.55061340332031
2024-06-07,519.9829711914062,1.0894432067871094,82.99949645996094
2024-06-10,521.5896606445312,1.0778882503509521,82.4461669921875
2024-06-11,522.845703125,1.0764262676239014,83.29882049560547
2024-06-12,527.1399536132812,1.0740330219268799,83.92471313476562
2024-06-13,528.2012939453125,1.0813149213790894,85.15836334228516
2024-06-14,528.5225830078125,1.0738831758499146,85.8749771118164
2024-06-17,532.7291259765625,1.0702168941497803,85.02233123779297
2024-06-18,534.0827026367188,1.0740677118301392,85.80240631103516
2024-06-19,534.0827026367188,1.0742292404174805,85.80240631103516
2024-06-20,532.6317749023438,1.0751532316207886,85.2309341430664
2024-06-21,531.917724609375,1.0706409215927124,85.2309341430664
2024-06-24,530.1885986328125,1.0687757730484009,85.57563781738281
2024-06-25,532.230224609375,1.0732723474502563,85.72077178955078
2024-06-26,532.8945922851562,1.0709619522094727,84.4962158203125
2024-06-27,533.7346801757812,1.068010926246643,84.83182525634766
2024-06-28,531.6343383789062,1.0708472728729248,83.25350189208984
2024-07-01,532.728515625,1.0735257863998413,81.81657409667969
2024-07-02,536.3136596679688,1.0737102031707764,82.45359802246094
2024-07-03,538.7069702148438,1.0748412609100342,83.5364761352539
2024-07-04,538.7069702148438,1.0793308019638062,83.5364761352539
2024-07-05,541.8134765625,1.0810693502426147,84.2280502319336
2024-07-08,542.4386596679688,1.082602620124817,84.4100570678711
2024-07-09,542.9661254882812,1.0830950736999512,84.03695678710938
2024-07-10,548.3390502929688,1.0814785957336426,84.30087280273438
2024-07-11,543.61083984375,1.083329677581787,85.11983489990234
2024-07-12,547.0397338867188,1.0872756242752075,85.48384094238281
2024-07-15,548.5440063476562,1.0885539054870605,84.50105285644531
2024-07-16,551.7970581054688,1.0901559591293335,85.6931381225586
2024-07-17,544.0602416992188,1.0902509689331055,85.71131896972656
2024-07-18,539.8792114257812,1.094020128250122,85.05614471435547
2024-07-19,536.2941284179688,1.0901559591293335,84.55564880371094
2024-07-22,541.8232421875,1.0899182558059692,84.30995178222656
2024-07-23,540.9732666015625,1.0889805555343628,84.191650390625
2024-07-24,528.7135620117188,1.0850694179534912,83.28167724609375
2024-07-25,525.9586791992188,1.0839520692825317,83.96416473388672
2024-07-26,531.8493041992188,1.0851283073425293,84.61934661865234
2024-07-29,532.161865234375,1.0853756666183472,85.07434844970703
2024-07-30,529.4657592773438,1.081946611404419,85.40193176269531
2024-07-31,538.0719604492188,1.0816072225570679,86.27550506591797
2024-08-01,530.4523315429688,1.082391619682312,87.01963806152344
2024-08-02,520.5762329101562,1.0787602663040161,89.73126983642578
2024-08-05,505.4150695800781,1.0910836458206177,90.2060546875
2024-08-06,510.0748291015625,1.0950982570648193,88.18830871582031
2024-08-07,506.6654357910156,1.0926215648651123,87.56743621826172
2024-08-08,518.3782348632812,1.0928125381469727,87.02876281738281
2024-08-09,520.6640625,1.0915720462799072,87.88697814941406
2024-08-12,520.9376831054688,1.091381311416626,88.20653533935547
2024-08-13,529.5047607421875,1.0936251878738403,88.81825256347656
2024-08-14,531.17529296875,1.0996986627578735,89.3752212524414
2024-08-15,540.2797241210938,1.1013215780258179,88.6539306640625
2024-08-16,541.490966796875,1.0972732305526733,88.96434783935547
2024-08-19,546.66845703125,1.1024993658065796,89.3752212524414
2024-08-20,545.7794799804688,1.1086474657058716,90.08735656738281
2024-08-21,547.6550903320312,1.112792730331421,90.14215087890625
2024-08-22,543.3568725585938,1.115536093711853,89.24737548828125
2024-08-23,549.1301879882812,1.111716389656067,89.83171844482422
2024-08-26,547.8211669921875,1.1187934875488281,89.60346221923828
2024-08-27,548.5734252929688,1.1164700984954834,89.44824981689453
2024-08-28,545.3887939453125,1.117793083190918,89.33870697021484
2024-08-29,545.4376220703125,1.1124955415725708,89.0465316772461
2024-08-30,550.6443481445312,1.1080454587936401,88.09696960449219
2024-09-02,550.6443481445312,1.1044842004776,88.09696960449219
2024-09-03,539.312744140625,1.1067456007003784,89.53782653808594
2024-09-04,538.2088623046875,1.1048868894577026,90.69197845458984
2024-09-05,536.8997192382812,1.1080454587936401,91.20494079589844
2024-09-06,527.8635864257812,1.1111111640930176,91.1957778930664
2024-09-09,533.773681640625,1.1087212562561035,91.58965301513672
2024-09-10,536.0987548828125,1.1037527322769165,92.2308349609375
2024-09-11,541.5985107421875,1.1020983457565308,92.1575698852539
2024-09-12,546.1605224609375,1.1010911464691162,91.72704315185547
2024-09-13,549.0130004882812,1.1077877283096313,91.97439575195312
2024-09-16,549.8238525390625,1.1088441610336304,92.81708526611328
2024-09-17,550.0485229492188,1.1129536628723145,92.36825561523438
2024-09-18,548.4171142578125,1.1123099327087402,91.22325897216797
2024-09-19,557.7755126953125,1.1114816665649414,90.92098236083984
2024-09-20,556.8114624023438,1.1161960363388062,90.5728988647461
2024-09-23,558.2026977539062,1.1160838603973389,90.38053894042969
2024-09-24,559.7999267578125,1.1111727952957153,90.36222076416016
2024-09-25,558.5653686523438,1.1191190481185913,89.61112213134766
2024-09-26,560.7798461914062,1.1131023168563843,89.82178497314453
2024-09-27,559.9664916992188,1.117717981338501,90.28894805908203
2024-09-30,562.21044921875,1.1169815063476562,89.85842895507812
2024-10-01,557.1738891601562,1.113660216331482,90.5072021484375
2024-10-02,557.4090576171875,1.1063904762268066,89.7445068359375
2024-10-03,556.3900146484375,1.1048502922058105,88.89903259277344
2024-10-04,561.4461059570312,1.103557825088501,87.80549621582031
2024-10-07,556.3704223632812,1.0974539518356323,87.14385986328125
2024-10-08,561.63232421875,1.0975743532180786,87.29087829589844
2024-10-09,565.5223999023438,1.0975743532180786,86.79466247558594
2024-10-10,564.53271484375,1.0943313837051392,86.45465087890625
2024-10-11,567.913330078125,1.0933860540390015,86.10545349121094
2024-10-14,572.557861328125,1.0925379991531372,86.16976928710938
2024-10-15,568.1092529296875,1.0909169912338257,87.21737670898438
2024-10-16,570.57861328125,1.0884116888046265,87.58495330810547
2024-10-17,570.62744140625,1.0862481594085693,86.19734191894531
2024-10-18,572.8223876953125,1.0829542875289917,86.26168060302734
2024-10-21,571.8817138671875,1.0868619680404663,84.75460052490234
2024-10-22,571.5780029296875,1.0817828178405762,84.83731079101562
2024-10-23,566.3552856445312,1.079727053642273,84.6075668334961
2024-10-24,567.580078125,1.0780508518218994,85.14974212646484
2024-10-25,567.3840942382812,1.0824151039123535,84.6718978881836
2024-10-28,569.13818359375,1.0796570777893066,84.44215393066406
2024-10-29,570.0592041015625,1.0816774368286133,84.57079315185547
2024-10-30,568.3346557617188,1.0820636749267578,84.81892395019531
2024-10-31,557.1935424804688,1.0859178304672241,84.95677185058594
2024-11-01,559.545166015625,1.0886130332946777,83.75899505615234
2024-11-04,558.3399047851562,1.087453007698059,85.05911254882812
2024-11-05,565.0913696289062,1.0874056816101074,85.51091766357422
2024-11-06,579.1426391601562,1.093445897102356,83.16891479492188
2024-11-07,583.62060546875,1.073306918144226,84.21082305908203
2024-11-08,586.148681640625,1.0795172452926636,85.28038787841797
2024-11-11,586.7072143554688,1.0714898109436035,84.86547088623047
2024-11-12,584.8847045898438,1.066439151763916,83.59304809570312
2024-11-13,585.1688232421875,1.061672568321228,82.80007934570312
2024-11-14,581.406005859375,1.0564124584197998,83.279541015625
2024-11-15,573.9591064453125,1.0530084371566772,83.05827331542969
2024-11-18,576.3107299804688,1.0533745288848877,83.20579528808594
2024-11-19,578.41748046875,1.059490442276001,83.62993621826172
2024-11-20,578.613525390625,1.0607603788375854,83.362548828125
2024-11-21,581.7196655273438,1.0546187162399292,83.29798889160156
2024-11-22,583.5225830078125,1.0469341278076172,83.34408569335938
2024-11-25,585.5020141601562,1.0479873418807983,85.50170135498047
2024-11-26,588.5592041015625,1.0444300174713135,85.16976928710938
2024-11-27,586.7757568359375,1.0491198301315308,85.75988006591797
2024-11-28,586.7757568359375,1.0562450885772705,85.75988006591797
2024-11-29,590.4209594726562,1.0563008785247803,86.6450424194336
2024-12-02,591.479248046875,1.0545074939727783,86.85321044921875
2024-12-03,591.75341796875,1.0501223802566528,86.103759765625
2024-12-04,595.4280395507812,1.0510826110839844,87.02900695800781
2024-12-05,594.4481201171875,1.051414132118225,87.20481872558594
2024-12-06,595.5750122070312,1.058559536933899,87.3343276977539
2024-12-09,592.5079345703125,1.0565463304519653,86.52937316894531
2024-12-10,590.6658935546875,1.0555204153060913,86.12226867675781
2024-12-11,595.2319946289062,1.0532968044281006,85.30803680419922
2024-12-12,592.1651000976562,1.0506850481033325,84.27176666259766
2024-12-13,592.047607421875,1.0474056005477905,83.41129302978516
2024-12-16,594.5755615234375,1.051005244255066,83.6611099243164
2024-12-17,592.1257934570312,1.0517348051071167,83.86466979980469
2024-12-18,574.4783935546875,1.0495051145553589,82.81599426269531
2024-12-19,574.302001953125,1.0350252389907837,81.56204223632812
2024-12-20,581.199951171875,1.0364949703216553,82.0264663696289
2024-12-23,584.6803588867188,1.0433076620101929,81.27410125732422
2024-12-24,591.1790771484375,1.0405826568603516,81.6177749633789
2024-12-25,591.1790771484375,1.0402579307556152,81.6177749633789
2024-12-26,591.2184448242188,1.0399551391601562,81.57134246826172
2024-12-27,584.9949340820312,1.0423181056976318,80.90255737304688
2024-12-30,578.3192138671875,1.0429377555847168,81.5527572631836
2024-12-31,576.2152709960938,1.040615200996399,81.11621856689453
2025-01-02,574.7996215820312,1.0351860523223877,81.33912658691406
2025-01-03,581.9865112304688,1.0268205404281616,81.07904052734375
2025-01-06,585.3390502929688,1.0305347442626953,80.716796875
2025-01-07,578.722412109375,1.0386372804641724,79.80653381347656
2025-01-08,579.5678100585938,1.034554123878479,79.9087142944336
2025-01-09,579.5678100585938,1.0314701795578003,79.9087142944336
2025-01-10,570.7192993164062,1.0297601222991943,79.37924194335938
2025-01-13,571.604248046875,1.0244431495666504,79.35137939453125
2025-01-14,572.3907470703125,1.0265253782272339,79.22135162353516
2025-01-15,582.8026123046875,1.0306835174560547,80.5867691040039
2025-01-16,581.6817626953125,1.0295268297195435,80.84683990478516
2025-01-17,587.5217895507812,1.0301949977874756,80.9861831665039
2025-01-20,587.5217895507812,1.0277386903762817,80.9861831665039
2025-01-21,592.8995971679688,1.0420682430267334,81.71065521240234
2025-01-22,596.2326049804688,1.0405935049057007,81.28339385986328
2025-01-23,599.4869384765625,1.0410159826278687,80.65178680419922
2025-01-24,597.7367553710938,1.041601538658142,81.01402282714844
2025-01-27,589.2816162109375,1.0467586517333984,81.97074890136719
2025-01-28,594.3449096679688,1.0445064306259155,81.91500091552734
2025-01-29,591.6804809570312,1.0429050922393799,81.74781799316406
2025-01-30,594.8560791015625,1.0425245761871338,82.0543212890625
2025-01-31,591.6903076171875,1.0397279262542725,81.51561737060547
2025-02-03,587.70849609375,1.024779200553894,82.1793212890625
2025-02-04,591.6510009765625,1.0327378511428833,82.43097686767578
2025-02-05,594.0499267578125,1.0372798442840576,83.79195404052734
2025-02-06,596.1145629882812,1.0400848388671875,83.75465393066406
2025-02-07,590.6580200195312,1.0385725498199463,83.2140121459961
2025-02-10,594.6693115234375,1.0311616659164429,82.96231079101562
2025-02-11,595.12158203125,1.0301525592803955,82.43097686767578
2025-02-12,593.204345703125,1.0364949703216553,81.3124008178711
2025-02-13,599.46728515625,1.039198637008667,82.6640396118164
2025-02-14,599.4376831054688,1.0461673736572266,83.1021499633789
2025-02-17,599.4376831054688,1.0489217042922974,83.1021499633789
2025-02-18,601.197509765625,1.048536777496338,82.12337493896484
2025-02-19,602.61328125,1.044833779335022,82.22592163085938
2025-02-20,600.1062622070312,1.0421009063720703,82.53352355957031
2025-02-21,589.842041015625,1.0500562191009521,83.53092956542969
2025-02-24,587.157958984375,1.0474823713302612,83.7733154296875
2025-02-25,584.2378540039062,1.0461344718933105,85.21814727783203
2025-02-26,584.5328369140625,1.0524100065231323,85.72152709960938
2025-02-27,575.2025756835938,1.0488777160644531,85.11560821533203
2025-02-28,584.1788940429688,1.039511799812317,86.15963745117188
2025-03-03,573.9441528320312,1.0413846969604492,86.56172180175781
2025-03-04,567.1504516601562,1.0485037565231323,85.49571990966797
2025-03-05,573.24609375,1.062699317932129,84.8131103515625
2025-03-06,563.0703125,1.0794938802719116,84.5325927734375
2025-03-07,566.2262573242188,1.0787951946258545,84.2613754272461
2025-03-10,551.14453125,1.086059331893921,85.14037322998047
2025-03-11,546.5628662109375,1.0839403867721558,84.5325927734375
2025-03-12,549.4631958007812,1.0914170742034912,84.02761840820312
2025-03-13,542.138671875,1.0886249542236328,84.76634979248047
2025-03-14,553.3369140625,1.085564136505127,84.3175048828125
2025-03-17,557.6039428710938,1.0881274938583374,84.73829650878906
2025-03-18,551.5770874023438,1.091917634010315,84.82244873046875
2025-03-19,557.584228515625,1.093948245048523,85.2619400024414
2025-03-20,555.971923828125,1.0911908149719238,85.31804656982422
2025-03-21,556.1553344726562,1.0856702327728271,84.8131103515625
2025-03-24,566.1151733398438,1.0835762023925781,83.9434585571289
2025-03-25,567.4759521484375,1.0803569555282593,83.93411254882812
2025-03-26,560.7012939453125,1.0787487030029297,83.38240051269531
2025-03-27,559.2122192382812,1.0742061138153076,83.13928985595703
2025-03-28,547.95068359375,1.080100178718567,84.28943634033203
2025-03-31,551.6289672851562,1.082391619682312,85.12167358398438
2025-04-01,553.1870727539062,1.0818880796432495,85.85929870605469
2025-04-02,556.6878051757812,1.0795987844467163,85.80301666259766
2025-04-03,529.2538452148438,1.090869426727295,86.19715118408203
2025-04-04,498.2696838378906,1.1043744087219238,87.13561248779297
2025-04-07,497.3821716308594,1.098454475402832,84.50791931152344
2025-04-08,489.5918273925781,1.0915361642837524,82.91256713867188
2025-04-09,541.0084228515625,1.0980443954467773,83.40055084228516
2025-04-10,517.3018798828125,1.0952062606811523,81.1013412475586
2025-04-11,526.531982421875,1.1257838010787964,81.54242706298828
2025-04-14,531.64013671875,1.1343141794204712,82.12425231933594
2025-04-15,530.151123046875,1.1339668035507202,82.41517639160156
2025-04-16,518.366943359375,1.1292672157287598,82.87501525878906
2025-04-17,519.1065063476562,1.1396790742874146,82.14302825927734
2025-04-21,506.7503662109375,1.1396790742874146,80.70719146728516
2025-04-22,519.9348754882812,1.1512778997421265,81.15763854980469
2025-04-23,527.991455078125,1.1351252794265747,81.94595336914062
2025-04-24,539.1051635742188,1.132733702659607,82.80931854248047
2025-04-25,543.0003662109375,1.1371906995773315,83.4193344116211
2025-04-28,543.2073974609375,1.1343141794204712,83.94485473632812
2025-04-29,546.6292724609375,1.1409143209457397,84.64869689941406
2025-04-30,546.8462524414062,1.1389262676239014,83.963623046875
2025-05-01,550.7216796875,1.1324899196624756,83.53787994384766
2025-05-02,558.8966674804688,1.1296498775482178,82.63365936279297
2025-05-05,555.6918334960938,1.1323232650756836,82.17211151123047
2025-05-06,551.047119140625,1.1313369274139404,82.44526672363281
2025-05-07,553.3645629882812,1.1342755556106567,82.7938003540039
2025-05-08,557.2203369140625,1.1306205987930298,81.8707046508789
2025-05-09,556.51025390625,1.122422695159912,81.99315643310547
2025-05-12,574.9015502929688,1.12296462059021,81.23021697998047
2025-05-13,578.6981201171875,1.1095577478408813,80.9005355834961
2025-05-14,579.437744140625,1.1185556650161743,80.3636474609375
2025-05-15,582.2678833007812,1.1181930303573608,81.070068359375
2025-05-16,585.9559326171875,1.1192693710327148,81.28672790527344
2025-05-19,586.5969848632812,1.1187559366226196,81.05125427246094
2025-05-20,584.624755859375,1.1233429908752441,80.4672622680664
2025-05-21,574.7733764648438,1.1287955045700073,79.09207916259766
2025-05-22,575.0001831054688,1.133118748664856,79.50652313232422
2025-05-23,571.0753173828125,1.1281843185424805,79.63838195800781
2025-05-26,571.0753173828125,1.1372811794281006,79.63838195800781
2025-05-27,582.9483642578125,1.1388484239578247,80.74984741210938
2025-05-28,579.5758056640625,1.1337097883224487,80.40132141113281
2025-05-29,581.8636474609375,1.123368263244629,81.14543914794922
2025-05-30,581.2127685546875,1.1378376483917236,81.26789855957031
2025-06-02,584.4866333007812,1.1353315114974976,80.51154327392578
2025-06-03,587.8197631835938,1.1453442573547363,80.36973571777344
2025-06-04,587.6619873046875,1.1384464502334595,81.6744155883789
2025-06-05,584.8219604492188,1.1422044038772583,81.73114013671875
2025-06-06,590.827392578125,1.1453834772109985,80.691162109375
2025-06-09,591.3599853515625,1.1407841444015503,80.7762680053711
2025-06-10,594.7127685546875,1.1428048610687256,81.19225311279297
2025-06-11,593.0167236328125,1.143746018409729,81.43804168701172
2025-06-12,595.3734741210938,1.1509333848953247,82.4118423461914
2025-06-13,588.7171020507812,1.1600254774093628,81.61769104003906
2025-06-16,594.3182983398438,1.1556684970855713,80.79518127441406
2025-06-17,589.2399291992188,1.1551345586776733,81.7784194946289
2025-06-18,589.1510009765625,1.1482638120651245,81.92022705078125
2025-06-19,589.1510009765625,1.1477497816085815,81.92022705078125
2025-06-20,587.7673950195312,1.1512778997421265,81.76893615722656
2025-06-23,593.5730590820312,1.1500862836837769,82.03365325927734
2025-06-24,600.13037109375,1.1599044799804688,82.6292724609375
2025-06-25,600.4666137695312,1.161224365234375,82.73326873779297
2025-06-26,605.1646118164062,1.1683744192123413,83.14926147460938
2025-06-27,608.1712036132812,1.1692214012145996,82.61981201171875
2025-06-30,611.0790405273438,1.1727453470230103,83.4328842163086
2025-07-01,610.8812866210938,1.178717017173767,83.6397476196289
2025-07-02,613.650634765625,1.180553913116455,83.10835266113281
2025-07-03,618.4869995117188,1.18002450466156,82.52948760986328
2025-07-04,618.4869995117188,1.1771491765975952,82.52948760986328
2025-07-07,613.8779907226562,1.178078293800354,81.74185180664062
2025-07-08,613.5418090820312,1.1736538410186768,81.63748168945312
2025-07-09,617.2210083007812,1.1724566221237183,82.49152374267578
2025-07-10,618.9617309570312,1.17311692237854,82.54846954345703
2025-07-11,616.785888671875,1.1702749729156494,81.40973663330078
2025-07-14,617.9627685546875,1.1682106256484985,81.23892211914062
2025-07-15,615.3220825195312,1.1666297912597656,80.66956329345703
2025-07-16,617.3792114257812,1.1607391834259033,80.78343963623047
2025-07-17,621.1573486328125,1.1635754108428955,80.76445770263672
2025-07-18,620.7024536132812,1.161548137664795,80.8878173828125
2025-07-21,621.87939453125,1.1630746126174927,81.60902404785156
2025-07-22,621.9684448242188,1.1694538593292236,82.10245513916016
2025-07-23,627.259765625,1.1739156246185303,81.64697265625
2025-07-24,627.4674072265625,1.1774264574050903,81.50463104248047
2025-07-25,630.1181030273438,1.1756131649017334,82.01705169677734
2025-07-28,629.9598999023438,1.1756821870803833,81.48565673828125
2025-07-29,628.29833984375,1.1596757173538208,82.86162567138672
2025-07-30,627.507080078125,1.1550945043563843,82.43460083007812
2025-07-31,625.1531372070312,1.1429355144500732,82.48204040527344
2025-08-01,614.9066162109375,1.142374038696289,83.65464782714844
2025-08-04,624.2531127929688,1.158668041229248,83.88327026367188
2025-08-05,621.088134765625,1.1584129333496094,84.14047241210938
2025-08-06,625.845458984375,1.1579166650772095,83.65464782714844
2025-08-07,625.3212280273438,1.1663167476654053,83.51176452636719
2025-08-08,630.1972045898438,1.1676650047302246,83.14979553222656
2025-08-11,628.9510498046875,1.1647952795028687,83.24504852294922
2025-08-12,635.6468505859375,1.1618449687957764,82.82591247558594
2025-08-13,637.8228149414062,1.1677058935165405,83.51176452636719
2025-08-14,637.882080078125,1.171289324760437,82.8926010131836
2025-08-15,636.388671875,1.1651345491409302,82.30200958251953
2025-08-18,636.2501220703125,1.1706587076187134,82.06387329101562
2025-08-19,632.7984008789062,1.1668338775634766,82.5401611328125
2025-08-20,631.1170043945312,1.164252758026123,82.72112274169922
2025-08-21,628.5851440429688,1.165175199508667,82.3115463256836
2025-08-22,638.2381591796875,1.16130530834198,82.9211654663086
2025-08-25,635.4292602539062,1.1709601879119873,82.68302917480469
2025-08-26,638.0897827148438,1.1618449687957764,82.63540649414062
2025-08-27,639.543701171875,1.1639411449432373,82.5401611328125
2025-08-28,641.8085327148438,1.1647952795028687,83.08311462402344
2025-08-29,637.9810180664062,1.1681560277938843,82.49251556396484
2025-09-01,637.9810180664062,1.1691803932189941,82.49251556396484
2025-09-02,633.25341796875,1.1715912818908691,81.87863159179688
2025-09-03,636.6853637695312,1.163602590560913,82.77745819091797
2025-09-04,642.00634765625,1.16604483127594,83.4085464477539
2025-09-05,640.14697265625,1.1656913757324219,84.6802749633789
2025-09-08,641.7195434570312,1.1713168621063232,85.80858612060547
2025-09-09,643.203125,1.1769136190414429,85.32093811035156
2025-09-10,645.0625,1.1702749729156494,85.80858612060547
2025-09-11,650.4231567382812,1.1703435182571411,86.38230895996094
2025-09-12,650.2055053710938,1.1734747886657715,86.0093765258789
2025-09-15,653.6671752929688,1.1726491451263428,86.21018981933594
2025-09-16,652.76708984375,1.1763737201690674,86.39187622070312
2025-09-17,651.9561157226562,1.1871408224105835,86.17194366455078
2025-09-18,655.0023803710938,1.1826341152191162,85.2826919555664
2025-09-19,658.2465209960938,1.1791062355041504,85.12012481689453
2025-09-22,661.3606567382812,1.1736950874328613,84.81414794921875
2025-09-23,657.7606201171875,1.1801080703735352,85.40699005126953
2025-09-24,655.6677856445312,1.1814465522766113,85.08189392089844
2025-09-25,652.6429443359375,1.1744670867919922,85.08189392089844
2025-09-26,656.3819580078125,1.166275978088379,85.00538635253906
2025-09-29,658.2266845703125,1.170823097229004,85.70340728759766
2025-09-30,660.7061157226562,1.1731443405151367,85.45479583740234
2025-10-01,662.95751953125,1.1735849380493164,85.67548370361328
2025-10-02,663.7210693359375,1.1734058856964111,85.92495727539062
2025-10-03,663.7112426757812,1.1725116968154907,85.7618408203125
2025-10-06,666.0914916992188,1.171248197555542,85.08058166503906
2025-10-07,663.6219482421875,1.171028733253479,85.56993103027344
2025-10-08,667.5791625976562,1.1654603481292725,85.6371078491211
2025-10-09,665.6452026367188,1.1631964445114136,85.56993103027344
2025-10-10,647.6542358398438,1.156644344329834,86.95164489746094
2025-10-13,657.5919189453125,1.160240888595581,86.9036636352539
2025-10-14,656.78857421875,1.1566845178604126,87.18193817138672
2025-10-15,659.7044067382812,1.1602274179458618,86.99004364013672
2025-10-16,655.2117309570312,1.1646324396133423,87.64250183105469
2025-10-17,658.9308471679688,1.1699601411819458,87.50816345214844
2025-10-20,665.7840576171875,1.165745735168457,87.84400177001953
2025-10-21,665.7741088867188,1.164442539215088,88.27578735351562
2025-10-22,662.3128051757812,1.160038948059082,88.33336639404297
2025-10-23,666.2402954101562,1.1608469486236572,87.72886657714844
2025-10-24,671.6851806640625,1.1618045568466187,87.76724243164062
2025-10-27,679.6094970703125,1.1631693840026855,88.064697265625
2025-10-28,681.41455078125,1.165175199508667,88.29496002197266
2025-10-29,681.7418823242188,1.1657865047454834,87.40262603759766
2025-10-30,674.2439575195312,1.1603351831436157,86.89408111572266
2025-10-31,676.4556274414062,1.157246708869934,86.63499450683594
2025-11-03,677.7251586914062,1.1528042554855347,86.41834259033203
2025-11-04,669.6917114257812,1.1519144773483276,86.6109390258789
2025-11-05,672.0125122070312,1.1485539674758911,85.66722106933594
2025-11-06,664.8021850585938,1.1496764421463013,86.43759155273438
2025-11-07,665.4567260742188,1.1549211740493774,86.254638671875
2025-11-10,675.8407592773438,1.1543878316879272,86.2353744506836
2025-11-11,677.3878784179688,1.1557220220565796,86.63019561767578
2025-11-12,677.7647705078125,1.1587486267089844,86.7842788696289
2025-11-13,666.5179443359375,1.159218668937683,86.07164764404297
2025-11-14,666.408935546875,1.1631964445114136,85.58055114746094
2025-11-17,660.2002563476562,1.1615345478057861,85.79240417480469
2025-11-18,654.65625,1.159057378768921,85.76350402832031
2025-11-19,657.185302734375,1.1581177711486816,85.59017944335938
2025-11-20,647.1683349609375,1.154068112373352,85.92721557617188
2025-11-21,653.6148681640625,1.1534557342529297,86.18721008300781
2025-11-24,663.2351684570312,1.1507612466812134,86.6783447265625
2025-11-25,669.4734497070312,1.1520073413848877,86.89982604980469
2025-11-26,674.09521484375,1.156483769416809,87.28501892089844
2025-11-27,674.09521484375,1.1602139472961426,87.28501892089844
2025-11-28,677.7747192382812,1.1599851846694946,86.87094116210938
2025-12-01,674.6803588867188,1.1601465940475464,85.78950500488281
2025-12-02,675.9300537109375,1.1607661247253418,85.82816314697266
2025-12-03,678.2706298828125,1.1627906560897827,86.06975555419922
2025-12-04,678.7665405273438,1.1666841506958008,85.60588836669922
2025-12-05,680.0557861328125,1.1642799377441406,85.20964813232422
2025-12-08,678.0127563476562,1.164022445678711,84.92938995361328
2025-12-09,677.4275512695312,1.1641442775726318,85.0163803100586
2025-12-10,681.92041015625,1.1628313064575195,85.34494018554688
2025-12-11,683.5072021484375,1.1701242923736572,85.22898864746094
2025-12-12,676.1580810546875,1.1739431619644165,84.40751647949219
2025-12-15,675.1365356445312,1.1737639904022217,84.46551513671875
2025-12-16,673.2918701171875,1.1754610538482666,84.92938995361328
2025-12-17,665.8832397460938,1.1749500036239624,84.85208129882812
2025-12-18,670.9114990234375,1.1742326021194458,85.25797271728516
2025-12-19,676.9923095703125,1.1725666522979736,84.93975830078125
2025-12-22,681.2098388671875,1.1708093881607056,84.75541687011719
2025-12-23,684.3233032226562,1.1765950918197632,84.89125061035156
2025-12-24,686.7305297851562,1.179551362991333,85.40544891357422
2025-12-26,686.660888671875,1.1785364151000977,85.12409210205078
2025-12-29,684.2138671875,1.1772738695144653,85.44425201416016
2025-12-30,683.3782958984375,1.1772878170013428,85.24051666259766
2025-12-31,678.3152465820312,1.1747292280197144,84.56139373779297
2026-01-02,679.55859375,1.175046682357788,84.43525695800781
2026-01-05,684.0845947265625,1.1704667806625366,84.85244750976562
2026-01-06,688.1529541015625,1.1714951992034912,84.67779541015625
2026-01-07,685.9347534179688,1.1688251495361328,85.17259979248047
2026-01-08,685.8651123046875,1.1676785945892334,84.74571990966797
2026-01-09,690.4010009765625,1.1657865047454834,85.30841827392578
2026-01-12,691.4852294921875,1.1623716354370117,85.0561752319336
2026-01-13,690.1026000976562,1.1666978597640991,85.20171356201172
2026-01-14,686.7105712890625,1.164252758026123,85.6965103149414
2026-01-15,688.5806884765625,1.1646324396133423,85.67708587646484
2026-01-16,688.0037231445312,1.1609008312225342,85.18230438232422
2026-01-19,688.0037231445312,1.162493348121643,85.18230438232422
2026-01-20,673.9981689453125,1.1639139652252197,84.06659698486328
2026-01-21,681.77685546875,1.1727865934371948,84.70691680908203
2026-01-22,685.3379516601562,1.1672970056533813,85.0755844116211
2026-01-23,685.5865478515625,1.1754610538482666,85.30841827392578
2026-01-26,689.068115234375,1.1858457326889038,85.71591186523438
2026-01-27,691.8134765625,1.1876484155654907,85.18230438232422
2026-01-28,691.7438354492188,1.2017642259597778,84.98827362060547
2026-01-29,690.3711547851562,1.1977769136428833,85.00767517089844
2026-01-30,688.3121337890625,1.19657301902771,84.53227996826172
2026-02-02,691.73388671875,1.1849182844161987,84.29075622558594
2026-02-03,685.885009765625,1.1798714399337769,84.49526977539062
2026-02-04,682.5626831054688,1.1816140413284302,84.28101348876953
2026-02-05,674.0379638671875,1.180163860321045,85.19647979736328
2026-02-06,686.96923828125,1.177786946296692,85.2549057006836
2026-02-09,690.2816162109375,1.182578206062317,85.23542785644531
2026-02-10,688.4613037109375,1.1904053688049316,86.21906280517578
2026-02-11,688.3021850585938,1.1889617443084717,85.76133728027344
2026-02-12,677.668701171875,1.1876062154769897,86.90081024169922
2026-02-13,678.1461181640625,1.1868449449539185,87.37799835205078
2026-02-16,678.1461181640625,1.1867464780807495,87.37799835205078
2026-02-17,679.2402954101562,1.1849884986877441,87.52410125732422
2026-02-18,682.662109375,1.185185194015503,87.19296264648438
2026-02-19,680.8616943359375,1.1788839101791382,87.2806167602539
2026-02-20,685.7855834960938,1.1769136190414429,87.07609558105469
2026-02-23,678.7827758789062,1.1834739446640015,87.3974838256836
2026-02-24,683.7164916992188,1.1793843507766724,87.5533218383789
2026-02-25,689.4859008789062,1.1775233745574951,87.56304931640625
2026-02-26,685.6561889648438,1.181516408920288,87.91365051269531
2026-02-27,682.3637084960938,1.1803030967712402,88.44928741455078
2026-03-02,682.7516479492188,1.1759449243545532,87.56107330322266
2026-03-03,676.7337036132812,1.1697274446487427,87.38519287109375
2026-03-04,681.50830078125,1.161224365234375,87.1115951538086
2026-03-05,677.7084350585938,1.1635618209838867,86.75983428955078
2026-03-06,668.8256225585938,1.1608065366744995,86.43737030029297
2026-03-09,674.6845092773438,1.152325987815857,87.18978118896484
2026-03-10,673.6002807617188,1.1617234945297241,86.26148223876953
2026-03-11,672.7548217773438,1.1611299514770508,85.14754486083984
2026-03-12,662.5390625,1.1543211936950684,84.98143005371094
2026-03-13,658.7890014648438,1.1521666049957275,84.56126403808594
2026-03-16,665.493408203125,1.1435105800628662,85.21595764160156
2026-03-17,667.2440185546875,1.1499539613723755,85.45046997070312
2026-03-18,657.9335327148438,1.153948187828064,84.97167205810547
2026-03-19,656.3121337890625,1.1464471817016602,85.48954010009766
2026-03-20,646.9034423828125,1.157755732536316,83.86751556396484
2026-03-23,653.6959228515625,1.1560158729553223,84.41470336914062
2026-03-24,651.5015869140625,1.1607122421264648,84.04339599609375
2026-03-25,655.1322021484375,1.16146719455719,84.85440826416016
2026-03-26,643.432373046875,1.1561496257781982,84.14110565185547
2026-03-27,632.4606323242188,1.1535090208053589,83.68183898925781
2026-03-30,630.3460693359375,1.149200677871704,84.79579162597656
2026-03-31,648.6688842773438,1.1460003852844238,84.70784759521484
2026-04-01,653.5562744140625,1.1574207544326782,84.62445068359375
2026-04-02,654.144775390625,1.159057378768921,85.1444091796875
2026-04-03,654.144775390625,1.1541746854782104,85.1444091796875
2026-04-06,657.23681640625,1.150999665260315,85.00706481933594
2026-04-07,657.5260009765625,1.1541212797164917,84.99725341796875
2026-04-08,674.27294921875,1.1686612367630005,85.27193450927734
2026-04-09,678.162841796875,1.16593599319458,85.05610656738281
2026-04-10,677.7140502929688,1.1691256761550903,84.85009002685547
2026-04-13,684.3369750976562,1.1675150394439697,85.10515594482422
2026-04-14,692.675537109375,1.176885962486267,85.55644226074219
2026-04-15,698.1414184570312,1.179940938949585,85.18364715576172
2026-04-16,699.8569946289062,1.1809163093566895,84.64407348632812
2026-04-17,708.3152465820312,1.1782727241516113,85.41909790039062
2026-04-20,706.8988037109375,1.1741223335266113,85.39947509765625
2026-04-21,702.2708129882812,1.1784392595291138,84.92857360839844
2026-04-22,709.3825073242188,1.174425721168518,85.09535217285156
2026-04-23,706.6295776367188,1.1706037521362305,84.9089584350586
2026-04-24,712.10546875,1.16838800907135,85.06591796875
2026-04-27,713.332275390625,1.1706448793411255,84.64407348632812
2026-04-28,709.8612060546875,1.1723467111587524,84.73236846923828
2026-04-29,709.7515258789062,1.171783447265625,84.07505798339844
2026-04-30,716.8132934570312,1.168470025062561,83.99658966064453
2026-05-01,718.7982177734375,1.172910451889038,84.29691314697266
2026-05-04,716.1649780273438,1.1726628541946411,83.65687561035156
2026-05-05,721.9102172851562,1.1691941022872925,84.11966705322266
2026-05-06,731.9443359375,1.1715774536132812,84.75970458984375
2026-05-07,729.7001342773438,1.1747430562973022,84.33628845214844
2026-05-08,735.724609375,1.1731581687927246,84.75970458984375
2026-05-11,737.4002685546875,1.176885962486267,84.24767303466797
2026-05-12,736.2831420898438,1.177994966506958,83.68641662597656
2026-05-13,740.4025268554688,1.1735436916351318,83.49933624267578
2026-05-14,746.2474975585938,1.1716049909591675,83.61749267578125
2026-05-15,737.2706298828125,1.166208028793335,82.37681579589844
2026-05-18,736.751953125,1.161440134048462,82.27835083007812
2026-05-19,731.8446044921875,1.1655147075653076,81.74663543701172
2026-05-20,739.3452758789062,1.1607122421264648,82.62298583984375
2026-05-21,740.8114624023438,1.1625338792800903,82.92822265625
2026-05-22,743.7239990234375,1.1621150970458984,83.38117218017578
2026-05-25,743.7239990234375,1.164225697517395,83.38117218017578
2026-05-26,748.6613159179688,1.1637378931045532,83.79472351074219
2026-05-27,748.5316162109375,1.1636837720870972,83.99166870117188
2026-05-28,752.6609497070312,1.1617909669876099,84.42491912841797
2026-05-29,754.5361328125,1.1652837991714478,84.44461822509766
2026-06-01,756.5908203125,1.164890170097351,84.49008178710938
2026-06-02,757.6182250976562,1.1635483503341675,84.66802215576172
2026-06-03,752.3018798828125,1.1622096300125122,84.33191680908203
2026-06-04,755.1445922851562,1.160941243171692,84.51973724365234
2026-06-05,735.65478515625,1.1612648963928223,84.08477783203125
2026-06-08,737.3204345703125,1.1522595882415771,83.64982604980469
2026-06-09,735.1560668945312,1.1528440713882446,84.14409637451172
2026-06-10,723.56591796875,1.1535356044769287,83.90684509277344
2026-06-11,735.8642578125,1.1535621881484985,84.99423217773438
2026-06-12,739.843994140625,1.157594919204712,84.7866439819336
2026-06-15,752.890380859375,1.1603081226348877,84.73722076416016
2026-06-16,748.4019775390625,1.1594202518463135,85.20182800292969
2026-06-17,739.0560302734375,1.1609952449798584,85.34022521972656
2026-06-18,746.739990234375,1.150734782218933,85.75540924072266
2026-06-19,746.739990234375,1.1458560228347778,85.75540924072266
2026-06-22,744.3900146484375,1.1462763547897339,85.10297393798828
2026-06-23,733.5800170898438,1.1427135467529297,85.21170806884766
2026-06-24,733.239990234375,1.1379542350769043,86.37818145751953
2026-06-25,734.2999877929688,1.1354217529296875,86.34852600097656
2026-06-26,728.989990234375,1.1361699104309082,86.35841369628906
2026-06-29,741.0,1.1385631561279297,86.44738006591797
2026-06-30,746.77001953125,1.1422044038772583,85.42918395996094
2026-07-01,745.760009765625,1.1413310766220093,84.85173034667969
2026-07-02,744.780029296875,1.13779878616333,84.84181213378906
2026-07-03,744.780029296875,1.1422696113586426,84.84181213378906
2026-07-06,751.280029296875,1.1437721252441406,84.78227996826172
2026-07-07,747.7100219726562,1.144177794456482,83.88932037353516
2026-07-08,745.4000244140625,1.140380859375,83.7008056640625
2026-07-09,751.7100219726562,1.1422044038772583,83.82978820800781
2026-07-10,754.9500122070312,1.1433405876159668,83.80994415283203
2026-07-13,749.1699829101562,1.1404459476470947,83.31385040283203
2026-07-14,751.8300170898438,1.1384334564208984,83.4229965209961
2026-07-15,754.8099975585938,1.1424654722213745,83.58174133300781
2026-07-16,750.719970703125,1.1470258235931396,83.55197143554688
2026-07-17,743.2899780273438,1.1444659233093262,83.85955047607422
2026-07-20,742.0900268554688,1.142765760421753,83.2344741821289
2026-07-21,748.280029296875,1.1418131589889526,83.00627899169922
2026-07-22,747.4099731445312,1.140380859375,82.78799438476562
2026-07-23,738.1799926757812,1.1411746740341187,82.52009582519531
2026-07-24,738.9299926757812,1.137682318687439,82.59947204589844
2026-07-27,739.0900268554688,1.1394972801208496,83.09556579589844
2026-07-28,740.8599853515625,1.1369450092315674,83.58174133300781
2026-07-29,729.4600219726562,1.1386538743972778,82.20259857177734
2026-07-30,741.6900024414062,1.1467232704162598,82.15299224853516
2026-07-31,747.030029296875,1.1523525714874268,81.60728454589844
2026-08-03,757.6699829101562,1.154401183128357,81.87625885009766
2026-08-04,771.3300170898438,1.150734782218933,82.50385284423828
2026-08-05,769.7899780273438,1.153242826461792,82.68316650390625
2026-08-06,768.5599975585938,1.1557353734970093,82.20499420166016
2026-08-07,773.260009765625,1.1524720191955566,82.44408416748047
2026-08-10,773.030029296875,1.155641794204712,81.74674987792969
2026-08-11,770.5599975585938,1.1546411514282227,81.87625885009766
2026-08-12,772.489990234375,1.1543744802474976,81.79656219482422
2026-08-13,777.8800048828125,1.1530035734176636,82.27472686767578
2026-08-14,776.3400268554688,1.1535356044769287,81.7268295288086
2026-08-17,772.6699829101562,1.1573940515518188,81.03946685791016
2026-08-18,767.4500122070312,1.1582788228988647,81.3482894897461
2026-08-19,769.0599975585938,1.1579434871673584,82.70308685302734
2026-08-20,762.5999755859375,1.1673787832260132,82.02568054199219
2026-08-21,765.719970703125,1.1687841415405273,81.7367935180664
2026-08-24,763.469970703125,1.1681560277938843,82.24484252929688
2026-08-25,765.9099731445312,1.1668338775634766,83.15137481689453
2026-08-26,766.0800170898438,1.1674741506576538,82.98202514648438
2026-08-27,771.0999755859375,1.1654876470565796,82.81266784667969
2026-08-28,769.3499755859375,1.1656370162963867,82.5636215209961
2026-08-31,767.0499877929688,1.1588962078094482,82.20499420166016
2026-09-01,761.780029296875,1.1617640256881714,81.87000274658203
2026-09-02,765.1599731445312,1.1595547199249268,81.94999694824219
2026-09-03,773.1699829101562,1.1585336923599243,82.06999969482422
2026-09-04,770.1900024414062,1.1621150970458984,82.20999908447266
