Date,SPY,EURUSD,TLT
2005-01-04,-0.012294200088563812,-0.014057773546132503,-0.010534927752484997
2005-01-05,-0.006924873281107782,-0.00014603826794047447,0.005338091124113361
2005-01-06,0.005071249907233735,-0.007330234671186995,0.0006798353417123825
2005-01-07,-0.0014338822448455952,-0.009303419465094824,0.0022616195369058335
2005-01-10,0.004717160139951047,0.003742508666709583,0.0015800084716822292
2005-01-11,-0.006915137241032851,0.0005376181953160435,0.005846644539474894
2005-01-12,0.0032945368065133538,0.010535824658863052,0.0013442449804153365
2005-01-13,-0.008044315406737479,-0.003387785693861592,0.009583168577298736
2005-01-14,0.0052573889158137035,-0.008524387633613358,-0.00011189270471672616
2005-01-17,0.0,-0.0036609785605764404,0.0
2005-01-18,0.010348539805316075,-0.0025417638930766416,0.003321646519541487
2005-01-19,-0.010517427692372433,-0.0011448597807843745,0.00286983973711683
2005-01-20,-0.006109335015787783,-0.003090005582806678,0.001980923912510187
2005-01-21,-0.006146210791454703,0.0027779770071502978,0.0011002476070857187
2005-01-24,-0.0019712691573916235,0.003072487096648495,0.004276589445828672
2005-01-25,0.002826892401305618,-0.005228077624189512,-0.009454137699167616
2005-01-26,0.002989941969831565,0.008218507799413527,0.001875642762520592
2005-01-27,0.0017047256239530618,-0.002834013929793513,-0.0018756427625204737
2005-01-28,0.0,0.0003000568924160849,0.009999515282048997
2005-01-31,0.00619755889571321,0.0005349070355444225,0.002840652409413268
2005-02-01,0.006327131604189515,-0.0009913801733909024,-0.001589500473622622
2005-02-02,0.0030223995039979743,-0.000534522995774739,0.002299691268274725
2005-02-03,-0.0026018269601587435,-0.004615622727806629,-0.0005468208169710373
2005-02-04,0.010619376727148253,-0.008833744952873195,0.01380186953751444
2005-02-07,-0.001332241726591492,-0.007327903890523666,0.007420110974567054
2005-02-08,0.0011656792120549083,0.0004596755694005537,0.005661537354446803
2005-02-09,-0.007515454501972341,0.0033641410418626602,0.002661066128271522
2005-02-10,0.003597618392544749,0.004906587234685771,-0.013585651842796373
2005-02-11,0.00856570150764928,-0.0014796398456874032,-0.0006468631581430888
2005-02-14,-0.0007455999205048566,0.008988718780747315,0.003121406798553785
2005-02-15,0.003722172783664402,0.0033785982228849926,-0.0050626780421053705
2005-02-16,0.0006600000342223551,0.00046878050907379134,-0.003786682332568006
2005-02-17,-0.008117875781066649,0.003979980585949364,-0.006306825279867138
2005-02-18,0.0013296239653644657,-0.0004575228178914976,-0.008983415318089567
2005-02-21,0.0,-0.0003789804395113189,0.0
2005-02-22,-0.01497985814596756,0.014965235686048501,-0.004412817440448556
2005-02-23,0.007141222717006621,-0.004379800060503592,0.003310991083834125
2005-02-24,0.00659176512949003,-0.0015171949149544136,-0.0022068755463469755
2005-02-25,0.009848368195760064,0.004770521610753075,0.004848120020279779
2005-02-28,-0.006610183434649214,-0.002196509479546146,-0.010827826922729322
2005-03-01,0.004961752739517693,-0.0034174112177285413,-0.00031190162058143006
2005-03-02,-0.0004951808593442158,-0.0027359193185723185,-0.0013391363136438356
2005-03-03,0.00041245010262723106,-0.0022831632651403493,-0.0005575941956158488
2005-03-04,0.012379816794975641,0.01069914804598416,0.010774661930239265
2005-03-07,0.0004887040928646884,-0.0018924774333220194,0.003970239145215232
2005-03-08,-0.0037529107622798763,0.009792271703492937,-0.009510333138237778
2005-03-09,-0.011179844298063396,0.0018710235849407507,-0.016465707813206838
2005-03-10,0.002229502324652307,0.004545208970067141,0.006080658456262082
2005-03-11,-0.007035604596590125,0.002596827034732675,-0.007323137235796697
2005-03-14,0.006210483937463218,-0.008037863734853724,0.005974351130843276
2005-03-15,-0.008289434285036397,-0.004121251799079319,-0.006313919956504199
2005-03-16,-0.008526051060539115,0.007548567936771639,0.006089132641101229
2005-03-17,0.0020125233798872705,-0.002384281415004943,0.003255859831866387
2005-03-18,-0.002973655076440883,-0.004272098505457066,-0.006296485304813675
2005-03-21,-0.0037181749078498702,-0.012155429134461814,-0.002822607996944402
2005-03-22,-0.010213263997884315,-0.006402003505070992,-0.008518926293457865
2005-03-23,0.0008546755967253933,-0.006452244780691129,0.004779243204849663
2005-03-24,0.001196281425096383,-0.004705412382513888,0.002041711132516245
2005-03-25,0.0,0.0018639365279674788,0.0
2005-03-28,0.0014500683788513996,-0.004717816450333636,-0.0061363669827554975
2005-03-29,-0.006670996543181056,0.003319567927657984,0.005909648159913549
2005-03-30,0.014059992821155115,-0.001771009313603442,0.0049738977794740475
2005-03-31,-0.0018633086598141518,0.00401181096450668,0.007189409914766463
2005-04-01,-0.004502979534893681,-0.004476570065356794,0.0033658280700129273
2005-04-04,0.0017013947344566647,-0.004585105660243513,-0.00022404787149775298
2005-04-05,0.004749515533168901,0.0006170074925245999,-0.0025792615184072796
2005-04-06,0.00346297400910432,0.0007074252837870988,0.003474123072743826
2005-04-07,0.005381689896728877,-0.0013244327763116796,-0.00809024911602316
2005-04-08,-0.010453804528396653,0.00658801109986671,0.00349249482317097
2005-04-11,0.0007625974802955192,0.0027848094449227055,0.005381044228456652
2005-04-12,0.00515213683990385,-0.0043229557836958225,0.009237681399692823
2005-04-13,-0.011864468950763964,-0.0002323525502976025,-0.0024394887992730324
2005-04-14,-0.013129039774863335,-0.009113063522298143,-0.0015563119925602678
2005-04-15,-0.014092409399487011,0.005851574954126888,0.013150526082617025
2005-04-18,0.003061971255453421,0.011429275786146489,-0.0007689253574652548
2005-04-19,0.007915844371264589,0.003612523643618029,0.009621356397111806
2005-04-20,-0.01404830064969885,0.0016737249347204355,-0.0025056378662255924
2005-04-21,0.019234043460638818,-0.0030576490944757093,-0.010527722429933637
2005-04-22,-0.0038004868883341875,0.0011487638401547439,0.008343948512831363
2005-04-25,0.006554878908822135,-0.005224172073671629,0.0029474163546793592
2005-04-26,-0.009760803077931328,-0.0006884875196580442,-0.0015272829536187313
2005-04-27,0.0038983688058357433,-0.004935041640168072,0.003486522859518213
2005-04-28,-0.012617348218271719,-0.0012396305553890779,0.007370864752057357
2005-04-29,0.013481451892050729,-0.0022558235159523404,-0.0017281525313306897
2005-05-02,0.005599562677582257,-0.002327922018584755,-0.0002183432365998227
2005-05-03,0.0017168240900582933,0.0031781177642644944,0.0027109051318722423
2005-05-04,0.007689296910571773,0.004883093495334318,-0.008809919961912603
2005-05-05,-0.00034061540895505293,0.0004663259084091764,0.0022912422513523788
2005-05-06,-0.0031551226625256847,-0.01118314783758936,-0.0074393816780078045
2005-05-09,0.006215632396011045,0.003349595207970785,0.0009881635711871022
2005-05-10,-0.010409191235102096,0.002484133225875191,0.007105275841953756
2005-05-11,0.0054738444967743,-0.005679843447032162,0.0030456861160991565
2005-05-12,-0.011063775061467938,-0.01042730993869637,0.0039018526926647744
2005-05-13,-0.001985599180719812,-0.0051352711962564905,0.0038861115092455032
2005-05-16,0.009289507826556359,0.0018941478023991802,-0.001185128274672419
2005-05-17,0.006656010217370373,-0.0029282144211908467,0.002799668941535334
2005-05-18,0.010238214754879323,0.006169337815048234,0.0066495236440104865
2005-05-19,0.004200624069383372,-0.0036328746993322205,-0.002569199337869086
2005-05-20,-0.0014262654214747402,-0.006197176992559717,0.0011787231799711604
2005-05-23,0.0055246980375481675,0.0011181800668151687,0.00778247359743672
2005-05-24,-0.002339850445851789,-0.0002388069451628306,0.0027568607403316604
2005-05-25,-0.0007535958440387228,0.002466408354497429,-0.007014490729072302
2005-05-26,0.0053456563415847005,-0.0067805250273478,-0.0003193721116112464
2005-05-27,0.001664387376881804,0.00542070288801488,0.0010659400236761435
2005-05-30,0.0,-0.007895317663559446,0.0
2005-05-31,-0.006423937861119045,-0.01411801415588027,0.012285227886954471
2005-06-01,0.008501001379125964,-0.009139827699492611,0.012171143209214736
2005-06-02,0.0021551129841194867,0.005797685506019848,0.0023976078555765015
2005-06-03,-0.005064117654039625,-0.003013112115264007,-0.008259325617207726
2005-06-06,-0.0009158509425620291,0.002448923715035941,0.005235677857210155
2005-06-07,0.0007491733699091512,0.0015458986274750849,0.00790517700502444
2005-06-08,-0.0018330350346204313,-0.003346546907311359,-0.004777780690879916
2005-06-09,0.004742991305222602,-0.000819549566493637,-0.0008329847860209843
2005-06-10,-0.0023274558502942733,-0.007467812568814279,-0.011317105929038054
2005-06-13,0.003156558414637782,-0.0015643961445166398,-0.006025084289618386
2005-06-14,0.0023192905123446375,-0.007617303214674026,-0.006594893574825854
2005-06-15,0.001901328248402312,0.007944539597191328,0.0018124720964651678
2005-06-16,0.0025572639170098814,-0.0018892558298779585,0.004993691083675639
2005-06-17,0.003697887843582899,0.014760324634496653,-0.00010514539989691167
2005-06-20,0.000330009445368128,-0.010395138796400938,-0.0016980478632689616
2005-06-21,0.0005758463386571259,0.0018122964798044866,0.007302084636869807
2005-06-22,0.0008229196164594808,-0.004361001996460169,0.012048449913100109
2005-06-23,-0.014166049484570769,-0.007619222691386578,-0.001041813199395252
2005-06-24,-0.007368506894025683,0.005718103518406759,0.004991828519458302
2005-06-27,0.0014276671150726303,0.005434641105493961,0.002694197901269029
2005-06-28,0.008357482750238034,-0.007501301681996102,-0.006852203775428199
2005-06-29,-0.002666641697322301,0.000410574789239694,-0.001563650918143718
2005-06-30,-0.0054387569096973195,0.0010755401980804477,0.008933655881055862
2005-07-01,0.0029320416198133975,-0.012902265252443297,-0.012194351845218061
2005-07-04,0.0,-0.002265198904439832,0.0
2005-07-05,0.007999562977935628,0.001847540384300793,-0.009499042712470526
2005-07-06,-0.008418289040298493,-0.0001669723583689136,0.0054992457788979755
2005-07-07,0.0039263706963675905,0.001336994855278396,0.0021065709652267656
2005-07-08,0.01135687229475347,0.003014653479974366,-0.004112324653315271
2005-07-11,0.005097404433335659,0.0073110891299754815,0.0
2005-07-12,0.0026206509608309794,0.013254845398430202,-0.005616646756832747
2005-07-13,0.001389667223872308,-0.01233707058630098,-0.0014895565126941974
2005-07-14,0.003912804877022364,0.0011482038116812881,-0.002556364819369904
2005-07-15,-0.0005697369947510192,-0.003971053807993222,0.002663901299489891
2005-07-18,-0.003996540295583891,0.0008315253626943602,-0.007478245265823288
2005-07-19,0.005461079284229934,-0.0021677064696737063,0.003532896876916813
2005-07-20,0.003408303365237824,0.010594197672005125,0.0054332949803201054
2005-07-21,-0.005850029016815377,0.00024313353758671031,-0.013694070358102642
2005-07-22,0.0066597296998117984,-0.008259557322173865,0.007726036692137614
2005-07-25,-0.002837280639918931,0.00033767516849479825,-0.00364099598077434
2005-07-26,0.001216950291860489,-0.003985542025490019,0.0016078224259721823
2005-07-27,0.003641627761048728,0.004142432744214162,-0.001607822425972168
2005-07-28,0.006281389445492449,0.005372163884952638,0.008865615227714896
2005-07-29,-0.00668561229270479,-0.0006549250562160054,-0.009939287597177575
2005-08-01,-0.0007272874007087323,0.004934536564574146,-0.00372548510901404
2005-08-02,0.005966776965417497,0.0008166389805580018,-0.0032517423224361934
2005-08-03,0.002649869390394504,0.011503804673669342,0.004873085781190685
2005-08-04,-0.008051003190093522,0.004041645241327653,-0.0020547837204028135
2005-08-05,-0.006811939278194863,-0.0015344896099574008,-0.007824171120160164
2005-08-08,-0.0018735656500580467,-0.0012111437884694928,-0.001856181133120412
2005-08-09,0.00601527758448495,0.00218855746071446,0.0037091699671002415
2005-08-10,-0.0004867506932823221,0.0006438925218518536,-0.0010893983635265054
2005-08-11,0.003965391013327766,0.006997768242689736,0.006952988397422621
2005-08-12,-0.006157201849428958,-0.0022551164314659985,0.010124600272231424
2005-08-15,0.006157201849429031,-0.005955783188261158,-0.0025753549064372397
2005-08-16,-0.013088128512470572,-0.001705705769396316,0.0069601646742512
2005-08-17,-8.187656689884743e-05,-0.005836851887915097,-0.006637902645173882
2005-08-18,-8.179147007649183e-05,-0.007693216445345661,0.007384876090335357
2005-08-19,0.0022891016472847492,-0.002385271347750403,-0.00010806839274162459
2005-08-22,0.0,0.00648744072723104,-0.0010656867161524504
2005-08-23,-0.001880027651733432,7.336999140431996e-05,0.004579247907085497
2005-08-24,-0.008957122717233127,0.003186249905556907,0.0009561198691937482
2005-08-25,0.0036255099436424284,0.0022732093478580696,0.003178855004178449
2005-08-26,-0.006849473093752754,-0.0006394725156289607,-0.00031732722817976426
2005-08-29,0.007671949513287308,-0.00481998673778602,0.0012697431337299891
2005-08-30,-0.005273574815485375,-0.0013814867114647685,0.0063232951956925494
2005-08-31,0.01256057091522157,0.010007557211845456,0.008368657606442953
2005-09-01,-0.0007349045559060961,0.012005489250158322,-0.006039353780964247
2005-09-02,-0.0017975176994287562,0.003440642601714289,0.0008410603108744708
2005-09-05,0.0,-0.0004886346403127312,0.0
2005-09-06,0.011627745802407158,-0.005521597447979844,-0.007066519934714552
2005-09-07,0.0016961904843343276,-0.003370492032443405,-0.009462965237324903
2005-09-08,-0.003314514119567613,-0.001773864468799549,0.0010677075055642556
2005-09-09,0.008867643749077931,0.0013642879004181635,0.0031961393857873155
2005-09-12,-0.0020085043741953014,-0.009707750999312405,-0.006938355692852772
2005-09-13,-0.005564325442705704,-0.0008968684002241743,0.005234981921418277
2005-09-14,-0.0036456443796288054,-8.601277032821065e-05,-0.0038430516281777183
2005-09-15,-0.00048718881095975323,-0.0035056292606258778,-0.00827111532245415
2005-09-16,0.0070860627988578164,0.00024479903246904007,-0.0066019629908954025
2005-09-19,-0.0033257536342980393,-0.008203074248679226,0.0021689176868497284
2005-09-20,-0.008484854431699886,-0.0016496060127704608,0.0025973852329053936
2005-09-21,-0.009384289930662554,0.0,0.009250915686870535
2005-09-22,0.00354994174522623,0.0028885581380158247,-0.000965150190751925
2005-09-23,0.0008236215215018893,-0.009351257854046287,-0.0075298702006419945
2005-09-26,0.0011525380320407809,0.002664586143098116,-0.004545109170821605
2005-09-27,-0.00024679499702923694,-0.004493165125343708,0.0014091059209381128
2005-09-28,0.0009864475410091792,0.0035760438181061576,0.006693175608119864
2005-09-29,0.008104098373916308,-0.0034077418599960845,-0.004528689519678983
2005-09-30,0.003093222626171948,0.0005891807727524914,-0.003465103608205025
2005-10-03,-0.003582981533312697,-0.009612189051746097,-0.007848809109274017
2005-10-04,-0.011319467366746414,0.000500508246900167,0.0032867240339435576
2005-10-05,-0.013203314627584846,0.007777472214841268,0.004365997375335689
2005-10-06,-0.0036011502722434995,0.013228177919505809,-0.0038185484710341585
2005-10-07,0.003434100693753367,-0.003450804008327268,0.004036593640228092
2005-10-10,-0.008480080219571034,-0.006697588998809974,-0.0006541965117204298
2005-10-11,-0.001434433003198949,-0.00533551147151747,-0.0020720493598350136
2005-10-12,-0.007883880441246322,0.0035899351491534104,-0.009764869350227138
2005-10-13,-0.0005960181260205803,-0.0007574827308626001,-0.0036451139730556115
2005-10-14,0.010504377382275106,0.00481924971860389,-0.001550767471479615
2005-10-17,0.0037007612248912453,-0.005480036859164081,-0.00022077306807818294
2005-10-18,-0.010889617468626484,-0.004673374057590675,0.001107362662187346
2005-10-19,0.016498809257821604,0.0015912814186837278,0.0004425853479564358
2005-10-20,-0.017772723722679143,0.003658767773569433,0.002653144230299187
2005-10-21,0.0039017034447965965,-0.005333713572491347,0.009229607565303038
2005-10-24,0.015372449936917804,0.001842584802061448,-0.007795142581944845
2005-10-25,-0.002002594179783485,0.01128501004081458,-0.008635234707720986
2005-10-26,-0.0029277744107536695,-0.004049327795036268,-0.007365421177720083
2005-10-27,-0.010695990400548142,0.006608192533800495,0.003577761971972622
2005-10-28,0.014292301315834534,-0.0059445258111947875,0.00011110235466436932
2005-10-31,0.002750116127417023,-0.006820919705369491,0.001896122235800004
2005-11-01,0.0029925289008406633,0.00291756288149574,-0.001152773609758275
2005-11-02,0.010402923224009977,0.003613661887010188,-0.004716058085322158
2005-11-03,0.004261880357164539,-0.00961958859617233,-0.006774665895309256
2005-11-04,-0.0013090202400659813,-0.011692189805536294,-0.0015876184019855424
2005-11-07,0.0009828396094891372,-0.0016996083418627853,0.00339870520030602
2005-11-08,0.0,-0.0021204767141411703,0.009679637182310939
2005-11-09,0.0013072788425071038,0.0008477181984552169,-0.010359434549343507
2005-11-10,0.007732100378475384,-0.008736436707257279,0.012149347599122276
2005-11-11,0.003399531871110903,0.005080104742413656,0.0005585090032385858
2005-11-14,-0.0005659522509584442,-0.0036780084086314086,-0.007514094445395819
2005-11-15,-0.003644417678801112,0.00341984964809498,0.006508970951545933
2005-11-16,0.0020261350925479286,-0.004693510459089538,0.01045872090602374
2005-11-17,0.009269697066009382,0.006055381692714907,0.0024323295309983794
2005-11-18,0.003923441189157834,0.0023877291912580414,-0.004648586019880424
2005-11-21,0.005022139022582297,-0.0033271935099029007,0.002991039081472552
2005-11-22,0.004284757341259632,0.006547195946444109,0.0013264386437248738
2005-11-23,0.005763270153943088,-0.0005078814076918152,-0.0038736181328320797
2005-11-24,0.0,-0.0022881578636727183,0.0
2005-11-25,0.0007869195451940493,-0.0047717197927251995,0.003652818346963298
2005-11-28,-0.007104491568108745,0.010608536007165128,0.004959359139613443
2005-11-29,-0.001109792095859585,-0.006943607277574915,-0.009499513933095713
2005-11-30,-0.005407537157832699,0.003135155492930688,-0.0011100923559166063
2005-12-01,0.010154751024392589,-0.005345109660045109,-0.0015636276301972147
2005-12-02,0.0012620798623419736,-0.0019706822769623342,0.0003344920452308349
2005-12-05,-0.00213079496886732,0.005794145937643072,-0.004479155592624417
2005-12-06,0.001894430423540586,0.000931634986589071,0.010161512629195872
2005-12-07,-0.005852304148292156,-0.006807875293026708,-0.00378406798283807
2005-12-08,-0.0006344288025283331,0.00808281586887544,0.006446957491240239
2005-12-09,0.0026156774244327783,8.274527849556887e-05,-0.007898241588974132
2005-12-12,0.0009491404629045473,0.011944215757612339,-0.0019006328895992536
2005-12-13,0.006778043284840414,-0.0005857486322519653,0.0036859945134940482
2005-12-14,0.003919622347016122,0.0020932729631926343,0.010203771940517836
2005-12-15,-0.0028989873066724682,-0.0005865594602848372,-0.002430529099892743
2005-12-16,-0.003223647263896926,0.0039208147475193475,0.0033134613050801545
2005-12-19,-0.0051571344217433,-0.0005883791713599018,0.0009923268682833298
2005-12-20,0.0009542669093454719,-0.011057143475311651,-0.0012127410035719989
2005-12-21,0.0015880419979719604,-0.0034496302610209154,-0.001766049342119729
2005-12-22,0.005222743844067217,0.003283375015465625,0.007922612640425694
2005-12-23,0.0005527093154561324,-8.313798922913808e-05,0.006119377520501435
2005-12-26,0.0,-0.0028687756092232544,0.0
2005-12-27,-0.010228677902425449,0.0015281755186312845,0.00813668051841093
2005-12-28,0.002229135448595582,-0.0006756028820583676,-0.0027926628725070445
2005-12-29,-0.004463428547478866,0.0001659004213943699,0.0021734231970937817
2005-12-30,-0.005446810812967451,-0.0007580945672631534,-0.0022817232269318026
2006-01-02,0.0,-0.002034588492747508,0.0
2006-01-03,0.017435999567794038,0.01811304870329681,-0.0013079339910815628
2006-01-04,0.004724696746787441,0.006543246546145695,0.002394750477758622
2006-01-05,0.000627956490870701,-0.00041168873684475156,-0.0011960141161338898
2006-01-06,0.008287453389295112,0.0038817563086495453,-0.0018514897186089074
2006-01-09,0.0025659976680284563,-0.006529687652801062,0.0006527533569842963
2006-01-10,0.001008577564793254,-0.0009052183712828674,-0.0080944845416242
2006-01-11,0.0031761221346313134,0.0061959538988384764,-0.0016488536810207084
2006-01-12,-0.0039517611929290345,-0.007775058312854718,0.006689001720740817
2006-01-13,-0.0009323387969073862,0.008102807605059732,0.005775207293281603
2006-01-16,0.0,-0.0022196590033975753,0.0
2006-01-17,-0.0027235395090122265,-0.0006297919547457851,0.004445203809269326
2006-01-18,-0.003981825729079893,-3.6427670304904696e-05,-0.0003248337857619069
2006-01-19,0.0038258840364103226,-0.0014034752621391658,-0.002925852670467453
2006-01-20,-0.018405420840476843,0.003718816279432901,0.0026010735464489444
2006-01-23,0.003566145611656405,0.013747064094996127,-0.0003253654350806049
2006-01-24,0.0010276673906435142,-0.003181662844508498,-0.004883162264704366
2006-01-25,0.0008689902594570149,-0.001629828263892348,-0.01094160593737654
2006-01-26,0.005511204903819448,-0.0024581756473356186,-0.004299902848027367
2006-01-27,0.009222454469184866,-0.009954393660605,0.0
2006-01-30,-0.0007781579702189539,-0.0006529396417630722,-0.0009939784185736115
2006-01-31,-0.007345690972136553,0.005149898660757911,0.0027597761296239915
2006-02-01,0.0069563415260078905,-0.006731854159330352,-0.003425134345827043
2006-02-02,-0.011673259918016427,0.0014128829175007124,0.0018857904837553093
2006-02-03,-0.004977087054259606,-0.004725752548756046,0.007070161201224709
2006-02-06,0.002610477447452823,-0.005337835436600159,0.001978762625675913
2006-02-07,-0.008886000325168057,0.002503415710290351,-0.0047337141643574625
2006-02-08,0.009043784869033832,-0.002335921043996027,-0.00232136072948534
2006-02-09,-0.0016597385913173204,0.002419909750198401,0.00452544153547511
2006-02-10,0.0018174982431483752,-0.007277768780254572,-0.0055215424267654
2006-02-13,-0.0018174982431484,0.00041679917459765814,0.00010991036273898811
2006-02-14,0.010544280705349822,0.00033359442192101293,-0.0035488670144134486
2006-02-15,0.0035166308985374326,-0.002523028670692511,0.0024412086099070153
2006-02-16,0.007460493626630718,0.0017726350741738186,0.0002215808202626847
2006-02-17,-0.002713920695416995,0.0029334184118270726,0.007948439371131866
2006-02-20,0.0,-0.0006685415703136901,0.0
2006-02-21,-0.002487373019385476,-0.0011808000546799876,-0.0016507297228616747
2006-02-22,0.006052215407320903,-0.0003336831903147659,0.006804682916161109
2006-02-23,-0.0014710818741129033,0.0005005830321471893,-0.002519071124944149
2006-02-24,0.002553721625921673,-0.0036889851697372296,-0.0015364744057699733
2006-02-27,0.0003863670425906155,-0.0023609698826720753,-0.0016476992115606755
2006-02-28,-0.009546621350941068,0.006729766532618566,0.004936912548237171
2006-03-01,0.008850864213535748,-0.0008467113220418398,-0.0060592223887027665
2006-03-02,-7.721217501553114e-05,0.009942830206237223,-0.006988015935767341
2006-03-03,-0.004648938237104748,0.0005780037708891324,-0.005803285668155918
2006-03-06,-0.004592196627292172,-0.002490399224668445,-0.00877089133945998
2006-03-07,-0.001562113714977228,-0.01054239405875138,0.0006771667447292004
2006-03-08,0.002107662382976463,0.0031081307595809938,-0.00033831866398938945
2006-03-09,-0.006729058579508546,-0.0019302709582450278,0.00033831866398942317
2006-03-10,0.009454506590856233,0.0005834559376983349,-0.0037303958841462368
2006-03-13,0.001864767231746947,0.004691992041875473,-0.0007935678952362163
2006-03-14,0.010423966400203004,0.004329439239752162,0.0066664220745770355
2006-03-15,0.004445580600426681,0.0043241081920564455,-0.005420644021572149
2006-03-16,0.002063247342617157,0.008570884998657696,0.009018178604352804
2006-03-17,0.0008346313038784547,0.0014011427278653272,-0.003034909709955306
2006-03-20,-0.0016092823064555854,-0.0023868364374000453,0.0015755833995241483
2006-03-21,-0.006307801749661219,-0.004526544106376268,-0.005183574497478401
2006-03-22,0.006077886732757827,-0.002394532402229981,0.00214422588847972
2006-03-23,-0.0020728932123536157,-0.008898769862727175,-0.003160775402340816
2006-03-24,0.0007683620904774416,0.005245571578341346,0.007321501234071973
2006-03-27,-0.001460367574665898,-0.001995811828747522,-0.0037100127629991118
2006-03-28,-0.006172098337505489,0.0,-0.00939490754306868
2006-03-29,0.006249210075686543,0.0016588785769306596,-0.004787985368154261
2006-03-30,-0.001770813112243658,0.01132492195118332,-0.006995337446691193
2006-03-31,0.00023119800652080435,-0.004358853634659159,-0.00034539995103181843
2006-04-03,-0.000770526759991006,0.001976724958151662,0.00032375252802140114
2006-04-04,0.006377728606041735,0.009918005849360768,-0.0010400510226597603
2006-04-05,0.003440643967163496,0.00228298028635211,0.0013871143567466282
2006-04-06,-0.0010692315943730385,-0.006039769791432209,-0.007651857660051758
2006-04-07,-0.010214916206820517,-0.009796333460045194,-0.009822016276630157
2006-04-10,0.0015429740454773176,0.001404001669205044,0.0018788445900838424
2006-04-11,-0.008514982344568926,0.002971785868108545,0.003511956871492852
2006-04-12,0.001864223564574674,-0.002802217820896405,-0.006095310845385937
2006-04-13,-0.0013198961517497793,0.00016963768815453134,-0.007081457023867889
2006-04-14,0.0,-0.00033920573536677233,0.0
2006-04-17,-0.00038871361910721824,0.011658843277266231,0.0036646926692756785
2006-04-18,0.015731497826269005,0.009183531396874717,0.00176882075746044
2006-04-19,0.0019107612566300902,0.0008908493429412366,-0.006143878485453011
2006-04-20,0.0013737137108742348,-0.005591671595787801,-0.0008298171888483963
2006-04-21,0.0001522371608109806,0.002588268509211019,0.005794829540606214
2006-04-24,-0.0018315052051937968,0.0038826827000252085,0.004001662243730623
2006-04-25,-0.004133171392224684,0.0032262187740076816,-0.01193422055017023
2006-04-26,0.00022993261904284053,0.0016046660651647352,-0.0016650877438810316
2006-04-27,0.004819706285411439,0.006644863604506852,0.0013087901231632092
2006-04-28,0.003352399490924283,0.00826760236172215,0.0007139470439720038
2006-05-01,-0.008172105776335608,-0.004438013057854087,-0.007544117098843925
2006-05-02,0.007487261187938276,0.0029354471549831803,0.0026402110804541862
2006-05-03,-0.0037362850260365733,0.0004794802208979682,-0.0021596141110736384
2006-05-04,0.003584061708154686,0.006153845875736307,-0.0016829692538942187
2006-05-05,0.008791873392728298,0.002123257907461012,0.005998503033710869
2006-05-08,-0.0012082824458671609,-0.0019709375915264553,0.0005972048219827173
2006-05-09,0.0019622593086521195,0.005030312423480176,-0.0005972048219827382
2006-05-10,-0.0005273567471840256,0.0005875174281937835,0.0017929834117946424
2006-05-11,-0.012144738271695085,0.006047733081751017,-0.004908340536067381
2006-05-12,-0.013143899684474178,0.006045859835349868,-0.008312710099925662
2006-05-15,0.00200983805851019,-0.010879327218100593,0.003984560475821119
2006-05-16,-0.0014682941091635562,0.004679295759930909,0.0074435067483771674
2006-05-17,-0.01920794489629959,-0.008445241483864874,-0.0062397478934540064
2006-05-18,-0.00505774944246172,0.008522330266385929,0.013509549888180166
2006-05-19,0.007026969627624723,-0.006558167669646246,0.002609278071373491
2006-05-22,-0.007661221076730894,0.006712420157343083,0.002130328495933268
2006-05-23,-0.007640174497417087,-0.005460417870518635,-0.000591719615278423
2006-05-24,0.00795721893708782,-0.0007028393823763122,0.0004735588431469115
2006-05-25,0.012288537789140856,0.002814168190519901,-0.003908716387154247
2006-05-26,0.0050758154587057895,-0.005556827315730726,-0.000712729408020982
2006-05-29,0.0,0.0009431031202563077,0.0
2006-05-30,-0.01791920311834144,0.00890154282510268,-0.0004744534866494163
2006-05-31,0.011119468185433924,-0.0038136996019872637,-0.0059585423836049645
2006-06-01,0.00952245048606767,-0.00039716174545518054,0.00445340487911803
2006-06-02,0.0020951775444631037,0.00832313840843239,0.012820242462499506
2006-06-05,-0.01468091887275568,-0.0013167028155889355,-0.001298882478710421
2006-06-06,-0.0024414538535169365,-0.006147837742566837,0.0047131418193037495
2006-06-07,-0.007519821037010668,-0.0015629732493835117,0.0002347250748538656
2006-06-08,-0.000874395137493854,-0.012025286727839984,0.001995156306952195
2006-06-09,-0.0031856860966994697,-0.0006322032824184526,0.005263955839745159
2006-06-12,-0.010909003481813834,-0.00435168626168237,0.0008171148054548316
2006-06-13,-0.011681826270345823,-0.003191786510807495,0.0006981006893212418
2006-06-14,0.007721784907615985,0.005018502294383033,-0.01006762154211537
2006-06-15,0.020992796112464338,0.002449052811487121,-0.005783108130277829
2006-06-16,-0.007313856153859677,0.0003918807193921517,-0.0022502247908872583
2006-06-19,-0.007892892431070112,-0.0051457920115929555,-0.0014244617553599275
2006-06-20,0.003390172485535741,0.0007172703794377151,-0.0016644406598797833
2006-06-21,0.007386492367933585,0.005693824497079237,0.0002386380397594774
2006-06-22,-0.004409339226156489,-0.0060210413408220455,-0.005726494229316748
2006-06-23,-0.00016068882864313203,-0.004858606239090059,-0.002035382530724887
2006-06-26,0.004410398859594261,0.005185823082832815,-0.0019205440523598393
2006-06-27,-0.008678488749074507,-0.0015975103582966236,0.004912868402639706
2006-06-28,0.006756355528895826,-0.0018334038348102601,-0.005273283236944068
2006-06-29,0.01999924657612433,0.009365370117246618,0.003358569952504035
2006-06-30,7.825807908278926e-05,0.009351681974279191,0.009652540737294393
2006-07-03,0.004076953381384046,0.0014070854312627076,-0.000988618814173127
2006-07-04,0.0,-0.0008573045908928146,0.0
2006-07-05,-0.005728250340653778,-0.004390163308075298,-0.008016034914483824
2006-07-06,0.002907781440972001,0.003290765739700941,0.006108252699433399
2006-07-07,-0.0065345973131577,0.003750451315832775,0.006426570016897414
2006-07-10,0.0018940098587070643,-0.006174904189814338,0.0009484927004730143
2006-07-11,0.004405138458485061,0.0017603495376866014,0.0031957338913717647
2006-07-12,-0.01073209735672745,-0.004356947792424389,0.0002366539147546507
2006-07-13,-0.01639632227511374,-0.001181540003307359,0.003889787931857666
2006-07-14,-0.0038785704855560828,-0.004181207807113774,0.0005888819599743077
2006-07-17,-0.001458418077800975,-0.010014298138597572,0.001525989440102195
2006-07-18,0.005094473762789438,-0.0012760432902732188,-0.008607510656330702
2006-07-19,0.013779154129794148,0.007731113288475531,0.009429173912089079
2006-07-20,-0.006866197173748189,0.002687121818321156,0.0029287829205027465
2006-07-21,-0.007074014303209017,0.0057646385914954384,-0.0018722354840407982
2006-07-24,0.018068894264206235,-0.0064717669817498475,-0.0005866256064115542
2006-07-25,0.003559218345889872,-0.003176202001812247,-0.0029361740141323643
2006-07-26,0.001341166567208992,0.010194516236336774,0.0036394561265273243
2006-07-27,-0.000946575323432366,-0.0013340178208113482,-0.0015237950485774046
2006-07-28,0.00997285014097841,0.004325958578429915,0.0057324572014034285
2006-07-31,-0.0010163996951706074,0.0017995560049545065,0.0012831810743730156
2006-08-01,-0.004939916916536988,0.003595934944970853,-9.299847537265654e-05
2006-08-02,0.0067374667768737035,-0.002189817909358722,0.0037358907277059584
2006-08-03,0.0026511153165024955,0.0005501395494782312,0.00023425867295742426
2006-08-04,-0.0017149180179881535,0.006226967058490062,0.006042326092292867
2006-08-07,-0.0023422248186808375,-0.004664191757599179,0.0005790862891465069
2006-08-08,-0.003838684860279115,-0.004068194790429433,-0.0022020466249609914
2006-08-09,-0.00338047006319873,0.008423276792302849,-0.003255521835001298
2006-08-10,0.0030665094790194324,-0.00639121068862434,-0.0015136982651022546
2006-08-11,-0.002830697048581599,-0.005320463811241321,-0.0043232486295617985
2006-08-14,0.0007872003270194347,-0.00016545365255599755,-0.001758957172936651
2006-08-15,0.011887065541485066,0.005332432437814901,0.00841128157493384
2006-08-16,0.008284233271365904,0.004062895512449821,0.0067239295429681835
2006-08-17,0.0025408547825133757,-0.0008600679688531479,-0.0003469054792312121
2006-08-18,0.005063182129939111,-0.00030791733378379477,0.0028853261274746733
2006-08-21,-0.004293919136038437,0.0034953336949795155,0.0035657382091626878
2006-08-22,-7.705209199396925e-05,-0.0047517713355795035,0.00034599869242957817
2006-08-23,-0.0027707042646424127,-0.0024184696289944007,0.0004590783737156706
2006-08-24,-0.0008476843347026387,-0.0014942839592491147,0.0018337136747580314
2006-08-25,0.0012328505749450247,-0.0003827740871964704,0.001487925172653651
2006-08-28,0.0047645540512547754,0.0027720546003188883,0.0009148130658405256
2006-08-29,0.0011498838381679263,0.002856852477721754,0.0013690901614990592
2006-08-30,0.0006123095322688271,0.0009241393739663098,0.002621458618359591
2006-08-31,-0.0001528946446295215,-0.0024881114668699102,0.002387198678007719
2006-09-01,0.0059530144259421144,0.002102955956966126,0.0003418254370300769
2006-09-04,0.0,0.0016315295758154143,0.0
2006-09-05,0.0019004832896040483,-0.0025681096147348705,-0.006287251337073583
2006-09-06,-0.00884902282921253,-0.0003846420842231741,-0.0013768022156040885
2006-09-07,-0.004608355143705093,-0.006809366420828909,0.0019509115309892658
2006-09-08,0.0028442196577745608,-0.004649095399598617,0.0008013752148503656
2006-09-11,0.0009971975410449179,0.0029191081377163194,-0.0009163681369077009
2006-09-12,0.009767408455238274,-0.001181344691054494,0.005029787491934525
2006-09-13,0.004017028548688371,0.0001522980101292906,0.00045676744466192757
2006-09-14,7.541171152462099e-05,0.0020463542130882352,-0.002282810563820445
2006-09-15,0.002344091101389558,-0.005671079293282218,-0.0007998717809858347
2006-09-18,0.0013635595813891541,0.004412229525440956,-0.0016022408678253324
2006-09-19,-0.0025007541640282797,-0.0023606148294820803,0.011161171411847063
2006-09-20,0.005296816961801732,0.0008623130826507097,0.0014706071336318056
2006-09-21,-0.004841767294336016,0.007309586892705994,0.009117726655329433
2006-09-22,-0.0030379168660546628,0.001483672537638885,0.004918865172529817
2006-09-25,0.007653242767857485,-0.004304323870715119,0.0070008874322232085
2006-09-26,0.008268737920697202,-0.004564947887193459,-0.004216882666165015
2006-09-27,0.0011969425558064559,0.0014981340914556,-0.0028952541965198957
2006-09-28,-0.00037368553677463175,-0.0001905691902114753,-0.0016743973855803727
2006-09-29,-0.0008232570190317318,-0.0032721706623685854,-0.0012301466543926305
2006-10-02,-0.0037499535892886356,0.006287458366739856,0.0027364458837019073
2006-10-03,0.0021016502715786346,-0.0005477370050458743,-0.0013449216981707703
2006-10-04,0.011629704052951922,-0.0017304342563392162,0.007262621789351256
2006-10-05,0.0019250129989225307,-0.0013720460987372894,-0.007037875021264002
2006-10-06,-0.001258121030004757,-0.007235661779162002,-0.010481205615067142
2006-10-09,0.0005923114542155488,-0.00023941228607752356,0.0027152264182719542
2006-10-10,0.001331581621529141,-0.0054915412727985615,-0.007939429574628738
2006-10-11,-0.001183720942395793,-0.0006389633995271695,-0.002965911421192419
2006-10-12,0.008622766208960773,0.002872173062261645,0.0005705144437387726
2006-10-13,0.0025647220546500585,-0.004386380378048497,-0.005035079568556603
2006-10-16,0.0015358581788939975,0.0028803213795028527,0.004464565124817762
2006-10-17,-0.0031471758845227293,0.00031353761879019954,0.0007993960472225671
2006-10-18,0.001318463588849183,-0.0004766654760284386,0.0020526137637509384
2006-10-19,0.0016095972621708113,0.0069962433735178044,-0.0018242739534752395
2006-10-20,0.000219115033502777,-0.0008709133867989162,-0.0010277358574982158
2006-10-23,0.004593232499679301,-0.005171846216307196,-0.004005282233543406
2006-10-24,0.002978078409698193,0.0006403400781511017,0.0
2006-10-25,0.0034032051918177256,0.004531506138156045,0.00788120774939452
2006-10-26,0.0031030341286718854,0.00616298121393981,0.0064651725652184015
2006-10-27,-0.006288585840515823,0.0038537477440230426,0.004623952562364757
2006-10-30,-0.0007257755049682416,-0.001973288818902049,0.002808904416446165
2006-10-31,-0.00014456551123548893,0.0038482023621698694,0.007713104533600318
2006-11-01,-0.0067727336592596525,-0.0009824869722385306,0.005517267528081268
2006-11-02,-0.0005847292041838053,0.0020043996672048474,-0.0041216805929806186
2006-11-03,-0.001756241865210903,-0.0057346138229264106,-0.011902312254341737
2006-11-06,0.011216044769964316,0.0014624307037940576,0.002933426007437077
2006-11-07,0.0038307264450007012,0.004195505917241721,0.004606633183670052
2006-11-08,0.002162177191824348,-0.001494046172681382,0.0035802643053655854
2006-11-09,-0.005269023458325447,0.0056686790778752915,-0.0005578009641887342
2006-11-10,0.000433759306582309,0.001669622710527332,0.00434990929391674
2006-11-13,0.0024569285265810393,-0.002182727284075983,-0.00022382393456074406
2006-11-14,0.0074766783030903936,-0.0009358251909987133,0.0038887804609174645
2006-11-15,0.002860994778623836,0.0008587717265917784,-0.0037767829737291236
2006-11-16,0.0025674153926643264,-0.0024209571650435323,-0.004573151697411373
2006-11-17,0.00028502683453375565,0.004372325691854574,0.005684678618920318
2006-11-20,0.0005695758337066981,-0.0024897930702207707,0.0015553455381240315
2006-11-21,0.0009960752465436407,0.0021813784995855876,0.002439090877850623
2006-11-22,0.001988789707555661,0.007206866877766688,0.0016592113395242991
2006-11-23,0.0,0.0010098105147594955,0.0
2006-11-24,-0.004053603715710687,0.010219352306519484,0.0017675873619505673
2006-11-27,-0.013846383478649865,0.0036574785883362816,0.0036358455065767293
2006-11-28,0.004325289927588089,0.005385783518544372,0.0020859046747358826
2006-11-29,0.010376582002735779,-0.004242635380701603,-0.0023066543372546417
2006-11-30,0.0004268454542701371,0.007800857030279221,0.006577654097195596
2006-12-01,-0.0022084141549719312,0.00676759607638885,0.00254108198941439
2006-12-04,0.007601611723525193,-0.00037348723693654947,0.0017480104980117852
2006-12-05,0.004308123141310648,-0.0012794396254905522,-0.0047066704882073925
2006-12-06,-0.0008460129103352661,-0.002434413610155041,-0.0019770283995184674
2006-12-07,-0.004382647849208712,-3.9837220099502234e-05,-0.0007691163585260078
2006-12-08,0.0018404613327043446,0.008097312982503884,-0.007287200304343092
2006-12-11,0.0028947853273091286,-0.010737731366210972,0.004311901420077682
2006-12-12,-0.0007760673307166071,0.0025606494497704057,0.0020949811884459755
2006-12-13,0.001057871317339413,-0.005048775887443793,-0.008959796913557952
2006-12-14,0.008772343310862693,-0.004668205235648688,-0.003671846055338086
2006-12-15,9.105304229230637e-05,-0.004384725329122204,0.000556393059417005
2006-12-18,-0.002743196649014,0.0005371596014467245,0.0003356633216174917
2006-12-19,0.0019004860891406333,0.007683363055979611,-0.0013385018807546482
2006-12-20,-0.0005626367393836211,-0.0015175474725008403,-0.00011104885896042334
2006-12-21,-0.0036652989436005835,-0.000237415381201727,0.0050084221723057714
2006-12-22,-0.006162716465928941,-0.0035664686480837257,-0.007689920488741557
2006-12-25,0.0,-7.876828905286221e-05,0.0
2006-12-26,0.00588005312205791,-0.0019815923932913256,0.0030157948394542076
2006-12-27,0.00654742152429144,0.0011543321995789557,-0.007379107928888089
2006-12-28,-0.0021075470993943885,0.0017471372992905203,-0.002258483036585635
2006-12-29,-0.004157211081025998,0.0037938273873117743,-0.0007902364058795031
2007-01-01,0.0,0.0015850077965793696,0.0
2007-01-02,0.0,0.004305410947605112,0.0
2007-01-03,-0.0017667813702725418,-0.00793400140373165,0.007099194555088188
2007-01-04,0.0021197479703813924,-0.005948768739402194,0.00604405057351288
2007-01-05,-0.00800817191847238,-0.008279714683493073,-0.0043619423740452745
2007-01-08,0.004614059591004963,0.004229060481475468,0.001791636567677852
2007-01-09,-0.0008500411522215759,-0.003306657514304869,0.0
2007-01-10,0.003326165638882231,-0.004396289480035525,-0.004485323195621921
2007-01-11,0.004370529440127152,-0.003474810499555011,-0.005862238789511537
2007-01-12,0.007568758257321641,0.002556548257492989,-0.004645557475874278
2007-01-15,0.0,0.0006077529942698177,0.0
2007-01-16,-0.001957141205205794,-0.0012281469855548908,0.002155354275541034
2007-01-17,0.00041991156534965796,0.0015386562333473644,-0.003065388911785337
2007-01-18,-0.003361944042960516,0.0016187982179742618,0.0030653889117853534
2007-01-19,0.001962367320730498,0.0006222994126600615,-0.002723968596757217
2007-01-22,-0.0030857360560832565,-0.0014644175882648875,0.0023839581943893165
2007-01-23,0.0029460219991208976,0.005623168426004685,-0.006597893588210432
2007-01-24,0.008020774324621949,-0.004625531049788098,-0.00011435508606299458
2007-01-25,-0.011809576684025463,-0.0017743174185859563,-0.007216310889921138
2007-01-26,-0.0009141788804495238,-0.0008536254205263411,-0.0008057594832520549
2007-01-29,-0.0005632235884672163,0.0026279428391123454,-0.002188615970251984
2007-01-30,0.0051958438862077455,0.0002333713714125127,0.0011524059151854919
2007-01-31,0.006700606833064534,0.00439215967837555,0.008372925065985486
2007-02-01,0.005965088753076824,-0.00031246539892226094,-0.0012043238965227657
2007-02-02,0.001382113544712545,-0.004235269142216337,0.0012622287136988453
2007-02-05,0.0002762086906396572,-0.0024730445044245544,0.0013751621452558979
2007-02-06,0.0002759818372523722,0.004016963027088081,0.005482376968277607
2007-02-07,0.002205868260980001,0.003003816018474825,0.0029568955879077717
2007-02-08,-0.001308945185639319,0.0013030985259661445,0.0007944942663607665
2007-02-09,-0.0074749799895094645,-0.002539523734337634,-0.0056899123580509995
2007-02-12,-0.0034102284079249217,-0.0033891058414167504,-0.00228478717325444
2007-02-13,0.00839980187868106,0.005315941108024146,-0.0021760355061988374
2007-02-14,0.006545049280806486,0.00824414292428635,0.009469869988096331
2007-02-15,0.0013043937796860647,-0.0003678588334679295,0.0029480030884926223
2007-02-16,-0.00048039577931626636,0.00022332659529165493,0.0035021301832464926
2007-02-19,0.0,0.001064766046840074,0.0
2007-02-20,0.002125119589460057,-0.00030251005156478145,0.0022539521239636423
2007-02-21,-0.0004105537703224145,-0.0006834093913023712,-0.001689094376926355
2007-02-22,-0.0007540797155733129,-0.0010637279079879903,-0.005427452199332763
2007-02-23,-0.003915586548283014,0.0033393417693650938,0.007116546576259122
2007-02-26,-0.0008951190697715326,0.001898089268337443,0.00661948780821247
2007-02-27,-0.0398408603094228,0.002880487207310668,0.012556303554820143
2007-02-28,0.010199147847416769,-0.00023813946426285714,-0.00453800723971751
2007-03-01,-0.0029849382278372026,-0.004461413760450013,-0.0006342599416345291
2007-03-02,-0.013181570280081203,-0.00038195830093588597,0.005000711167893165
2007-03-05,-0.009564360250156874,-0.005945963267553955,0.0016622937282421031
2007-03-06,0.01696403621983076,0.003894437852204436,-0.0029925012342231867
2007-03-07,-0.0010019909791919395,0.003079013688115416,0.003877655227115324
2007-03-08,0.008419479731175942,-0.0027768172457005697,-0.0008851539928920904
2007-03-09,0.00028419517370265415,-0.001982498302172443,-0.010570489845612485
2007-03-12,0.0014908751139768733,0.005471141215371687,0.003907484949477356
2007-03-13,-0.019625500768851882,0.00015835570411889548,0.0059982946392628305
2007-03-14,0.007422855255943984,0.0034087743743156035,-0.004551500989309801
2007-03-15,0.0013628524073055245,0.0036197877463282706,-0.00011052700238213105
2007-03-16,-0.002804038054668739,0.0026334322174156387,-0.00022304259624426274
2007-03-19,0.011983316666736743,-0.00038612895996152245,-0.002116577588300025
2007-03-20,0.00547698185827885,0.00022634175857639703,0.0005580294867909239
2007-03-21,0.016323224356889425,0.006224513827090509,0.00044532405018253324
2007-03-22,-0.0007677100921284356,-0.00486539240890155,-0.007942091815654188
2007-03-23,0.0014655719539654083,-0.0027829361817312344,-0.002811629062137208
2007-03-26,-0.001326020334835962,0.002622982853071202,0.0012377878029165824
2007-03-27,-0.002376855584155651,0.002482783509662501,-0.0016887971662593777
2007-03-28,-0.007306614834941011,-0.0037485595184143534,-0.0020301225722096925
2007-03-29,0.001057222996147656,0.0014924211550835132,-0.0013559727126242146
2007-03-30,0.0002112187143958741,0.0018018553959377706,-0.001923769885478947
2007-04-02,0.001125517655556327,0.0008285633882327921,0.0016589076018068223
2007-04-03,0.010705065349048309,-0.0033768877244499513,-0.0012493439553541673
2007-04-04,0.0011129677676290494,0.0036710770593378008,0.001020993653575113
2007-04-05,0.002707934998767717,0.004329092139057655,-0.0037516712447552155
2007-04-06,0.0,-0.0022405201456337474,0.0
2007-04-09,0.0013857527614933233,-0.003505219756541824,-0.006631997277639053
2007-04-10,0.001176096353964018,0.005745739902175573,0.002978123442004435
2007-04-11,-0.004088338037956143,0.0005912560467894349,-0.0006867001521895033
2007-04-12,0.004434069605106624,0.0037972904237567047,0.0002290057692186523
2007-04-13,0.00455193623902336,0.0022149769770849494,-0.0030953296903674767
2007-04-16,0.009451345897060115,0.000595119701227114,0.005495093653659636
2007-04-17,0.002654952867652332,0.0031707562070625063,0.00557837125927185
2007-04-18,0.0012230973391641991,0.003085694759200224,0.0049824682612102855
2007-04-19,-0.0002715553533938461,0.0007626541274699375,-0.0016959987149589755
2007-04-20,0.00939664255942105,-0.0025988920806359708,-0.002606490315215856
2007-04-23,-0.003774942578318213,-0.0003668451842609759,0.003624324070949711
2007-04-24,0.0004049491607151476,0.0038244163163706326,0.0037234810162259163
2007-04-25,0.009139764730442501,0.0002181818381190629,-0.0034974012533434662
2007-04-26,0.00113682805864415,-0.003675752970228752,-0.00725962720015524
2007-04-27,-0.0008022856672481732,0.0048494114800435644,-0.00022637434687316108
2007-04-30,-0.008327340178588083,-0.00021844980700544766,0.01041960917641344
2007-05-01,0.0025592850902189865,-0.003747260473820311,0.0007241895803723056
2007-05-02,0.005834543230160668,-0.0009516025951878427,-0.0005657504355556297
2007-05-03,0.005402204972231169,-0.0023616065764961794,-0.002263366822709636
2007-05-04,0.0037841541943237143,0.00242950797246619,0.004070882095283575
2007-05-07,0.00019905403684506074,0.0008156844765441158,0.002705318571802334
2007-05-08,-0.0013259499486376152,-0.004356118412528027,-0.00225410690525275
2007-05-09,0.002715919611152004,-0.0010286139291696742,-0.003956008233562463
2007-05-10,-0.010507222569256926,-0.0032546969872818657,0.002375561131370289
2007-05-11,0.008520620127093446,0.002808412138111633,-0.0035091583186698137
2007-05-14,-0.0021896213441042808,0.0016237566728037366,-0.002611748924079481
2007-05-15,0.0002654585790863496,0.0039080547174287165,-0.00034064983838541816
2007-05-16,0.006817385728756729,-0.005315475432871865,-0.0006822820141198444
2007-05-17,-0.0019806871781572477,-0.0019994951675517837,-0.00410572493900837
2007-05-18,0.008686056715096877,0.0011883908784634518,-0.006649845787930999
2007-05-21,-0.0005242098578843094,-0.003480268197460533,0.0029869500219666095
2007-05-22,-0.0007867947450703679,-0.0010363797099103137,-0.005175185768463904
2007-05-23,0.0001313774139593104,0.00044405383243243854,-0.0028857967538132153
2007-05-24,-0.009094628787944882,-0.0020838521647750805,0.0009237371140108418
2007-05-25,0.004162536125670255,0.0014918842769631976,-0.002312154096379711
2007-05-28,0.0,0.00014791405537950772,0.0
2007-05-29,0.003619254140203543,-0.00045719513623861867,-0.00011619166315719894
2007-05-30,0.008112080560892047,-0.001034912072294042,0.002082225385682793
2007-05-31,-0.0010430983414570461,0.0017881354745269262,-0.001851064838171263
2007-06-01,0.004944314712558337,-0.001049031337788307,-0.005266880000662355
2007-06-04,0.00012968007858203703,0.0037168598859442527,0.004546615002986985
2007-06-05,-0.0039659070476054424,0.0020799338177413472,-0.006300738503788191
2007-06-06,-0.010807714298753745,-0.0020124324608412525,-0.000467744897542136
2007-06-07,-0.018210109625639414,-0.00481886944309301,-0.018078576669121646
2007-06-08,0.012926961448226403,-0.005076310705902944,-0.0008349396262582543
2007-06-11,0.001720201509166455,-0.00030725973420890894,-0.0028679779198594684
2007-06-12,-0.010965518683875963,-0.003745923237829175,-0.014586459812895636
2007-06-13,0.014856878736366869,0.000306084047586499,0.011830608684485783
2007-06-14,0.006366461398804257,0.0004393001998877837,-0.002523511461148424
2007-06-15,0.005673298516662257,0.0047249863218787646,0.0068344862954734615
2007-06-18,-0.0011762016835465143,0.0027598583267902125,-0.002033976096799646
2007-06-19,0.002482256254180277,0.0006038622315252051,0.00929523546142818
2007-06-20,-0.013994660070774866,-0.0020918888029170667,-0.008098409716078687
2007-06-21,0.005542357173056365,-0.00014737588191894604,-0.004795587998208593
2007-06-22,-0.009453639033571484,0.005722156959942775,0.006468277500980035
2007-06-25,-0.00479394306968325,-0.0002155056929058223,0.00547669258660903
2007-06-26,-0.010331604698379994,-0.0014131328376477863,0.00023816478826435436
2007-06-27,0.014127923755894398,0.0004439781614408838,0.0009483081452656832
2007-06-28,-0.0001323723010303225,-0.0005918373940478888,-0.00023744530683179313
2007-06-29,0.00033248019596167713,0.0065972417935163475,0.010268310463605362
2007-07-02,0.00900015540608241,0.007281767138798163,0.005242632252240908
2007-07-03,0.0036173607112889986,-0.0016893359222049837,-0.00611536017293994
2007-07-04,0.0,0.000231439513204386,0.0
2007-07-05,-0.0010517988775268173,-0.0011837684252300237,-0.011269889734258671
2007-07-06,0.005244005859579095,0.002273607244147827,-0.00406499268799233
2007-07-09,0.0007837326745990731,-0.00043609050675609226,0.003587639279875215
2007-07-10,-0.014341029485280491,0.009940263148137589,0.016806946486401884
2007-07-11,0.007064433958752159,-0.0004402850771809355,-0.010383092750097722
2007-07-12,0.015667184874383615,0.002465126504058409,-0.0034442293311350374
2007-07-13,0.0029747778968746644,-0.00022066750106031912,0.002733714140041852
2007-07-16,-0.00012884746657872243,-0.0005787917497040263,0.009566150363849417
2007-07-17,-0.0005165347497738116,0.0009510966933654294,-0.0021173289373978056
2007-07-18,-0.0018109562137056828,0.001228072762420278,0.0037618934829241456
2007-07-19,0.0038765428448503574,-0.0006487943293982995,-0.00023422765201813324
2007-07-20,-0.010176170517625606,0.0025974811527189954,0.00899744594500699
2007-07-23,0.003057070622230168,-0.0021005699083486255,-0.0016294794670700938
2007-07-24,-0.01749281271754707,0.001450538454918856,0.003721925484915801
2007-07-25,0.002046343674343213,-0.007176983869525978,0.0019715152536265742
2007-07-26,-0.02396401855421534,0.0017447446360917636,0.008307084099629988
2007-07-27,-0.01985536698594803,-0.00832525235606747,0.002867960930504976
2007-07-30,0.015522670146541788,0.005551602663971917,-0.0028679609305050356
2007-07-31,-0.011327168906056796,-0.002916328418624026,0.007212597139530457
2007-08-01,0.0048597387940634805,0.00036919018966253387,-0.002167351659570335
2007-08-02,0.007958903821475523,0.002190715266523799,0.0025223289148832997
2007-08-03,-0.0260823075332206,0.005814949717205861,0.006618037979464457
2007-08-06,0.016620151176056985,0.0007172283245640309,-0.007305171779353892
2007-08-07,0.010613642962744163,-0.004061829637418618,-0.000801635119740844
2007-08-08,0.01384386963116768,0.0045034236919898685,-0.012228101732487505
2007-08-09,-0.030081471462091947,-0.009383369748191803,0.0013921196696014002
2007-08-10,-0.004688360370128302,0.0010945427312621665,-0.0023210107402796944
2007-08-13,0.0035869998046387987,-0.005569585062672088,0.0029001037449914286
2007-08-14,-0.015404031966743427,-0.005755251467992024,0.002660741608363292
2007-08-15,-0.013870907231534557,-0.007927119607856283,-0.003588121811583685
2007-08-16,0.0074873966363691756,-0.0002282700527195141,0.010266435812736072
2007-08-17,0.018200542757270045,0.005128152778545628,-0.004024474539588263
2007-08-20,-0.0004839228128757006,-0.0014159826082836004,0.0005753739861596161
2007-08-21,0.0020031936580095795,-0.0014810707618207813,0.004825180048147895
2007-08-22,0.011797739744970242,0.007034744555211308,-0.0016060448322699134
2007-08-23,-0.0008866661187854585,0.0005149764814420024,0.0034376406349683557
2007-08-24,0.012277799105325006,0.00808540311765737,0.004906702298421574
2007-08-27,-0.009347188704248787,-0.00212975292522103,0.005223101702563801
2007-08-28,-0.02222540428818444,-0.0028598645250534544,0.001697640497969018
2007-08-29,0.019431317713810712,0.005509077347500566,-0.002718046800201504
2007-08-30,-0.0026650271970061557,-0.002349178582383144,0.006665452584974257
2007-08-31,0.009804681881372332,0.0,0.0007882962553453223
2007-09-03,0.0,-0.0020577366462438515,0.0
2007-09-04,0.010044901644171322,0.00044927744302697756,0.00047476962719307265
2007-09-05,-0.008690459497187303,0.0024820048252687404,0.00798472345499259
2007-09-06,0.002298254835939269,0.0030768737367854316,-0.0025798913836789206
2007-09-07,-0.014005118105985745,0.0057550817696605805,0.014052587446430552
2007-09-10,-0.0019185258040389855,0.0,0.007721411327744028
2007-09-11,0.011593000611274298,0.00470835640824636,-0.0007693506586229634
2007-09-12,0.0025734618395361793,0.00489750997095469,-0.00374660759781198
2007-09-13,0.007008894858048504,-0.002958029415366573,-0.008981314789160309
2007-09-14,-6.771808440920543e-05,0.0008045814224107345,0.0014472484819268892
2007-09-17,-0.005387356575813902,-0.0009431691687933764,0.0047701890387349035
2007-09-18,0.0290147981142164,0.008255959021026323,-0.007555532510346192
2007-09-19,0.0058859110546558594,-0.000782673066674271,-0.00930006108520521
2007-09-20,-0.007067460923820509,0.007839351228417807,-0.01909350298530139
2007-09-21,0.002695711552687039,0.0009296893624302651,0.00845562021853627
2007-09-24,-0.0018441308696375692,-0.0012815633235391103,0.002840344115176323
2007-09-25,-0.001980184384818662,0.00553221182547798,-0.003523828262949639
2007-09-26,0.00527067083737835,-0.001343515502836976,0.0009108185306834231
2007-09-27,0.005896346697087512,0.0013435155028370047,0.006914525571695359
2007-09-28,-0.003337235716530092,0.007942515909544388,0.0022578143487156344
2007-10-01,0.011209658903939233,-0.0020235582804168785,0.005697474099684433
2007-10-02,-0.0013619200328057054,-0.005918957629127547,0.0031451490054865707
2007-10-03,-0.002013802793937663,-0.0036868239894071414,-0.0029196843504946625
2007-10-04,0.0015593237349989734,0.0024846652860422962,0.0038167249347859904
2007-10-05,0.011811888255024492,-0.00014135679947215534,-0.010815875649750397
2007-10-08,-0.005340358412943729,-0.005960532199119793,-0.0007936952678834391
2007-10-09,0.009374099312453006,0.004110848232382134,-0.001246560800848215
2007-10-10,-0.0016623717693503934,0.002415159913789221,0.000566268937544715
2007-10-11,-0.0048127867600526114,0.004294031785872975,-0.001021112468786989
2007-10-12,0.005516586189599629,-0.0008376405831204329,-0.004894321270712026
2007-10-15,-0.008479782536708707,0.0009796550042017666,0.00022727797865772172
2007-10-16,-0.007966598013020501,-0.0019015764632828417,0.0003424166736472548
2007-10-17,0.003051577810472116,0.0028252689716715884,0.010889102339092195
2007-10-18,-0.003637004198723952,0.005460015257666824,0.005513263375494585
2007-10-19,-0.026504656434296794,0.00014292513915757575,0.014811573998981463
2007-10-22,0.005796135389430686,-0.008215492747765838,0.00011095836943947873
2007-10-23,0.00807144626583126,0.005488473027072733,-0.0013271743885338416
2007-10-24,-0.0018468277802438017,0.0003565272379224033,0.007387145468053483
2007-10-25,0.0023740290955328097,0.0044027541379229535,-0.003410443150289737
2007-10-26,0.011654001014636175,0.004666836661072209,-0.0023184620832319104
2007-10-29,0.0033146813016521203,0.001728620344379495,0.003860095373921233
2007-10-30,-0.006966769789845698,0.0015294238140221845,-0.0005502621853525261
2007-10-31,0.01033463103058007,0.002211837484761853,-0.00907152031054473
2007-11-01,-0.023685628895182147,-0.003106636625978278,0.012908322022550529
2007-11-02,0.0011243128503895092,0.00420710309124672,0.003190720358158698
2007-11-05,-0.007634390246560134,-0.0006807023299797544,-0.00043882216653757486
2007-11-06,0.013372257969718346,0.0059245733203781474,-0.004846777753769644
2007-11-07,-0.027737103493308983,0.0041008517282169,0.0017643731136461295
2007-11-08,-0.005083508316738321,0.0038975245587246927,-0.0017643731136461574
2007-11-09,-0.013821448537671846,-0.0004108722256162473,0.008465874195456304
2007-11-12,-0.009970684822857599,-0.01035094150447523,0.0036073808893910234
2007-11-13,0.030024675606105968,0.006659580270824283,-0.0037169620334444485
2007-11-14,-0.002772751264093377,0.001990444458030221,0.0010946765235017857
2007-11-15,-0.014529177654576973,-0.0019904444580301594,0.009363736813446858
2007-11-16,0.001716375913578528,0.0008923087357443026,0.0014079354834578383
2007-11-19,-0.014022045415948725,0.002388173919256924,0.006471457476199343
2007-11-20,0.006102566090145514,0.0111220140116236,-0.0010757330880729525
2007-11-21,-0.020676699287952266,0.0016776262589660075,0.005795215589386728
2007-11-22,0.0,-0.00013375671727195018,0.0
2007-11-23,0.017144526200492474,-0.0037070439225824862,0.0029920547221355225
2007-11-26,-0.02231043402527034,0.0,0.019544915220389335
2007-11-27,0.011428032556501131,0.0024895732020006676,-0.00956652649879582
2007-11-28,0.031483841575725244,0.00020774051180167774,-0.0067831027662099575
2007-11-29,0.00033895043503733816,-0.005476143340527102,0.008577543610847756
2007-11-30,0.01000608490164095,-0.004344673585207022,-0.004862988676730491
2007-12-03,-0.006614571979782259,-0.0017619557634471063,0.007905452896141814
2007-12-04,-0.008978191769231158,0.00652006317598136,-0.00010634830036066029
2007-12-05,0.01660120220261113,-0.011378693278526754,-0.011998707468717557
2007-12-06,0.014212091403681452,0.004110756649815531,-0.008797826720044982
2007-12-07,-0.00019891806617634077,-0.00020519392829726832,-0.011272104888071234
2007-12-10,0.007722756350749176,0.003597188534872544,-0.006012000841409342
2007-12-11,-0.027802672095970003,-0.0029962023253582567,0.019436780651456067
2007-12-12,0.009822648327151963,0.003481628824519075,-0.01037757177718971
2007-12-13,-0.0020776484835298395,-0.005869084003516686,-0.010925334175512155
2007-12-14,-0.0127602397469326,-0.013268676781390296,-0.00462380791118584
2007-12-17,-0.01437252495873545,-0.00167338966241109,0.008899146650174536
2007-12-18,0.00556853285539028,0.0,0.006432913485100563
2007-12-19,0.0,-0.002015765575171586,0.013172415314796224
2007-12-20,0.0062868349164322285,-0.0035465247505273674,-0.0021470542431948052
2007-12-21,0.014312301990646596,0.003834231201776903,-0.014727857899526027
2007-12-24,0.007398408573868957,0.0006189676888680295,-0.004701064884979921
2007-12-25,0.0,-7.203996482267203e-05,0.0
2007-12-26,0.002142340310171162,0.006368857065757975,-0.008807384536706521
2007-12-27,-0.012650878227344831,0.008657710207985734,0.010842619759585856
2007-12-28,-0.002508815829147956,0.007098151091698471,0.015474461994934805
2007-12-31,-0.007427136386140523,-0.007974705688657017,0.006036369930481404
2008-01-01,0.0,0.0013003971967928403,0.0
2008-01-02,-0.008793701590482667,0.006600842815792802,0.014299831867877746
2008-01-03,-0.0004824335442685204,0.0019001900849274437,-0.0013782668258868096
2008-01-04,-0.024812340351725252,0.0006785673760695462,0.00021214822335664582
2008-01-07,-0.0008492483214819701,-0.004886721899964419,0.004339968735118574
2008-01-08,-0.016279680007129364,0.05871945893296162,-0.0011627778168842031
2008-01-09,0.010454619896291071,-0.06001070511602003,0.0019017651559259155
2008-01-10,0.00653315827052509,0.009296151102222712,-0.013602063769771093
2008-01-11,-0.008101599885363214,-0.0007398044182470798,0.007780570916212941
2008-01-14,0.008030714066958896,0.00532368410132199,0.003708466505334702
2008-01-15,-0.0222588886882335,-0.004509945441508732,0.011148207493472022
2008-01-16,-0.008649864897783471,-0.009370085343788819,-0.007242889706991587
2008-01-17,-0.026257656685855096,-0.0016410373246403098,0.012875672697638878
2008-01-18,-0.01032072286311328,-0.001506803123841887,-0.006888770252279697
2008-01-21,0.0,-0.013632886736837574,0.0
2008-01-22,-0.010199054457276103,0.015681521806396714,0.010626152742318526
2008-01-23,0.02373698863856664,-0.0010833873338451485,-0.0022830856487601647
2008-01-24,0.008406249959296142,0.009659835743934735,-0.020246713500162883
2008-01-25,-0.014550781512091113,-0.006729052981029263,0.016709135600859907
2008-01-28,0.01640091904019785,0.007674994959570421,-0.003758464921748775
2008-01-29,0.004941882810119956,-0.0010936926165645777,-0.006822494335157371
2008-01-30,-0.007384934107599872,0.003996334044014725,-0.006552327394981999
2008-01-31,0.0180703498741439,0.0022866311865930326,0.007078014822215151
2008-02-01,0.0159600958636453,-0.004390326777096091,0.005992737859820971
2008-02-04,-0.012689668570043834,0.0018961379014617878,-0.01034275960858681
2008-02-05,-0.02713918642589306,-0.012891063796714643,0.007609258868031445
2008-02-06,-0.008084504466329355,-0.0014335183768834543,-0.0030583955077584848
2008-02-07,0.006592284876029897,-0.009499692069245143,-0.02178160990560817
2008-02-08,-0.006441749739436093,0.07271671061074682,0.01137716758399338
2008-02-11,0.005096509251433189,-0.07112277799298591,0.0041540897407144365
2008-02-12,0.009228783105823505,0.005496916684268352,-0.0059696237627354
2008-02-13,0.010171123332021827,-0.001777463168810088,-0.010641178057271508
2008-02-14,-0.008839024867754378,0.006029861134033083,-0.014805978026597777
2008-02-15,-0.00022135160167491185,0.0021842987897274495,0.007648401536932746
2008-02-18,0.0,-0.0017742672877364772,0.0
2008-02-19,0.0028078399356550334,0.005435273627407993,-0.010174442096249387
2008-02-20,0.00294688364430018,-0.00047120450446771757,0.006903391112936843
2008-02-21,-0.008348414537660893,0.006232492481184052,0.010536982959255363
2008-02-22,0.006139007105372186,0.000741050092917917,-0.005744108318565035
2008-02-25,0.012529628448161476,0.000667303504610822,-0.010268024539761576
2008-02-26,0.007472603010322231,0.010739323515435691,0.0003300933941940715
2008-02-27,-0.001012267702607427,0.008100639987673724,0.0008775301861557429
2008-02-28,-0.009815230805230814,0.005138189605097961,0.01760952806546992
2008-02-29,-0.02253604150215956,-0.0002582843624746663,0.015183746928068865
2008-03-03,-0.0023938244682935226,0.0005318737629685603,-0.002581110855809301
2008-03-04,-0.0038276129396220488,0.0006538640224066449,-0.009765962756366311
2008-03-05,0.006295954574132038,0.004390105590546395,-0.012041391761510915
2008-03-06,-0.020914585398192385,0.007052188261370356,0.005333209132310683
2008-03-07,-0.010354153648073215,-0.003194945445012618,0.001302406329872176
2008-03-10,-0.01327093341346339,0.00032206790253123594,0.014637273145501083
2008-03-11,0.03530694017605825,6.138630958228054e-05,-0.00858425501501977
2008-03-12,-0.009395253934670608,0.012831057854317375,0.019107108562296207
2008-03-13,0.002204660897668815,0.005266292446049868,-0.007854374968507005
2008-03-14,-0.015616835122158172,-0.00026551166577569495,0.012285784181486426
2008-03-17,-0.010158312491284108,0.008296214580660608,0.007654900768137304
2008-03-18,0.040703145882051345,-0.0057315856944794,-0.003873070363131811
2008-03-19,-0.025081801045327777,-0.0012205477372255512,0.01643311748681601
2008-03-20,0.018353547171170707,-0.012665235872254581,0.002472338724157468
2008-03-21,0.0,0.01637854274413686,0.0
2008-03-24,0.019790751984311784,-0.016841680915764372,-0.01953468692661658
2008-03-25,0.0009646763865271776,0.0114096023366153,0.004188321645765844
2008-03-26,-0.012311369985584514,0.01348564241189417,-0.004188321645765881
2008-03-27,-0.0031579814299071097,-0.0006327823746180622,-0.0070555607036951
2008-03-28,-0.009610731946362628,-0.0033627094019841493,0.00967530796111074
2008-03-31,0.0034914255175947165,-0.00018910765675342382,0.003552165765754476
2008-04-01,0.03455510740161762,0.0,-0.01640896172371007
2008-04-02,0.0006588341790823365,-0.005092554441072645,0.0021270039884397547
2008-04-03,0.002484016725853644,-0.0006895841729455057,0.0022291495318012213
2008-04-04,-0.0010950009453892674,0.004443596055149054,0.009074017585784976
2008-04-07,0.0005117359199424412,-0.002028030116645547,-0.0052653281786048485
2008-04-08,-0.0010231106302662227,-0.008117764125219978,-0.0034914623239555727
2008-04-09,-0.007261854794108237,0.015668936234090117,0.010330690284965995
2008-04-10,0.0013975922649388881,-0.005192616882220931,-0.003361387023766704
2008-04-11,-0.019599658606007278,0.005066047230019034,0.006712488716036907
2008-04-14,-0.0033798003902458487,0.00018984847135591283,-0.005870854245976959
2008-04-15,0.002329614064565473,-0.002465635310064624,-0.012484318334724548
2008-04-16,0.026733377957752838,0.010840409753311304,-0.00984255575129144
2008-04-17,0.001459979651201929,-0.003520512894285333,-0.0017219596533195236
2008-04-18,0.010380221315654166,-0.010629473028641551,-0.0008625602220085102
2008-04-21,0.0005054002445746085,0.011249838853026951,0.003981704993205635
2008-04-22,-0.004412237520141089,0.004769069764052526,0.003429833421631226
2008-04-23,-0.0015962728469989694,-0.007153036524648857,-0.0033232423760443555
2008-04-24,0.004347378818363719,-0.012039050187667943,-0.00851718528244426
2008-04-25,0.0092106502703874,-0.0030068546323999083,-0.005863581718759117
2008-04-28,0.00021505720379271285,0.0010169221709530505,0.0030451257127552737
2008-04-29,-0.003946710790924969,-0.005494715901927384,0.0037923135376887575
2008-04-30,-0.005913000699999493,0.0035243189313304947,0.007113529594265377
2008-05-01,0.020474423125500643,0.0,6.523696506337959e-05
2008-05-02,0.0027600753722551476,-0.012111515885263322,-0.012690631912800428
2008-05-05,-0.004816940594429425,0.004144876062821357,0.0
2008-05-06,0.008625779100120672,0.002436119177440471,-0.007230533606655399
2008-05-07,-0.01797094330745942,-0.009755338422466819,0.004278504247427796
2008-05-08,-0.0025840965931149774,0.005121009568524395,0.008937924535988542
2008-05-09,-0.0018696009923319802,0.0016714092612361274,0.003682328657906914
2008-05-12,0.011168263323082923,0.003227147791657818,-0.0015152839646457362
2008-05-13,0.00014204347161139423,-0.004063273456001686,-0.010995578930227306
2008-05-14,0.0020623635196336757,-0.0005105651146711448,0.00043824124103479935
2008-05-15,0.012424903654451175,-0.0011749736466106328,0.00904025845404172
2008-05-16,0.0009120650262902038,0.009345001887813053,-0.0041277000885356204
2008-05-19,0.0027297988219217063,-0.004372885043213945,0.0013050444502393879
2008-05-20,-0.008142291873590913,0.008091672195996536,0.005205800151675653
2008-05-21,-0.01705905702005245,0.008520653279491155,0.0002166686311861018
2008-05-22,0.00014341320627944812,-0.003561685120518135,-0.011859204568700894
2008-05-23,-0.01349473159191338,0.003372298202706694,0.004367480395013481
2008-05-26,0.0,-0.0003630163297507409,0.0
2008-05-27,0.007383342608644766,-0.005617459001473107,-0.006778566569868057
2008-05-28,0.004605020888236917,-0.0022255286980345707,-0.008925849217322862
2008-05-29,0.005012402183223434,-0.0088534132743667,-0.007220623144507767
2008-05-30,0.0024970767006050913,0.0014753849480859044,0.006556465167619105
2008-06-02,-0.010384612918423743,0.0003264091821131771,0.003849626534623754
2008-06-03,-0.005848664778175703,-0.006183725367504571,0.007173799068354287
2008-06-04,-0.0005074701010952088,-0.001142653588627013,-0.008946420582650407
2008-06-05,0.019799673063060026,0.010081728595128014,-0.006009328784789343
2008-06-06,-0.032413567773652216,0.012502273534429804,0.012864149656681189
2008-06-09,0.002418538030109299,-0.009004220253856556,0.0
2008-06-10,-0.004989470463542573,-0.011540579984029261,-0.006522568207170218
2008-06-11,-0.014821719927847641,0.006049176181887985,-0.0023311072109076423
2008-06-12,0.0038000626174144896,-0.006250318670354929,-0.010055761843316254
2008-06-13,0.012565072426000216,-0.005965513092707209,-0.0021345476515761226
2008-06-16,0.0005878297040947424,0.006800810569355219,0.00022433165906083586
2008-06-17,-0.004856442200594896,0.0030996318714937624,0.0020228178290104225
2008-06-18,-0.009784773139634202,0.001040413643268146,0.00838562192718117
2008-06-19,0.0012653659768246358,-0.001816246780800255,-0.005917811459279471
2008-06-20,-0.01636494358617104,0.007581956816354292,0.0058061499637506704
2008-06-23,-0.0009883385573493096,-0.006744070735507417,0.0021131137756254196
2008-06-24,-0.0019796932309070485,0.0030315228118867055,0.00664496454937875
2008-06-25,0.004714507582470785,0.006654897479041317,0.0004410712975807268
2008-06-26,-0.027535896413413224,0.005028297362824034,0.006707385027061674
2008-06-27,-0.005473868511726076,0.0,0.011658729052252261
2008-06-30,0.003522394766981377,-0.00018897598044390377,0.00021594924330329727
2008-07-01,0.003120763952915588,0.0,-0.0023717587004549187
2008-07-02,-0.017285151978320843,0.008096668816535283,0.005215253232223919
2008-07-03,0.001029259987305003,-0.011273126436746037,-0.0021699923445173837
2008-07-04,0.0,0.000879556160546862,0.0
2008-07-07,-0.010265252400706915,0.00039296592271552996,0.004551678974976427
2008-07-08,0.017601441088566653,-0.024871661813691187,0.006465929583859128
2008-07-09,-0.019442687651310377,0.025878212054127152,0.0043944134580876275
2008-07-10,0.004078356189726963,0.0031206040581005503,-0.0001068808291414434
2008-07-11,-0.011720275287615616,0.010329298292958498,-0.014327872207103324
2008-07-14,-0.009085216703289163,-0.003645709353015549,0.008750508185577094
2008-07-15,-0.014197396916010886,0.0005085623795430962,-0.0003228599028953669
2008-07-16,0.024250806742918834,-0.004853231522822555,-0.018241415130268696
2008-07-17,0.009954021616121394,0.0021382310389206276,-0.005163561697897994
2008-07-18,0.006210740882452617,-0.00012684162381650116,-0.0037516435998004344
2008-07-21,0.0005554613097385917,0.0037803644697723383,0.0038618480487790942
2008-07-22,0.011281052410016878,-0.007688524706527425,-0.004969146106127843
2008-07-23,0.005397898150254087,-0.006328421880499874,-0.0019933201859427055
2008-07-24,-0.02097243255714589,-0.00023529475334783216,0.00971218890854296
2008-07-25,-0.00023907753202136826,-0.0010036442049054896,-0.010044783381863705
2008-07-28,-0.014772227667879858,0.004350905701334173,0.010044783381863622
2008-07-29,0.021127393102372917,-0.009603175501684673,-0.004072250868801647
2008-07-30,0.01766096423810398,-0.001106388430525835,0.0009923871278055378
2008-07-31,-0.013314999725030967,0.001246684222451814,0.009866337324171194
2008-08-01,-0.005296529695312558,0.0,0.0022085270823603283
2008-08-04,-0.009317561239898017,0.0,-0.0022963853915013055
2008-08-05,0.02660535039592326,0.0,-0.007472749182486207
2008-08-06,0.0044310058724515485,0.0,-0.004090479670616361
2008-08-07,-0.015004072387042803,0.0,0.016151311368401026
2008-08-08,0.01841073660090472,-0.035521903065527466,0.002720663060577394
2008-08-11,0.01030459599032613,0.0,-0.009610632868215136
2008-08-12,-0.010459218942238686,0.0,0.009285121241946743
2008-08-13,-0.006048689892759219,0.0,-0.0034857364164691705
2008-08-14,0.007516889146619474,0.0,0.006416521056926458
2008-08-15,0.004851329621080799,0.0,0.008635923618186986
2008-08-18,-0.013768944602137933,0.0,0.003969027226545677
2008-08-19,-0.010963943645116981,0.0,-0.0038613121309619748
2008-08-20,0.0046353272940200885,0.0,0.0027906818693266213
2008-08-21,0.0017229310261754173,0.0,-0.0018243785148261658
2008-08-22,0.014372020510910402,0.0,-0.0006447810037911657
2008-08-25,-0.020494294275058056,0.0,0.009942617255495584
2008-08-26,0.0029086538996614003,-0.027006015106835084,0.0008511846364043124
2008-08-27,0.00968746588218074,0.005301938141333756,0.0016990831302012121
2008-08-28,0.012054432872947845,-0.0007949470425621587,0.00010591388193302798
2008-08-29,-0.010812026466068554,-0.0029384254476455826,-0.004465983780495186
2008-09-01,0.0,-0.0065656570947245875,0.0
2008-09-02,-0.006230425714788333,-0.004058170856785097,0.009261544888903446
2008-09-03,-0.0008603130153211472,-0.0020591425221934043,0.00422965771657948
2008-09-04,-0.030568746322212823,-0.015381144871580115,0.007987633675532077
2008-09-05,0.0031395286173909764,0.0006992204603605389,-0.0005234874033648563
2008-09-08,0.020445445690161945,0.052877595352298176,0.004179631493773237
2008-09-09,-0.030136874807663114,-0.061773920728298674,0.009860505998077381
2008-09-10,0.004049723082211158,-0.0116888800173726,-0.0062157072348038925
2008-09-11,0.014364152087107885,0.0008533801121197061,-0.0005199507120292262
2008-09-12,0.004610377497074577,0.01727956539955487,-0.012976226216891738
2008-09-15,-0.04875441352304996,0.002038383758058949,0.0319257062662439
2008-09-16,0.01659928261287616,-0.009430018949630171,-0.0002031746225383799
2008-09-17,-0.046005729769978215,0.013648198564252673,0.004987175837219471
2008-09-18,0.029240051324880886,-0.0017037373595343327,-0.014728101853601875
2008-09-19,0.038945476261310286,0.007870055715632056,-0.03225184415572964
2008-09-22,-0.022899686359728177,0.02588063811327514,-0.00010578622801399337
2008-09-23,-0.023013905161290815,-0.006988811716418743,-0.003838862885559568
2008-09-24,0.0032000248959984092,-0.00407634787619441,0.004370886266726449
2008-09-25,0.015518289040751957,0.0006002187028517666,-0.002023838552832054
2008-09-26,0.0004960677309223249,-0.0029387224335763865,0.00722213345791731
2008-09-29,-0.08160225021920438,-0.014191183822729327,0.028685536504801025
2008-09-30,0.040556209131231244,-0.020838726747097962,-0.024672022098285697
2008-10-01,0.0006035422504863671,-0.005706855754467501,0.012501661820965636
2008-10-02,-0.03694837197464912,-0.014968789940075682,0.00800720524498238
2008-10-03,-0.01359191792202427,-0.0016694470894127007,0.008765592468016904
2008-10-06,-0.052276901110848144,-0.020520458544919223,0.018008144147929953
2008-10-07,-0.04581935672143019,0.006136527503310467,-0.0030285459612680917
2008-10-08,-0.025515588193361617,0.09599245337352873,-0.014466454686397456
2008-10-09,-0.0723974773231556,-0.0952585030440745,-0.008449986829805136
2008-10-10,-0.02455506993624205,-0.014820246346670198,-0.007062411287599353
2008-10-13,0.13557746142679894,0.016575979413581615,-0.012901422911371597
2008-10-14,-0.014910667733951605,-0.00028603250445005587,-0.006460949706404757
2008-10-15,-0.103637253022186,-0.012867675287039186,0.009517815590414265
2008-10-16,0.04081299851391972,0.003420673689635183,-0.005170978481595862
2008-10-17,-0.005989363899671432,-0.004978869049058091,-0.006900471669325873
2008-10-20,0.058342915477015964,-0.00820799603272654,0.007957603694441885
2008-10-21,-0.030309596755400712,-0.019120233843420667,0.005271020837637979
2008-10-22,-0.05599360936168297,-0.01888969224809695,0.020087106402306036
2008-10-23,0.011518161757629914,0.009956725545702923,0.007390224903754355
2008-10-24,-0.052045826643001114,-0.024638939857002468,-0.010693746920582949
2008-10-27,-0.0361462777604828,-0.013174293530413102,0.0007237597935463873
2008-10-28,0.1105173257361616,0.027254175474300528,-0.014673735179172996
2008-10-29,-0.007279590835800648,0.011659930314412394,-0.005043504391933309
2008-10-30,0.034009456610552956,-0.0070637075725948064,-0.00910348213418361
2008-10-31,0.005488520405190478,-0.012989200305231121,-0.0130557579827493
2008-11-03,0.0028875846778173577,-0.006633764291643426,0.00269989839591057
2008-11-04,0.03341695173545133,0.028593508882069955,0.018594089039972835
2008-11-05,-0.042936413048154126,-0.005089801198032505,0.011788316637906
2008-11-06,-0.05700494904962114,-0.01741593036892256,-0.007246976558402491
2008-11-07,0.032483679387936566,0.0014990597560185584,-0.006555016402282727
2008-11-10,-0.013191071497263016,0.002660882597178923,0.004868425181413926
2008-11-11,-0.03136179449147901,-0.01836591218615012,0.0029516211516031525
2008-11-12,-0.04499866979967721,-0.004557884112118673,0.006400483597111537
2008-11-13,0.060473168940549285,0.026115889570376614,-0.02424357739769287
2008-11-14,-0.05119518511291388,-0.0151039700456851,0.019630554462698235
2008-11-17,-0.013364478440037554,0.0037230246233954153,0.0044034022279998645
2008-11-18,0.01866120192174685,-0.000556132234981122,0.01278536637982985
2008-11-19,-0.06622406069383152,-0.010471644434272998,0.025292702520669102
2008-11-20,-0.07713285994015948,-0.005313025748497885,0.05037118650687365
2008-11-21,0.052538903015820176,0.012139198333224207,-0.01456515293519087
2008-11-24,0.06699532407226759,0.02562069748939223,-0.015766541104066525
2008-11-25,0.007381670174987861,0.00896618244535278,0.02898988589753076
2008-11-26,0.03791302273794856,-0.010399079114808474,0.0013418081417266034
2008-11-27,0.0,-0.00032239832092330133,0.0
2008-11-28,0.012509984937104309,-0.015406356418535274,0.012276186051025309
2008-12-01,-0.09274901125324345,-0.007816670136345322,0.03758121388116735
2008-12-02,0.037762556122612395,0.009023625248262727,0.0038307511279296533
2008-12-03,0.02375704426546347,-0.0004194168685256278,0.0028199504831408467
2008-12-04,-0.023405231506585463,0.005185596045427085,0.01951246742090042
2008-12-05,0.030366488923153422,-0.004473666898441223,-0.01634023170508484
2008-12-08,0.034318375769434306,0.159631874406008,-0.002174055083412247
2008-12-09,-0.016621076084882648,-0.14332363787441182,0.019581503421356537
2008-12-10,0.0067928615474031106,0.006783340415443277,-0.002404227859973873
2008-12-11,-0.024376184559037152,0.023983908263089614,0.0019590006313507323
2008-12-12,0.011868757085057099,0.0018011885169566776,0.0
2008-12-15,-0.014031731787828756,0.025289060823933424,0.011328037260085858
2008-12-16,0.04599148804933595,0.02636695123180153,0.024423610637937947
2008-12-17,-0.009734431957043679,0.02433972096073151,0.026771763831581766
2008-12-18,-0.018859222269801697,-0.008036335195657648,0.020766719462367994
2008-12-19,-0.004311275582531406,-0.026015022679856767,0.0010633093189368462
2008-12-22,-0.012896174710292887,0.002370156525694562,-0.007718145941836643
2008-12-23,-0.010391445129175154,-0.0015203206361005621,-0.0013193752168477975
2008-12-24,0.005786257135429369,0.0050862869862819855,-0.002148374388025364
2008-12-25,0.0,0.00043431648775933164,0.0
2008-12-26,0.005753748914378884,0.0008553197495614791,0.0033031098533177917
2008-12-29,-0.0028721645992204016,0.000856032321046737,-0.0012005204444896268
2008-12-30,0.02342558071611936,0.007171514794892139,0.009478537065622489
2008-12-31,0.014173464786661804,-0.011388330538015646,-0.02113954194421277
2009-01-01,0.0,0.0013569437686815394,0.0
2009-01-02,0.02969666195998834,-0.005444765780106236,-0.025457858195386374
2009-01-05,-0.001184154758026082,-0.020096308939095725,-0.02612270094968881
2009-01-06,0.0066554891372823,-0.01000690086785891,-0.01010804992007376
2009-01-07,-0.030414199235394904,0.00744470286978558,0.003913493259088804
2009-01-08,0.004072054095318707,0.006445180304046515,-0.0007996752168761147
2009-01-09,-0.021651541653341447,-0.017974966191582543,0.0015093373169528421
2009-01-12,-0.024314206726973257,-0.007079140061624425,0.010324580280764661
2009-01-13,0.0018381502581101274,-0.011899495401654747,0.0010540474256624803
2009-01-14,-0.031958924307947924,0.0011360039066815892,0.016353789653974896
2009-01-15,0.0003553047491386138,-0.004470509656238252,0.0016374669920832348
2009-01-16,0.007789176973945348,0.01013017565649983,-0.015539816455397263
2009-01-19,0.0,-0.015013162734404933,0.0
2009-01-20,-0.05423054523353686,-0.016093174041099355,-0.00017416899760156558
2009-01-21,0.042285656985782585,0.009281438754452476,-0.032098863553678046
2009-01-22,-0.015587603024133628,0.00013006218851575993,-0.019433625798131786
2009-01-23,0.004340677339284122,-0.003220412475070374,-0.007862211870617258
2009-01-26,0.006835410370167591,0.017354114945374602,-0.008767333919809108
2009-01-27,0.010106784498708974,0.0018221839147202772,0.023241182668602853
2009-01-28,0.03327380887897721,-0.004759664983317552,-0.025304351471491224
2009-01-29,-0.03303780638522535,-0.016501872780047812,-0.02326647926476767
2009-01-30,-0.020552888677432712,-0.007835455932161062,-0.003175442255958729
2009-02-02,-0.003022791468558991,-0.0017187178056127512,0.01843461586473112
2009-02-03,0.013949607528750095,0.015328147161452766,-0.024104447229776435
2009-02-04,-0.004908444835258987,-0.012157904159987775,-0.003506352248438981
2009-02-05,0.014771391859334829,-0.005026766324964116,0.0008779924311624071
2009-02-06,0.02809882072131835,0.010570033916625114,-0.00312398602006899
2009-02-09,0.0013778675303073539,0.0024722230720381788,0.0032215908019397606
2009-02-10,-0.04689176002108855,-0.003480014092613479,0.021497607675347093
2009-02-11,0.005878553544394817,-0.003570815098175574,0.012887621828630446
2009-02-12,0.00071790034999825,0.0017773839914638817,-0.009459607274076494
2009-02-13,-0.010816047572682402,-0.0019317340174197385,-0.026974621480836743
2009-02-16,0.0,-0.005222914182929211,0.0
2009-02-17,-0.043716954628415065,-0.017105883149587477,0.030674770495215376
2009-02-18,-0.0024007818976254486,-0.001031182309841962,-0.008559347945194997
2009-02-19,-0.010813776009129262,0.007139451179711698,-0.01714726948298139
2009-02-20,-0.009768968224564157,0.021406074113407895,0.009669568793414214
2009-02-23,-0.03643429915495066,-0.019898523395970657,0.009195048266365921
2009-02-24,0.037209348415923896,0.01533069794205785,-0.0010489894086287137
2009-02-25,-0.007904397380726545,-0.011698156424098882,-0.011616638162719106
2009-02-26,-0.016394526103543156,-0.0002926260094189969,-0.010580827705340565
2009-02-27,-0.022602123646150135,-0.0032764489450785653,-0.00577498745864715
2009-03-02,-0.04608850518123971,-0.00910006907937546,0.016419750180160616
2009-03-03,-0.007535217121443079,-0.002572305185430479,-0.00670222378113626
2009-03-04,0.023414229312097464,0.008444393100459061,-0.0045923787716024185
2009-03-05,-0.04170533552081091,-0.007253181117832078,0.027430307110205776
2009-03-06,0.001742479397635726,0.007253181117831999,-0.0066908174657124555
2009-03-09,-0.01182245209274009,-0.0012125351002551263,-0.005867935982526666
2009-03-10,0.05790043981358689,0.0074117858563315445,-0.019386107651251042
2009-03-11,0.006491450574101505,0.007057106346311402,0.01076178056123834
2009-03-12,0.03861664748063989,0.007171893000244536,0.004758018763551755
2009-03-13,0.0077841127208389555,0.0024020189162898406,-0.005049465625481017
2009-03-16,-0.0030272590492534603,0.003562020395544233,-0.01589585823870587
2009-03-17,0.03012437576059753,0.004395518798526304,-0.0054538440320493755
2009-03-18,0.022137371003148405,0.03400181136959132,0.03718793713563208
2009-03-19,-0.01246291299578702,0.013111129583699902,0.0012447744565906218
2009-03-20,-0.021523996439613252,-0.005871060606620556,-0.005565237779379327
2009-03-23,0.06936673467258243,0.0028291294286644487,-0.008698704010179175
2009-03-24,-0.019899931518353994,-0.010271407936797084,0.009467800554317058
2009-03-25,0.010490574720385495,0.007075682847711305,-0.013552539856636299
2009-03-26,0.02017543371410277,-0.0034155451351217435,0.011531532070424672
2009-03-27,-0.01821283392519622,-0.017795948917794135,0.007390641958392651
2009-03-30,-0.03516571425038184,-0.007996337506278688,0.0038180251417744364
2009-03-31,0.00922247464582025,0.004599325750559984,0.007120768015620561
2009-04-01,0.01918057558962274,-0.00045032085558855404,0.009085169331663121
2009-04-02,0.0288184945599694,0.01691863729900251,-0.012297216047004756
2009-04-03,0.009899480046653655,0.0016444120816444389,-0.020675185451853838
2009-04-06,-0.007864086918799976,-0.00619921205208972,-0.004283799308443197
2009-04-07,-0.023601222676144593,-0.009619158295263152,0.002533706430368761
2009-04-08,0.010719719202841474,-0.001963070242904756,0.008818065595899387
2009-04-09,0.03897392542905699,-0.006919777514935391,-0.01262134957749392
2009-04-10,0.0,0.0012114710813765403,0.0
2009-04-13,0.0002330085795635844,0.014171819305623487,0.00914256416278563
2009-04-14,-0.017394177532002175,-0.00675267676357618,0.005213897133232477
2009-04-15,0.010613752212293848,-0.0036304466600069053,-0.0017351117185241758
2009-04-16,0.014556233518859601,-0.003446125430687802,-0.007942262592030227
2009-04-17,0.006683127171373548,-0.01033253017562423,-0.011050131695675945
2009-04-20,-0.04281975903369611,-0.00893488008075757,0.015029209950787726
2009-04-21,0.019348766820493007,0.00046551987379874366,-0.009928980726195616
2009-04-22,-0.006131910131652086,0.005460424074720514,-0.0060834110611699575
2009-04-23,0.009769951293280935,0.010340918132272853,-9.834615192991362e-05
2009-04-24,0.014997470630062463,0.008869933829737896,-0.010091565279689798
2009-04-27,-0.009507122245699414,-0.018195787420551904,0.004266438870906041
2009-04-28,-0.0031505368911600973,0.008563912837585817,-0.016471842221494542
2009-04-29,0.021046342156345727,0.010228640818117725,-0.008897556679152667
2009-04-30,0.0003436203622933611,-0.0023188577343014544,-0.003968211847982696
2009-05-01,0.005361646466128441,0.002478079023925897,-0.006905158260255302
2009-05-04,0.033453538968138775,0.011288197134526641,0.0032894646656295747
2009-05-05,-0.0034166911101066477,-0.007686083740179227,-0.0012330771936499632
2009-05-06,0.017186472448817245,-0.00022634175857630032,-0.0023657434202266794
2009-05-07,-0.013989212168022389,0.005928475363935283,-0.024715707969862322
2009-05-08,0.023064025688878855,0.01827198902080189,0.0024243332334801105
2009-05-11,-0.018890644519207387,-0.0036078561845452827,0.014120447690917528
2009-05-12,-0.0029635680233766996,0.004044426562454919,0.0036277646851839524
2009-05-13,-0.02549561966681783,-0.0041395184441799385,0.010807214525542366
2009-05-14,0.008533889935221788,0.003484766228151183,0.0038814129400029894
2009-05-15,-0.00819550141771865,-0.009878022251002481,-0.00030535058264116754
2009-05-18,0.028010839714154915,0.004140075400984862,-0.015624853270988023
2009-05-19,-0.0012065916007046051,0.005465240039142713,-0.005297905625102163
2009-05-20,-0.006716502769832882,0.010263154962271254,0.010465158977344867
2009-05-21,-0.014467368363106685,0.009618287200858314,-0.02547252290561454
2009-05-22,-0.002132056453645575,0.006949321564701465,-0.011163556737389382
2009-05-25,0.0,0.0002800415433116527,0.0
2009-05-26,0.025289592886675094,-0.0009240089359553149,-0.01519029402491289
2009-05-27,-0.0180144808771237,-0.011506566481380924,-0.017851902268794597
2009-05-28,0.013844303815675214,0.006996729754814124,0.014372771561016828
2009-05-29,0.01755262015594267,0.016093850929070994,0.02548934523180902
2009-06-01,0.023919924145101024,0.00048136642316980833,-0.03000987915371869
2009-06-02,0.0008438767301646577,0.010164514831264352,0.005364191401422731
2009-06-03,-0.012732431055584791,-0.011169603005919059,0.00934792831632966
2009-06-04,0.009352533073520993,0.00199705961400183,-0.02087907101483894
2009-06-05,0.00021157176810777982,-0.014637432775472926,-0.0076502627922360395
2009-06-08,-0.004133083475544958,-0.00494775352537382,-0.002563906621452085
2009-06-09,0.005084493150773575,0.01146593711216765,-0.00011109224069775684
2009-06-10,-0.002538850050187091,-0.005665513098056201,-0.015862405880548994
2009-06-11,0.004438958157956018,0.009046368771814797,0.011051600001717283
2009-06-12,0.0027385578652737463,-0.007815041343329204,0.00893268814176222
2009-06-15,-0.023194425144169695,-0.015559548217554954,0.008961298198145142
2009-06-16,-0.013656468559881072,0.0032585377806486054,0.017255440328249546
2009-06-17,-0.0009824575163091646,0.007788917882399293,-0.005646508907721497
2009-06-18,0.007291577530101077,-0.0016572780740828012,-0.015250272521746636
2009-06-19,0.003679075796332696,0.00229861710178486,0.013616246074025635
2009-06-22,-0.030445682233125188,-0.005882256947526171,0.009659923220661311
2009-06-23,0.0007833496464433117,0.014806136518114214,0.011704175209952749
2009-06-24,0.008581056739523725,-0.009356210270206562,-0.010085844634338158
2009-06-25,0.021515621122803457,0.0031976598080342726,0.018167017836371847
2009-06-26,-0.002609693118286772,0.004808573969686594,0.0016920289222946425
2009-06-29,0.00932070535604464,0.002349606646556784,0.0014799021138073546
2009-06-30,-0.008123549326412021,-0.0033609299714689933,-0.0016903322416369293
2009-07-01,0.0041239357957206955,0.007242178140674165,-0.0019870351107952964
2009-07-02,-0.027672504602559263,-0.013051340351973934,0.002337009761224201
2009-07-03,0.0,0.0001814769900484367,0.0
2009-07-06,-0.00011108288692158604,0.001215260266433631,-0.0019105710542463902
2009-07-07,-0.019566833499847402,-0.0043792104788934446,0.006670855116963267
2009-07-08,-0.000682165516516953,-0.0026543859182584033,0.01830189034521913
2009-07-09,0.0019309117320677974,0.010674195225456188,-0.011989247312041807
2009-07-10,-0.002385516923863465,-0.006724811944232228,0.009186721441706583
2009-07-13,0.024038758031801905,0.004021105435285719,-0.005627531409523373
2009-07-14,0.005644129896609996,-0.0013282770157531489,-0.016756053357426776
2009-07-15,0.028826710808232153,0.009292293702401455,-0.02605324375439561
2009-07-16,-0.0016097957409398338,0.0027677722959458294,0.010741232220194406
2009-07-17,0.010895324107021142,-0.002556206849905044,-0.015552136371768542
2009-07-20,0.010567535239466498,0.007546352851452053,0.00524711985826437
2009-07-21,0.0046145745987171425,-0.0009375514432938395,0.019754937783319697
2009-07-22,-0.0002093264618065607,0.0005254459045502823,-0.009019391456881928
2009-07-23,0.021842553839003534,-0.0030070792465378294,-0.018506752470886848
2009-07-24,0.004087505238609,0.0034334443554243396,0.004823102728305134
2009-07-27,0.0029525927598757435,0.002461591104315358,-0.011548374539488773
2009-07-28,-0.004687852202706346,-0.007112420506473814,0.008810707865830079
2009-07-29,-0.0024549280498634253,-0.009335073511541043,0.005467789800486933
2009-07-30,0.010391291257001566,0.0050016229606511175,0.014076465628330372
2009-07-31,0.0014179903041348166,0.012358159921764153,0.019275857009384115
2009-08-03,0.0163618274776967,0.010594071507457191,-0.01527038453499548
2009-08-04,0.0025854779094618813,0.0005333743179454742,-0.007983766344999536
2009-08-05,-0.002884513747350923,-0.0005478496789582169,-0.015061603390909246
2009-08-06,-0.005192136417516538,-0.0026912572385692324,0.003402769412978919
2009-08-07,0.013029384862823042,-0.012739248013745312,-0.00836244997677541
2009-08-10,-0.002077744526115813,-0.00423414480597996,0.012410147622982018
2009-08-11,-0.012554946287426058,0.0013433682317959433,0.011502106577240748
2009-08-12,0.0106723649160879,0.004723138854991133,-0.010738622188530464
2009-08-13,0.007609509966279972,0.004131435442031511,0.014079110128656952
2009-08-14,-0.007708481127332319,-0.0048420602177822345,0.0038632593699787195
2009-08-17,-0.024913683556209574,-0.007134837089584266,0.014674926573039924
2009-08-18,0.007902903266811982,0.004184190326702906,-0.005823273583065811
2009-08-19,0.008740969730877634,0.006252046140693286,0.008248093523108357
2009-08-20,0.01025136309091044,0.0004277722230019529,0.008180618636119305
2009-08-21,0.019416894170676643,0.004258531347762606,-0.02079123641680328
2009-08-24,-9.718621834861598e-05,-0.0019457463697590803,0.017967705440431216
2009-08-25,0.001940430464418567,-0.0006286435826815868,0.0056395730748017465
2009-08-26,9.689773112734752e-05,-0.003351194498703161,0.0045724075843730895
2009-08-27,0.002227258813913948,0.009555392011256684,-0.003947805614488432
2009-08-28,-0.00019397299401402026,-0.0009051174851781665,0.004570476292718441
2009-08-31,-0.008939184944141313,-0.0012055225233143238,0.000931545065686501
2009-09-01,-0.022304131996584983,-0.00915157886809881,-0.002422709051255031
2009-09-02,-0.0037996202521979544,0.0043583316125286944,0.01446942253322205
2009-09-03,0.008280743273663406,-0.0012411264655640168,-0.006176148183437177
2009-09-04,0.01391147919863094,0.0026408507217955185,-0.017181132094051095
2009-09-07,0.0,0.0026479520216309434,0.0
2009-09-08,0.008585699928413074,0.011937900135362485,-0.007061459908865277
2009-09-09,0.007645062385395573,0.0030213395076040127,-0.0011650639212794722
2009-09-10,0.010166938673047554,0.0022866815609291144,0.018259359421286557
2009-09-11,-0.000190907002505568,-8.748159621725039e-05,0.005495643187651185
2009-09-14,0.004856142415571806,0.0043250049163589465,-0.009977377204654029
2009-09-15,0.004170708855339557,0.0018908128244945895,-0.005130816561769061
2009-09-16,0.01502074646510249,0.0027913687387893407,0.0017834176023882895
2009-09-17,-0.0014920296582327873,0.0014280871750397544,0.012496902277525338
2009-09-18,0.0006377602232029017,-0.001148576406181736,-0.008940962765533083
2009-09-21,-0.0025338847048308293,-0.002175601723122646,0.0022946265325793
2009-09-22,0.005807892386392385,0.008671736339453676,0.002081721049266574
2009-09-23,-0.008347246001013093,-0.005818908361053961,0.0030114819595346357
2009-09-24,-0.011080789286499148,-0.005111607306385965,0.0028977547296617453
2009-09-25,-0.005346457792136701,0.0023175538913464285,0.012633325692388526
2009-09-28,0.017745051032277775,-0.004322719906256064,0.008738684749059665
2009-09-29,-0.003014360493070843,-0.0020448955228323158,-0.0009116142828468078
2009-09-30,-0.003875698209395887,0.004328539614152708,-0.0009110405978036639
2009-10-01,-0.02512585260605232,-0.009538804484458692,0.013602348992624766
2009-10-02,-0.004673065590576444,0.005093513742767313,-0.00694481008309184
2009-10-05,0.014818437874124731,0.004782403331256961,0.00010077207408757885
2009-10-06,0.014222705794556867,0.004201471885613791,-0.009946166925863116
2009-10-07,0.002745006375505342,-0.000691606206369541,0.01166179447813219
2009-10-08,0.0076265627828868586,0.0047335679864074385,-0.010540023195731033
2009-10-09,0.006078658110764446,-0.00320235757093146,-0.02319075212030754
2009-10-12,0.003908154050905859,0.003986036042489614,0.001562667825275973
2009-10-13,-0.002045369060197007,0.003586384382157092,0.005191760558779283
2009-10-14,0.017068839206473792,0.005776870106051113,-0.014921366779720599
2009-10-15,0.0036528995008028734,0.0015990026972394623,-0.004637100985273759
2009-10-16,-0.007502288487793536,-0.0032104017260722725,0.008100606565016237
2009-10-19,0.008231531993454435,0.003808821517313419,0.00782639566061455
2009-10-20,-0.0052970566699301344,-0.0020331366620663554,0.005391074429456648
2009-10-21,-0.00901388456537812,0.0048354416855880475,-0.006015227105972704
2009-10-22,0.010112131797734406,0.0023288212437660755,-0.004900761431486559
2009-10-23,-0.011498903260075988,-0.0021186548612736797,-0.007554022161285123
2009-10-26,-0.01088483000380365,-0.009932137573453494,-0.0130385060241142
2009-10-27,-0.004593557662942402,-0.0030124157205675193,0.013564923969967509
2009-10-28,-0.019067964188002266,-0.006704480322511892,0.00472612266281995
2009-10-29,0.0212269780377067,0.008261427013941842,-0.010955941975334133
2009-10-30,-0.029401254941830803,-0.007245287126007325,0.014406574651579252
2009-11-02,0.00731158405946205,0.002788426845134525,-0.004429126473980171
2009-11-03,0.0031585930821665447,-0.0029209716208634527,-0.010045601550668266
2009-11-04,0.0025765292451485826,0.009323759374994479,-0.009180331574344698
2009-11-05,0.01822836274542721,0.0006098505109553054,0.0
2009-11-06,0.0026168026632367,-0.0019619200476894564,0.0009638585378194688
2009-11-09,0.02252035525171611,0.010658646776519816,0.0011781817842387947
2009-11-10,0.00018242959218031069,-0.0012148304254554216,-0.0018212104950141262
2009-11-11,0.0050971759764139295,-0.00038967818635332743,0.004172949789410028
2009-11-12,-0.010220183520257007,-0.00851944583441405,-0.0018167946411721486
2009-11-13,0.005396542666281302,0.0034974141883518895,0.004588762628973379
2009-11-16,0.014400567206408785,0.0050070746502096555,0.011644705849494227
2009-11-17,0.001168514962250101,-0.007151619088631293,0.005352353516286052
2009-11-18,-0.0006289312158340961,0.005160741075628836,-0.005879077692170609
2009-11-19,-0.013116964454867793,-0.0025240136591121727,0.0017884411199283051
2009-11-20,-0.003557560677587853,-0.0035141361630797808,-0.0002103512231253015
2009-11-23,0.012622016232533992,0.006576577177872717,-0.0012626418204414404
2009-11-24,0.001533006217897151,0.00031426739570351,0.006296016314494931
2009-11-25,0.003507737926229166,0.010713511782507611,0.004592514999420438
2009-11-26,0.0,-0.010294323696855233,0.0
2009-11-27,-0.01638435091164782,0.0011985418898353367,0.0037410253155457196
2009-11-30,0.0033713014407040385,0.003198143005990216,0.0023830615222964545
2009-12-01,0.01229440461307389,0.0033895727500187047,-0.011201981560416555
2009-12-02,-0.0004495424685741048,-0.00134214190959636,0.0008385686487718799
2009-12-03,-0.007851044138645475,-0.00028632161771508267,-0.01043871698616554
2009-12-04,0.005691681911197585,-0.013928523991728394,-0.01065651664582871
2009-12-07,-0.00153291525693564,-0.0010690926460087359,0.0012848770780475353
2009-12-08,-0.011158966422474924,-0.009762268503943279,0.0014971620037282736
2009-12-09,0.0037337263955399443,0.0027816483692899036,-0.004604833087977336
2009-12-10,0.005619589061549225,-0.0005746166380245707,-0.011550873939250729
2009-12-11,0.0042392988954273675,-0.0075278623705536145,-0.0001087371965395632
2009-12-14,0.006816628563862769,0.002590960586030251,0.001194172782688714
2009-12-15,-0.0046594852827524045,-0.007869014766812227,-0.00445662965509783
2009-12-16,0.0015258072833246091,-0.0011045733053306746,-0.001199441747381152
2009-12-17,-0.012088454574289214,-0.012400677330579707,0.01633718873363593
2009-12-18,0.005641411896483775,0.0001434031718653089,-0.004302324766098029
2009-12-21,0.010111153015897009,-0.004352535098154882,-0.017942769185807398
2009-12-22,0.0035864135448168606,-0.0022689841604015518,-0.005611407485769426
2009-12-23,0.0019671636103133936,0.005718051743872437,0.00022130977662715133
2009-12-24,0.0047228779715412965,0.003403401711193029,-0.01042376201393319
2009-12-25,0.0,0.0009786385497139152,0.0
2009-12-28,0.0021313806356205766,-0.0016688583224906217,-0.0027910422021206745
2009-12-29,-0.0014201733585967045,-0.0022256901578875045,0.006574357068999732
2009-12-30,-0.0003555404115394151,-7.172884769849826e-05,0.0065544224926380535
2009-12-31,-0.00964475195052845,-0.0010463464530747226,-0.0047719245965294355
2010-01-01,0.0,0.004379247917253258,0.0
2010-01-04,0.016817441483557877,0.0023627630442169213,-0.0008915791098125255
2010-01-05,0.002643656475067365,-0.0040305221069684306,0.006438009913033382
2010-01-06,0.0007037423598829478,0.002646804798315725,-0.013476762519015304
2010-01-07,0.004212354024675092,-0.005988525735909824,0.0016800412670521518
2010-01-08,0.00332258748304153,0.006478351153559585,-0.00044761432971089724
2010-01-11,0.0013954537408132977,0.006926876198316234,-0.0055029957723334785
2010-01-12,-0.009369850139111046,-0.0023914361899113113,0.016972825147316052
2010-01-13,0.008410539977180758,0.0032624165675256152,-0.011694199512509568
2010-01-14,0.002701026833712295,-0.0016543361948232623,0.013905484858158717
2010-01-15,-0.011287600764582219,-0.007540404328297255,0.006167896891680341
2010-01-18,0.0,0.0010943292439722868,0.0
2010-01-19,0.012418127554224407,-0.008764058934729351,-0.0028587402989417284
2010-01-20,-0.010220510709271645,-0.012023455501879625,0.010078612359846681
2010-01-21,-0.019416503594356344,-0.0009448887352587097,0.004568127981400292
2010-01-22,-0.02254414096108398,0.0031202553669437325,-0.0017377441033844185
2010-01-25,0.005114554301886285,0.0006365998603516985,-0.004575479955344183
2010-01-26,-0.004199393887764556,-0.00479955913635074,0.00032764129331341836
2010-01-27,0.004745919983277818,-0.003654736000310232,-0.000547011760739163
2010-01-28,-0.01153855066833957,-0.004493678129876433,-0.0005458155383016257
2010-01-29,-0.010928451768362872,-0.007264974338785243,0.008703834184000716
2010-02-01,0.015431749757045865,0.004321987427387519,-0.009118271161327894
2010-02-02,0.012030619322837156,0.003529727554191717,0.0028483601773934084
2010-02-03,-0.0049953666431806635,-0.005394201396022098,-0.011664176712754269
2010-02-04,-0.03135201204312242,-0.011293223003581414,0.015704129853041607
2010-02-05,0.002064829209466591,-0.004730733220285858,0.002176311579149789
2010-02-08,-0.007245391160966681,-0.0018587840154328738,0.001303745980305952
2010-02-09,0.012481710920528388,0.009287239831575736,-0.010038915178824413
2010-02-10,-0.0019604081456213065,-0.002092706982513662,-0.009587440517989636
2010-02-11,0.010411756531998344,-0.005212626465916843,-0.005440649725473491
2010-02-12,-0.0008324184163743193,-0.003428251752621481,0.004110221217381071
2010-02-15,0.0,-0.0023424364887807947,0.0
2010-02-16,0.015611845599205462,0.011987830695040481,0.0018831254726046271
2010-02-17,0.004728017720450871,-0.011702183600792938,-0.011464175462735975
2010-02-18,0.005877606820436017,-0.01074595306545125,-0.004038383850929574
2010-02-19,0.0020717478287640393,0.011344846050983796,0.005380780288397121
2010-02-22,0.00017944149595477244,-0.0006941288237528771,-0.004144711880915636
2010-02-23,-0.012218806475728362,-0.005792763300923473,0.015483213815661567
2010-02-24,0.009155518749620643,0.001191115288473585,0.0024290819163739373
2010-02-25,-0.0013541948456116022,-0.0005280938935948968,0.0056076998985402065
2010-02-26,0.0006323704423901723,0.0069954826806198495,0.0051408191150581085
2010-03-01,0.010330740975831225,-0.005071458325896351,-0.0004382351470528054
2010-03-02,0.0027670205114618948,0.004308478211709109,-0.00131463954376711
2010-03-03,0.0008913294152261788,0.005928833785702982,-0.0025251271164446823
2010-03-04,0.0030224311003423845,-0.008622155066121798,0.005262197673336037
2010-03-05,0.014192210018236097,0.0033063934556415726,-0.013206651889131147
2010-03-08,0.000175362562546539,-0.0008855623903917359,-0.005219617192958168
2010-03-09,0.0016611970657730373,-0.0007350346069986799,0.00022293366900576244
2010-03-10,0.004445995253936841,0.0026706168401978876,-0.002564328559341636
2010-03-11,0.004166371371343807,0.003074386641760194,0.003677221184980678
2010-03-12,8.633101556884798e-05,0.006163676066468489,0.006208457571952634
2010-03-15,0.00025974499809354446,-0.006738314588262822,-0.0013279634022829692
2010-03-16,0.007934422716820893,0.006655721326007922,0.007937113998589705
2010-03-17,0.005909883164310226,-0.0022143784452943378,0.004272834619184819
2010-03-18,-0.0005124122994663091,-0.009094421161701475,-0.0032853305803084766
2010-03-19,-0.005074790842483178,-0.005674542232874572,0.0009871392575358728
2010-03-22,0.0053323396595162,0.002222510096576412,0.0010947327911215643
2010-03-23,0.007008468426643857,-0.007326482010404814,-0.004718065871735407
2010-03-24,-0.004866720928174972,-0.010223632308132048,-0.01842450827237765
2010-03-25,-0.0016271978856344112,-0.0017980234110052788,-0.006405177244881114
2010-03-26,-0.0006007411707870301,0.007707804989096178,0.0028140272925557264
2010-03-29,0.006327647951435763,0.005284100879331864,-0.003829183343212563
2010-03-30,0.000681422459913074,-0.004237636731491626,0.003154591464985881
2010-03-31,-0.0034127223665626934,0.0062348001309614105,0.006839251121879069
2010-04-01,0.0068144426425907545,0.005608017460515234,-0.0024479467776775724
2010-04-02,0.0,-0.005837583715019452,0.0
2010-04-05,0.008116435674472375,-0.0011742507574594597,-0.0167790177298454
2010-04-06,0.002354816478409269,-0.006480696650848827,0.0015996354737855913
2010-04-07,-0.0057289922107236395,-0.003999225824925799,0.012703363876918873
2010-04-08,0.0034579279661671367,0.0009481548735943754,0.0004505594349016995
2010-04-09,0.006545988476741364,0.01040894266375973,0.002362267922860073
2010-04-12,0.0015880130585835869,0.0070179832710689045,0.005268478845164477
2010-04-13,0.000751091495633011,0.0009249428923988827,0.0032368684476330317
2010-04-14,0.011285813266438542,0.003476256603012132,-0.007044548772599409
2010-04-15,0.0008247918334370444,-0.006017827303584209,0.0011198042048153759
2010-04-16,-0.016039992620027685,-0.005171809284392291,0.007260482010833406
2010-04-19,0.003762848066018564,-0.0012416783781395578,-0.0024504340168234394
2010-04-20,0.00889093044359702,-0.003876713889154276,0.0035627461463934884
2010-04-21,-0.001821486220393245,-0.0033665699312839777,0.008192771581550618
2010-04-22,0.0029793170203499778,-0.008997571964234886,-0.0029821490294778086
2010-04-23,0.0065065862656968464,0.008555801171260513,-0.0035443340980938105
2010-04-26,-0.0037834192791510617,0.0012856772942977386,0.0011100464291910676
2010-04-27,-0.02393495249137305,-0.017350595323902363,0.013979773612121405
2010-04-28,0.0075676845691464425,0.003192375500305,-0.008563336913740742
2010-04-29,0.012321261674559936,0.0037860425403388816,0.00418113317199462
2010-04-30,-0.017107565846029606,0.002642793494121407,0.011461877786774245
2010-05-03,0.012878823181403053,-0.007406060624911719,-0.0013072203659553973
2010-05-04,-0.023795467593473542,-0.018039068609863564,0.017834891123045732
2010-05-05,-0.0059747164740424205,-0.011561530236906613,0.00587590869705948
2010-05-06,-0.033777573317317185,-0.014301298926443492,0.030419239878531908
2010-05-07,-0.014986872876454093,0.009698510652536201,-0.012580482422496871
2010-05-10,0.04309885324977551,0.0018130244848811644,-0.020933301630148553
2010-05-11,-0.002844747374464918,-0.011751436422304053,-0.002567239640921797
2010-05-12,0.013888937580995114,0.0007200971762976007,-0.007634286796835816
2010-05-13,-0.012508517141706896,-0.007780520819727087,0.006562414162750409
2010-05-14,-0.01827102706071323,-0.014541713473336352,0.01722196690680959
2010-05-17,0.0005265662719780297,0.0026609142594335804,-0.0036955192873267544
2010-05-18,-0.013695688902728416,-0.017420541411739418,0.015222190880073176
2010-05-19,-0.005710657636701271,0.017457670512705855,0.0033286841494533127
2010-05-20,-0.038490502203410965,0.006877180708703355,0.020860268529468956
2010-05-21,0.014493967641084645,0.007037874568230381,0.0010166341084812767
2010-05-24,-0.01291467110568175,-0.017428508509895628,-0.003459667803617006
2010-05-25,0.001020792462541737,-0.00032109748809052677,0.004881482850500432
2010-05-26,-0.0060466757965635266,-0.01411019910489194,-0.00284534243224939
2010-05-27,0.03294918095527199,0.01427076073688679,-0.022948673386743678
2010-05-28,-0.012628803929784084,-0.006007743200723137,0.004570264101505523
2010-05-31,0.0,0.0011297805807935497,0.0
2010-06-01,-0.016967046214290828,-0.004475054329738393,0.007004278219962353
2010-06-02,0.025706168962450742,0.0004894631085020045,-0.009544686535759612
2010-06-03,0.003438162829744763,-0.005699372486833643,-0.007323930141274183
2010-06-04,-0.03576915401039463,-0.016438877880181633,0.026526858544833363
2010-06-07,-0.012528772318607705,-0.004026206980611523,0.007640342782725894
2010-06-08,0.010655132341327781,0.004109951497747085,-0.004983919914862433
2010-06-09,-0.0053606545593348175,0.0016655661095444536,-0.0011233150871701456
2010-06-10,0.028812512895337965,0.009712600726572622,-0.018029768128009594
2010-06-11,0.004844159236001915,0.0004117173657361627,0.012603925769620545
2010-06-14,-0.0015515584046251404,0.008552695671447504,-0.005146231562860162
2010-06-15,0.02248325176108164,0.008232084215862603,-0.0041366965010043505
2010-06-16,-0.00035721678051309967,-0.0005788409597696201,0.005682958082858342
2010-06-17,0.0016064261942355179,0.005679618852154692,0.008106779648676257
2010-06-18,0.0010835154959653638,0.0008794776975884809,-0.0016369118373885966
2010-06-21,-0.0028681886662263617,-0.006226657623136823,-0.0028698978302813417
2010-06-22,-0.016653502489989445,-0.0033320921830014517,0.011837452913312391
2010-06-23,-0.003108194307708,0.0035784942161648527,0.006773795599854104
2010-06-24,-0.01670889846525909,0.001491632255975468,-0.0059622495272662465
2010-06-25,0.004180480867911132,0.0028788196091727477,0.004047448437198975
2010-06-28,-0.003157443778658005,-0.007789398795184143,0.009345045841119821
2010-06-29,-0.031361582125704876,-0.007412309622866143,0.010843061901456872
2010-06-30,-0.009545303534671513,0.003577106199264056,0.00670480815412648
2010-07-01,-0.004466541526786068,0.022434959929625495,0.0015764476959919103
2010-07-02,-0.005464482044976332,0.0050658469285492815,-0.008004094153469433
2010-07-05,0.0,-0.0027116938579534516,0.0
2010-07-06,0.0065342816096226825,0.006919288695354777,0.00820033063123267
2010-07-07,0.031010429232897544,0.0007197730453446378,-0.011778117945086116
2010-07-08,0.00984675313844895,0.004812213760013983,-0.006394258217488182
2010-07-09,0.007438154916062088,-0.003952752093030131,-0.0057283762257482424
2010-07-12,0.000647590146685305,-0.004277160303314083,-0.0004028681860093028
2010-07-13,0.014975806235925336,0.01033933500313667,-0.00860760315365991
2010-07-14,-9.138962364511983e-05,0.001540369062299982,0.010018098447320314
2010-07-15,0.00027395904857814525,0.014656530180525616,0.009917940788796212
2010-07-16,-0.027920698008999385,0.0002586043942033506,0.004874218973294383
2010-07-19,0.005888543264529608,0.0005821452256834415,-0.006169465593862925
2010-07-20,0.011030704544303837,-0.0035907910792182833,0.0014946749752260428
2010-07-21,-0.013082978288406513,-0.009750962757509874,0.016802418657206997
2010-07-22,0.02207627321716347,0.010524922553194389,-0.011631857195460085
2010-07-23,0.00864170472646404,0.0007744690481291679,-0.010666697150135544
2010-07-26,0.010361767111578789,0.006633442012646263,-0.001705277855289972
2010-07-27,-8.946973474197076e-05,-0.0006237988062238497,-0.009684962374253942
2010-07-28,-0.006475565783546683,0.0001039629092840535,0.0032386924414448126
2010-07-29,-0.004884112509328075,0.006582753168812028,-0.0003022214655807757
2010-07-30,-0.00018165146591551674,-0.0029904301752239084,0.015445261238693702
2010-08-02,0.022329955563179918,0.010446432862118028,-0.014137975893181788
2010-08-03,-0.004800224682001721,0.003722536109771636,0.00575503796912439
2010-08-04,0.006661142315033361,0.0,-0.007681343066982126
2010-08-05,-0.001063175485630111,-0.0050786815117948685,0.00465622373529995
2010-08-06,-0.004084431909287342,0.0017646474237553932,0.010848486350269776
2010-08-09,0.005324738306020418,0.007887125187317354,-0.003703807942743751
2010-08-10,-0.00541390793353395,-0.004202688781353308,0.002103897025388029
2010-08-11,-0.027789065809880067,-0.003407553186880817,0.01331894071388865
2010-08-12,-0.006149435716910309,-0.02619518817946638,-0.002471391846839135
2010-08-13,-0.0029497864446201413,-0.001103967401704031,0.012394585955222108
2010-08-16,-0.0004616999229077967,-0.004608142791233524,0.02471853171772612
2010-08-17,0.012210381769320365,0.0032105568602749032,-0.005739027747729604
2010-08-18,0.0018233295466599294,0.005292525997281642,0.0026832190330620506
2010-08-19,-0.01755004650044361,-0.001827205331509851,0.015472962822701428
2010-08-20,-0.003249965640536315,-0.0037726963300603726,-0.0011318589223093503
2010-08-23,-0.0038198281966928716,-0.007680836874902004,0.00018919046419612335
2010-08-24,-0.01495449292411566,-0.0059180871120244295,0.015901464313842695
2010-08-25,0.0038775565633137545,-0.0001642736980887827,-0.0032533747045124317
2010-08-26,-0.006724220062192984,0.002453840014940038,0.0093586124819173
2010-08-27,0.015370952753961309,0.0033488892934487834,-0.0287234660415614
2010-08-30,-0.014611306378426722,0.0037299821012289247,0.01899209928944747
2010-08-31,0.0,-0.006926953201297012,0.011021995347001358
2010-09-01,0.0294733479844779,0.0016860217365177637,-0.02089334252176936
2010-09-02,0.009269243826584873,0.009074472093895964,-0.010622272704856469
2010-09-03,0.012887800860183204,0.0017940314883815697,-0.012472489188493948
2010-09-06,0.0,0.005298241237920658,0.0
2010-09-07,-0.011336458723465656,-0.00199656779676877,0.0202604309959061
2010-09-08,0.006998629223864062,-0.014905775134682301,-0.007978000359304828
2010-09-09,0.004608360049481632,0.004256166238409801,-0.019938620472403624
2010-09-10,0.00503624333608818,-0.003063653161283119,-0.004582741397702968
2010-09-13,0.011061573341501759,0.0018803207976895843,0.004874321843560446
2010-09-14,-0.0006209968340433326,0.012116094124892242,0.009582704081264997
2010-09-15,0.003809462408262284,0.009259067637498604,-0.014945494915928403
2010-09-16,-0.00026491417195702023,0.0017944556937577775,-0.009925593710190273
2010-09-17,0.0003729746988598931,0.004670317385591432,0.004041226865414491
2010-09-20,0.015175087322241616,-0.0024552993407984166,0.005786146766676372
2010-09-21,-0.0020160312262810895,0.0017624675229667383,0.013790090542938263
2010-09-22,-0.004925428392897662,0.014438189232468136,0.0089303151324519
2010-09-23,-0.008144571668301983,0.010059428719971893,0.002864052102644265
2010-09-24,0.020412600904764253,-0.005382034059724284,-0.01353117762702811
2010-09-27,-0.004801630637103913,0.011938324449518322,0.017241775416902617
2010-09-28,0.0034940922020732625,-0.0029744172808687758,0.006813912885547726
2010-09-29,-0.0017456961123764277,0.009763951553616946,-0.00415839776171756
2010-09-30,-0.0029745362996096755,0.0042021163021390764,-0.00066272991693918
2010-10-01,0.004197124895311004,-0.000435887455197779,-0.004845060567767726
2010-10-04,-0.0075322359221205205,0.011301804002874567,0.00257757675225792
2010-10-05,0.019932086626977565,-0.007494084714141646,-0.006024674788232265
2010-10-06,-8.633910391974573e-05,0.011621940993247981,0.01248830080208411
2010-10-07,-0.0012073565988184086,0.0062030022828410275,-0.008371680337592629
2010-10-08,0.005593304022470695,0.0005707906624240265,-0.004404058586787284
2010-10-11,0.0009432669579350286,0.003557968270295541,0.00019132578519587143
2010-10-12,0.0030815383960985437,-0.006992247269975627,-0.009929845412968175
2010-10-13,0.007747090957878776,0.0026407171180504964,-0.0015517314420202255
2010-10-14,-0.003908559529186231,0.0036109743582841878,-0.01505679401284917
2010-10-15,0.0020410538117369994,0.00747240431001589,-0.01229053053731813
2010-10-18,0.004915820618578334,-0.007681872905857012,0.008045199095482451
2010-10-19,-0.013191231314615757,-0.002036708965121064,0.00601682792815641
2010-10-20,0.009718288047753834,-0.014224451459383641,0.002160395979493199
2010-10-21,0.0022035074205757755,0.016177411923509133,-0.01194299241349541
2010-10-22,0.0018606296319480743,-0.0033177572614473817,0.006729770998261097
2010-10-25,0.0029530301902045697,0.0019503246474671958,0.0028559890867213703
2010-10-26,0.00016887200039212124,0.0003486567540382671,-0.015563025888243607
2010-10-27,-0.002868239006344234,-0.0068118389124068365,-0.008829986129004971
2010-10-28,0.00016907304932449728,-0.005512598943926412,0.0027179572962401245
2010-10-29,0.0007597096280176257,0.0,0.009304092999978565
2010-11-01,0.0003378887107709328,0.014195311128468011,-0.00431445081036962
2010-11-02,0.007898963456989264,-0.004601149220226048,0.013057668515678663
2010-11-03,0.004009731262430982,0.008956863160489622,-0.020611498236289917
2010-11-04,0.019074913061170796,0.006477529785477337,0.007754279347720903
2010-11-05,0.0037552309192215687,0.007102992808711045,-0.01730278969539918
2010-11-08,-0.0018757704578533506,-0.010755222451550838,0.004481388331804494
2010-11-09,-0.007210462917108853,-0.014754701630107541,-0.022294790315070052
2010-11-10,0.004021612355847303,-0.0070623717178888,0.0013491621725496747
2010-11-11,-0.003774334011570885,0.00026172033842768085,-0.0005184481128067004
2010-11-12,-0.011909279096401059,-0.011287233725628645,-0.005413116748563001
2010-11-15,-0.001415223646583839,0.0052853524569610255,-0.02109498251763234
2010-11-16,-0.015702124295467048,-0.008684748826313858,0.024533689050997533
2010-11-17,0.0005077363383333814,-0.006224990968142396,-0.005528298459945583
2010-11-18,0.014611219371502343,0.004692205558127927,0.004070420481278742
2010-11-19,0.0027467295050460443,0.0075919229732363085,0.00612699469479772
2010-11-22,-0.0008316881526629268,0.006357057443670333,0.004236580586055498
2010-11-23,-0.014582634785746593,-0.010418692601628437,0.004936217980844157
2010-11-24,0.014665985665578465,-0.015976469224680656,-0.01801164894893655
2010-11-25,0.0,-0.002126081609495989,0.0
2010-11-26,-0.01171553075740701,-0.0013616062857695526,0.013796593363525893
2010-11-29,0.0030255153558245342,-0.007654296583068306,0.008513948924096123
2010-11-30,-0.005638477881914039,-0.010181003400475444,0.005196195329727603
2010-12-01,0.021044952719814134,-0.008572467909573613,-0.022479828290400336
2010-12-02,0.01272729563474123,0.010172388768412144,-0.0026100315150610984
2010-12-03,0.002688948996910768,0.006914477075129106,-0.007873240711669997
2010-12-06,-0.0010579795990908862,0.01501982086632797,0.014022162572026568
2010-12-07,0.00056937857074071,-0.009666231231329044,-0.021638977670789417
2010-12-08,0.00365731203573939,-0.003183907449486137,-0.009710823588402986
2010-12-09,0.003885805024276619,0.00046369032544568266,0.004920107875720688
2010-12-10,0.005800946699519627,-0.0006622619605450978,-0.006099632152707252
2010-12-13,0.0006425941890907262,-0.003397481941385476,0.0037496351416023747
2010-12-14,0.0008822364601835379,0.014917942056763405,-0.014651734442423077
2010-12-15,-0.004582459634952576,-0.002581966069253917,-0.013109424945017325
2010-12-16,0.005785181294882097,-0.010301564827892904,0.006903239832084401
2010-12-17,0.0010707766743830792,0.001204167071185813,0.01807292706352042
2010-12-20,0.002410454866550201,-0.005677107403229118,-0.0010726551079952484
2010-12-21,0.006320167713644111,-0.0035744203663818073,0.006955103458440177
2010-12-22,0.0031055915664091422,-0.0021359203069993963,-0.007169746865040938
2010-12-23,-0.0014319243998319078,0.0019391577993921958,-0.0020416715612815287
2010-12-24,0.0,0.0008922552685333885,0.0
2010-12-27,0.0003976920823143631,-0.003616551633095957,0.008891284359856661
2010-12-28,0.0014315944946164177,0.00836675800694652,-0.01977954378091
2010-12-29,0.0007150294315381026,-0.007869529179463017,0.01677910488153441
2010-12-30,-0.0015895782877354265,0.010510944369789865,-0.000752449224889745
2010-12-31,0.00023842247682552502,0.005782565559017043,0.01100351255639852
2011-01-03,0.01028478048464113,0.004252149381005747,-0.007572524187092169
2011-01-04,-0.0005508970292255131,-8.014293648722583e-05,0.0011768963882721058
2011-01-05,0.005184037602152966,-0.0026811686131298852,-0.022273029039712358
2011-01-06,-0.001960246809961244,-0.012404565265891997,0.004363719808634292
2011-01-07,-0.001964491219663825,-0.013538462981196597,0.00532010595952165
2011-01-10,-0.0012592995725277192,-0.006559274229663551,0.005399171546171873
2011-01-11,0.003537534405642659,0.005404806830928461,-0.005615688979938848
2011-01-12,0.00898396104886609,0.0014660361185259315,-0.007828819708899648
2011-01-13,-0.0016340659048565895,0.011058331339293227,0.008912102017611253
2011-01-14,0.007218497113000436,0.016987137040285576,-0.006404283112688982
2011-01-17,0.0,0.002018398499029463,0.0
2011-01-18,0.0017001221467124108,-0.007225863458861638,-0.004692893223121815
2011-01-19,-0.009854185700558325,0.0070653041776155955,0.0071937248117760035
2011-01-20,-0.0013263575115093666,0.005513552064375582,-0.013888620198310404
2011-01-21,0.0022619239523549274,0.0011844727598855896,0.007897002854634112
2011-01-24,0.005670193376265898,0.011187004268384345,0.00043740676389317706
2011-01-25,0.0005422411321661455,0.001799360949958059,0.009457662103818053
2011-01-26,0.0038634860454681776,0.0030746547986904953,-0.015262568971686475
2011-01-27,0.0024647866220342705,0.0017533191205943912,0.00449335376241601
2011-01-28,-0.01761738904372217,0.0009464381911931488,0.0052356628503409325
2011-01-31,0.0074884080957302495,-0.011013589801631637,-0.007644806522620852
2011-02-01,0.01588186394193321,0.010341441443834042,-0.004962351998162079
2011-02-02,-0.0019136453857199547,0.008428214648801158,0.00022155823590197806
2011-02-03,0.002219811084480362,-0.0008708792191564442,-0.008325356277371477
2011-02-04,0.0028249794699533037,-0.014091146651487621,-0.010194603060447362
2011-02-07,0.006232802815629863,-0.0036448069825923807,0.005166155439069351
2011-02-08,0.004536502732794973,0.001249711868901054,-0.00922755256869663
2011-02-09,-0.002265451485668856,0.002572171414704725,0.008667850532529522
2011-02-10,0.0003779444633362612,0.006877982506284142,-0.011611831905078973
2011-02-11,0.005952370871779166,-0.008715887067009048,0.014297932052148543
2011-02-14,0.002401014822838668,-0.006778061147924772,0.0006704823262514122
2011-02-15,-0.0031524827655754597,-0.002145678192252829,0.0044584304334295485
2011-02-16,0.0062953582288945605,0.0012949713556189896,-0.003230345975264452
2011-02-17,0.002984123276825502,0.005671923890932834,0.0015610615797904518
2011-02-18,0.002083034036405677,0.0037265989873324114,-0.0031241646680182744
2011-02-21,0.0,0.006397415525529514,0.0
2011-02-22,-0.020273402398746643,-0.002273853873248204,0.014862703802628397
2011-02-23,-0.006163602315644891,-0.0006291640435710969,0.0036268278408080465
2011-02-24,-0.0006870340041269133,0.006584959722761727,0.0063423065353891
2011-02-25,0.010635858632024178,0.004054861981699148,0.005869019759424013
2011-02-28,0.006177697157068311,-0.0062134108425232456,0.001299318585509585
2011-03-01,-0.016813555789092674,0.006323988320142943,0.0028946595554231423
2011-03-02,0.0021364088069281257,-0.003600907318075315,-0.01549226344167424
2011-03-03,0.017077140643344216,0.006854273404183277,-0.009834192532963944
2011-03-04,-0.007519876424137854,0.006636313575586683,0.008293650440723738
2011-03-07,-0.007881793465389223,0.002277849059524925,-0.006407066998687155
2011-03-08,0.008711571089032496,-0.0019148780882221393,-0.0061140438334023745
2011-03-09,-0.0014343115250429195,-0.004736478296190604,0.009654129467028467
2011-03-10,-0.01867891150875147,0.0003058256639182276,0.016647096622110027
2011-03-11,0.006902189410915068,-0.007285940264144612,-0.005664369884552974
2011-03-14,-0.006056185279753441,0.009610277810928372,-0.0004365936338158477
2011-03-15,-0.011523340975183451,0.004119090114892922,0.014860019928244338
2011-03-16,-0.018686152989800416,-0.00041960146146790336,0.011241490943547578
2011-03-17,0.013147988594958086,-0.007274305353067483,-0.0076948094319089855
2011-03-18,0.0036306380668715134,0.010608528143582223,0.0026788497882171075
2011-03-21,0.015378989384580589,0.009758236005273894,-0.005901923377320364
2011-03-22,-0.003474595460039801,0.0032788511749044322,0.0033302967158846085
2011-03-23,0.0028578517142106626,-0.003448881865391004,-0.0012882019383165825
2011-03-24,0.009518151273812885,-0.004396579999944026,-0.007547188248924691
2011-03-25,0.003051094511183995,0.00466587303668697,-0.002492014537678358
2011-03-28,-0.0024403438242785926,-0.010348458425385322,0.0014089043202790124
2011-03-29,0.006696175776452294,0.0038223155090464124,-0.007722233021000553
2011-03-30,0.006877450740531343,0.0022271443473864377,0.007938588916682743
2011-03-31,-0.001356412309859237,0.0007198385926761102,-0.0020596247984271555
2011-04-01,0.004214588078638989,0.00264427337899569,0.004849664761640417
2011-04-04,0.0008254934103113799,0.004555258551591935,0.0010837030381798444
2011-04-05,-0.00014990962186013453,-0.00022757676402840172,-0.004017117753987668
2011-04-06,0.0031473508446083717,-7.100784488771909e-05,-0.015126631357152937
2011-04-07,-0.002546873733021305,0.008137852341283986,-0.0019890461380679047
2011-04-08,-0.0034566446986829223,-0.002319553553933248,-0.005327338582541134
2011-04-11,-0.003015065598175788,0.01113145467756859,0.0008905528085627079
2011-04-12,-0.00750223594350377,-0.0016761853499484781,0.01072429063177357
2011-04-13,-7.555487369929886e-05,0.0026601441342125054,0.006249123328620021
2011-04-14,0.0007599965296053168,-0.0023713673931142335,-0.0007656592925426426
2011-04-15,0.0036421119010847493,-0.0006930226081929647,0.013470534243776075
2011-04-18,-0.01127209424526916,-0.0013268596090236307,0.002264100176766921
2011-04-19,0.005727918617424687,-0.013201218389951367,0.00429703282627739
2011-04-20,0.013539969107706986,0.007983030985188096,-0.0064527802872343006
2011-04-21,0.005096112795393131,0.012204045850334869,-0.0008631934122271313
2011-04-22,0.0,0.0028197058735337246,0.0
2011-04-25,-0.0010471007746820887,0.0001454486848794958,0.0037727151711022464
2011-04-26,0.008568326911429435,0.001500587530156706,0.009636248870287993
2011-04-27,0.0065076605543643255,0.0074483253643903595,-0.01028210636330405
2011-04-28,0.0032374676789557496,0.006247150367585707,0.00761422963433528
2011-04-29,0.0023483286137335737,0.004325157197472595,0.0030932513779921788
2011-05-02,-0.0015403402404090426,-0.0033787059479022425,0.0016036639627855648
2011-05-03,-0.0036036262872628146,0.002013989446320694,0.005643154522501385
2011-05-04,-0.006652844415259448,0.0006375870341181958,0.004450320690833375
2011-05-05,-0.00908991587942192,-0.0002372689773264426,0.009469321544916944
2011-05-06,0.004406188575606819,-0.01942983162322825,-0.004407109330470438
2011-05-09,0.0038674798765796,-0.013249060409645273,-0.0010528417027499575
2011-05-10,0.008500004157326409,0.001608901978955893,-0.007185738610650552
2011-05-11,-0.010580371780917152,0.002432457672316356,0.005710987749761577
2011-05-12,0.004748919544840565,-0.013981429050206752,-0.006347573812018577
2011-05-13,-0.007729018150979773,0.0018918337014444718,0.008980519587873615
2011-05-16,-0.006361658574638705,-0.0112977703556589,0.005558109651032843
2011-05-17,-0.00014991345149748697,0.005675407039250048,0.010197746423985889
2011-05-18,0.008896346106943414,0.0078031559590804175,-0.01334017458490089
2011-05-19,0.0023787298516511845,-0.0009698341247315047,-0.00041978281287478864
2011-05-20,-0.007976706154914588,0.004271393752962423,0.0005249325149975053
2011-05-23,-0.011668741729715486,-0.014807295825034516,0.004814589096234886
2011-05-24,-0.0008333002015508853,-0.00491080546945864,0.0037511177457505256
2011-05-25,0.0033293441701957734,0.0044313439043920265,-0.004691591903392703
2011-05-26,0.004597053787091916,-0.001000576421538962,0.008532300553044167
2011-05-27,0.0038272377031247566,0.0035557552337789756,-0.00041462331505230063
2011-05-30,0.0,0.011415397512140662,0.0
2011-05-31,0.010357351831076028,0.0017457562225029375,0.002277816825086295
2011-06-01,-0.022717171403086135,0.007345661044578624,0.01342515550221827
2011-06-02,-0.0010622752114222182,-0.005768888070189921,-0.019233739024786735
2011-06-03,-0.00999424206069092,0.009787892775456952,0.00572586347555523
2011-06-06,-0.010637757618369404,0.011597947006651978,-0.00760666806651449
2011-06-07,-0.0006200904147016964,-0.004926573458887725,0.004592432119896166
2011-06-08,-0.0041961837833115545,0.007039112620537417,0.007778308667353978
2011-06-09,0.007602125405128998,-0.005740449916637077,-0.004037538908424793
2011-06-10,-0.014007676935953627,-0.0059254296558553035,0.007647731907900276
2011-06-13,0.0007835253165169991,-0.012692808665095298,-0.005057381476156339
2011-06-14,0.012605941201936319,0.005864798918182356,-0.015221669747153126
2011-06-15,-0.017945493823321734,0.0022949095577444933,0.01801056569403098
2011-06-16,0.0022020748117010627,-0.01872429047038763,0.004529909419211929
2011-06-17,0.002979398873396889,0.0012062446435934565,-0.004736478798123547
2011-06-20,0.005103270226825788,0.0060386183828864196,0.001237991001360368
2011-06-21,0.013610961576917692,0.00281814011555654,-0.0044420674933853405
2011-06-22,-0.006043929635793001,0.003918490776311298,0.0006217499240587241
2011-06-23,-0.0028795037140599638,-0.0046917760211844595,0.0076268785478295735
2011-06-24,-0.011681472333220864,-0.0031013901197990096,-0.0042177443497104375
2011-06-27,0.008871453214162188,-0.006939573877147329,-0.013809814334910978
2011-06-28,0.012968907465158806,0.010212755077597753,-0.008082778082001193
2011-06-29,0.008527366166842777,0.0028675385374914127,-0.0066626720226970505
2011-06-30,0.009516920605934821,0.008391341255214162,-0.0015918971350364363
2011-07-01,0.014668009084190177,0.0012459111671488774,-0.0016006141951622286
2011-07-04,0.0,0.0029618306887010224,0.0
2011-07-05,-0.0008218234917903886,0.0009018643223208997,0.00223949556654754
2011-07-06,0.0011951497297843867,-0.008621839124782656,0.005101676182702429
2011-07-07,0.010322097024655962,-0.006715271964029441,-0.0029724461961911416
2011-07-08,-0.0071174090603101205,0.0022956118798976646,0.014043367843432387
2011-07-11,-0.018246023286530192,-0.011383380227067048,0.014883419843187204
2011-07-12,-0.004328544443308701,-0.011423944125107234,0.0034030753783743026
2011-07-13,0.00334283912280178,-0.00511173719776712,0.0027765697705650584
2011-07-14,-0.00692598752270054,0.018810520333179828,-0.014374576432927506
2011-07-15,0.005787855959572217,-0.0054227942930777095,0.0016657327253810168
2011-07-18,-0.008234881615926113,-0.002417961070239253,-0.009718509261944513
2011-07-19,0.016101094095515765,-0.000790533833871936,0.020577483891690816
2011-07-20,-0.0006030914006233152,0.004313475947415048,-0.01189999090097388
2011-07-21,0.013775916867978962,0.006826186504122887,-0.007732226588491574
2011-07-22,0.0006693207655906037,0.01045733930256299,0.007523382163232268
2011-07-25,-0.005588465424637657,-0.0021894102326816866,-0.010991193524014078
2011-07-26,-0.00374331824866636,-0.0011791597831046106,0.006818438261610072
2011-07-27,-0.0206881226051473,0.009457845483739503,0.00010507811376129465
2011-07-28,-0.0029139321979834835,-0.009357234372762336,0.0037570978250456447
2011-07-29,-0.006858057471287191,-0.0028562109862000085,0.019593590802363635
2011-08-01,-0.004261735480097903,0.0022095686914159834,0.010041632262500096
2011-08-02,-0.025879063755668976,-0.0070990908034767085,0.029584814266872858
2011-08-03,0.005403789114140852,-0.00624157307721745,0.0019675816207044053
2011-08-04,-0.04797404512242033,0.012594024584066252,0.03496271805859074
2011-08-05,-0.001497917715244906,-0.02012000780048922,-0.029277980383799893
2011-08-08,-0.06734066278997795,0.016009126384070146,0.031078833002834778
2011-08-09,0.04545065643542899,-0.008667356908595254,0.003028378937310646
2011-08-10,-0.045183374585394065,0.014876011691912402,0.02931851641146866
2011-08-11,0.04390578266022214,-0.01812998575949092,-0.051765578459358814
2011-08-12,0.006710582013331048,0.0071727551751329995,0.01960848777566516
2011-08-15,0.020943972544499093,0.0033488515448092957,-0.010186980879657168
2011-08-16,-0.008575993256296042,0.011441583538398128,0.016420540675529793
2011-08-17,0.0006688477190975327,-0.00279714310252304,0.017356520021110988
2011-08-18,-0.04407588545127531,0.002162104171317879,0.02033078207844002
2011-08-19,-0.016465255221769663,-0.0072889300409729,0.008035340527663673
2011-08-22,0.0007986636472821195,0.0031275498094733645,-0.002520635671858342
2011-08-23,0.03238078857664131,-0.0005745892309913628,-0.013889516814143738
2011-08-24,0.01398606306087587,0.005284477204432829,-0.028843055923598968
2011-08-25,-0.015361436482443896,-0.0017165651054168517,0.010761982053305103
2011-08-26,0.014429148643260663,-0.0027345999796553155,0.009819045933719411
2011-08-29,0.02833124611174378,0.008458165568049786,-0.013922447352933357
2011-08-30,0.0026332098565346124,0.0020169063278352513,0.01594895720611126
2011-08-31,0.004428249654756659,-0.006298246965419108,-0.015574491984873318
2011-09-01,-0.010528221690255305,-0.004061876891663101,0.02097575638153044
2011-09-02,-0.025882096020783077,-0.00786068113706364,0.031969850389242126
2011-09-05,0.0,-0.0073464386750377,0.0
2011-09-06,-0.007324098961767905,-0.0067024208587801466,0.010345429407725175
2011-09-07,0.027816739545292395,-0.004266017699107671,-0.01927320613000097
2011-09-08,-0.010445512784591346,0.0058704776329306626,0.008927776722275746
2011-09-09,-0.026559524276143127,-0.01297290065871201,0.010609276248157658
2011-09-12,0.006449465684838869,-0.02205722342215124,0.0010546917607220465
2011-09-13,0.009129244301675873,0.004361773914954049,-0.014333993706150072
2011-09-14,0.013749409357038887,0.0018869418026663388,0.00843039819415886
2011-09-15,0.01710961239381942,0.004375422555973764,-0.01540620174828091
2011-09-16,0.005901172948539943,0.008905725369257938,0.007242899521448359
2011-09-19,-0.01000700152867965,-0.012158241542317604,0.018886516250715253
2011-09-20,-0.0011646132191386782,-0.007017934770640378,0.004187793387286906
2011-09-21,-0.029900631569596776,0.006470001854692044,0.03254876367438418
2011-09-22,-0.03285878905291447,-0.00791112328165159,0.036897348323125134
2011-09-23,0.0060076562969450685,-0.007768149485341671,-0.018775589999903235
2011-09-26,0.023501557678123373,0.004891980751379578,-0.016185740922491757
2011-09-27,0.011121724250090744,-0.0021381407579063793,-0.015426547506085568
2011-09-28,-0.020630099860258964,0.004742617170867145,-0.00034171240114498814
2011-09-29,0.007872333452153732,-0.0032950491285057494,0.00689692076022547
2011-09-30,-0.025306755222218195,0.0035531410374232885,0.024808782380537783
2011-10-03,-0.02887030450634043,-0.016692734873780066,0.02714855381326282
2011-10-04,0.021686288741494024,-0.01249433640377093,-0.012762281657541414
2011-10-05,0.01834555275355468,0.010185547222206373,-0.00722477479536477
2011-10-06,0.01792945335408024,0.0007334911524802194,-0.018629348172996756
2011-10-07,-0.006718074262010121,0.006651891750708847,-0.00741489979054258
2011-10-10,0.03289847575648174,-0.0032043246063185433,-0.014225255091384899
2011-10-11,0.0010034346255375188,0.01846812889909193,-0.003350697479976638
2011-10-12,0.008733438751753184,0.0007502681894220026,-0.014653844911218364
2011-10-13,-0.0019893343767223405,0.010659367654543866,0.00990830167849797
2011-10-14,0.016949294383402723,-0.004101649642825564,-0.01463551593943642
2011-10-17,-0.019275841215121797,0.010396739799124411,0.017140374324485574
2011-10-18,0.019357351041595715,-0.009778471612249585,-0.006230709018939011
2011-10-19,-0.011899442106305745,-0.0002886106177471514,-0.00034768820633731775
2011-10-20,0.004366008295380714,0.0018153769005150302,-0.0071452101588096745
2011-10-21,0.018809105423515556,0.0010191461677499425,-0.010638835968060218
2011-10-24,0.01218667921561796,0.004972779627426743,0.0016780136775729625
2011-10-25,-0.019635490861491873,0.005373474888955781,0.02509719809985393
2011-10-26,0.010107302572855779,-0.0012800483196722503,-0.01762446717294956
2011-10-27,0.03424203631128297,-0.0019862878480350443,-0.03448404887244113
2011-10-28,-0.00023312274786569932,0.02117679458620206,0.010461739286160199
2011-10-31,-0.024401190757979505,-0.00239252200635293,0.03888878001256381
2011-11-01,-0.028284927157161008,-0.020004690410207387,0.032927136561863427
2011-11-02,0.01618012479655876,-0.014830645922874523,-0.012553771207580994
2011-11-03,0.01806312816080123,0.002488550171164383,-0.013827666960449785
2011-11-04,-0.006117401160044856,0.010168339083803348,0.0012026803441432753
2011-11-07,0.006196535194237007,-0.002941386783075982,0.006332712671049918
2011-11-08,0.012749018519316759,-0.0021213249233897192,-0.012878605247175023
2011-11-09,-0.03760787265592582,0.004813917186178885,0.02052688128449744
2011-11-10,0.009374495379671905,-0.021921876021723154,-0.015012464079923595
2011-11-11,0.018647560938229363,0.006146491362933261,-0.006119975384053554
2011-11-14,-0.009519468196356119,0.01291731230363892,0.015955798877545065
2011-11-15,0.004929875437208924,-0.011882458131531732,-0.001362847705197042
2011-11-16,-0.015990041796899696,-0.008627619080228318,0.009076132119015833
2011-11-17,-0.016004635765753034,-0.004904600520091122,0.00799075861368727
2011-11-18,-0.0010648772403568068,0.0012642820600115257,-0.0002522779570462722
2011-11-21,-0.019202647199765253,0.005330151020494553,0.005932848983747998
2011-11-22,-0.003935737178518665,-0.003376779108307488,0.011099826845855353
2011-11-23,-0.02231254951878291,0.002781611528772255,0.009755229576937753
2011-11-24,0.0,-0.012643902231596928,0.0
2011-11-25,-0.0018894026491385447,-0.0015742945900413458,-0.014627826270899232
2011-11-28,0.028555079450611295,-0.0013188670609156415,-0.0004964437974564848
2011-11-29,0.002836111468305249,0.0002662579405180645,-0.008233426175957095
2011-11-30,0.04032577267169312,0.0005328401093880924,-0.01573909576599092
2011-12-01,-0.00016035708742712212,0.008953751721584781,-0.0050301659898705255
2011-12-02,-0.0008802869352738694,0.001708834052709402,0.013920352942345353
2011-12-05,0.010833388642281068,-0.0035622765220722865,-0.002025205521115588
2011-12-06,0.00031657371688014206,-0.0024125830984946276,-0.0095904529817981
2011-12-07,0.003715918551329236,0.0018893801748214758,0.0035759051317412103
2011-12-08,-0.02218087009056152,-0.0006168565991606585,0.012413404787617467
2011-12-09,0.01680056593196699,-0.004360036407616262,-0.020775647548239615
2011-12-12,-0.014705341899389247,0.0019636871984335218,0.011077217534334447
2011-12-13,-0.009382757706030321,-0.015115494136826025,0.009278162307643131
2011-12-14,-0.0107028773112609,-0.011602076165823342,0.018713790675242994
2011-12-15,0.003607680892024306,-0.0023926060770595933,-0.0037141601323002708
2011-12-16,0.0014814986356244612,0.00320015492202198,0.011593527588406172
2011-12-19,-0.010749576069675882,0.0005604067527000442,0.012592115325670198
2011-12-20,0.029811476423001453,-0.00223975638032038,-0.025261980424442138
2011-12-21,0.0019349641231727103,0.006145455045773066,-0.014007483903201012
2011-12-22,0.008819547602687156,-0.003671001038711747,0.004189802100016586
2011-12-23,0.008900878783743104,0.0012265345745922584,-0.011183076303149471
2011-12-26,0.0,-0.000848226908701346,0.0
2011-12-27,0.0007911829381447729,0.00043050615470083324,0.004739552022362352
2011-12-28,-0.013210646548506046,0.0016457621879670619,0.018319876170872135
2011-12-29,0.010281064237689397,-0.011140426244686018,0.0018216670898719312
2011-12-30,-0.004928003006870213,0.0022259091925654617,0.003222167744601899
2012-01-02,0.0,0.00031094713551305017,0.0
2012-01-03,0.015810658498596513,-0.0014762947781102548,-0.015124777441587555
2012-01-04,0.001567672745400883,0.008851823260751207,-0.011960703337054726
2012-01-05,0.002658342680001143,-0.009589221588583472,-0.0017812385191021143
2012-01-06,-0.002580446432303876,-0.010522396330770147,0.007863371045575723
2012-01-09,0.0024245891671759476,-0.009082195049580685,-0.0017706219757284646
2012-01-10,0.008633093515467696,0.007509521425102243,-0.001687922454029308
2012-01-11,0.0005417713760050216,-0.0018890205884630877,0.012931424050846994
2012-01-12,0.0023962820943301153,-0.002190950600397528,-0.001419912982464993
2012-01-13,-0.005186581614866792,0.007561179282910563,0.009893413604162354
2012-01-16,0.0,-0.013624806787234982,0.0
2012-01-17,0.003873418065555311,0.0015822010941941955,0.0046223993996821295
2012-01-18,0.010995760595048204,0.006213452606059865,-0.012178628474693691
2012-01-19,0.005262477639374379,0.009373893106578754,-0.013848695597532707
2012-01-20,0.0037201597803346886,0.007658858192625108,-0.011390087554326347
2012-01-23,-0.002580288133604614,-0.006203948598389735,-0.006346350121560784
2012-01-24,-0.0011398716467300042,0.010973357237505504,0.0018055173695571464
2012-01-25,0.008332424715144204,0.001081792797326048,-0.002408213503792263
2012-01-26,-0.005142816573177303,0.005072846961054672,0.013169389183240812
2012-01-27,-0.00045484434394039546,-0.0011135545992719772,0.003138971303718501
2012-01-30,-0.003419699682122455,0.008758027146282257,0.011702889031432294
2012-01-31,-0.00038070612922663506,-0.005190425851082879,0.011485094193542744
2012-02-01,0.00871933515452147,-0.004771364838780931,-0.011521253067174633
2012-02-02,0.0015837311247909372,0.007086626342989132,-0.0004194807859044621
2012-02-03,0.013921278830486898,-0.002499178845178526,-0.02172366607678011
2012-02-06,-0.0006691776348945524,-0.0007617070612131868,0.009901904541430117
2012-02-07,0.0025256339825945277,-0.0004199085772778022,-0.012478903820200515
2012-02-08,0.0029633399657105057,0.009624903949070934,0.0007740140194732824
2012-02-09,0.0012567380174549124,0.0,-0.0075046047091504794
2012-02-10,-0.007415337699235963,0.0022548533864811308,0.012904131335089922
2012-02-13,0.007415337699236002,-0.003142081581407857,0.0012813017826998616
2012-02-14,-0.0012567380174549286,-0.005978392592413037,0.0052789974951802715
2012-02-15,-0.004670907700939341,-0.0018404004398631696,-0.0017844565344291683
2012-02-16,0.011012056316279936,-0.005775290821672951,-0.008029495101713493
2012-02-17,0.002642621754216564,0.005250071880236851,-0.00025666416451053544
2012-02-20,0.0,0.007616250294251725,0.0
2012-02-21,0.00043975880910052773,-0.0016917171206937813,-0.011127181483578816
2012-02-22,-0.0032293497181777645,0.002909280005583503,0.012498307244501197
2012-02-23,0.004401574457834151,0.0009407535629053901,0.0
2012-02-24,0.00219275441042676,0.008854252024843193,0.006488954603263084
2012-02-27,0.001678467709193813,0.0069650518107681305,0.00881258654955696
2012-02-28,0.0029119958877340084,-0.004501296873633843,-0.003295528677918607
2012-02-29,-0.003933545104499503,0.005309678317946272,-0.006113424521702651
2012-03-01,0.005168501764730726,-0.011724316253571386,-0.009458319280676865
2012-03-02,-0.003053995890807347,0.00013324235170368798,0.00934792512413456
2012-03-05,-0.0040867010169876004,-0.010298493213170072,-0.007970443643122828
2012-03-06,-0.014733352751420748,0.002997753502724959,0.012059376267879002
2012-03-07,0.006951935462819825,-0.007772924268490518,-0.006139441306854015
2012-03-08,0.009899734784348886,0.001260665083961073,-0.010058183673791092
2012-03-09,0.0038600926985131218,0.01022232014269834,0.001984347369334024
2012-03-12,7.266466615993126e-05,-0.011351733684889787,-0.0001717868250041932
2012-03-13,0.017865562981275646,0.0032866561325980946,-0.017750293595133273
2012-03-14,-0.0010719065021953884,-0.0066934155038114425,-0.025517960718517873
2012-03-15,0.005773157538272412,-0.004437467232810932,0.001528762608440287
2012-03-16,0.0013831491374732894,0.004306770378691392,0.0019772538093186924
2012-03-19,0.003912568169372943,0.007495963026750442,-0.012007551105313258
2012-03-20,-0.0029146453914713787,0.003947674646958991,0.003987972245757635
2012-03-21,-0.0016393980284072982,0.0006351659930329813,0.011244862430550099
2012-03-22,-0.007229114687341348,-0.0014286315996364265,0.003215730269605184
2012-03-23,0.0032272426378788617,-0.0010569483511521601,0.009407037049835736
2012-03-26,0.013937249597315628,0.0059068709937708545,-0.00513680719606169
2012-03-27,-0.0031119276044157,0.005781443740594299,0.007166765637584802
2012-03-28,-0.004970763414168133,-0.0023485638912794206,-0.0014119676190120557
2012-03-29,-0.0017103023300211045,-0.00018658498722988308,0.007475231132360566
2012-03-30,0.004127916040113828,-0.000932462583469887,-0.017055587471200586
2012-04-02,0.007288005366264405,0.0033340279933281388,0.005525253286591185
2012-04-03,-0.0040978796261220045,-0.0018683789688872718,-0.017480136025650364
2012-04-04,-0.009959631246005107,-0.008140106869707212,0.013651522743641545
2012-04-05,-0.0005008712208058767,-0.006157205126725581,0.0071998647571164046
2012-04-06,0.0,-0.006028089273925127,0.0
2012-04-09,-0.011294315953728925,0.0010718930789401378,0.023112379191333528
2012-04-10,-0.016927368388620207,0.002461893528647215,0.011272925707736041
2012-04-11,0.008061226989615753,-0.002880336799999552,-0.012052140280940624
2012-04-12,0.012981541888789387,0.0035361162191303876,-0.0041650717072640436
2012-04-13,-0.011960306824722421,0.005261813324024981,0.01604668622817713
2012-04-16,-0.0006564751486782374,-0.010104434712292337,-0.0014563632438699162
2012-04-17,0.01470382595186209,0.005367571161522159,-0.0006001406506090044
2012-04-18,-0.0033851531898514042,0.0006565486513049737,0.0029116705865090803
2012-04-19,-0.006441681294476703,-0.0011814984245596726,0.0009404825972048547
2012-04-20,0.001668517967172968,0.001969930835327263,0.00017080441956309562
2012-04-23,-0.008444044351734525,0.004479552111485653,0.007233947261562834
2012-04-24,0.003794397900581789,-0.00400612013976583,-0.007063464242817208
2012-04-25,0.013598518006495091,0.003478129990540043,-0.005136967329569857
2012-04-26,0.006944925169939919,0.0026430230552151124,0.005991087933814536
2012-04-27,0.0016393552559043993,-0.0031707498898219497,0.0008532944603806234
2012-04-30,-0.003710859782367523,0.0038325762457608417,0.0002553311574373022
2012-05-01,0.006200781350208908,-0.00013234824245101287,-0.005199867749786132
2012-05-02,-0.0029884834844652207,0.0,0.007018260843653102
2012-05-03,-0.0076548656910404855,-0.006992582137937592,-0.0002555467017252419
2012-05-04,-0.016289993723617772,0.0006575988363033622,0.007817388201944366
2012-05-07,0.0007300286610584707,-0.014225414648115053,0.000168820476389052
2012-05-08,-0.00401979983130903,0.00701557572102152,0.005317628664665787
2012-05-09,-0.005949590029107615,-0.005081105594241374,0.0006741942851193731
2012-05-10,0.0020606451831658747,-0.004538151038832012,-0.0029494695028240716
2012-05-11,-0.003018875270100016,-0.00012929310372926858,0.008235034092474825
2012-05-14,-0.011122786171279478,-0.0027126475267236125,0.01387825750507669
2012-05-15,-0.005758072959415132,-0.005275033838975709,0.004036078230588132
2012-05-16,-0.003832142056542568,-0.007542386821841305,0.002871586538239842
2012-05-17,-0.014942177086594607,-0.00038197372840965374,0.017549394174010347
2012-05-18,-0.008595539104140924,-0.0025429984175696727,0.00024078703392050089
2012-05-21,0.017042110294367887,0.005858493118947677,-0.002094900561415424
2012-05-22,0.0017418183983813702,0.002942062817123323,-0.011196994762028381
2012-05-23,0.0005291024192419107,-0.011463643314812278,0.006911559122436294
2012-05-24,0.001963643877065621,-0.008198335999705948,-0.003816106593423574
2012-05-25,-0.003249695536393887,-0.002007683905399019,0.003734783734159157
2012-05-28,0.0,0.0026360258467293643,0.0
2012-05-29,0.012039161641859324,-0.003513170149624311,-0.0030835254684656297
2012-05-30,-0.014616534227108598,-0.0037505140697335257,0.025044946868581396
2012-05-31,-0.0022035650376153217,-0.008325603736317203,0.011507560407964934
2012-06-01,-0.025498936626456813,-0.000989540607499971,0.023462988120012036
2012-06-04,-0.00046799155752824223,0.003219473991748515,-0.007932378344831926
2012-06-05,0.007543448488301919,0.0085944941124048,-0.013467081340565354
2012-06-06,0.022219548160252636,-0.0037458462319731444,-0.020186627908352645
2012-06-07,0.0006064387118037536,0.008887825815465206,0.0015182425857041876
2012-06-08,0.007919837941726276,-0.0002514601675504715,-0.0002401993530156002
2012-06-11,-0.01277870036364789,0.005925750663966395,0.004542395686956939
2012-06-12,0.011425059394393606,-0.01331509384024409,-0.009184506721994785
2012-06-13,-0.006414866832824036,0.0021234780766652577,0.009820835885098475
2012-06-14,0.010544367782682931,0.005517325267162982,-0.001272521501751313
2012-06-15,0.01017543442086664,0.004284340363286039,0.005553838505662958
2012-06-18,0.0019368187239242438,0.00607974464967934,0.005365916901505853
2012-06-19,0.009626070699463469,-0.00847626681486473,-0.013149485541311382
2012-06-20,-0.001622908534058074,0.006572341197575767,0.004931004516043139
2012-06-21,-0.022694207458247483,0.0,0.005302079283637433
2012-06-22,0.007671981357137553,-0.010218955642809488,-0.013427801304602754
2012-06-25,-0.016164646189121182,-0.0011290236798987073,0.014452804061196374
2012-06-26,0.0050132640028703575,-0.0026295053401312342,-0.003949755030675486
2012-06-27,0.00897604054357604,-0.001374578399849958,0.0015821693978078537
2012-06-28,-0.0028577809554520927,-0.0011231776588813778,0.0024463609559296725
2012-06-29,0.024620930660143515,-0.0026160182764403176,-0.01309305159301509
2012-07-02,0.0030082885431464194,0.017077075094517676,0.0102648929920179
2012-07-03,0.006571246940712898,-0.005817033089813545,-0.007714397801114407
2012-07-04,0.0,0.0018889965824749808,0.0
2012-07-05,-0.00452245381609504,-0.0071093551558247935,0.005096588435301084
2012-07-06,-0.009548573574042343,-0.010012806791382391,0.00925111563914218
2012-07-09,-0.0012554621013728094,-0.009741754197162366,0.008775952941508475
2012-07-10,-0.008758608842585464,0.00381134718047147,0.002026692966532314
2012-07-11,0.00014929219828080067,-0.005037857568511677,0.001244831839141924
2012-07-12,-0.0048569211441499924,-0.0007472579485057693,0.007051230449839139
2012-07-13,0.01663866523484458,-0.004460309563896552,-0.0026287612916146984
2012-07-16,-0.0023600797752758597,0.0045950129266621766,0.004634574362706251
2012-07-17,0.006843559802458985,0.0015936500109216209,-0.007890935333641035
2012-07-18,0.007379463735840755,0.002210738434247454,0.0005432731721181238
2012-07-19,0.0026173010578662793,-0.0014743828693702388,-0.0025648163076663157
2012-07-20,-0.009190467589163647,-4.913176596867201e-05,0.01214420457816455
2012-07-23,-0.010163690357695331,-0.012274862527051808,0.0055975161763764745
2012-07-24,-0.008623678012260058,-0.0002425354611856021,0.007844493164713123
2012-07-25,0.00022388161948096855,-0.005151551233425392,0.0025758105708367325
2012-07-26,0.016363032707238687,0.0064860945199821576,-0.009197825042694997
2012-07-27,0.018264587441348724,0.011477609095058215,-0.019041890319511482
2012-07-30,0.0,0.001966784285227875,0.007444153294606457
2012-07-31,-0.007019017418137396,-0.0036845910317584796,0.0020065463880837527
2012-08-01,-0.0008714931883075028,0.002823623134604158,-0.005011643652748251
2012-08-02,-0.006928946818311835,-0.00429369295542993,0.005652651625640828
2012-08-03,0.019639327562895277,-0.005006360772785269,-0.016269823672706553
2012-08-06,0.0019356741515582465,0.020177824330586288,0.0003925745180132949
2012-08-07,0.0050010217093020195,-0.003102311736323295,-0.01294950685618948
2012-08-08,0.001210615362417168,-0.00024778126439503194,-0.005338647498359892
2012-08-09,0.0008538576640265812,-0.0011018543184398008,-0.0007194321956307041
2012-08-10,0.001634675098297295,-0.006425823283212942,0.005024110512253656
2012-08-13,-0.0004975154037421327,-0.0013760045967251909,-0.0016713898758664004
2012-08-14,0.0001419849939792136,0.004084343226895655,-0.013639507826778545
2012-08-15,0.0011360519034418726,-0.0001232066733541915,-0.014156007827087109
2012-08-16,0.007351366113709275,-0.002953957235042525,-0.008557912918232439
2012-08-17,0.0013373243058486198,0.00554573565452952,0.00486434589183583
2012-08-20,7.018835725791227e-05,-0.0020492605907647047,0.0020531605057374155
2012-08-21,-0.0030286634714213733,0.00167857661380693,0.004422835112395476
2012-08-22,0.0004233323189976228,0.009931792186990203,0.0163697159148713
2012-08-23,-0.008212966275868896,0.004626998126816065,0.004170936376386814
2012-08-24,0.006024470743267954,0.0021331197630722566,-0.0009616986034076021
2012-08-27,0.00021195943379248588,-0.004536841412042091,0.005832203850259867
2012-08-28,-0.000990010151131214,-0.00022501368530915386,0.0023870776008086208
2012-08-29,0.0007780507173388747,0.005641499164331914,-0.004380370125959526
2012-08-30,-0.007234106347793917,-0.0032633973706506884,0.0051747681575364975
2012-08-31,0.004757783164361846,-0.0016277448098997063,0.014034467575237918
2012-09-03,0.0,0.00526845091391233,0.0
2012-09-04,-0.0009214279654592667,0.0007549483439738081,-0.001004393464049331
2012-09-05,-0.0008510376320499204,-0.00414502090738888,-0.00472361426388754
2012-09-06,0.02009354767227505,0.005404462387742879,-0.01679123099074304
2012-09-07,0.0038875638061472407,0.0023973159741334086,-0.004665204947339832
2012-09-10,-0.005698039214471356,0.012841104350352605,0.0024160451902897687
2012-09-11,0.0027836996485823672,-0.002683590425237534,-0.0062936080256885815
2012-09-12,0.0033293269148653858,0.0070436513619412215,-0.01254306195283567
2012-09-13,0.015121778504627566,0.003992063028549831,-0.003942165686722293
2012-09-14,0.004424900232303833,0.006992120632000732,-0.026937488751522513
2012-09-17,-0.0034019791931309946,0.009399574000485786,0.011932335980219847
2012-09-18,-0.0008177091133507436,-0.0004852626786234526,0.004999208077128651
2012-09-19,0.0005451694935618955,-0.004878140489867131,0.006544558762800306
2012-09-20,6.842364262287884e-05,0.0009135958493321619,0.002473202394361874
2012-09-21,-0.0004185713647691841,-0.006507866478759256,0.0011527704263805075
2012-09-24,-0.0015093588038670646,-0.0003891232295926891,0.0077854100724726654
2012-09-25,-0.010698536934384563,-0.002072788097304648,0.009829027746864095
2012-09-26,-0.005637066341431181,-0.0032173351848969363,0.010693607713106304
2012-09-27,0.009377199534721074,-0.0014308808636272067,-0.0071430686216158445
2012-09-28,-0.004642527864824074,0.002450565575717097,0.0005637392788425632
2012-10-01,0.002635509391637495,-0.00810251126769299,0.003704495326782337
2012-10-02,0.001038361936138217,0.006167365293188808,-0.0013680730091927672
2012-10-03,0.004074817206087686,0.002193411869076394,0.0003219027679408063
2012-10-04,0.0071428305580343516,0.0005167929922704262,-0.012548888228756232
2012-10-05,6.806097657016804e-05,0.0072633363443466385,-0.013038783068578228
2012-10-08,-0.0034269384241437362,-0.00013013878206721803,0.008383787252842298
2012-10-09,-0.009936908983163927,-0.0029892407744781476,-0.0018018288811767927
2012-10-10,-0.006400021630072356,-0.009171333805507767,0.007027128449317676
2012-10-11,0.0005577475783974743,0.0,0.006897427782616971
2012-10-12,-0.003283312844989871,0.005803126070959652,0.002503482570500612
2012-10-15,0.00829312069546739,0.0007762529468751664,-0.0022606893162293684
2012-10-16,0.01008223028877752,0.0019433776831409243,-0.013922167527379129
2012-10-17,0.004524601975629035,0.01069111837891596,-0.009306982715080417
2012-10-18,-0.002602315680795169,0.0006556786485944823,-0.006142229890551022
2012-10-19,-0.01680479381329024,-0.0036137535535062447,0.013480060287700112
2012-10-22,0.0001395952287145855,-0.003574497430014742,-0.0064275645241085675
2012-10-23,-0.013973689726636488,0.0036529385531968773,0.014200905411132211
2012-10-24,-0.002832744790218685,-0.007422361367593739,-0.009911059024516356
2012-10-25,0.0029030040637277412,-0.0006484696183930339,-0.0051170132245634955
2012-10-26,-0.000565634871435902,-0.002072220651975511,0.014620727406676283
2012-10-29,0.0,-0.0010991515847128687,0.0
2012-10-30,0.0,-0.0012270591915616393,0.0
2012-10-31,0.0,0.004204038424388151,0.005853814565483819
2012-11-01,0.010416393435429931,0.00019439300386182352,-0.008221772091924798
2012-11-02,-0.008931617347184269,-0.0012956243078193113,-0.0007363551967268498
2012-11-05,0.0020467388122890075,-0.009343773012860858,0.005628590314603078
2012-11-06,0.00779447264133189,-0.0019862971328994785,-0.009479732942655592
2012-11-07,-0.022924293334047406,0.0004353080305895034,0.017983200739839725
2012-11-08,-0.012096564518204669,-0.0037584886622258284,0.014730199833238408
2012-11-09,0.0008688747925183246,-0.0011477221809470441,0.0011112245406817815
2012-11-12,0.0007954210545422099,-0.0016810527694880474,0.0016658186647543415
2012-11-13,-0.0034774066571564453,-0.0011190848708216385,0.003322801961294215
2012-11-14,-0.013591068210520713,0.0,0.0009480329206188897
2012-11-15,-0.0016931848172138612,0.0017810593602762183,-0.0019750304633213
2012-11-16,0.0049250485099482325,0.004082684996178389,-0.0008703433498437611
2012-11-19,0.020037051160479685,-0.0019540958120791625,-0.0056335247629438374
2012-11-20,0.00043119793459495375,0.0007786051258752523,-0.010079059213806828
2012-11-21,0.0018661475500946546,0.0035177764975567074,-0.0005619263166172475
2012-11-22,0.0,0.003941790057651514,0.0
2012-11-23,0.013532788993098373,0.0007849969751179096,-0.0009657079330671302
2012-11-26,-0.0021242935063986107,0.007028737624003663,0.004738049989604939
2012-11-27,-0.005117633020023123,0.001622071249715867,0.003918313177094934
2012-11-28,0.008020224672358155,-0.0037591118197992574,-0.0014368586046992944
2012-11-29,0.004654387807716949,0.0011650365884301502,0.00015999288794660505
2012-11-30,0.00021095022330280366,0.0015556536819384401,-0.0027210207311270888
2012-12-03,-0.0049363347643106865,0.001791926548470343,0.0009228231357420836
2012-12-04,-0.0014147609701881914,0.0,0.005758804017185269
2012-12-05,0.0017681899737561181,0.00785486979982089,-0.00047842646746246864
2012-12-06,0.0033864553323720123,-0.0022244349806974668,0.002152505693086646
2012-12-07,0.0030245225157534417,-0.008200391470385832,-0.009279652821812562
2012-12-10,0.0004209289291705821,-0.004436687582816538,0.00440984369500926
2012-12-11,0.006785548364347119,0.0024940274152400973,-0.007629467358736367
2012-12-12,0.0004876199029755732,0.005774099182791437,-0.011678246604457458
2012-12-13,-0.00615056167166083,0.004107610164108555,0.0007343060515007081
2012-12-14,-0.003722807521036751,0.0009151741165565272,0.007470846840559954
2012-12-17,0.011683795877602281,0.0066397813111627535,-0.015080619567680358
2012-12-18,0.011067046871855415,-7.895767899669292e-05,-0.01023685507069485
2012-12-19,-0.0074568685640440035,0.0050150872193668785,0.0033132312846182546
2012-12-20,0.00573612482257457,-0.0011900064672992097,0.00016550384225530993
2012-12-21,-0.009118733078268503,0.0016928992825087793,0.010856146037513007
2012-12-24,-0.0030867647433357862,-0.004213894903889022,-0.0018007939434352574
2012-12-25,0.0,-0.00011865561036998284,0.0
2012-12-26,-0.004223252717649988,0.0,0.0035908272117363945
2012-12-27,-0.0013415483040390465,0.0034328757995704495,0.0033486605839170734
2012-12-28,-0.010866759214097365,0.0018533322975444059,0.00569388268321284
2012-12-31,0.01685341214355051,-0.0017078663728159408,-0.017425001508083415
2013-01-01,0.0,-0.001995376539259237,0.0
2013-01-02,0.025307378539205734,-0.000263984770794928,-0.013457900157442223
2013-01-03,-0.0022621793686366572,-0.0011871216201709736,-0.013642534487359099
2013-01-04,0.004382215588160276,-0.011403246248573008,0.0038926941373610266
2013-01-07,-0.0027366663829596935,0.002662234107940564,0.00042188013360143457
2013-01-08,-0.0028814575617691868,0.004400356419408042,0.006563410313359703
2013-01-09,0.0025387647711770283,-0.003262866762420411,-0.0009225587611843727
2013-01-10,0.00791821737747626,-0.002103949719068507,-0.002774209779057261
2013-01-11,-6.77376067465042e-05,0.016585816427728228,0.008883763694410662
2013-01-14,-0.0006804393431781516,0.006672030251265356,-0.0027576641862808045
2013-01-15,0.0006804393431781526,0.0011899556887180166,0.0045908951276216045
2013-01-16,-0.00013633829399593728,-0.0052038452318998365,0.002080204643693782
2013-01-17,0.006439821909276244,-0.0013298913070807386,-0.010022989500387828
2013-01-18,0.0022275207307011586,0.0061324875816171605,0.0076931494673541405
2013-01-21,0.0,-0.0039371499292233485,0.0
2013-01-22,0.005378422145343587,-0.000639118809533329,0.001914051915871386
2013-01-23,0.0016079340897819723,0.0001863436607826252,-0.0014976540909053366
2013-01-24,0.0002681021972240727,-0.00041267119656229377,-0.00350317992619313
2013-01-25,0.005606316491874985,0.004561876596430402,-0.013799367879725565
2013-01-28,-0.001198897879366924,0.00720526666208905,-0.0036497570048254677
2013-01-29,0.003923647880942555,-0.0014667117329918023,-0.005542443669307465
2013-01-30,-0.003923647880942537,0.0033672400333745137,-0.0017118983002606762
2013-01-31,-0.002468471563948527,0.005669026242172078,0.004870454818125946
2013-02-01,0.01023468948116502,0.0031391697187494287,-0.013069950137764566
2013-02-04,-0.011304422629560149,0.002766859073976453,0.012727851515683581
2013-02-05,0.010047487911656827,-0.010089889790595784,-0.008926246287174531
2013-02-06,0.000727721000270291,0.005147642770956367,0.008157316077903109
2013-02-07,-0.0013242927061803498,-0.0042419638290926475,-0.0022259594653312714
2013-02-08,0.0055492952302082735,-0.009998165808551313,0.003849678096768773
2013-02-11,-0.00019772984180530458,-0.0015786369380713376,-0.00076913330289155
2013-02-12,0.001646028647724874,0.0026369420998443764,-0.002480657218857071
2013-02-13,0.0008548021930216545,0.0036121084503193085,-0.008171128715768734
2013-02-14,0.0009198708033017934,-0.0005647434735789681,0.00902758293960836
2013-02-15,-0.0011825758457813227,-0.006833340927921165,-0.002914519538813505
2013-02-18,0.0,-0.0006674703230669799,0.0
2013-02-19,0.00746632428450734,0.0002402834820688379,-0.0049909092184621685
2013-02-20,-0.012541401371737607,0.003637031257409674,0.003014333436663043
2013-02-21,-0.006097833205348195,-0.009200664271603936,0.005831286722251648
2013-02-22,0.009725216387008842,-0.0059551867332724336,0.0006840115933783174
2013-02-25,-0.019210348395285487,0.00011880151420411266,0.019462929062979577
2013-02-26,0.006822503052421737,-0.009965896210080764,-0.005798943642515057
2013-02-27,0.012519460028507753,6.532770422518989e-05,-0.002954310656981957
2013-02-28,-0.001976801858797674,0.006488650933249562,0.00185770909171333
2013-03-01,0.003292881078723071,-0.006945851952969497,0.005430650850422309
2013-03-04,0.005310769899731591,-0.003298765151000186,-0.005311903582980269
2013-03-05,0.008919062461453967,0.0014720743721258502,-0.002879202149842417
2013-03-06,0.001359839985651044,0.0009520424019637552,-0.009114596410896908
2013-03-07,0.00181101379297976,-0.0053745988191833995,-0.007731097501161648
2013-03-08,0.004254954473579657,0.010174907119175859,-0.010490225394275202
2013-03-11,0.003788291770664106,-0.009447805340505221,0.0009588533467918253
2013-03-12,-0.002245148730470253,0.0034347096884790665,0.007200213980081546
2013-03-13,0.00141191973097248,-0.000260538476319298,-0.001038224997063915
2013-03-14,0.005309686670431523,-0.005457516704327802,-0.00303250295865834
2013-03-15,-0.001320776024055582,0.004155454167862972,0.004674977806718397
2013-03-18,-0.005534071596083807,-0.009235076987730174,0.007573585631996554
2013-03-19,-0.00232590806394292,0.004043603955159299,0.00675017059078248
2013-03-20,0.006961250126438627,-0.006284440059350325,-0.011218561364640313
2013-03-21,-0.008579759556890844,0.006025543886735387,0.009598702415550752
2013-03-22,0.008000954574807548,-0.0028431453016186975,0.000767728852971555
2013-03-25,-0.0041859072828703305,0.009191736350872682,-0.0009378016094781754
2013-03-26,0.007970793508371864,-0.01279855965292542,0.0011935168901735284
2013-03-27,0.0,0.0001285792032281428,0.008484375741157537
2013-03-28,0.0030683734474364253,-0.0064094619706589395,-0.005081830750695842
2013-03-29,0.0,0.002968842584348151,0.0
2013-04-01,-0.003965030757521225,-0.0007942122216494621,0.007503487623370312
2013-04-02,0.004921939375234626,0.0034635721258691036,-0.004062976500108276
2013-04-03,-0.010190850279690349,-0.002310380161702017,0.008949347880461268
2013-04-04,0.004050678831233917,0.0023103801617020657,0.011865697513287435
2013-04-05,-0.004501556444768751,0.006057776525567641,0.019982828417924193
2013-04-08,0.006744544097993257,0.004924874541507465,-0.007682065314207099
2013-04-09,0.0034502685188654287,0.002862429557109776,-0.002464642377143282
2013-04-10,0.012174873767512133,0.00390333717036839,-0.013831094295205694
2013-04-11,0.0032725046800437647,-0.0019079428869484103,0.0019157147318572519
2013-04-12,-0.002453765461302052,0.004540512323350586,0.014789840317192481
2013-04-15,-0.02344661929309226,-0.0011796306732325752,0.008655652815744774
2013-04-16,0.014655235283486213,-0.003413021443032482,-0.008245089129792597
2013-04-17,-0.014719609135269207,0.009456885713221962,0.006617594145573623
2013-04-18,-0.006273102201269147,-0.010970123494505981,0.002440295523201443
2013-04-19,0.008656116164990232,0.0013957078225384414,-0.002114675245446552
2013-04-22,0.004427823480717989,0.00019578428287324982,0.0007324847414520313
2013-04-23,0.010256521415181507,0.0004570764704050366,-0.003504188277284846
2013-04-24,0.0006335737378291444,-0.005159080449683407,0.002527997169867885
2013-04-25,0.004045575020566218,0.00176880818137652,-0.0043256566195914725
2013-04-26,-0.001767967098385057,-0.0007808119108683959,0.009118393205716847
2013-04-29,0.006676265612728014,0.0027092938375022375,-0.003653531840974554
2013-04-30,0.0023822834707008782,0.0040775361015878255,0.0005692066261362491
2013-05-01,-0.008806049880892517,0.005515454091312861,0.010220819198244734
2013-05-02,0.009244586770067125,0.0010539995886262228,-0.0012911102519354788
2013-05-03,0.010089347517778426,-0.008923937204134204,-0.02385940008188806
2013-05-06,0.0025380673202223232,0.004452029941140388,-0.0024839119962073632
2013-05-07,0.00505594949323608,-0.004060036509057848,-0.0039037861634714675
2013-05-08,0.0045404060410179,0.0005230267281386599,0.0015807813155888698
2013-05-09,-0.002819922576639863,0.006428270664547212,-0.00257997119980185
2013-05-10,0.0032489277338573486,-0.009692264624364979,-0.01080444734166141
2013-05-13,0.000794882417574367,-0.005316899434552162,-0.007692969047740367
2013-05-14,0.010280665792679935,0.0017518545012306938,-0.010921254906992944
2013-05-15,0.005372302522233817,-0.003927706249768594,0.006669405547842867
2013-05-16,-0.004706371741923422,-0.004234363049165181,0.010343376233014828
2013-05-17,0.00963021108853492,6.449566130111644e-05,-0.012732446189228978
2013-05-20,-6.004496728146258e-05,-0.0037035254520621902,-0.0011967738325189261
2013-05-21,0.0014372243516972663,0.004309137552953992,0.007837693147883119
2013-05-22,-0.0074454760761080005,0.0021681104975852144,-0.014960956752681468
2013-05-23,-0.002897120493736407,-0.005976506282108431,0.0047264588174428706
2013-05-24,-0.0008466830023992459,0.0064417355681352755,0.0013699118223224024
2013-05-27,0.0,0.000982699770850516,0.0
2013-05-28,0.005971137485585026,-0.0002974735779145312,-0.025669572048805638
2013-05-29,-0.0065158455778866415,-0.0067930257062580645,0.011181718325901396
2013-05-30,0.003685626972644016,0.007867125813207816,-0.0024357780838038653
2013-05-31,-0.014455997300858885,0.007394543733594915,-0.0034012071770180585
2013-06-03,0.005490940671766097,-0.0036456286015574156,0.005284631472637262
2013-06-04,-0.004818462133737971,0.005865508342304203,-0.009277751373326237
2013-06-05,-0.01409951436949323,3.930123857307964e-05,0.013711434930848062
2013-06-06,0.009012306579468944,0.0015176148155457577,-0.0006071859111987175
2013-06-07,0.012639700970267955,0.011562487392139139,-0.018040637435047666
2013-06-10,0.0,-0.0016278842001214964,-0.004784122626532954
2013-06-11,-0.010368382794220756,0.0,0.011828780435970436
2013-06-12,-0.00831188006037278,0.0,-0.01440668104140388
2013-06-13,0.015094112421161241,0.008699546948616884,0.015546337384183201
2013-06-14,-0.006292574497085215,0.002123207300073294,-0.00236868012958292
2013-06-17,0.007692517196073918,-0.0014427438243390341,-0.005286421675540252
2013-06-18,0.007874233888457332,0.0010818738294116166,0.0005303028647050274
2013-06-19,-0.013912997872285634,0.002006501235949165,-0.010382182335164728
2013-06-20,-0.025090457048329306,-0.007350838923890919,-0.01654846589842097
2013-06-21,0.0032050291835293556,-0.004244322372817905,-0.01710390859955893
2013-06-24,-0.012716584564758368,-0.009890867430486087,0.004142841944297099
2013-06-25,0.009568196790482583,0.002059727722364065,-0.008951403283217717
2013-06-26,0.009852945852331397,-0.0040105040554759604,0.0064676357104745145
2013-06-27,0.005852107202168966,-0.005088159965166926,0.010171355253808075
2013-06-28,-0.00410598324057764,0.0017323101231719836,0.006814280982249833
2013-07-01,0.005842752850955629,-0.0016801881281958578,0.0020125064204192093
2013-07-02,-0.0009297968690440738,0.004107799317410856,-0.0006344892945079606
2013-07-03,0.0004339184061935568,-0.006811097394825702,-0.0029951472162340893
2013-07-04,0.0,0.0024560379886374474,0.0
2013-07-05,0.010731189258127096,-0.007956968242132212,-0.03468241554341882
2013-07-08,0.005688204322630746,-0.006112411572627294,0.009647230310854477
2013-07-09,0.007171564283055697,0.003263916264117598,0.0010239465750424644
2013-07-10,0.0003633771207797048,-0.006951877016797796,-0.007851607433080016
2013-07-11,0.013528782734893774,0.031262324758573094,0.011662367682456841
2013-07-12,0.0004176633003759689,-0.006847415305516424,-0.000835676063817831
2013-07-15,0.0038138346602965344,-0.0028903531058660607,0.005277861989779444
2013-07-16,-0.0037536309969648583,-9.146529322965793e-05,0.0034110899356724895
2013-07-17,0.0025633552451301807,0.0070504609375198765,0.0018391640408066871
2013-07-18,0.005462989804677173,-0.0026005548501486573,-0.012571789045150826
2013-07-19,0.0017743798169490852,-0.00048524362217734567,0.015690018016313586
2013-07-22,0.0019494118890749437,0.0037567130208616788,0.0014639251432649334
2013-07-23,-0.002126359507136105,0.0023056207727168657,-0.004215539604255317
2013-07-24,-0.003672225410353895,0.0024961438919357277,-0.01275234886808653
2013-07-25,0.0024298986100732747,-0.002456469552285838,-0.0003716293219915122
2013-07-26,0.0010652353458082224,0.006298609757837202,0.006120380186114986
2013-07-29,-0.003080033950841045,0.000996071224831133,-0.0073310110185921176
2013-07-30,0.0,-0.0017922410988432727,-0.0003731457944514358
2013-07-31,0.0007114893986298216,9.283827323340583e-05,0.0036280340571735498
2013-08-01,0.011492371166306763,0.0027496016501841825,-0.01945677156288492
2013-08-02,0.0016975719823981634,-0.006747556043127298,0.010949277773060557
2013-08-05,-0.0014635640775711271,0.005059723804918386,-0.00772765269011151
2013-08-06,-0.005698510319262489,-0.0016186586244294973,0.0029287897471648233
2013-08-07,-0.003245447245027641,0.0038120974119779535,0.007424429546295031
2013-08-08,0.0036577007058146067,0.0024650535425876047,0.0027113382209352356
2013-08-09,-0.002889686787823557,0.0029259569074284375,0.0015862423984975987
2013-08-12,-0.0011818908726235638,-0.003046058189412581,-0.006828562635781922
2013-08-13,0.0029521121779501145,-0.00348877822192013,-0.014561974425981596
2013-08-14,-0.00514280706521328,-0.0020582714775905335,0.0015230719521613732
2013-08-15,-0.014084217633848695,-0.00010613446905685383,-0.013596749843756811
2013-08-16,-0.0033117034077070687,0.006747681335261716,-0.0034764453853729617
2013-08-19,-0.006412790232284004,-0.0018679052360929733,-0.008745435758331099
2013-08-20,0.004904004419655761,0.0003600028474276832,0.0076806903180580395
2013-08-21,-0.006178954473469275,0.0065147466223815205,-0.011003928057769641
2013-08-22,0.009074173065620991,-0.0058344394676827635,0.010132317641502657
2013-08-23,0.003366281086381068,0.0009076660355220502,0.01079720245313233
2013-08-26,-0.003727868621178157,0.002353287035953543,0.004973109134808618
2013-08-27,-0.01621508391857421,-0.0005487091265873901,0.012515630872326235
2013-08-28,0.0035443538202081337,0.0009637821041912405,-0.008135581607485048
2013-08-29,0.001585115169782478,-0.004276320369498135,0.007947250335862454
2013-08-30,-0.003171816722722543,-0.007426567270852635,-0.0011313578029655328
2013-09-02,0.0,-0.00211555551673276,0.0
2013-09-03,0.004511375429336763,-0.0013858975849495054,-0.01420478251084088
2013-09-04,0.008238587451691391,-0.0012127109859999992,-0.0022089488979536963
2013-09-05,0.0012669492561419805,0.002017569232703299,-0.014041642946247237
2013-09-06,0.00048121039439757025,-0.006250685890698153,0.0049611787048573375
2013-09-09,0.009530606009495911,0.004246146872347496,0.00048426195021785903
2013-09-10,0.007370133049919682,0.006343786989198022,-0.007007710430522579
2013-09-11,0.0031334586313238443,0.0006232749244094438,0.008849393156633596
2013-09-12,-0.0026596373598707893,0.0037082370751209356,-0.001356054587534293
2013-09-13,0.0022464102672808445,-0.0012509255469101393,0.003870074475920222
2013-09-16,0.0057707035412307775,0.004531864098348325,-0.0066862609087545875
2013-09-17,0.0044526972755592024,-0.0016018532300554344,0.008229618525476455
2013-09-18,0.01150758979771768,0.0014950357158973195,0.01226699024154978
2013-09-19,-0.0016768440969824906,0.012284229802837462,-0.005922785589035887
2013-09-20,-0.007016443304431488,0.0008252112037365481,0.005256019060971075
2013-09-23,-0.004638266429383417,2.7128324994165675e-05,0.007311655689909194
2013-09-24,-0.0023564900535664787,-0.0026357631830961448,0.010728874095299384
2013-09-25,-0.002894574298113675,-0.00200939757460392,0.002057654767783457
2013-09-26,0.0038376359240702334,0.003346668110638331,-0.007030578507486767
2013-09-27,-0.004606507565824947,-0.0022817528947719212,0.0024425052100737056
2013-09-30,-0.0053433769196988565,0.0006880848622560554,-0.0015027718513001454
2013-10-01,0.007885536207443054,0.002202185586375878,-0.0030385868915098844
2013-10-02,-0.0009451232938141687,-0.00013530186549907483,0.001510657000969098
2013-10-03,-0.009264328358886435,0.004989017263364264,-0.0016048764803351027
2013-10-04,0.007548339582063855,0.0024357703213313607,-0.0007570872177150868
2013-10-07,-0.008682184542448826,-0.003983941347518267,0.004059634477618285
2013-10-08,-0.011714864802488905,0.0,0.00028242387295085474
2013-10-09,0.0007245428856494233,0.002064747861684517,-0.008038131361179082
2013-10-10,0.0213287237512104,-0.005735428865251535,0.0016122415509267369
2013-10-11,0.006422531767114198,0.00047327681604477967,-0.00028445299116974874
2013-10-14,0.003985897151220523,0.0022208516091871884,-0.00809236598756399
2013-10-15,-0.007280043884399229,0.0001355843264486392,-0.000669120693959772
2013-10-16,0.01386928440415266,-0.0027215330765080663,0.012453597794437127
2013-10-17,0.006661115434652503,5.404137110702812e-05,0.009028427630639433
2013-10-18,0.006731492923691613,0.010630852170054737,0.0021504111751187863
2013-10-21,5.76566544219186e-05,0.001093978463955791,-0.003181310848932229
2013-10-22,0.005774635480442218,-0.000437744149242651,0.011091098237707946
2013-10-23,-0.0048001872907977505,0.007467540975660065,0.0038852361036623645
2013-10-24,0.0033168937837599276,0.00017916381931931766,-0.003885236103662306
2013-10-25,0.004556628367320934,0.0016688072258379605,0.0037011556932513654
2013-10-28,0.0015904592165245145,9.671716893585458e-05,-0.0034233120531345514
2013-10-29,0.00531946188334953,-0.0011589761458217073,0.0012970400509951321
2013-10-30,-0.004979223563915047,-0.0033588796437010794,-0.006033365870305252
2013-10-31,-0.0028401913426927194,-0.0013870897864594889,0.002139329578811719
2013-11-01,0.0023862637736793355,-0.010566432738998956,-0.010883746589670002
2013-11-04,0.003511945208706081,-0.0063351559736912234,0.0009414064131212445
2013-11-05,-0.0031715607859146584,0.0017016166459005954,-0.012021014726112058
2013-11-06,0.00509276671013714,-0.0032522560106001365,0.00047611027980131875
2013-11-07,-0.012723506288454395,0.0033333013812805283,0.008435772338621809
2013-11-08,0.013400365688934133,-0.008091529839222568,-0.024360561333240806
2013-11-11,0.00016981072872946054,-0.004575455846821724,-0.003778509088757678
2013-11-12,-0.002032892889310606,0.004588879886957575,0.00464842451736047
2013-11-13,0.007992994219451372,0.0022822211669795006,0.003664796594001649
2013-11-14,0.004976271531122606,0.003689395211376175,0.006142135496513149
2013-11-15,0.00434193031922193,-0.0030172041273950605,0.0020069996890273323
2013-11-18,-0.0035054904674082137,0.002599033341362619,0.005997670781338447
2013-11-19,-0.002175650549856429,0.0015114296273465266,-0.007622089092929689
2013-11-20,-0.003133161278845751,0.004656302346840675,-0.01717065121362281
2013-11-21,0.008036365691007647,-0.009895853774490438,0.0016529536333299785
2013-11-22,0.004990089568354329,0.002825068525748274,0.009282040552016223
2013-11-25,-0.000995943955516119,0.0059588583834959555,0.0028821248737881866
2013-11-26,0.00027703591041573295,-0.0018278517193040253,0.003735967219388633
2013-11-27,0.0024318521655395152,0.002966928314919584,-0.0017224777173946895
2013-11-28,0.0,0.0004342076453011844,0.0
2013-11-29,-0.000662750740935851,0.00222859244271521,0.0002871459738701692
2013-12-02,-0.00260001994347694,-0.0013866282541871052,-0.007807489432090084
2013-12-03,-0.004330150332995294,-0.003173857804059327,0.0036704633563196826
2013-12-04,-0.00011125210782074467,0.0035814610221002333,-0.009591903088234412
2013-12-05,-0.004405340216273534,-0.00031248678852761186,-0.002827161902621786
2013-12-06,0.011115170116003156,0.006132633494046031,0.0047723480331744745
2013-12-09,0.002539333975225218,0.0026691858140464662,0.0023282451142557
2013-12-10,-0.003589561540765094,0.002456481749918085,0.007148243487430456
2013-12-11,-0.011295049237333623,0.001760358115441614,-0.007729346787111687
2013-12-12,-0.0033065526149516538,0.001570332213457252,-0.003789463457213487
2013-12-13,-0.00011205129792427926,-0.002560997572613717,0.004856148172413013
2013-12-16,0.006212720779298263,-0.0008384085058058076,-0.003688384226685101
2013-12-17,-0.0031853742818044773,0.0017189040283475162,0.004463133447262192
2013-12-18,0.016928221002163173,0.0006057839562805383,-0.005047163615959226
2013-12-19,-0.0011563184900109007,-0.0062874649198490975,-0.0009740713538279438
2013-12-20,0.005799492090420889,-0.0021326298229233658,0.015272859089118266
2013-12-23,0.005328759635902149,0.0016537596963132426,-0.005675985516931659
2013-12-24,0.002189081290863351,0.0015742855027451362,-0.0080387720496616
2013-12-25,0.0,-0.001314346278958142,0.0
2013-12-26,0.005071097999368593,-0.0009846052395807224,-0.0038615568922791216
2013-12-27,-5.4497135379709616e-05,0.0020249925521883703,-0.0028443722377770246
2013-12-30,-0.0001630993970474116,0.003938549209401466,0.006851883392283217
2013-12-31,0.0047215630983793765,0.0043407179968599,-0.006361360931162377
2014-01-01,0.0,-0.004725722993673581,0.0
2014-01-02,-0.00962973580866721,0.0015819955860336674,0.0030392670456435562
2014-01-03,-0.00016403166599612473,-0.007297207137206514,0.0
2014-01-06,-0.0029021316076367145,-0.005179913046636604,0.004199811485826489
2014-01-07,0.006122851273133289,0.0026411895770189855,0.0025306985251964866
2014-01-08,0.00021830761394728187,-0.001144479138039092,-0.0027257392417573286
2014-01-09,0.000653303782810416,-0.003262645920922542,0.005832416983752544
2014-01-10,0.0027192189833895324,0.0025820750366173165,0.011849859656079568
2014-01-13,-0.013394459833040592,0.004746537900696673,0.004967907451490611
2014-01-14,0.010838397587286355,-0.00013672835915707617,-0.0045841781323368
2014-01-15,0.0053761261119351705,-0.00010936126318097094,-0.0010532899344759112
2014-01-16,-0.00130062693153748,-0.0050718162732845155,0.006685772177404681
2014-01-17,-0.0042386559180329336,0.0013744992602880853,0.004179888968996343
2014-01-20,0.0,-0.006664171796130559,0.0
2014-01-21,0.0029359261228459593,0.001583902921653464,0.000758087531687715
2014-01-22,0.0006520879900699677,0.0007454711611054409,-0.0024658886376916975
2014-01-23,-0.00822762090583121,-0.0012466634062765418,0.014050734107354943
2014-01-24,-0.02156647585399897,0.010783407536758027,0.006440773956270237
2014-01-27,-0.004931727637807358,-8.212318839923763e-05,-0.007002939650147135
2014-01-28,0.0059375007630342765,-0.0009713591007093001,0.0024328908047210563
2014-01-29,-0.009651686475064081,-0.0014348021439030973,0.008191259395133517
2014-01-30,0.010544543348709428,0.000259510826606219,-0.002877325719489356
2014-01-31,-0.005875423069657835,-0.007335049649193158,0.00667138458110371
2014-02-03,-0.022762948290396278,-0.00521998441625946,0.012111349531799846
2014-02-04,0.006980533254210918,0.0027282950262569393,-0.010667721963862335
2014-02-05,-0.001255012558510913,-0.0006760842601348421,-0.009288722154363058
2014-02-06,0.013101000472296417,0.0014202358194438222,-0.004301934016933488
2014-02-07,0.012319314493157187,0.004204705929538309,0.000843047440541316
2014-02-10,0.0018353634538858911,0.0020000328221204703,0.002805745521768853
2014-02-11,0.01088425081321326,0.0019631073408210953,-0.00580641412435352
2014-02-12,0.0004944740121912944,-0.0005184279490139596,-0.005179228221822027
2014-02-13,0.005149740115206071,-0.003594259837032748,0.005648721199949214
2014-02-14,0.005503645101317847,0.0065036045972052875,0.000563161865654421
2014-02-17,0.0,0.001546920297079445,0.0
2014-02-18,0.0011945892334342405,0.0003288604857311306,0.0022488717064802024
2014-02-19,-0.006643795801065645,0.004188629412028152,-0.004221684437326179
2014-02-20,0.005883674781185492,-0.0022956100866479315,-0.0024471846669866207
2014-02-21,-0.0011414196020306832,-0.0006725703844722217,0.00526338292292669
2014-02-24,0.005531263116068281,0.0012219115686215951,-0.002534027469129177
2014-02-25,-0.0003780508665548631,-0.0001373720963159454,0.008889419503924124
2014-02-26,5.379768891314337e-05,0.0007282994530443482,0.005295464022314589
2014-02-27,0.005233858300385226,-0.004676494630947171,0.005452216669251878
2014-02-28,0.0025257151407667767,0.0018624739877314625,0.0005525368038485417
2014-03-03,-0.007056597743288429,0.0050570921596805795,0.006653408751814621
2014-03-04,0.013957125225307664,-0.002902725952262302,-0.015155844413683828
2014-03-05,0.0009063380906002003,0.0003022944204060538,0.0021393120418835712
2014-03-06,0.002287829640311996,-0.000508330407654611,-0.009898988434664639
2014-03-07,0.00042486575991990973,0.009341556042900706,-0.0063070471741484
2014-03-10,-0.0005313606469647829,0.0011236074046602443,0.0014156713560872158
2014-03-11,-0.004954318693417503,1.3828816686088018e-05,0.0026367747046385894
2014-03-12,0.000266733452188911,-0.0014978010486165843,0.006936417952799186
2014-03-13,-0.01127662102583078,0.0033453626005333277,0.013360214185654744
2014-03-14,-0.0028118283492302915,-0.002818620131832985,0.00018528020191366828
2014-03-17,0.009002343959728194,0.0034306602332643083,-0.007492694029079894
2014-03-18,0.007113145796115335,0.0009743256101407129,0.0036146131130652096
2014-03-19,-0.0053433279363909215,0.00030648030633230396,-0.007800968477105811
2014-03-20,0.005822538043569797,-0.008047481612097382,-0.0017732118593648343
2014-03-21,-0.0038861468121732996,-0.002691068308819494,0.010775686948319558
2014-03-24,-0.004144173139575229,0.00097891349810862,0.00708889578643737
2014-03-25,0.0047351290747843005,0.0031366427844640413,-0.0037679494402022666
2014-03-26,-0.007218933036219403,-0.001438290216428007,0.0077969060440304765
2014-03-27,-0.002110182424673291,-0.0026772660661445744,0.005013155659793057
2014-03-28,0.004917827314191603,-0.00295872581512067,-0.005653412433528387
2014-03-31,0.008161195161868305,0.0007834988526700136,-0.0024711549021249096
2014-04-01,0.006608204723993621,0.0016653768207834318,-0.008582191016784101
2014-04-02,0.00334150764737675,0.0014336317462118945,-0.005763929773940425
2014-04-03,-0.0013244082431941781,-0.0019293691033437019,0.004371814624665196
2014-04-04,-0.01189283928929195,-0.0032303382860289142,0.006660944316933296
2014-04-07,-0.011112755154458588,-0.0014399224816908297,0.005974954330664258
2014-04-08,0.0041142274790498985,0.0028408233964540954,0.0023797844515423
2014-04-09,0.010693912915483876,0.003648447142524785,-0.00494988702280572
2014-04-10,-0.02122994161192926,0.004465217246398965,0.00923833241155436
2014-04-11,-0.009049422296862838,0.002260909576430914,0.008069804359121328
2014-04-14,0.007847635739534805,-0.0028980703209830214,-0.0026227001604840743
2014-04-15,0.006863452216236585,-0.002102331890052032,0.006229014440430168
2014-04-16,0.010423666160733999,-0.00037304300096163267,0.0012588428612539063
2014-04-17,0.0013959074379986884,0.0010917269907322023,-0.011024896968756383
2014-04-18,0.0,-0.001077831383595211,0.0
2014-04-21,0.0034810668790218233,0.00022092284394073823,-0.0008186995347192374
2014-04-22,0.004534501489625519,-0.00146331426406953,0.0033593661225077157
2014-04-23,-0.002344703036415244,0.0010903923275149465,0.005693665055833286
2014-04-24,0.0020250992226437726,0.0006630679110028417,0.001890415697382043
2014-04-25,-0.008233016334714233,0.0009263849724542293,0.0014384345745253346
2014-04-28,0.0031622068479607497,0.0006226545920465611,-0.0048608756418391285
2014-04-29,0.004644545402363833,0.0008861423143385382,-0.001356041254591901
2014-04-30,0.002978645848900539,-0.0028357831743951265,0.004148837945224058
2014-05-01,0.00010604205219528854,0.004014023231827639,0.010671371933632094
2014-05-02,-0.0014346610799084232,0.00012479492008045753,0.006140841161736654
2014-05-05,0.001912756138551497,0.0001248652790770361,-0.006051410577744413
2014-05-06,-0.008742269032577347,0.00023585228985511126,0.004008459106922413
2014-05-07,0.005872260100325133,0.003934598852896429,-0.0035621950325123437
2014-05-08,-0.001065467106866654,-0.0013641967029599535,-0.00429216605633048
2014-05-09,0.0014908374875960194,-0.004857376994374057,-0.0032308946887626543
2014-05-12,0.009689154807903774,-0.006059261029613223,-0.004052551137925608
2014-05-13,0.0008950127415609275,-0.0002888680965536431,0.008626504858321627
2014-05-14,-0.004748863576907212,-0.003433289915365347,0.01076976860903551
2014-05-15,-0.008819104804224908,0.0007680273626977313,0.007935683385902613
2014-05-16,0.003462437932905937,-0.00026060771973013144,-0.0028140316825046837
2014-05-19,0.003662423517088051,-0.0009596808304641249,-0.0074260577973880295
2014-05-20,-0.006324911016661821,0.0007676792472735973,0.002215711811108208
2014-05-21,0.008389524102780873,-0.0007128751744299505,-0.006127658556174926
2014-05-22,0.002428840932891492,-0.001629485181911676,-0.001426512326709672
2014-05-23,0.004000625796715464,-0.001995525732119659,0.0053384590717763716
2014-05-26,0.0,-0.0018825634298810995,0.0
2014-05-27,0.006128191481849999,0.0016504821672182729,0.005839185129748145
2014-05-28,-0.0007314318456423382,-0.0010506273560637216,0.012275234599758654
2014-05-29,0.005159608664155929,-0.003199562287751592,-0.005330608687235826
2014-05-30,0.0016102361218759734,0.0008158566795989035,-0.00043750901850808313
2014-06-02,0.0011409734525178788,0.0017292688861119182,-0.00746204864104861
2014-06-03,-0.0005185336513789787,-0.002137245513965305,-0.012381568000387403
2014-06-04,0.0020210828228770026,0.0016195314257280659,-0.00026853526791293297
2014-06-05,0.006500576971428387,-0.0012387188529966071,0.0004482248387747311
2014-06-06,0.004771387783202186,0.004239865486853921,0.0
2014-06-09,0.0010232104268135197,-0.001392534727759818,-0.001434564396470894
2014-06-10,0.00010229224269904091,-0.0036903965755663752,-0.003686508613710431
2014-06-11,-0.0034824730536578597,-0.003812256526535743,0.0018004659772944132
2014-06-12,-0.007105202530044088,-0.00028430884373080244,0.008861048609645959
2014-06-13,0.003043736585336749,0.001286800991146501,-0.0005347487428582922
2014-06-16,0.0008238633689007506,-0.001219084304879375,0.0024937202275599683
2014-06-17,0.002775646692988897,0.002887733001251756,-0.007947637900235264
2014-06-18,0.00731268751727662,-0.0021565264484265365,0.007680583553949183
2014-06-19,0.0011202682328813021,0.0031481006072270603,-0.012894494757488726
2014-06-20,0.002028507233027409,0.0015233119144290616,0.007542028239071771
2014-06-23,-0.000306724333245617,-0.001346583424928799,-0.0031355055026099582
2014-06-24,-0.006042178190123582,0.0006527037398267139,0.010088274962448941
2014-06-25,0.004509910825839071,0.0002856703980684675,0.002572457550884248
2014-06-26,-0.0007161679338506399,0.0017021645773803514,0.004773145024831889
2014-06-27,0.001942665154002362,-0.0011714374209973015,-0.0015002396626259025
2014-06-30,-0.0005111278611516615,0.0023032375150731353,0.002469556727051629
2014-07-01,0.00667116100582911,0.003594946985580636,-0.008407692863794463
2014-07-02,0.0010143512867875552,-0.0009307023737836352,-0.010745652131958876
2014-07-03,0.004906213385611082,-0.0020363496989736973,-0.0036069878388298245
2014-07-04,0.0,-0.003148855031068846,0.0
2014-07-07,-0.003487375510892625,-0.0015911811686182163,0.007291567321523919
2014-07-08,-0.0064509882628163975,0.0013053373433097946,0.011149328498759596
2014-07-09,0.004474029494773794,0.000803098373753132,0.0007987611740261943
2014-07-10,-0.003964540840077743,0.0018945763704627317,0.00026535232895043943
2014-07-11,0.0013739160372068144,-0.002779246762342726,0.006359501293133317
2014-07-14,0.005023083236503065,-9.533641933791956e-05,-0.004323362747768979
2014-07-15,-0.0018743375403080169,0.001320493936916862,-0.002036138545364454
2014-07-16,0.003694924120922783,-0.0036575867273885487,0.005302514946121176
2014-07-17,-0.011431449147425457,-0.003103087294461216,0.012524223299685694
2014-07-18,0.0101672503264901,-0.0008250272105525464,-0.0032256570443730216
2014-07-21,-0.0018731994290309703,0.0009873963019309177,0.004964316321660905
2014-07-22,0.004348687514654543,-0.00037887285603661945,0.002083616740582682
2014-07-23,0.0022174414731891807,-0.004373228328382976,-0.001301251482632227
2014-07-24,5.026029903875393e-05,-0.00037704752232523123,-0.007494469869316494
2014-07-25,-0.004692693142416138,0.0001346698260477592,0.011739644187207805
2014-07-28,0.00040473106532146126,-0.0026624936656148607,-0.001384170400590558
2014-07-29,-0.004306617411028776,0.00075240104793088,0.003629496094392665
2014-07-30,0.00015206699580031814,-0.002080933172027975,-0.013984969881009949
2014-07-31,-0.019945668162317128,-0.0011258718991288403,-0.002978926983727426
2014-08-01,-0.003060081337826882,-0.00045536903657983596,0.007711489749784132
2014-08-04,0.007194978907653558,0.0029097730598057867,-0.0026217377147991633
2014-08-05,-0.00974376369910953,-0.000510116001848461,0.0032325074089783737
2014-08-06,0.000312516734967234,-0.003711024465589124,0.0006106764533603628
2014-08-07,-0.005428974584787206,0.000789342755893455,0.009285760633905748
2014-08-08,0.011502065593045204,-0.0018452091330461266,-0.002162188584829823
2014-08-11,0.002893938523586687,0.0035059792325814122,-8.670330758193441e-05
2014-08-12,-0.0013942359682901453,-0.0015136281010066938,-0.006513648600340224
2014-08-13,0.006746013702106294,-0.0014044318999147539,0.006513648600340219
2014-08-14,0.0047109875522991776,0.00013368331210283007,0.008019209785929403
2014-08-15,-0.00020469221945967073,-0.00029405551867663066,0.010848083645798142
2014-08-18,0.008344312944598482,0.0019798380651353236,-0.009989683895120583
2014-08-19,0.005205643744370564,-0.0021936779491223105,-0.003093969700508868
2014-08-20,0.0026677964026335993,-0.002935034580590213,-0.001636788316395155
2014-08-21,0.0029113282938595807,-0.004625331915573926,0.0055886964705046055
2014-08-22,-0.001555032573651513,0.0014198311120055315,0.00555690738686475
2014-08-25,0.005057926742839016,-0.0060899581848375345,0.0037441793994040583
2014-08-26,0.0006491234592148114,-0.0007388106821833362,-0.003232965411784321
2014-08-27,-0.0003998049944091917,-0.001423321434022919,0.008485353554688897
2014-08-28,-0.000549142152824544,0.001568470294556384,0.0052251243341758175
2014-08-29,0.002844051226865715,-0.0004484387901749892,0.0006728971880760476
2014-09-01,0.0,-0.004341645075290919,0.0
2014-09-02,-0.0004985789302048662,0.0003151396575497919,-0.01740132142270574
2014-09-03,-0.0005484355534489542,0.0,0.0055527502951398374
2014-09-04,-0.0014474375993480608,0.0014455908556928003,-0.012257155319395334
2014-09-05,0.0044851721906391554,-0.016731998034018994,-0.0018995407384613957
2014-09-08,-0.0025890260538245953,0.0015919977790944744,0.00043163300238599543
2014-09-09,-0.006351340787367534,-0.004819958652208914,-0.0007772579607224512
2014-09-10,0.0037557808251646404,0.003939584429881898,-0.006329889485913035
2014-09-11,0.0011488653329856738,-0.0019265061825450428,-0.0033110756139468674
2014-09-12,-0.005858216804230741,0.0005038592020833038,-0.010527718016260275
2014-09-15,-0.000753664140267137,0.0028212894807351867,0.001497922320933719
2014-09-16,0.007509992224076428,-0.001566850660939781,-0.004059179238283285
2014-09-17,0.0013457493052175342,0.0014892149301410894,-0.002567644714369042
2014-09-18,0.005316323375078336,-0.008452434002087304,0.003185791076545612
2014-09-19,-0.0009012150731182172,0.005437460413247005,0.012645330117517596
2014-09-22,-0.007753456163615317,-0.006105440917241304,0.0012210307269926966
2014-09-23,-0.005740536214395993,0.000783657828951279,0.006168524104989998
2014-09-24,0.007797174940424325,0.00019273489671494176,-0.0055583351574600565
2014-09-25,-0.0162668700773496,-0.005920938697456,0.01177579808947828
2014-09-26,0.00791401424746972,-0.0016470264398722578,-0.0014647583333541542
2014-09-29,-0.001820933453449038,-0.006599094216688757,0.007985515534764315
2014-09-30,-0.0026358534719083267,0.0013950373588495434,-0.005660394801450615
2014-10-01,-0.013644750040896157,-0.004937186992221701,0.01920531233092104
2014-10-02,0.00015453099086698522,-0.00032827661446683257,-0.008749836672075895
2014-10-03,0.010949390135685097,0.003667696755596474,0.004256784999196865
2014-10-06,-0.0011711078851704248,-0.012465922856609534,0.000595357431495233
2014-10-07,-0.01555706497996069,0.010529220519758681,0.01341048494532638
2014-10-08,0.01733838702595379,0.0017339317370273523,0.000250680293532972
2014-10-09,-0.020032405093906438,0.005908154794018427,-0.004364456652160771
2014-10-10,-0.01147976995489737,-0.004247212033996563,0.009877850897398186
2014-10-13,-0.01656330363409,-0.0038879125951955125,0.006062005219832551
2014-10-14,0.001545859484518388,0.006632452542418983,0.0065197466541743725
2014-10-15,-0.0067891804499824,-0.006695738180943411,0.007865432428494065
2014-10-16,-0.0008586162473232148,0.014346642267713119,-0.006386102119112752
2014-10-17,0.011741787999592792,-0.0013454146966292945,-0.00560102835054841
2014-10-20,0.009662763796362035,-0.00429301553282247,0.003628393053238258
2014-10-21,0.019616818247513063,0.003576260554283605,-0.008015553040767117
2014-10-22,-0.0071359232190442755,-0.006313681308307219,0.0010780550012372881
2014-10-23,0.011557397524479018,-0.005781229284117251,-0.008906535207705383
2014-10-24,0.007666121312622347,0.0009991804084093232,0.001002466777893449
2014-10-27,-0.0013753066066357522,0.0017858754404349979,0.0018362549829765886
2014-10-28,0.011404753538753556,0.0019540850857833057,-0.006272817200080159
2014-10-29,-0.0015129834010397891,0.0029001232904505023,0.00226286374287242
2014-10-30,0.006390091322347464,-0.008321572566705956,0.0008366450462835587
2014-10-31,0.011370455813309725,-0.0015400877667940134,-0.002595979500493788
2014-11-03,0.0005451388438771666,-0.008778067643115502,-8.920832204497647e-08
2014-11-04,-0.0034750044605987756,-0.0005749917841322348,0.0031056882669263266
2014-11-05,0.006296408521564831,0.004521284310398561,-0.0014262360569435683
2014-11-06,0.003995122708147472,-0.005795091884752446,-0.006483063960878882
2014-11-07,0.0009345649871999773,-0.00804208271928087,0.01142215019980105
2014-11-10,0.003142465320052405,0.006545693217500635,-0.009228340684680323
2014-11-11,0.000980072604545256,-0.0025264936177730552,0.0006746081124855152
2014-11-12,-0.0010778777176449744,0.003686118333005689,-0.0008431299961754903
2014-11-13,0.0011269107235539711,-0.0036861183330056473,0.0023577076236878753
2014-11-14,0.0002447651892271373,0.0036984444905884704,0.004865785878575751
2014-11-17,0.0006363273861255263,0.0033992720813102516,-0.0025138910761036653
2014-11-18,0.005757416711322134,-0.005567667430865188,0.0027654656943243232
2014-11-19,-0.0016068265943722264,0.0067576745958032635,-0.006379647026232162
2014-11-20,0.0017523055996137389,0.00058924481146331,0.005207105227039876
2014-11-21,0.005336623671357236,0.0003386324802194491,0.006013021150025984
2014-11-24,0.0028026865568925607,-0.013643255446288693,0.0008321963467242332
2014-11-25,-0.00072439701377495,0.004688673935398437,0.008284706540412495
2014-11-26,0.0025560876999426215,0.003811819327120834,0.0027194041138511784
2014-11-27,0.0,0.002023924518213486,0.0
2014-11-28,-0.002121386524595727,-0.0035204305292648487,0.00786844726973627
2014-12-01,-0.006973844383088393,-0.001904839262628329,-0.005851078165277303
2014-12-02,0.006442995648429787,0.002553001113484618,-0.009759969215757251
2014-12-03,0.0038548823002145967,-0.006562569049886793,0.0038986482911959708
2014-12-04,-0.0011066646894736312,-0.005817956368221108,0.008327208004449011
2014-12-05,0.0016364538639117964,0.005669276550895459,-0.005846405885915551
2014-12-08,-0.006705329311486825,-0.007502847978101314,0.012148407872539964
2014-12-09,-0.0006780054238453846,0.0017103537220306037,0.005126493302387426
2014-12-10,-0.016161127869879395,0.006461619859937172,0.007278977751643257
2014-12-11,0.005057037183479423,0.0063539098402195645,0.004100937158749127
2014-12-12,-0.01629341159890411,-0.0063539098402196174,0.01347115010660787
2014-12-15,-0.006893198907538379,0.005518596409306962,-0.00206091631877528
2014-12-16,-0.008051666991648696,-0.0016065229248346349,0.01230168380982788
2014-12-17,0.019415033771966506,0.005490248721144899,-0.009053629212916537
2014-12-18,0.02442770021142768,-0.013928575040830933,-0.01795429843897875
2014-12-19,0.004246067832224905,-0.003940731288586331,0.013356518575551308
2014-12-22,0.004589320378739565,-0.005258723454903546,0.0013497252665163467
2014-12-23,0.001348735829316887,-0.00018342344553128737,-0.02003387798622002
2014-12-24,9.629410414120369e-05,-0.0040013557994161555,0.005428311045081892
2014-12-25,0.0,0.0019376947736993472,0.0
2014-12-26,0.0032193093525707856,0.0009397628017831247,0.003704264458268308
2014-12-29,0.0013427292433818446,-0.0033278642933047666,0.007447196677278668
2014-12-30,-0.005380700721557525,-0.001313399404478628,0.002708770910555152
2014-12-31,-0.009972742302178011,0.0007051900888287724,0.0019074828583934408
2015-01-01,0.0,-0.005228171444292634,0.0
2015-01-02,-0.0005351666792521972,-0.0007619367162765674,0.011057631425066898
2015-01-05,-0.018224601801424396,-0.011897438565102713,0.01558643181281627
2015-01-06,-0.009463375784508956,-0.0006210645277236351,0.017856394743937905
2015-01-07,0.012383969881423288,-0.00534627617400705,-0.0019766000650680853
2015-01-08,0.01758956716037986,-0.0033195730466938967,-0.01333178060904822
2015-01-09,-0.00804584139777991,-0.0033794393820058676,0.0108934121818411
2015-01-12,-0.00786458542710609,0.006307137852062381,0.005705633910239834
2015-01-13,-0.0028169555991919707,-0.003306367396404937,0.0
2015-01-14,-0.0060551467673777195,-0.004509498516605509,0.007557275416880489
2015-01-15,-0.009202843726431096,0.0006480468848150304,0.015613537619205673
2015-01-16,0.01302904280415802,-0.012683432307938381,-0.012831165889278233
2015-01-19,0.0,-0.006148873386060637,0.0
2015-01-20,0.0021303077370533326,0.002756573846945433,0.01320177533541619
2015-01-21,0.005035374318409195,-0.004409093556812298,-0.011626507931430656
2015-01-22,0.014761367864659515,0.005906263803163871,-0.003604900221466963
2015-01-23,-0.0054977751524888955,-0.02339614797820338,0.013822157114155048
2015-01-26,0.002338787531979523,-0.019695673188945495,-0.0030466028756802083
2015-01-27,-0.013277961962981373,0.01092915671812222,0.0015617965622993191
2015-01-28,-0.012907493222023263,0.01058356411852316,0.016215717809831824
2015-01-29,0.009201149515673508,-0.007587187178921266,-0.006601902681530834
2015-01-30,-0.012655047442740186,0.004783451539234167,0.01758190163596416
2015-02-02,0.012308376196663098,-0.002343696043751205,-0.0037829048447950734
2015-02-03,0.014357511539551934,0.002887982175268975,-0.021393309356774488
2015-02-04,-0.003815010585213922,0.010145404662095805,0.0017082175315864723
2015-02-05,0.010044528566842766,-0.012173604340968083,-0.011040412033059204
2015-02-06,-0.002769017369601048,0.013446211575507286,-0.01786051672955192
2015-02-09,-0.004486212244224083,-0.013830915005197415,-0.0016048687784469043
2015-02-10,0.010596919901993244,0.001109465116006892,-0.007985487522942
2015-02-11,0.0005803397163766043,-0.00044170100234545756,0.0018483604540047748
2015-02-12,0.009570757770721364,-0.000882723133711319,-0.0033146628579434046
2015-02-13,0.0041078814108648585,0.008098083044709882,-0.01032155502515658
2015-02-16,0.0,-0.0003419873449920823,0.0
2015-02-17,0.00157192138763437,-0.005808611242167605,-0.015170252758691473
2015-02-18,9.494883627564423e-05,0.006219065644784293,0.005922229025250832
2015-02-19,-0.0007140955997249986,-0.00041045440261669463,-0.0066356971101090585
2015-02-20,0.005983313285033351,-0.0029256250068887004,0.002928656144979621
2015-02-23,-0.0001423777737756903,0.0012966795108525343,0.011393428755168595
2015-02-24,0.0028368211277409903,-0.0042703336043747155,0.013040531642429031
2015-02-25,-0.0008504373432847923,0.0005328450956548737,0.0043098384088760475
2015-02-26,-0.0011818834352469857,0.0021680953305266886,-0.01376265688293306
2015-02-27,-0.0034118109618565934,-0.014026140340517966,0.008372491009780596
2015-03-02,0.006293672174443355,-0.0038807132980833957,-0.018802206366185154
2015-03-03,-0.004112479062685177,0.0015303346959355403,-0.0036318897955875474
2015-03-04,-0.00422461962761094,0.0002794546526248074,0.00031631171484438296
2015-03-05,0.0010936415190649902,-0.008994636203198564,-0.0012658476214200591
2015-03-06,-0.01416440966843506,-0.004522220970351142,-0.022339796469870495
2015-03-09,0.004135934503405614,-0.017009420131539596,0.009188290698034137
2015-03-10,-0.016354982639187145,-0.001159793377558223,0.01307150367840549
2015-03-11,-0.0023444270620783586,-0.011578674390493175,0.007259153867704883
2015-03-12,0.012633942831685277,-0.015049712776884282,-0.0007071469391555476
2015-03-13,-0.006151303074461535,0.007326527593731302,-0.003073500059357175
2015-03-16,0.0132719547488927,-0.013709205487791821,0.009581705877042776
2015-03-17,-0.0029767455755446,0.008674338979073777,0.008250761920429598
2015-03-18,0.011950035935722884,0.0023712366367233243,0.01911900375867265
2015-03-19,-0.004572202263880883,0.0234941858924157,-0.005108480220083915
2015-03-20,0.00878810593547682,-0.016827025546640437,0.005260138196185613
2015-03-23,-0.0019501412355148024,0.014670142016394026,-0.0012175137857693551
2015-03-24,-0.005635089286480532,0.010874785980817097,0.009622360669785694
2015-03-25,-0.01476208890999518,-0.0039325375004806,-0.008480873073554692
2015-03-26,-0.002384267477207193,0.005345387331017505,-0.015711707431293676
2015-03-27,0.002287107241981658,-0.006783444864340464,0.012359856379765078
2015-03-30,0.012125706080978974,-0.00013053642274932147,-0.004971865602440057
2015-03-31,-0.008777829388241178,-0.005037992599711713,0.0021454345292006255
2015-04-01,-0.0035427619215996874,-0.008540873017487882,0.013048703483100598
2015-04-02,0.00359131447857172,0.002957276753665615,-0.01065148402524279
2015-04-03,0.0,0.009316163877554637,0.0
2015-04-06,0.006710574424816006,0.011941951539813292,-0.005600215614221654
2015-04-07,-0.0026498684192595543,-0.0060653229178221696,0.00834947170991733
2015-04-08,0.0033715035813096815,-0.010172146205242448,0.0003055852720627168
2015-04-09,0.004413640407165734,-0.0035980022818393863,-0.013049624301416839
2015-04-10,0.005442691522644179,-0.010834236933770044,0.0014674077310199967
2015-04-13,-0.004533340722680029,-0.00556437038889904,0.001387830318702088
2015-04-14,0.0019110402274176935,-0.0034846413494175107,0.007062501817667697
2015-04-15,0.0044772502929039835,0.006992003460704671,-0.0008421567521649626
2015-04-16,-0.0002855632334586818,0.002782790278670431,-0.004988853764917863
2015-04-17,-0.011570127685336048,0.007351252890400624,0.011399747128647891
2015-04-20,0.00909603107514465,0.0050679161456982395,-0.008864082200249096
2015-04-21,-0.0011927554289211163,-0.005820546172887794,-0.004538115210996323
2015-04-22,0.004902307194867843,-0.0005372106117897189,-0.015383740669324696
2015-04-23,0.0025130240350563497,-0.0014813196868964213,0.004297231689105134
2015-04-24,0.0023177519622981082,0.008282392182623336,0.006217826579930466
2015-04-27,-0.00416637065843896,0.004976411397304738,0.0
2015-04-28,0.0031735694284422515,0.0008264150689745702,-0.013887938314765268
2015-04-29,-0.00412300482319155,0.008345486175603142,-0.01233073856915569
2015-04-30,-0.010070986611683864,0.013150357104829433,0.0017485598994133728
2015-05-01,0.010783322204501034,0.008987238741826697,-0.013553470763859425
2015-05-04,0.0028431476075811936,-0.0025648492814611475,-0.009480060863869114
2015-05-05,-0.011517986387146906,-0.0032944063047326937,-0.0013849378210464547
2015-05-06,-0.004125414971150063,0.003327975519527869,-0.01726878175519206
2015-05-07,0.003981905937318234,0.013775355917792378,0.01334795342620871
2015-05-08,0.013080087103323371,-0.008368926256090859,0.002696781616043584
2015-05-11,-0.004784133140142402,-0.004712598588704311,-0.024624860568221506
2015-05-12,-0.002996109662813596,-0.00444541589227636,0.002589900979598156
2015-05-13,0.00019091328154984937,0.006888684738586101,-0.008042461037478398
2015-05-14,0.010373346421309547,0.011432461064799745,0.002687925628889681
2015-05-15,0.0010832190556835824,0.0047899727089588595,0.01985223755204974
2015-05-18,0.00310206040030808,0.0035075168488019185,-0.016920584482119527
2015-05-19,-0.0003283426262330708,-0.010440419164911752,-0.008906309449854594
2015-05-20,-0.0007046086783760908,-0.01597756493461942,0.0016865715936605404
2015-05-21,0.002908237026852671,-0.004126789020246717,0.013889032993599748
2015-05-22,-0.00239167117375515,0.000999501942301675,0.00041617384477956004
2015-05-25,0.0,-0.010753766006082483,0.0
2015-05-26,-0.010809697882529013,-0.0019878565301065165,0.01696448063841052
2015-05-27,0.009447360770238191,-0.007530607610023686,0.0022839184211073935
2015-05-28,-0.0011288954587296849,0.0010240822139052667,-0.002446967865463647
2015-05-29,-0.006232026155706624,0.005519651348569679,0.0022024720203547466
2015-06-01,0.0020342873814310036,-0.00021918382883109443,-0.010805602198166266
2015-06-02,-0.0009933505819533534,-0.0031945441674160616,-0.014050186769419772
2015-06-03,0.0026459063717781625,0.020570519995353528,-0.01620616578934763
2015-06-04,-0.008482489053975795,0.00962402252899677,0.012935418677937951
2015-06-05,-0.0017145997772080135,-0.004448153437737399,-0.012254528915382269
2015-06-08,-0.006168487242110986,-0.008937435466511465,-0.0011059914537966205
2015-06-09,-0.00014423928820023635,0.015436691791918054,-0.00794812314842369
2015-06-10,0.011922280288914953,0.001603148481557447,-0.008791139422486568
2015-06-11,0.003218227745566669,0.0011418484431849935,0.020817444250844225
2015-06-12,-0.007684592729753084,-0.006326003998797131,0.0
2015-06-15,-0.004294394838052435,-0.0018416999282599,0.001609294760088181
2015-06-16,0.0054368905195561704,0.005072973666452048,0.007841253490734296
2015-06-17,0.0016159405189374127,-0.0031076245602327905,-0.007756541608673651
2015-06-18,0.010345673003090793,0.011317102775775476,-0.004921898720787226
2015-06-19,-0.0044492231699332875,6.814742282183998e-05,0.012762139296907836
2015-06-22,0.005109681289542652,0.00019340854312802777,-0.02061732033197317
2015-06-23,0.0007076678556431884,-0.0021018234919251122,-0.0060187958603952815
2015-06-24,-0.007289009527940368,-0.015707869466468967,0.00858718030257676
2015-06-25,-0.003044800292781982,0.0031106374749242938,-0.00351161615683516
2015-06-26,-0.00019057002867333987,-0.0003585326880844614,-0.011304499991411135
2015-06-29,-0.02119346081871783,-0.020557530003985847,0.02612444081277476
2015-06-30,0.002091432713262245,0.02234041188051138,-0.006956663825237861
2015-07-01,0.007982922609980682,-0.00786995923882678,-0.01359007238255093
2015-07-02,-0.0009158574431667245,-0.0091444211248127,0.0032807101047769827
2015-07-03,0.0,0.004822250827471875,0.0
2015-07-06,-0.0028500868271072516,-0.008324825272776826,0.01836515415753037
2015-07-07,0.00626895233000079,0.004893832375966082,0.009351094235232196
2015-07-08,-0.01691942055621226,-0.003540463724615513,0.00859931895602656
2015-07-09,0.001807239559398615,0.0055312378423183215,-0.019899679589296615
2015-07-10,0.012513029225980098,-0.000719325532484412,-0.01598454701700731
2015-07-13,0.010976658414260416,0.005947458116812767,-0.0031071803219958724
2015-07-14,0.004328950224294363,-0.012530463436316726,0.0032795386733263203
2015-07-15,-0.0003325923597842248,0.0015949153380938235,0.010541168690224282
2015-07-16,0.007992534742083383,-0.005871975078522234,0.0068814334263306515
2015-07-17,0.0008472261134608406,-0.005271865310069692,0.0051517327652287215
2015-07-20,0.0005176161614218699,-0.005135896514216152,-0.004220692915164031
2015-07-21,-0.003959149507145224,0.00047671267245076127,0.005399298097814806
2015-07-22,-0.0017960000690842048,0.009602785990565396,0.006206150249014502
2015-07-23,-0.005646257330756143,-0.0011808076001654936,0.012381440913285175
2015-07-24,-0.010425649980994616,0.005654226962210038,0.002475001446308285
2015-07-27,-0.005834641066316984,-0.0015153177743711492,0.005339557212753312
2015-07-28,0.012208353873233586,0.010667031779729927,-0.007319171436192777
2015-07-29,0.0068555195102081995,-0.002171333388186789,-0.0037213998685645855
2015-07-30,0.0002373720923731307,-0.0074307844230215424,0.007676116633374872
2015-07-31,-0.0015193212892175493,-0.0040886157368478495,0.007371466769247314
2015-08-03,-0.003378779680313271,0.0027165152698595996,0.01047196431519086
2015-08-04,-0.001956048063063106,-0.0011838816679125206,-0.007964168245058254
2015-08-05,0.0032898158088774877,-0.006138438595033697,-0.007534117689723268
2015-08-06,-0.008221248412527398,0.0012966808782204785,0.008838432444340419
2015-08-07,-0.0019217014795644618,0.0021939166953536663,0.013033164005222319
2015-08-10,0.012520641032979805,0.0034698670125750844,-0.012462361302049299
2015-08-11,-0.009064127615890703,0.004726078634827191,0.0157545466528938
2015-08-12,0.0011974403855663908,0.0022721040757417775,-0.005465849122952517
2015-08-13,-0.0012454169561690127,0.010712777255804502,-0.003228924420962053
2015-08-14,0.0036357425257775616,0.0,0.0023418893430518697
2015-08-17,0.00557135529217256,-0.006108663255521878,0.004507689280079235
2015-08-18,-0.002901329486515929,-0.001352483812664581,-0.00790171462346406
2015-08-19,-0.007936673563353615,-0.004266964851350222,0.009827032827315223
2015-08-20,-0.021102275800803486,0.007873855973152174,0.010048479736747728
2015-08-21,-0.030565040565890322,0.01064079168330274,0.0030114016541149947
2015-08-24,-0.04301887443095536,0.012380699998706527,-0.0003171137256610802
2015-08-25,-0.011837541278216736,0.017953830837384836,-0.01619496776735063
2015-08-26,0.03767490535643982,-0.002776123876240186,-0.019492864891653926
2015-08-27,0.024434289509778967,-0.018426171253778,0.0005740345978460501
2015-08-28,4.996174804697473e-05,-0.008154170208421229,0.002946680229190968
2015-08-31,-0.008111995699118388,-0.0030211537012615167,-0.0077119870787488
2015-09-01,-0.03030182833973403,0.0010547203374023822,0.007180425163295204
2015-09-02,0.018803120320024007,0.006001322367030283,-0.008642573191676684
2015-09-03,0.0007160396648103331,-0.006876618169878343,0.004865336273891784
2015-09-04,-0.015252280279793789,-0.00806532276265567,0.009089668875601047
2015-09-07,0.0,0.0023391370417215353,0.0
2015-09-08,0.024820300690831534,0.0010712618734940818,-0.014864540633426607
2015-09-09,-0.013462142881388984,0.0038812977792104116,0.004787545189220816
2015-09-10,0.005426808922811428,0.0011886876448424237,-0.006774885875535333
2015-09-11,0.004534061701184159,0.006235746284049337,0.006280814000532979
2015-09-14,-0.0037171029149649423,0.004696768975418549,0.0015634393969588
2015-09-15,0.01242186063575972,-0.00321657637933327,-0.019349815689063563
2015-09-16,0.008629089782156088,-0.0031724888166512403,-0.0037814162137340644
2015-09-17,-0.002250061347075083,0.001793859106660745,0.012131932062213973
2015-09-18,-0.016476500283847596,0.009599021060692499,0.01526741322103879
2015-09-21,0.00515425330501797,-0.009599021060692518,-0.016432084968809005
2015-09-22,-0.013064651695452494,-0.008993020661598322,0.01380790051663724
2015-09-23,-0.0016002998409123963,-0.006291828337582641,-8.23328014303076e-05
2015-09-24,-0.0036221942332138484,0.006202238453062305,0.006793116537873072
2015-09-25,-0.0002590285970158187,-0.00098420599399791,-0.008683771709263243
2015-09-28,-0.025417614444643886,0.0020366200096589206,0.01696926109159489
2015-09-29,0.0005851348615234683,0.0026134625229994684,0.002827243188718968
2015-09-30,0.018485941695340284,0.0022149734776488374,-0.003475024183214583
2015-10-01,0.002606281246018222,-0.0074796900146919185,0.004257738756427939
2015-10-02,0.014827023213899728,0.001912209736439254,0.006039257337148284
2015-10-05,0.017638256042827292,0.002993149005734862,-0.01366034011248288
2015-10-06,-0.003432446129381863,-0.002836394471725679,0.004304233052283002
2015-10-07,0.008157830883027737,0.0064805645506604915,-0.003328225041240164
2015-10-08,0.008985513904090917,-0.002487149252157135,-0.008409815207568077
2015-10-09,0.0005964988032045969,0.004167448837163841,0.002620235578016294
2015-10-12,0.0009434131381456742,0.007329512343022761,0.007577018311143457
2015-10-13,-0.006322209210639946,-0.0012726934624083094,0.001702261595058409
2015-10-14,-0.004805277579142185,0.0025924593986939803,0.008712814507487161
2015-10-15,0.015237749378890594,0.007921078428440172,-0.0049115734699183965
2015-10-16,0.0045363733283225035,-0.009400012897170327,0.0003228187442638344
2015-10-19,0.0004917120736744537,-0.0006250706607294275,-0.0027477062711639103
2015-10-20,-0.0012795283464285456,-0.0028248710244674503,-0.006167497056117755
2015-10-21,-0.006222500550750789,0.0022002493549996794,0.009883118339724214
2015-10-22,0.016752255136119377,-0.0005221643768558413,0.0016915793615433945
2015-10-23,0.010902459460190826,-0.02381738826847203,-0.008567192606931827
2015-10-26,-0.0024606382961720494,-0.00548104755284386,0.00663345060562012
2015-10-27,-0.0019345433641148153,0.004130108641989425,0.0024971332947099573
2015-10-28,0.011310268079902772,-0.002619226557564859,-0.004030044280369997
2015-10-29,-0.0005740419710308648,-0.009840625188651057,-0.01603644819224139
2015-10-30,-0.004319353162973619,0.00591915423892352,0.007520869299315032
2015-11-02,0.011761683660681406,0.002917677381930443,-0.004606187276561454
2015-11-03,0.0028952244215125857,-0.0009037246235673501,-0.008233797896001711
2015-11-04,-0.003038024803006334,-0.004736716343411822,0.0011567253715103745
2015-11-05,-0.0009986145616850287,-0.008787217746186592,-0.002645826814560786
2015-11-06,-0.0005235192275429528,0.0014681930105341625,-0.014764715351259039
2015-11-09,-0.009375662523885468,-0.013931956563694949,-0.005646112423403468
2015-11-10,0.002304112538257392,0.002428788339518725,0.002953580025428365
2015-11-11,-0.003939253288470265,-0.0020422502320261928,-0.002108222938895016
2015-11-12,-0.014058380065853648,0.0023650527187023917,0.004800755336870144
2015-11-13,-0.01129154863162538,0.004822630486338896,0.00569818066593306
2015-11-16,0.015092473487394151,-0.010692750373652691,-0.0009193242239813022
2015-11-17,-0.0007297169061308978,-0.0011228693571087788,0.0016711060470341564
2015-11-18,0.015741202932041034,-0.004138275014857699,0.0020850924104990794
2015-11-19,-0.0008625311494042758,0.002450988884636416,0.006643417560160923
2015-11-20,0.003637405455739609,0.005252744456065196,-0.0030672041385470224
2015-11-23,-0.0011472210525391702,-0.007969876742935606,0.0030672041385470636
2015-11-24,0.001338485104539254,9.577945862803017e-05,-8.289187136909419e-05
2015-11-25,-0.00014324890007908522,0.0001703639436059141,0.002314961577543004
2015-11-26,0.0,-0.0017759653496997336,0.0
2015-11-27,0.0011459383386245394,-0.0019319968703760816,-0.0009913114257283583
2015-11-30,-0.004160398327742811,-0.0020233683872846395,0.003960214959848608
2015-12-01,0.009490729299148945,-0.0009520531335437165,0.013417015385060412
2015-12-02,-0.010257553249132396,0.004992348211680542,0.0003258051531664215
2015-12-03,-0.014101439411693527,-0.0012105663794157561,-0.027559844314786835
2015-12-04,0.019314810921931408,0.02814535106681541,0.008745854992371587
2015-12-07,-0.006076904831766749,-0.002932119161395868,0.009656421501877894
2015-12-08,-0.006742201112644568,-0.0046041501705232305,0.0004926203896698098
2015-12-09,-0.007810227815430913,0.00551883079155255,-0.0010676934813602624
2015-12-10,0.002577883489966413,0.011317326529582651,0.0013142092650635449
2015-12-11,-0.01957145005413912,-0.006359136923268454,0.015635332650399066
2015-12-14,0.005039582822332647,0.0032678696551226723,-0.013012253256674284
2015-12-15,0.010443362254197067,0.000824166646554093,-0.005911506596222671
2015-12-16,0.014525958642411296,-0.0051753829505153375,-0.0021440664767110058
2015-12-17,-0.015355090138516596,-0.0056597664993413435,0.01124268645489345
2015-12-18,-0.017976513504431916,-0.0028018158381321384,0.0055330375406582475
2015-12-21,0.008215915684680233,0.0023778158541476377,-0.0002430645856184543
2015-12-22,0.009033331591109318,0.0039535271591315735,-0.007250330821860824
2015-12-23,0.012307098618407755,0.0033887678226377175,-0.007549970589145859
2015-12-24,-0.0016516687473764628,-0.0037379478049748846,0.0057127818203307505
2015-12-25,0.0,0.005557304914586227,0.0
2015-12-28,-0.002287646395450342,-0.00036193260666587116,0.0029502275146161164
2015-12-29,0.010615454519068843,0.0008447402008170112,-0.016752398122203017
2015-12-30,-0.007113036447448783,-0.004314956798066429,-0.0009999344189321553
2015-12-31,-0.010053914520336162,0.0005465898145392706,0.004488647921251594
2016-01-01,0.0,-0.006875676383504475,0.0
2016-01-04,-0.014077917160150125,-0.0004668877623843841,0.00718961142822517
2016-01-05,0.0016896552021475164,-0.0024391094133951064,-0.004042920327318219
2016-01-06,-0.012694307613111229,-0.007002590122124636,0.013385333666413333
2016-01-07,-0.024283788462552844,0.0025084301533166513,0.0017932623565775764
2016-01-08,-0.011037434268089195,0.013543452932964715,0.004468552479284214
2016-01-11,0.0009893529434464997,0.0013776088495606677,-0.011004434071442717
2016-01-12,0.008036152016457368,-0.0076186124028738075,0.014322150689523392
2016-01-13,-0.025257123582598528,-0.0012912976103600176,0.009809066530655325
2016-01-14,0.016283580232413074,0.0038679156615933005,-0.009405701913411398
2016-01-15,-0.021699552732288383,-0.002489778430947763,0.015467772550321245
2016-01-18,0.0,0.005608046878191127,0.0
2016-01-19,0.0013299905442289118,-0.002290629757255015,-0.003106112524647999
2016-01-20,-0.012897871542518747,0.0016465618643457622,0.010473998978289685
2016-01-21,0.0055865309421183375,-0.0033012096273051864,-0.006812011940507024
2016-01-22,0.020307776589488884,-0.001380345726692188,-0.0038219230111347833
2016-01-25,-0.015232140207700645,-0.005816008700090541,0.005410771106766041
2016-01-26,0.013550754366713502,0.004990796058909852,0.00047559060171872245
2016-01-27,-0.010942950317709655,0.0010966944054516929,-0.00023748097035879918
2016-01-28,0.005195581544171608,0.003951831818423023,0.0014268970967167584
2016-01-29,0.024085287211553837,0.0026542082203697926,0.008440229336799904
2016-02-01,-0.0003616408441256009,-0.01020669107372115,-0.0030657203249311485
2016-02-02,-0.01818660215115204,0.006571266280479868,0.018382033845194254
2016-02-03,0.0059771717193362345,0.00226920020820641,-0.008327800709790771
2016-02-04,0.0015669702767321116,0.015353470236526761,0.0048339578796532555
2016-02-05,-0.01923399959043292,0.009774485442781082,0.0011660243850646344
2016-02-08,-0.013552041525064035,-0.004915944830655657,0.021291534416059597
2016-02-09,5.358787150602237e-05,0.004009114545849865,0.001064295476077085
2016-02-10,-0.0008630260680684991,0.00891315103106425,0.00877347235561384
2016-02-11,-0.01309337599750694,-0.0008012091767712855,0.006979231123156421
2016-02-12,0.02040692004042831,0.0032768308529634027,-0.01674083415137952
2016-02-15,0.0,-0.008160901062795104,0.0
2016-02-16,0.016737691329320573,-0.004636814033404699,-0.010627134010939052
2016-02-17,0.01620253266122713,-0.0024217759002733655,-0.006167544755528215
2016-02-18,-0.0041043139969941245,-0.0021602204463326666,0.012221090033639179
2016-02-19,-0.0004685874943854964,-0.001078322142747798,0.0008400900982040288
2016-02-22,0.01437536082468452,0.0011673797064114223,-0.0005346424900094819
2016-02-23,-0.012709913047831665,-0.008661347569662766,0.004039629308788499
2016-02-24,0.004564934517470572,-8.82107138321326e-05,-0.001979334682750196
2016-02-25,0.012038992725163435,-0.001190199788027206,0.0035750107385669793
2016-02-26,-0.002303805465519438,0.0010027261813616976,-0.009690846397836166
2016-02-29,-0.007873308369833503,-0.009207485427379999,0.004361366404303944
2016-03-01,0.023234934929282365,-0.0032064723483805242,-0.01776612387217691
2016-03-02,0.004482202580887413,-0.0011970813592380746,0.004118912549343582
2016-03-03,0.003912252601603525,-0.0006415231696556842,0.0036379305823155818
2016-03-04,0.0032480323751945916,0.007330846721414482,-0.006433726542724215
2016-03-07,0.0007981362201796822,0.00410332553486821,-0.0003108165872729543
2016-03-08,-0.01097801531358588,0.0020028926766375924,0.01098457202707763
2016-03-09,0.004927389229890939,-0.0010899903497587624,-0.006096146763632117
2016-03-10,0.0008020656500409202,-0.0013636455184836945,-0.004111006470017059
2016-03-11,0.01600846591607461,0.01709034418919461,-0.010155182943863302
2016-03-14,-0.0012833798378700716,-0.0009385721430363726,0.00313559581669816
2016-03-15,-0.001630447419184908,-0.0059237805074355485,0.0009386363035330288
2016-03-16,0.005770145371206569,0.00063299929179697,0.0029666025381400347
2016-03-17,0.006324250429722248,0.009846507020469904,0.004123882818943816
2016-03-18,0.003922001704947716,0.008789321158289546,0.0020945085120104693
2016-03-21,0.0014176264855613298,-0.0034461334408439088,-0.007699831205642149
2016-03-22,-0.0005374261745891449,-0.0038275154051225038,-0.00023482949483006707
2016-03-23,-0.006621661092591211,-0.0011565874563953665,0.011261431794981012
2016-03-24,-0.0004427055558819576,-0.0037415464806334225,0.00038551773983860053
2016-03-25,0.0,-0.001173264180125696,0.0
2016-03-28,0.0005903191293332377,-0.0007144684537660043,0.001311706947227774
2016-03-29,0.009207631170558835,0.0038239447721831305,0.010429978985807978
2016-03-30,0.004377985779485069,0.00794059446678328,-0.010584361794152727
2016-03-31,-0.002429477747039245,0.003767316237481857,0.007069040854464104
2016-04-01,0.006788728368377488,0.0039636544882739695,0.002605104134569079
2016-04-04,-0.0032434934397839324,0.0009107559348322408,0.0006115245175082317
2016-04-05,-0.010037973143718232,-9.10592102153291e-05,0.010876954872309729
2016-04-06,0.010861958654962962,-0.0006148142788692096,-0.007288532381725027
2016-04-07,-0.012037800925824415,0.002016625650093088,0.012269092272093308
2016-04-08,0.0026928812698196595,-0.002722054468835322,-0.00634349277519596
2016-04-11,-0.002349938881706102,0.0025510387479342374,-0.0012884259674033269
2016-04-12,0.009269832165401972,0.0008669027018344033,-0.006926222284036045
2016-04-13,0.01005041455306669,-0.0024507096616071316,0.0035071484273274
2016-04-14,4.804492850987568e-05,-0.009348813403846658,-0.004806522163370044
2016-04-15,-0.0011063977310682078,-0.0008005065896722636,0.00852852071368575
2016-04-18,0.007002090487270567,0.002652082375212579,-0.004331213908300388
2016-04-19,0.003149522034540664,0.000802603680426066,-0.0031269229640030712
2016-04-20,0.0009521130914453422,0.0044656517299041295,-0.01106123533023958
2016-04-21,-0.005392885618468707,-0.004816204111791496,-0.005966259670946967
2016-04-22,0.0,-0.0011524698211553375,-0.002567005143769535
2016-04-25,-0.001724149956206915,-0.00514716774006994,-0.004137965557633105
2016-04-26,0.0014849198348217206,0.0031053790136885565,-0.004547697569067513
2016-04-27,0.0020561476294329814,0.0026630825328960495,0.009930821752232666
2016-04-28,-0.009117172884827192,0.002647486180481382,0.0041158752410759974
2016-04-29,-0.005413701440585746,0.002370534440149008,0.002553772643209299
2016-05-02,0.007916974660109273,0.009389838457966277,-0.010119622434010236
2016-05-03,-0.008741145038323054,0.005390668042070114,0.012517090784222655
2016-05-04,-0.005593811362798903,-0.0018193263221850378,0.005470736918860748
2016-05-05,-0.00019526985842524395,-0.0009543129523783916,0.006663195346583307
2016-05-06,0.0036525945950162007,-0.007602457630280269,-0.004283632519527343
2016-05-09,0.0008259323617986883,-0.0015841240747149496,0.003138114099929044
2016-05-10,0.012357229811152226,0.0,7.568497542419995e-05
2016-05-11,-0.009398926289427938,-0.0011951133129711508,0.005639528897097041
2016-05-12,0.0002905027758561868,0.004617313404738642,-0.004569695452923042
2016-05-13,-0.008752180706881028,-0.004389807118385353,0.009647043527933602
2016-05-16,0.009816868328637587,-0.005287602378223741,-0.008655357598265113
2016-05-17,-0.00937735613173717,-7.921648996507311e-05,0.001676150224162369
2016-05-18,0.0002929301423869508,0.0,-0.01433767721094502
2016-05-19,-0.003471279106842647,-0.00826043417725727,0.004315163845886826
2016-05-20,0.006297733388855341,-0.0015140235000181696,0.0007685280082144107
2016-05-23,-0.0013635280427013957,0.0014018498908452475,0.002225882824901236
2016-05-24,0.012878886138402622,-0.0005049370131429516,-0.004456180284021068
2016-05-25,0.006760595063670558,-0.006985559794362882,-0.0037810022033002402
2016-05-26,0.0002863862008439211,0.0018840869032437442,0.005166059282333218
2016-05-27,0.004290176714214484,0.0029614821769575715,-0.0014626688407959596
2016-05-30,0.0,-0.007359535642408992,0.0
2016-05-31,-0.0019046353571065665,0.003450037985085013,0.0023847138408833878
2016-06-01,0.0020472276919866997,-0.0011142917155116097,0.004049086988723217
2016-06-02,0.003039185173307704,0.004755235777335846,0.0071816971612643525
2016-06-03,-0.002991744543876444,-0.0033176414112727104,0.014134927532615861
2016-06-06,0.0050756262392572145,0.01768643268221709,-0.007457739495515821
2016-06-07,0.0015602790656824006,0.001147116336616802,0.002416587927351638
2016-06-08,0.0032541167030369976,-0.0005453170730971647,0.005341690442901912
2016-06-09,-0.0013666162361432553,0.0043253899249274174,0.006432153720368572
2016-06-10,-0.009522617700175118,-0.00810038701414356,0.0048344211046213855
2016-06-13,-0.007741629511247217,-0.006653749364378424,0.0044415048602062844
2016-06-14,-0.0019689562305805694,0.004528805094961433,-0.0007391964095387982
2016-06-15,-0.00139482007793049,-0.006931253741881397,0.0038367866685309064
2016-06-16,0.002979818151430928,0.004416478024524096,0.004848370459320789
2016-06-17,-0.003731214677885445,-0.0009456404670404876,-0.006248489021985182
2016-06-20,0.0064197092960880464,0.008588304743647803,-0.01074900319923635
2016-06-21,0.00283444255047983,-0.0023012116407544942,-0.004632446838556736
2016-06-22,-0.001632298149687891,-0.006410844372746685,0.0016455745564088406
2016-06-23,0.012938330737534446,0.006875235761559178,-0.011504244221458506
2016-06-24,-0.036569801285032656,-0.0003737486607474257,0.026492854750799967
2016-06-27,-0.018072191414753025,-0.025767007174789764,0.024660680480215542
2016-06-28,0.017875446519613102,-0.0018964523546687237,0.0020815971332477034
2016-06-29,0.016884429632110527,0.005334508808740789,-0.007702052964544997
2016-06-30,0.013553259616624437,0.004873297031417912,0.0036786104920952167
2016-07-01,0.0020980014927435664,-0.0019788422459705002,0.013788147321616309
2016-07-04,0.0,0.0022459764311803096,0.0
2016-07-05,-0.0072190508252193515,0.0013477567694009662,0.012443338008935234
2016-07-06,0.005979660569453145,-0.007296200089325156,0.0016146879898894142
2016-07-07,-0.0006198014269924383,0.003069620985244283,-7.056576821799546e-05
2016-07-08,0.014780419124637715,-0.003003258186911798,0.007339596742503678
2016-07-11,0.003520774050667048,-0.0019677597091128443,-0.008813759460541505
2016-07-12,0.007237114813950685,0.0012708383822002361,-0.016576034070774577
2016-07-13,-0.0001398493812777123,0.00044243484305962847,0.011717255324973027
2016-07-14,0.005568249621919207,0.0028915333292139182,-0.014650094952622246
2016-07-15,-0.0013429900346279078,0.0009990572450506185,-0.008633716329194383
2016-07-18,0.0026836822167244684,-0.004775224691423465,-0.0009401082862060758
2016-07-19,-0.001016826502638021,0.0016924751736727699,0.005625973617514246
2016-07-20,0.004154198968052663,-0.0052783645066787396,-0.005481425633277928
2016-07-21,-0.003784218818163249,0.0005398559400754168,0.002023464976160195
2016-07-22,0.004474965577985152,0.0012128279705787804,0.0017302549491184378
2016-07-25,-0.002719716179909627,-0.005676765339448428,-0.0007209733959059251
2016-07-26,0.00046159622013112344,0.0018886435767623317,0.001585016141465442
2016-07-27,-0.0010614770807607604,-0.000307637037586267,0.012376601232518132
2016-07-28,0.0011538699266122072,0.007765382015010036,-0.0018503394336868877
2016-07-29,0.0016131843826631134,0.0009860471480390611,0.008299374018106286
2016-08-01,-0.0008293456766668969,0.007521339022459522,-0.010901228095884324
2016-08-02,-0.006427587430972363,0.0,-0.010356249684285045
2016-08-03,0.0029180450930544836,0.004555674861185275,0.000578703953632597
2016-08-04,0.00106331152061195,-0.006039944627668497,0.007485108198482018
2016-08-05,0.008145799229033357,-0.0015043550709452347,-0.01045209115934388
2016-08-08,-0.0005960014369750541,-0.004067036357604987,0.0018818678913425921
2016-08-09,0.0005960014369750096,-0.0005321441129649647,0.00978869179839138
2016-08-10,-0.0024780727604628403,0.0028970739216054786,0.00386088789954732
2016-08-11,0.004629900977098521,0.006333835466558864,-0.008959065280508188
2016-08-12,-0.0008689658771606186,-0.0042418899444097,0.00838795177064782
2016-08-15,0.0028796399754680833,0.0024982306112892433,-0.009468427074025268
2016-08-16,-0.005171321994092315,0.0015310376736969462,-0.0026696604371146226
2016-08-17,0.0018792286777630069,0.00818661774229303,0.005979206412171368
2016-08-18,0.0022413867332628655,0.0020317675714881405,0.0015792131318317537
2016-08-19,-0.0014629609843086302,0.004461649861066459,-0.005248957318692464
2016-08-22,-4.582119888646377e-05,-0.004529491868557557,0.00839963085069799
2016-08-23,0.002011367743580458,0.0018660338545216854,0.0010717557751198702
2016-08-24,-0.005127869370229654,-0.0016287651923312064,-0.002359613580074856
2016-08-25,-0.0006891409577455219,-0.003283078973066947,-0.003800963708248898
2016-08-26,-0.0018847706372482423,0.0023681928133100437,-0.005837378710808564
2016-08-29,0.004911787718251502,-0.008096322643500537,0.013282418063697995
2016-08-30,-0.0016497027803234413,-0.0005933771387031251,-0.003858200812641544
2016-08-31,-0.0028480765124696958,-0.003541916776530722,0.001430123579887042
2016-09-01,4.581639837263015e-05,0.000669398242409528,0.0011027528068778861
2016-09-02,0.004497983847744003,0.0035779727913655378,-0.008189826318289663
2016-09-05,0.0,-0.003466254170083479,0.0
2016-09-06,0.0030180703595701916,-0.0007811168636914772,0.007259556439916458
2016-09-07,-9.152125882060073e-05,0.008962688331043682,-0.0007164276252714232
2016-09-08,-0.002285429289025545,-0.0011246487850704737,-0.012621069189401351
2016-09-09,-0.024225939438467698,0.0027014349127084296,-0.016611050196868836
2016-09-12,0.014245157722363701,-0.0026902998742258147,0.0005159334412141594
2016-09-13,-0.014479684184945026,0.00021366267368412217,-0.011423002735959453
2016-09-14,-0.00037533997507587907,-0.002212531531855705,0.001491263417837074
2016-09-15,0.009943194013159587,0.0025498453552103796,-0.0043292874528888916
2016-09-16,-0.003872896880968172,-0.00012369679165697225,0.008046465656577647
2016-09-19,0.0001872617262885842,-0.007807775057992242,-0.0032703835512041
2016-09-20,4.718575986429054e-05,0.0019881070230172073,0.0034932780376336673
2016-09-21,0.011182553756813717,-0.002389772824843842,0.008054683912632725
2016-09-22,0.006282043887877497,0.003508451907178094,0.007917362099586012
2016-09-23,-0.005494668077850333,0.0015122434449735868,-0.0009492864704897155
2016-09-26,-0.008135125397922539,0.002592942292141068,0.006338489109404252
2016-09-27,0.006188590141124972,0.0009444893031245314,0.007308568668968872
2016-09-28,0.004951400346377394,-0.002696311903076753,-0.002165637053564495
2016-09-29,-0.009088559912985397,0.00048258291459646655,0.0025257188992899244
2016-09-30,0.007517753431659768,-0.00048258291459651463,-0.008977062405516371
2016-10-03,-0.0024066874132421786,0.0013472078218555506,-0.0033057404989323344
2016-10-04,-0.0051110660184176294,-0.0021658898894434467,-0.01176367130212219
2016-10-05,0.004415586200013313,3.360232562436578e-05,-0.004670809014501481
2016-10-06,0.0006954798184044084,-0.00022417864622131028,-0.005588293922900636
2016-10-07,-0.003435664496026157,-0.005699907005050658,0.0006722979180376824
2016-10-10,0.005195049638101224,0.004691651837804753,-0.005915939804096426
2016-10-11,-0.012710003422831411,-0.005025978007065925,-0.0022564057075181157
2016-10-12,0.001311229449445243,-0.007104769738430352,0.0009782410364830726
2016-10-13,-0.0032809683068929655,-0.0045361955898909475,0.0037531229295526217
2016-10-14,0.000515964416929354,0.0034305603068918436,-0.01411024863498094
2016-10-17,-0.0034777827012166195,-0.007441761541419799,0.006362860712422123
2016-10-18,0.006242786591179995,0.004352579694611333,0.0032418099358528106
2016-10-19,0.0026634767462896335,-0.0035187297515541743,0.0008278522059581997
2016-10-20,-0.0018684135489077244,-0.000164650638002241,0.0010522248971784052
2016-10-21,0.00046738912044181095,-0.0040854019578793815,0.0015012929604260703
2016-10-24,0.004243646643163764,-0.004384409358858317,-0.00436050040721416
2016-10-25,-0.0033563751419616204,-0.0006527512292521241,0.002633541239778373
2016-10-26,-0.0020095393832798287,0.0010881930929809549,-0.006785884697217609
2016-10-27,-0.0026702149552223164,0.002267123672550751,-0.010953635201409736
2016-10-28,-0.002959843259886022,-0.0010687761345710978,-0.0022205378276503895
2016-10-31,4.712732933152944e-05,0.007703391184510614,0.006113421553968821
2016-11-01,-0.007271737773905382,-0.0010320470217807629,7.684233553568435e-05
2016-11-02,-0.006037098536929348,0.007600509088301996,0.00434093879523714
2016-11-03,-0.004587503723399933,0.0036554982779584805,-0.007705228775383057
2016-11-04,-0.0011022046402242053,0.00044397358152166964,0.008920836248366513
2016-11-07,0.021817528737535515,-0.00011102860930896501,-0.008537740235100417
2016-11-08,0.0044934941577894905,-0.004430681626231969,-0.004065818140461672
2016-11-09,0.010546255259410085,-0.0030016218881541235,-0.04335865036269235
2016-11-10,0.0024928732173182156,-0.008973283929279272,-0.014881788139167821
2016-11-11,-0.002307886769560034,-0.0028352972767285173,-0.005637760425772784
2016-11-14,0.000785111391831103,-0.005971422941238589,-0.005999521837287349
2016-11-15,0.007772570472600085,-0.006904091630366802,0.0049342409734143885
2016-11-16,-0.0018801175159973225,-0.0021477752071920996,0.008982438321332577
2016-11-17,0.005127496005600384,-0.0019290221275351884,-0.01482366044814565
2016-11-18,-0.002239958475881803,-0.00783857389608081,-0.0028918054973662826
2016-11-21,0.007522906374352728,-0.0036582460348251198,0.002479261656647533
2016-11-22,0.0019514088793397984,0.005146602943733133,-0.0003305916176489093
2016-11-23,0.0005438908882024304,-0.000478683384408412,-0.003887759131574426
2016-11-24,0.0,-0.008365597792199357,0.0
2016-11-25,0.003708463537061625,0.0015830883643816397,0.0014908328862130338
2016-11-28,-0.0047058363860337515,0.004764163866232262,0.007339212866141443
2016-11-29,0.0019486522056925148,0.0008493102559907696,0.004181426606959739
2016-11-30,-0.0024021781553077567,0.0025523434536833026,-0.01633305776398812
2016-12-01,-0.003682548577006313,-0.005310066148516394,-0.010614688676996158
2016-12-02,0.0005008776418949972,0.006684755681079142,0.007301009616549837
2016-12-05,0.005990802538907736,-0.007637569407832346,-0.0010875291497308961
2016-12-06,0.0031623755988514665,0.016430543065026008,-0.0007536437272414487
2016-12-07,0.012995878004269363,-0.003436458299545448,0.00850760281778553
2016-12-08,0.0024458419446330175,0.003866778746451157,-0.011863953519017631
2016-12-09,0.006022741276335685,-0.01315032709034517,-0.012516528000173303
2016-12-12,-0.0011486158805368313,-0.006985527551627461,0.00187017480765977
2016-12-13,0.006651569486664419,0.008899219392906561,0.0035609377687721914
2016-12-14,-0.008288473910129676,-0.0011699590234880463,-0.011235646851835802
2016-12-15,0.004108622658105822,-0.010888585673538545,0.00503764911051282
2016-12-16,-0.001957673731577267,-0.009105718970210059,-0.002302037788049253
2016-12-19,0.0021749304619590884,0.0029842312480278035,0.010698615274559268
2016-12-20,0.0038503710976785332,-0.004233759574618508,-0.004994993709247599
2016-12-21,-0.0027865341095787716,-0.001476509481291881,0.004403415878463769
2016-12-22,-0.0017289565016934206,0.0036641609249652264,-0.0017887914143614077
2016-12-23,0.001462946332005794,0.0008659788395229713,0.002034685548246732
2016-12-26,0.0,0.0016400925651978298,0.0
2016-12-27,0.0024782390663010806,0.00020909756917603204,-0.0032240914666373513
2016-12-28,-0.008298769533640985,0.0005125259245785663,0.0072819334506092894
2016-12-29,-0.00022277359854632687,-0.004342951339742504,0.003537154446378849
2016-12-30,-0.003661901625277525,0.015082506933972048,0.0015119327650606072
2017-01-02,0.0,-0.004579297436805697,0.0
2017-01-03,0.0076209086977726895,-0.006379961365256615,0.004272081807767041
2017-01-04,0.005931525085022912,-0.0038418862814960275,0.0038378419859309712
2017-01-05,-0.0007946838123653737,0.007740590997296944,0.015532491571494665
2017-01-06,0.003571348384404356,0.009951694252328738,-0.009224519348145208
2017-01-09,-0.003306461847609427,-0.007007159987028705,0.007993636811823608
2017-01-10,0.0,0.0053751462447140155,-0.0006570356201136327
2017-01-11,0.002822139464152975,-0.003424761684181396,0.003362074194776061
2017-01-12,-0.002512972206664367,0.004282834624411188,-0.0022126688098897426
2017-01-13,0.0022928474244421704,0.001803209323731725,-0.004769843022480767
2017-01-16,0.0,0.0011154729925587558,0.0
2017-01-17,-0.0035294638524098108,-0.002420493946028402,0.010414574993695866
2017-01-18,0.002207305921177482,0.008807419508532952,-0.012890565436808674
2017-01-19,-0.0037116986664532856,-0.006471944983548921,-0.006882672285295254
2017-01-20,0.003667703414651283,0.0030014703955947883,-0.001999091241688751
2017-01-23,-0.0026057331999717747,0.005054843962894792,0.009955564529295604
2017-01-24,0.00639122087263215,0.0043807859360458536,-0.006875343801183628
2017-01-25,0.008618437254939064,-0.0029870187452542053,-0.012630292759053943
2017-01-26,-0.0010459866288211135,0.002169451772020358,0.0033608515371833054
2017-01-27,-0.0015709955312099109,-0.0064410634062073814,0.0036016611561495394
2017-01-30,-0.0062212519911598145,0.002899318852993123,-0.0030140770178526703
2017-01-31,-8.752733872173462e-05,-0.0005034903875596175,0.006935254548093892
2017-02-01,0.00039521389948192324,0.008852261972059784,-0.006202355300228853
2017-02-02,0.0006588096887671,-0.0033759205059840968,-0.00042026366113977475
2017-02-03,0.006869326927254814,-0.0005274662699758506,-0.0004197654865549782
2017-02-06,-0.0017892442902276615,0.0019713419350956586,0.006031646571899412
2017-02-07,4.380657802136647e-05,-0.0036916646517806554,0.0073237877286251845
2017-02-08,0.0013092092277450272,-0.006083672000636754,0.013506892377887792
2017-02-09,0.005915312170301808,0.001324952574866799,-0.011601605828374372
2017-02-10,0.003938324789238908,-0.0031492420707108556,-0.0005794097296827957
2017-02-13,0.005427942366045172,-0.003670492466827683,-0.0031514052320896543
2017-02-14,0.003986980852275372,-0.001983821861077884,-0.0072537206356593645
2017-02-15,0.005207221610603581,-0.0019059474091681953,-0.004612833406241516
2017-02-16,-0.0008517596277165268,0.0027435541785109114,0.005449531387410339
2017-02-17,0.0015750496614064249,0.006096606333929302,0.005917631826672084
2017-02-20,0.0,-0.004281128670700643,0.0
2017-02-21,0.005937431458437861,-0.0016245565514428882,-0.0017467002465881103
2017-02-22,-0.0008882467112289389,-0.006366536572582948,0.0016641812459990064
2017-02-23,0.0006767131879405286,0.0011391927339987058,0.0029881156307035896
2017-02-24,0.0012680065475987586,0.00287486664094481,0.011043172633382465
2017-02-27,0.0015618454665734046,-0.0030014925084968615,-0.005918101370297787
2017-02-28,-0.0027029115445857278,0.0029803184926625644,0.00370279200330336
2017-03-01,0.013900422997873665,-0.001427914978222764,-0.016898368098441134
2017-03-02,-0.006317274425982772,-0.003155193618451976,-0.0036059127448781303
2017-03-03,0.0006293719758089501,-0.0024833612858004657,0.002600868054605467
2017-03-06,-0.0029824290692826425,0.010480388215962188,-0.004787510141410204
2017-03-07,-0.002991500092860706,-0.003890114210058578,-0.0030354759598199286
2017-03-08,-0.0018580913376828414,-0.000856528977351755,-0.005418974449797038
2017-03-09,0.0012673636803851272,-0.0021539184439741004,-0.008012744644942647
2017-03-10,0.0034979943242278142,0.002936412224148051,0.003503047923132807
2017-03-13,0.0005047726009029256,0.010495752325234368,-0.006331238018558893
2017-03-14,-0.0038337169147234745,-0.0036172570315181995,0.004794205462441441
2017-03-15,0.00861628007742376,-0.0036681311722004924,0.012141670717354464
2017-03-16,-0.001969139365402363,0.01175313951260352,-0.005076591281745316
2017-03-17,-0.0017577504908817061,0.0034204682168346265,0.0062569149988082415
2017-03-20,-0.0010973988669790596,-0.0029478685547742137,0.0042893168867474026
2017-03-21,-0.012922735430613197,-0.0004940262165230438,0.008274919389875356
2017-03-22,0.002350494859643978,0.0069390189319521985,0.0039872071176698005
2017-03-23,-0.0010677698790746933,-0.002062955051731874,-0.001410621656287732
2017-03-24,-0.0007265120105424376,-0.0005825075184240264,0.003563860156964808
2017-03-27,-0.0010269454425854087,0.006068102164538236,0.004539440535183687
2017-03-28,0.0072505398189264434,0.0010529288766616446,-0.006692679035860875
2017-03-29,0.0009345965953939571,-0.00398881453912946,0.005951696534484382
2017-03-30,0.0031789652585127843,-0.005383655395307408,-0.008109414987367211
2017-03-31,-0.002330252576453918,-0.00676626301898027,0.002903537578579775
2017-04-03,-0.0017408018441746572,-0.001708436576849294,0.010036350427807997
2017-04-04,0.0006372449292164772,0.00011731597159801833,-0.005439220683671767
2017-04-05,-0.002977239985785331,0.0009608024846293539,0.0030524774955215045
2017-04-06,0.0028071578776759443,-0.0007367113708814336,-0.0014838675943710934
2017-04-07,-0.001019825431584406,-0.002611329354407584,-0.004050797117342583
2017-04-10,0.0005950932727094541,-0.005900993777431644,0.0046282512370445185
2017-04-11,-0.0011903907852229365,0.0014719638399648264,0.009438593465027838
2017-04-12,-0.004391629676085924,0.0012937764913874173,0.005458214866154467
2017-04-13,-0.006516031033822054,0.0055757821106804445,0.003081791002150457
2017-04-14,0.0,-0.005098219512770225,0.0
2017-04-17,0.008820948190915619,-0.0005518231785464774,-0.003081791002150356
2017-04-18,-0.0029888826723819843,0.003198762931699693,0.012994377015516662
2017-04-19,-0.0018401291945982288,0.00787603933151079,-0.005467769048280922
2017-04-20,0.008106115171195515,-0.0012759417804318331,-0.0038778144397510214
2017-04-21,-0.003191968854531424,-1.068048484067434e-05,0.0
2017-04-24,0.010937857906950035,0.01473387077510292,-0.004949514707600826
2017-04-25,0.005801523207195462,-0.0008370344334140607,-0.012112746244385674
2017-04-26,-0.0006288195910057622,0.005818837615714092,0.005501607941685842
2017-04-27,0.0008387572756318116,-0.0017688276041054596,-0.0003277881376513048
2017-04-28,-0.0021817596961551376,-0.004104213277379672,0.0022097317731486314
2017-05-01,0.00251672571162172,0.003973291140565258,-0.008348358680734885
2017-05-02,0.0003771922031854601,0.00013092213681450298,0.005107067990934805
2017-05-03,-0.0012153725439876353,0.0024465527570567713,0.0006572102339271284
2017-05-04,0.0011733297535091538,-0.004277630513799503,-0.004939102154764731
2017-05-05,0.003929375501438038,0.008463877857979456,0.0009079937522673328
2017-05-08,-0.00016679307451400693,-0.001492432846504041,-0.005456648640691718
2017-05-09,-0.0009184489677876149,-0.0034152831494476646,-8.296230864958012e-05
2017-05-10,0.001794133375186813,-0.003752144975261105,-0.0011612846381351513
2017-05-11,-0.0020447525277588648,-0.0014795427623111868,0.0
2017-05-12,-0.0016723029885773511,-0.0005325441349084907,0.007524561121426802
2017-05-15,0.005508269408603014,0.005720486460082988,-0.002722067695403826
2017-05-16,-0.0009160017003793878,0.0049733891475483355,0.0037101135880188165
2017-05-17,-0.017903319653566428,0.010165609234827322,0.014461872880371127
2017-05-18,0.004020365243677265,0.005607107178077628,0.0011350046749680094
2017-05-19,0.0064828249189849635,-0.003841584496626299,0.002346887338885128
2017-05-22,0.005064869671461667,0.008179592912204795,-0.0027523871180610733
2017-05-23,0.0022104023829194928,0.0030299874646010755,-0.006750379747358622
2017-05-24,0.0023301096588145514,-0.005313076821422747,0.005615238336063493
2017-05-25,0.004768056793270437,0.0046052410952720935,0.00032470044119841486
2017-05-26,-0.0002067554296812279,-0.0017953372916784775,0.001702081131212668
2017-05-29,0.0,-0.0031006300645787972,0.0
2017-05-30,-0.0008693074467669475,-0.0042155232961007755,0.004927892398376864
2017-05-31,-0.0002484080345593193,0.0038245199942626854,0.0024948119360825487
2017-06-01,0.00792100168274276,0.006410721892161138,0.00010498172794243768
2017-06-02,0.003322662290120325,-0.0024705630841270632,0.011770632070097271
2017-06-05,-0.000737399835366927,0.005781635295709812,-0.006228453892219978
2017-06-06,-0.003202012021449282,-0.002129806388517568,0.005432314361550332
2017-06-07,0.0018483846866493164,0.001295371377476745,-0.004791548807789313
2017-06-08,0.0004925190981471011,-0.0014417352935042875,-0.002645358825713535
2017-06-09,-0.0015190179235228898,-0.006272006430605042,-0.0015262949706608315
2017-06-12,-0.0002051362945777983,0.0015335964397459661,-0.00032131050133278876
2017-06-13,0.004877932515362857,-0.0005151964433409355,0.00016042801331668936
2017-06-14,-0.0012684658124702372,0.0011314867284345825,0.015319373083354121
2017-06-15,-0.0019262017355382442,0.0006166547146009237,-0.0015853558285891794
2017-06-16,0.00021824963589890504,-0.006160839863208458,0.001980691690306243
2017-06-19,0.008290750332233377,0.0054881357753700745,-0.0014255509390318094
2017-06-20,-0.006767008242349892,-0.005699907005050658,0.008915913939199015
2017-06-21,-0.000246966889484071,-0.0006795750515412816,0.002040718732500935
2017-06-22,-0.0004529070042370057,0.0027099826986903166,0.0021923367777275764
2017-06-23,0.0011936969802452367,-0.001573337331533338,-0.0004691092945518281
2017-06-26,0.0006578351829945996,0.004402570472360325,0.003749366277502418
2017-06-27,-0.008088872833249052,-0.0013652747414871296,-0.010739175441298161
2017-06-28,0.008910612805583503,0.013817200221092344,-0.00331502433268155
2017-06-29,-0.008827755353924929,0.003828564481944142,-0.008416815992339061
2017-06-30,0.0018627340620789453,0.005169753787889567,-0.0023152297253183213
2017-07-03,0.0016940922019847697,-0.001623434279564029,-0.003224918894292896
2017-07-04,0.0,-0.00453607873585738,0.0
2017-07-05,0.0023095140750747935,-0.0009888509651569779,0.00024122038153000076
2017-07-06,-0.009186515989743944,-0.0011693597201414949,-0.008307786339376164
2017-07-07,0.006464262492489097,0.006842780109586038,-0.00601273863213168
2017-07-10,0.0010732174735933486,-0.001837701715489709,0.0014659741351976065
2017-07-11,-0.0007430413048612296,0.0,0.0017075106691976174
2017-07-12,0.0074865592381383695,0.006131251207802693,0.0068803097816373905
2017-07-13,0.0016791929501033351,-0.004807464986444529,-0.006311975062058734
2017-07-14,0.0046532352183457,-0.0013123920117594798,0.0012169922032389303
2017-07-17,-0.00012240800878263368,0.006246082259973493,0.0027528143768627607
2017-07-18,0.0005294212804319346,-9.1836389174089e-05,0.00869507710763023
2017-07-19,0.005399486826870933,0.00655029783305211,0.0004011734576355611
2017-07-20,0.00044529872668738475,-0.0018462368588922442,0.002880246542451208
2017-07-21,-0.0008909380594151323,0.008660672812457637,0.004226065105603271
2017-07-24,-0.00024281054389298766,0.0045455288539196816,-0.003906513928620806
2017-07-25,0.0024277271125622917,-0.0036730128113636957,-0.013104525386301599
2017-07-26,4.044533866242345e-05,0.0004889523241931771,0.001616863028858971
2017-07-27,-0.000929946690921528,0.007140275713109553,-0.0049405754732984326
2017-07-28,-0.001173676526082869,-0.003360330911062203,0.005909921128602604
2017-07-31,-0.0005671498355729311,0.005003595982651434,0.001209861572159797
2017-08-01,0.002226139265753112,0.006517456509259816,0.006996590924327651
2017-08-02,0.0004852193945773627,-0.0010872165978424119,0.0005617330789644138
2017-08-03,-0.0019417230840954593,0.0033718824872047953,0.010290226307306876
2017-08-04,0.0018203870851947399,0.0028482358366716766,-0.008528191371964687
2017-08-07,0.001857523667620878,-0.009003661780450435,0.0011202282617150388
2017-08-08,-0.002463998572229667,0.001909827198615512,-0.003604526685384156
2017-08-09,-4.0402136888026925e-05,-0.003933743568074438,0.00544157134444972
2017-08-10,-0.014215969834386092,0.0005879322590374358,0.008503272108666667
2017-08-11,0.0014758261520828764,0.0007412406839569163,0.00047429856842242735
2017-08-14,0.009864492003992502,0.004683757024378315,-0.005153789828395059
2017-08-15,-0.00012170774424876584,-0.004212813668356419,-0.004223040691944109
2017-08-16,0.0017427320296326,-0.002939654885911766,0.003665929707116186
2017-08-17,-0.015713690889555137,0.002810170102040692,0.007450082647018794
2017-08-18,-0.0015643980837347418,-0.005003297987145659,-0.00023682652567760934
2017-08-21,0.0007824326809157927,0.003473724677504832,0.002444871496710173
2017-08-22,0.010402753318529998,0.004725443074964061,-0.0038677153781947306
2017-08-23,-0.0035919142562140954,-0.0042197846676600495,0.006778848840161739
2017-08-24,-0.002333245151113749,0.0046095726316787945,-0.0036993958944545103
2017-08-25,0.002333245151113684,-0.0012162816868652579,0.0038560797540946367
2017-08-28,4.099010118338907e-05,0.012601173730479498,-0.0006283632233303898
2017-08-29,0.0011445316079680189,0.0010044878799235918,0.003217331886462729
2017-08-30,0.004726012428317544,0.0005504650901480018,-0.00031359182323761696
2017-08-31,0.005998388418054338,-0.006455156902391667,0.002973261513515721
2017-09-01,0.0014125847559410543,0.0014281759693642322,-0.007678127901831145
2017-09-04,0.0,-0.0023197286450903896,0.0
2017-09-05,-0.007207603995370549,0.0008915526757262396,0.015733295321207753
2017-09-06,0.003407943903232267,0.0025723291798226953,-0.0061539153777548095
2017-09-07,-0.00012131693602153147,0.00031007026908479087,0.010184235962332608
2017-09-08,-0.001175530851553044,0.008456670882772186,-0.0021683899835068313
2017-09-11,0.010609475942480276,-0.0009498391490405942,-0.012009258898001406
2017-09-12,0.0033648696477982945,-0.0048553725898403035,-0.00527042834981158
2017-09-13,0.00047964239098040323,0.0012684952800507596,-0.003951368585159555
2017-09-14,-0.0003199232323839233,-0.007040230737258596,0.004109217625079691
2017-09-15,0.0013453318715049168,0.0026074388715421597,0.0003935387463939118
2017-09-18,0.002124834294578762,0.0013003754213913215,-0.005770746864500102
2017-09-19,0.0010004503140186758,0.0018519597279447737,-0.0024609182606681935
2017-09-20,0.0003602050657365727,0.0027783834456705627,0.0007153225132053748
2017-09-21,-0.0026830952584432437,-0.010094523826527133,-0.0005565710682160287
2017-09-22,0.00020039299086636208,0.006168672724767713,0.002856988004381242
2017-09-25,-0.00204651271390966,-0.0015397038475801963,0.006240661607183991
2017-09-26,0.0006024494061059892,-0.00601701171679182,-0.001813373290768688
2017-09-27,0.0038866638063073185,-0.005886836853223914,-0.015182431617832757
2017-09-28,0.0011992139203129844,-0.0030949455631941935,-0.0029678809776833215
2017-09-29,0.0035088642534577786,0.0027296467229846197,0.0022468792940118633
2017-10-02,0.004329165182259444,0.002170207648058877,-0.00183318428288688
2017-10-03,0.002137953689894856,-0.006250154855581805,0.0009653905830608199
2017-10-04,0.0011856879507326629,0.0011741541657486819,8.047991431257818e-05
2017-10-05,0.005907374549534664,0.0008226295598220761,-0.0037847951430832337
2017-10-06,-0.0011392778947018568,-0.0038255380743325205,-0.002828333064724169
2017-10-09,-0.0016525351735043523,0.0025682950913297697,0.003151328592550622
2017-10-10,0.0026349116829430877,-7.0457239084023e-05,0.0016115062991114083
2017-10-11,0.0015696882337069011,0.006218846333423547,0.001930369958025997
2017-10-12,-0.0014911315551774456,0.004274356681467382,0.004251032918854949
2017-10-13,0.001216531691286196,-0.0028436443420641394,0.0071770893539997846
2017-10-16,0.0013328987950482726,-0.001501544931142891,-0.0007152383624936329
2017-10-17,0.0007047969407102091,-0.0016526703470598411,0.0012711117056135454
2017-10-18,0.0009780802821897166,-0.0019205864297465773,-0.006613050125948158
2017-10-19,0.0002737730928615543,0.001979610503095839,0.0017568710030600027
2017-10-20,0.005147070963047078,0.004468522795391385,-0.010669692750223787
2017-10-23,-0.003896919189653962,-0.008000833040873344,0.0017725857384165446
2017-10-24,0.0017555986863476707,0.0004702904875673446,-0.006219165453131081
2017-10-25,-0.004962400775502438,-1.1759635881293249e-05,-0.004791604442569046
2017-10-26,0.0012915548712309109,0.005234651900610724,-0.003342633428085298
2017-10-27,0.008143144323934768,-0.01564581794464382,0.006593854836883802
2017-10-30,-0.0037320002831364345,-0.002812281158441295,0.00952883900562254
2017-10-31,0.0015567440378438282,0.004139812097083693,0.0003215911338071019
2017-11-01,0.0013211634349928252,-8.164019452086343e-05,0.004443035538788949
2017-11-02,0.00038854872522116373,-0.0019787939054160286,0.004398926978867365
2017-11-03,0.003333016954543532,0.00284140815238091,0.0027100291844960617
2017-11-06,0.0015463096175230636,-0.004026851354010363,0.0037338520182890697
2017-11-07,-0.000695388112972604,-0.0001973854897280328,0.004194207453691039
2017-11-08,0.0016994041938440698,-0.00099819898040769,-0.002214083516730016
2017-11-09,-0.003634248082820674,-0.0003596121387038146,-0.002853219586855689
2017-11-10,-0.0003101014243290863,0.0043000786630653445,-0.015193855191851922
2017-11-13,0.0009294073013597754,0.0012237010803180745,0.0020926638203904065
2017-11-14,-0.0023253093423713784,0.0003265648913710829,0.0067319387070550974
2017-11-15,-0.005017885472410753,0.010907609447217186,0.010803893329648312
2017-11-16,0.008465220919012535,0.0,-0.0087290463925499
2017-11-17,-0.002943019851185825,-0.0013080981138200777,0.007385344875981443
2017-11-20,0.001704941150111125,-0.0038790094132601784,-0.0003955547742299235
2017-11-21,0.006521298116816977,0.0007980439055144413,0.003160765536039741
2017-11-22,-0.000885000754705192,-0.00034038833844638117,0.0032299281822392558
2017-11-23,0.0,0.006582660069541397,0.0
2017-11-24,0.0023071583264990874,0.003313668861567561,-0.002756592258094921
2017-11-27,-0.0004992705512111634,0.00609963059633493,-0.001420680443836352
2017-11-28,0.01009387808599065,-0.0018111957909793374,0.0013419621027214276
2017-11-29,-0.0006089390037950159,-0.00478625465344035,-0.00990775068809596
2017-11-30,0.008716930351864183,0.00033187390605268443,-0.003351423764286065
2017-12-01,-0.0020777506695614876,0.0038949725055720153,0.013404561527074338
2017-12-04,-0.0012107880980206222,-0.0032310523571200717,0.00047377941805493775
2017-12-05,-0.003603349635587833,0.0006643836844992693,0.004963690156704216
2017-12-06,0.00019021853352677907,-0.0029389064537555013,0.003451941291319994
2017-12-07,0.0031484105860445826,-0.002422797988340597,-0.00786266781446846
2017-12-08,0.0054378821766932605,-0.0027231131814485885,7.901420086446478e-05
2017-12-11,0.0030087105472804414,-0.00018826661545196552,-0.0020546122106682185
2017-12-12,0.0017631335155493158,0.0006474925079878913,-0.00039540166201901375
2017-12-13,-0.00011250752299511392,-0.002975242802169791,0.0074888839678949595
2017-12-14,-0.004094496906346797,0.007910432083082026,0.004232015806414274
2017-12-15,0.0082929556024419,-0.0051589039474551224,0.0037469681980199314
2017-12-18,0.006321527905061377,-0.002669402938509404,-0.009158115980122386
2017-12-19,-0.0038481118794907,0.0034585584970408443,-0.013058196493952505
2017-12-20,-0.0005242910973531893,0.00483143721251939,-0.011135062477387376
2017-12-21,0.0020575835238968655,0.0031072487323386346,0.005811783483051501
2017-12-22,-0.0002614821452965605,-0.0017564352044181224,0.0013631665469715658
2017-12-25,0.0,-0.00010667475836490332,0.0
2017-12-26,-0.0011970640889340306,0.0013881944230198205,0.002961046774291698
2017-12-27,0.0004864618355093832,-0.001234067632668466,0.012941525222677336
2017-12-28,0.00205548329445008,0.003611301394254342,-0.0008681231976067484
2017-12-29,-0.0037778285495114554,0.0034333082699906565,0.0015771776918884863
2018-01-01,0.0,0.005280299334562936,0.0
2018-01-02,0.007131977617337067,0.0005523534177722327,-0.010857536943140848
2018-01-03,0.006305168285042692,0.004309459786959923,0.004769898295803509
2018-01-04,0.004206083061698501,-0.0044055338609388685,-0.00015845158282779795
2018-01-05,0.006641788506564807,0.004851896369631849,-0.002859942604784888
2018-01-08,0.0018268177971673368,-0.0026034254630769985,-0.0006364207867247466
2018-01-09,0.0022607329034333616,-0.005581836821075154,-0.013463140057804855
2018-01-10,-0.0015305968012509679,-0.003441541320087566,-0.001210649777358044
2018-01-11,0.0072696717144587015,0.0022451934756694413,0.004110985229064457
2018-01-12,0.006497761214305293,0.007163443657419456,0.0016881368162080233
2018-01-15,0.0,0.012395577440172478,0.0
2018-01-16,-0.0034239411967926666,0.0062252298447128904,0.004167072100698793
2018-01-17,0.0094862258385586,0.00023307764364815267,-0.0013602997159396805
2018-01-18,-0.0016823810830731505,-0.007140809171959861,-0.009333115350034022
2018-01-19,0.0045394574265805576,0.004310183172470693,-0.0052680541575454015
2018-01-22,0.008098118497511115,0.0015430167694837121,0.0009743633100729814
2018-01-23,0.002120057756403053,6.12782288566978e-05,0.004293690847472265
2018-01-24,-0.00038850665155051417,0.00439735155950313,-0.0054307264619635216
2018-01-25,0.00042390719350165974,0.006545840132911253,0.008175094443563184
2018-01-26,0.011511529700647793,9.918292422570005e-05,-0.0037151103701850447
2018-01-29,-0.006652338632049205,0.0028791319849890973,-0.0069823960592478316
2018-01-30,-0.010309715105916587,-0.0037833976858985714,-0.005883789651332062
2018-01-31,0.0004967035980597079,0.002293139592610932,0.005883789651332153
2018-02-01,-0.0011357381519218994,0.0007324958037122442,-0.014599003997125706
2018-02-02,-0.02201063322896797,0.007328950679841816,-0.009322965254759463
2018-02-05,-0.042722110423408344,-0.005053840607735393,0.009405628175493633
2018-02-06,0.019510453646328328,-0.006377383172319828,-0.006232390629783473
2018-02-07,-0.005439453460906103,0.0010890581283255556,-0.009549010342058491
2018-02-08,-0.038230516156834836,-0.009181762489920628,-0.0010941601228467357
2018-02-09,0.014909845365158906,-0.000600981855033339,-0.006339044121993989
2018-02-12,0.014577684120447538,-0.0006496959447372854,0.004399184750689496
2018-02-13,0.0024845046982367096,0.004150100441697588,0.0044642682757623205
2018-02-14,0.013405636643850869,0.004056140127369198,-0.011155531492770116
2018-02-15,0.012679515798386233,0.009146425433200864,0.0033939391073481806
2018-02-16,0.0002929176766334948,0.0029091421930713865,0.005405549335661181
2018-02-19,0.0,-0.007362497093656409,0.0
2018-02-20,-0.006280916316976287,-0.0010668553718264204,-0.004389899682516529
2018-02-21,-0.0049869203063455814,-0.0051198390023570895,-0.012344814890962836
2018-02-22,0.0012954094539398453,-0.004345012256307387,0.0029941951308735753
2018-02-23,0.015814036480803415,0.0036420916071724634,0.008842799541727505
2018-02-26,0.01154505639101765,-0.003212105009122826,0.00033829925800662797
2018-02-27,-0.01256504720249026,0.0023126013299230768,-0.0014395171944575182
2018-02-28,-0.010181718456056721,-0.006946405230548275,0.006335831900776503
2018-03-01,-0.014647612900408955,-0.003199213284151269,0.006802773597223264
2018-03-02,0.005141823356385476,0.006506946640574449,-0.0081619304560248
2018-03-05,0.011491697852342785,0.0036263787619993924,-0.002708220191107271
2018-03-06,0.0025316149534854344,0.001713382605229048,0.000932065120371226
2018-03-07,-0.0003663736323829446,0.006472901653150981,-0.0011009774800157036
2018-03-08,0.004826993190125773,-0.00016140177040260427,0.005745516955931261
2018-03-09,0.017253053409262593,-0.008738819743630995,-0.006593490572766066
2018-03-12,-0.0012557276089765488,0.00017221271392751176,0.005750459484015982
2018-03-13,-0.006483906244254963,0.002501775781071896,0.005047066926238458
2018-03-14,-0.005144579531248598,0.004266335039781299,0.0087708830021077
2018-03-15,-0.0010904851288020456,-0.0013499625381387281,0.0
2018-03-16,0.0010838559849834868,-0.005381152570823163,-0.0035827585250004165
2018-03-19,-0.013622941657733112,-0.0023114690130010985,-0.0031767031428155774
2018-03-20,0.0016991230722857777,0.00455422106110146,-0.00402706094553615
2018-03-21,-0.001920782686661393,-0.006909380265738672,0.0010919534779286221
2018-03-22,-0.025314850164210853,0.007785708051778266,0.00986075534554427
2018-03-23,-0.021545161567276597,-0.0018381487711451225,-0.0007489093793765985
2018-03-26,0.026991658004405575,0.002381543956155749,-0.0038347741803436254
2018-03-27,-0.01715823203809572,0.00831188172368744,0.010635623603763614
2018-03-28,-0.0029591695742042412,-0.003990881759450981,0.002641083298672089
2018-03-29,0.012696774328067468,-0.007897382931562176,0.004851774578402737
2018-03-30,0.0,-0.0006029938609045437,0.0
2018-04-02,-0.021821149647439045,0.0009230866886203371,0.0019709096683324357
2018-04-03,0.012735606029794273,-0.0017470394477167334,-0.007742315322801382
2018-04-04,0.01064240737683113,-0.001154869778581974,-0.00206921727023064
2018-04-05,0.007860917031078387,0.0006755016584394306,-0.0074852268422150306
2018-04-06,-0.022537790359173072,-0.002870925082302187,0.010876767011570039
2018-04-09,0.004915888650884091,0.001618556583301758,0.0016500666799571335
2018-04-10,0.015775579045425984,0.004144001211158943,-0.0018151507145476346
2018-04-11,-0.005256169760454562,0.0032954948055088436,0.003544679025041231
2018-04-12,0.008193484164765298,0.0006925638918780253,-0.007350931621751691
2018-04-13,-0.002937314404310775,-0.0033963667390498223,0.002318704041261344
2018-04-16,0.008188135853607595,0.00023433623354313018,0.0003303096909152717
2018-04-17,0.010641359909217139,0.0042513295822551745,0.0027247595897601346
2018-04-18,0.0007402694270479681,-0.0009655845061456074,-0.008030714603946422
2018-04-19,-0.005563235518243125,0.00048266805112577506,-0.00817965584786963
2018-04-20,-0.008515222260209803,-0.002719696805180505,-0.00723336525571109
2018-04-23,-0.00015000479264216842,-0.00585924857787994,0.000252680243222698
2018-04-24,-0.013559054135389662,-0.0052637028397498915,-0.004567383869812161
2018-04-25,0.0024686153796566104,0.0026528923546068075,-0.006719669036231067
2018-04-26,0.010114663730555869,-0.005712650234150854,0.006974102949428439
2018-04-27,0.0009382378386797631,-0.00511110874201837,0.0076837795899084415
2018-04-30,-0.00772044765625091,0.0010903377604621455,0.0017643102970190084
2018-05-01,0.0017751999717889738,-0.003436890367875175,-0.0036077434967586365
2018-05-02,-0.006740069644057198,-0.007450468811979409,-0.001098562319301078
2018-05-03,-0.0022061082379594187,-0.0033877940587112173,0.004471053130623354
2018-05-04,0.012863493586334809,0.003195912401978984,0.0015142124767318767
2018-05-07,0.003377475790788765,-0.0028613126228246057,-0.0015987302602410783
2018-05-08,0.0,-0.0017797005116395965,-0.0009260685498571155
2018-05-09,0.009619397582343906,-0.005533851088539423,-0.0060000294291064765
2018-05-10,0.009306999798146413,-0.0017430672818787454,0.008020263653047371
2018-05-11,0.003046934452487355,0.00591735512042152,0.002519056847232859
2018-05-14,0.0004762487823819333,0.0029002183504962887,-0.0052977785463036026
2018-05-15,-0.006910983616123968,-0.0017554472898831247,-0.011448554081781406
2018-05-16,0.0041962856459463365,-0.00928694064996898,-0.003845275511877165
2018-05-17,-0.0008453340237374717,-0.0003309314358126005,-0.0050638740830526476
2018-05-18,-0.0025027175739158413,-0.0018417401567751084,0.00856803030037997
2018-05-21,0.007490326527792591,-0.0024269007581673207,0.0005118012540264533
2018-05-22,-0.002783845989329046,0.002191086827304078,-0.0015356916749216403
2018-05-23,0.0027472425410774667,-0.0003302127283434639,0.007233096178264242
2018-05-24,-0.0020506652162083144,-0.006673574838505811,0.00793826509020684
2018-05-25,-0.002385471730816754,0.0010661932567615083,0.0062056221724996865
2018-05-28,0.0,-0.0028795704251883274,0.0
2018-05-29,-0.011567613952790736,-0.005315985270053203,0.02166576939818099
2018-05-30,0.01325650835873844,-0.007563750116088786,-0.006730532662716553
2018-05-31,-0.006145053964078596,0.011022910220800021,-0.001648337413827843
2018-06-01,0.009769966773416142,0.0022192132434978853,-0.005297725041731814
2018-06-04,0.0047401976842025234,-0.002102537023960953,-0.00725812181764978
2018-06-05,0.0007272758038805438,0.002734209840494974,0.0023420917045382486
2018-06-06,0.008325905850308532,0.00219033413974912,-0.008136202518992263
2018-06-07,-0.00010840614795172335,0.005043244345701682,0.009638149108540741
2018-06-08,0.002952034975623172,0.0008253392859986731,-0.0030066396858888355
2018-06-11,0.0013294558981906672,-0.0009549196576974336,-0.0018426013750327415
2018-06-12,0.0012913204724595505,-0.0008363539989250407,0.00025145644133714256
2018-06-13,-0.003195754564926675,-0.002199270438669329,-0.0005030575107809561
2018-06-14,0.0025142181853616084,0.005052684987134998,0.008265476049746773
2018-06-15,-0.0012767164464885588,-0.020638107698380467,0.000914048823663464
2018-06-18,-0.0020587430815316027,0.002536267703775233,-0.0009140488236634054
2018-06-19,-0.0038399428218336765,0.0029962096356120605,0.00580342952758468
2018-06-20,0.0017041390128535382,-0.0036336856020979945,-0.008800959860165339
2018-06-21,-0.006288293860490402,-0.0008224597834486959,0.0052398566408432025
2018-06-22,0.0018214933850191264,0.0023068753656377444,-8.278949712038629e-05
2018-06-25,-0.013706040066881812,0.0047813585160605306,0.0022379767015327677
2018-06-26,0.002211416613831846,0.0035396255050087304,0.0014059160149095344
2018-06-27,-0.008319045489690848,-0.0044953797831452195,0.00937983567697567
2018-06-28,0.005701238872561254,-0.007463204842131897,0.0002460091193163962
2018-06-29,0.0014385737385812368,-5.783505454369426e-05,-0.0034451014710551813
2018-07-02,0.0021359840897771133,0.00994714712822947,-0.0007824189973831002
2018-07-03,-0.0035374040353813607,-0.003124912448468689,0.005341712285759423
2018-07-04,0.0,0.0014679804760208625,0.0
2018-07-05,0.008124620120847335,0.0002681516744493763,0.002865042883605125
2018-07-06,0.008422764915492298,0.002873078600661516,0.0032639993571942135
2018-07-09,0.008964015451767825,0.004806882998706923,-0.006456570154762591
2018-07-10,0.0035921349492597228,0.0003996761874951096,-8.227598897443859e-05
2018-07-11,-0.007341439966670712,-0.0025479448635795567,0.003847014069673747
2018-07-12,0.009025130286646126,-0.004294710183780235,-8.149208047857132e-05
2018-07-13,0.0007870337845662952,-0.0009336480898713101,0.002529248559654673
2018-07-16,-0.0008942559501681005,0.0011321950635473854,-0.004164369628439678
2018-07-17,0.004036825929432479,0.002596160411045844,-0.0018842284640858303
2018-07-18,0.0021018781735147626,-0.004812627760435433,-0.004025130002344535
2018-07-19,-0.0037791443522830503,-0.0006524588597063798,0.00631781511728874
2018-07-20,-0.0011433430220778621,0.0008155070803001822,-0.012344746932544512
2018-07-23,0.0018577535163151258,0.007416802719637017,-0.012415077200669538
2018-07-24,0.005019130716948028,-0.004077814856735979,0.0034319091810630625
2018-07-25,0.008486379942513415,-0.0007364777587126888,-0.0015889603705420822
2018-07-26,-0.0023618485734701678,0.004438682606524639,-0.0019268368804969543
2018-07-27,-0.006799109028307473,-0.008089604616354043,0.0016752907276058016
2018-07-30,-0.00523741509469095,0.0015031493557779215,-0.003437998265118461
2018-07-31,0.004917200315304611,0.004019211446705295,0.005445037829965959
2018-08-01,-0.0016719507339684413,-0.0015207742859470093,-0.00817993908425832
2018-08-02,0.005433140533525316,-0.002031950545646603,0.0014341673261630528
2018-08-03,0.004275382789571205,-0.00687094620857647,0.004961016963813767
2018-08-06,0.0036603020160993873,-0.0020485936709178547,0.000586928258651988
2018-08-07,0.003296995335633083,-0.0003698943193172203,-0.005210754472664763
2018-08-08,-0.0004199902373867065,0.0038793948110081187,0.0010105651958678503
2018-08-09,-0.0013672457382600859,0.0006732375104906637,0.00838297207001904
2018-08-10,-0.006723013718631114,-0.007507102373803506,0.0072368076394398045
2018-08-13,-0.0037502118347738497,-0.011275742016472816,-0.002074324851698059
2018-08-14,0.0063605397889097215,0.0006839682303000879,-0.0022450467891582814
2018-08-15,-0.007495427741671699,-0.004993251859405852,0.005809861045159186
2018-08-16,0.008058674028666751,-0.0001248308008382202,-8.293332537276762e-05
2018-08-17,0.003514434812475185,0.0023851641885435427,0.00124064229094581
2018-08-20,0.002137027108442892,0.0058162558222769525,0.006672936717441138
2018-08-21,0.0023425479502662805,0.004677486716083236,-0.0033722217988935116
2018-08-22,-0.0005932077259168796,0.007404847816651862,0.003947006260635351
2018-08-23,-0.0013289950664770172,0.0006948261978871789,0.0015578551283845028
2018-08-24,0.006000636068238663,-0.0035848160899412435,0.001964458382286079
2018-08-27,0.007864026158449819,0.009102781442062224,-0.005740537614805376
2018-08-28,0.00048316432540182567,0.002974957959103324,-0.006021839767143473
2018-08-29,0.005366272104767741,0.0006544181771759916,0.0013229847300610133
2018-08-30,-0.004056612259777255,0.0015796090309269939,0.0021460344901247826
2018-08-31,3.455093725704627e-05,-0.0038568234970335043,-0.002311261978365211
2018-09-03,0.0,-0.005467329671144762,0.0
2018-09-04,-0.0017237777641444729,0.0012420767865190061,-0.005798541793642641
2018-09-05,-0.0026949381462218953,-0.00249423774492734,-0.0026694604842821493
2018-09-06,-0.0030144280278842158,0.004191522661239412,0.0036685835647847645
2018-09-07,-0.0019454638847904483,-0.0013023413584009917,-0.008525264308369723
2018-09-10,0.0017369523050031008,-0.005088212679201238,0.0036864917986373035
2018-09-11,0.0032916880319033863,0.0030103695028976135,-0.007639545483150612
2018-09-12,0.0002425195720650164,1.1616617293630954e-05,0.0023566021667480942
2018-09-13,0.005897712944976712,0.0028567736307313144,0.0015121930511054675
2018-09-14,0.00017136136812472743,0.005363777321440594,-0.004796287452098281
2018-09-17,-0.005308631098132448,-0.0053870469228903305,0.0
2018-09-18,0.005411955158855173,0.0034481379521063144,-0.010515347094628666
2018-09-19,0.0010648479364452081,0.000922261926881197,-0.005984784025523921
2018-09-20,0.00807112230450894,-0.00045540858189432155,0.004620201762574767
2018-09-21,-0.0009139631967615135,0.008641386999915996,-0.0004269221832473521
2018-09-24,-0.0033280215964345146,-0.0021173676071735976,-0.0025649549530878763
2018-09-25,-0.0009278815242313007,0.00016453172755568672,-0.0010281244285252308
2018-09-26,-0.0029963025182299864,0.0008700869206251829,0.007003364363791544
2018-09-27,0.002790107690770726,-0.0012461557398680272,0.0006808604172737018
2018-09-28,0.00010304371429180059,-0.009506265183163212,-0.0026406325433237974
2018-10-01,0.0034680143335010837,-0.0027542106030115305,-0.007368447311378243
2018-10-02,-0.0005827383607973526,-0.0023995177924754293,0.006094702019167019
2018-10-03,0.000548392923085428,-0.002231905179333874,-0.01752440320817358
2018-10-04,-0.007846305136474312,-0.0065514443949888455,-0.0070788104023378545
2018-10-05,-0.005612521824729748,0.003633144332951674,-0.00863207611087398
2018-10-08,0.0,0.0003916613335415117,-0.00336731037904344
2018-10-09,-0.0014604627692120294,-0.0024743353677267104,0.010067850907754387
2018-10-10,-0.032175189840114866,0.001115539847432275,-0.00272713246798973
2018-10-11,-0.022272790005956958,0.0022925758813270494,0.01208627957781951
2018-10-12,0.013792748762511697,0.004936896711930574,-0.0034885395722433292
2018-10-15,-0.005632885128950709,-0.00337871276967803,-0.0004365355155400771
2018-10-16,0.021630333962712807,0.00277613066095182,0.0022697857102662164
2018-10-17,0.00017821881628572904,-0.0007063381347118181,-0.0059472481941343965
2018-10-18,-0.014545959063897728,-0.006449661883067655,-0.00035087253208274506
2018-10-19,-0.0005430860552328945,-0.0035590143590289915,-0.0021967410994058454
2018-10-22,-0.004498877113023521,0.004306794612387999,-0.0013192803366331497
2018-10-23,-0.005103755909683355,-0.003618821551799291,0.0031646879504583602
2018-10-24,-0.030766989161368045,0.00045873224217338594,0.007520943338060701
2018-10-25,0.01778142763541625,-0.006461454314165988,-0.004190731421645899
2018-10-26,-0.017743600154911096,-0.0018790143987378028,0.006018616056731764
2018-10-29,-0.00555589495148505,0.0018334180682723267,-0.002263660041764887
2018-10-30,0.014709846957398937,-0.0019813685457873696,-0.004979943157138322
2018-10-31,0.01062415447224868,-0.002624516859612044,-0.00509405490275575
2018-11-01,0.010585798235285772,-0.0026175181948033402,0.0009257083760441491
2018-11-02,-0.005940949647038975,0.0076225100963029264,-0.012510310790205753
2018-11-05,0.005501950519084886,-0.0005016012498704805,0.003921162813336625
2018-11-06,0.006307883310576599,0.0013457141043092423,-0.0006227666219079567
2018-11-07,0.021183180189161106,0.0022395351045813323,0.001333684150095784
2018-11-08,-0.0018166975459398505,-0.0003889112093649832,-8.922091129123743e-05
2018-11-09,-0.009816302902327342,-0.005757617992678804,0.007438664749525954
2018-11-12,-0.0188618740268814,-0.0038237886881901163,0.006507343941709518
2018-11-13,-0.001873003583058105,-0.00812099283730819,-0.0006141781950120993
2018-11-14,-0.00686004915833255,0.006898682860815119,0.0006141781950121332
2018-11-15,0.010382450873826962,5.659312249631377e-05,-0.0004385279699584187
2018-11-16,0.0025971898641507993,0.0011543485143173634,0.005770932967694025
2018-11-19,-0.017058913488221025,0.007833541738013036,0.0027855011782988407
2018-11-20,-0.018679815091914263,0.0035904124545615974,0.00034754888704963924
2018-11-21,0.0034019360879402843,-0.007236214894346958,-0.00034754888704970413
2018-11-22,0.0,0.001399771088484465,0.0
2018-11-23,-0.006701362075740882,0.00129913302540532,0.0010432013790396407
2018-11-26,0.01601548701123811,-0.005787459882789436,-0.002260825212959881
2018-11-27,0.003358767169330591,-0.0003514642433935953,0.0011311766928718615
2018-11-28,0.022764414939104225,-0.0030552182237152223,-0.004880677747646943
2018-11-29,-0.002187603857098333,0.006154085648589298,0.003924087004591476
2018-11-30,0.006076898787989606,0.0021282563230342836,0.0037352599813179365
2018-12-03,0.013154660540995601,-0.004444753317076851,0.007074921447311401
2018-12-04,-0.03293903789998288,0.0011120969434071908,0.01660310957729477
2018-12-05,0.0,-0.001055343439309746,0.0
2018-12-06,-0.0015184823840133116,0.0005445647806004922,0.003135356998202033
2018-12-07,-0.023509862745851536,0.00226102987934065,0.001859800226783751
2018-12-10,0.0018950106362026473,0.002300368502689518,0.004129871078312443
2018-12-11,0.00022710818171026615,-0.003902916391754538,-0.00016880473962615537
2018-12-12,0.005022864405892531,-0.0029483233608125887,-0.004468125524828344
2018-12-13,-0.0003392330263469338,0.004437154988177638,-0.0023681138481674788
2018-12-14,-0.018637497968430734,-0.0008640370211149319,0.003466269149178275
2018-12-17,-0.019813073959059544,-0.005089346754260064,0.005806739329790211
2018-12-18,-0.001096870386223323,0.003874133037778065,0.005971150763209741
2018-12-19,-0.015089394321796224,0.0022498726790910906,0.013123923532933129
2018-12-20,-0.01641196957543754,0.0012406398541556292,-0.003637569443461732
2018-12-21,-0.020702177149450385,0.005894325669240089,-0.0001660760973355077
2018-12-24,-0.02677830282449072,-0.007362502855146589,0.004958356199904002
2018-12-25,0.0,0.002733204388363113,0.0
2018-12-26,0.0492897992149836,0.001015549167608685,-0.01077310350500783
2018-12-27,0.007648239446616729,-0.004760354329909309,0.0001664874860884652
2018-12-28,-0.0012910184242014967,0.006119700433588459,0.008378642281806117
2018-12-31,0.008720627618591197,0.0007775629855240129,0.003793058103832326
2019-01-01,0.0,0.0046324981013964464,0.0
2019-01-02,0.0010399241386753633,-0.002731637394770495,0.0052530535994353336
2019-01-03,-0.02415206106839839,-0.012608298115566716,0.011314876522418119
2019-01-04,0.03294690846335397,0.006426636088957116,-0.011642204274392314
2019-01-07,0.007853830492024108,0.0016987238668561887,-0.0029527427061430216
2019-01-08,0.009351399730546118,0.006054385516065666,-0.002631824835305345
2019-01-09,0.0046626483508115735,-0.0020641436330749562,-0.0015657227140068552
2019-01-10,0.003521484006015449,0.008594450913368567,-0.006454510944641572
2019-01-11,0.00038609155249723636,-0.0038864264493645136,0.00389391271144546
2019-01-14,-0.006119679322196419,-0.00435283427225836,-0.003728112543877863
2019-01-15,0.011395638953968392,0.0011121961372727578,-0.0036584252005704473
2019-01-16,0.0024168230523560685,-0.004898327287011697,0.0009991382250616324
2019-01-17,0.007558101072841831,-0.0016427589079669254,0.0002496683918359074
2019-01-18,0.013222202773815663,-0.0004784957874557275,-0.005255292416658069
2019-01-21,0.0,-0.0023781934087444396,0.0
2019-01-22,-0.013602774099913981,0.0003296032683529126,0.006751836445492087
2019-01-23,0.002090510430833087,-0.00046606963613473793,-0.00041560556614329803
2019-01-24,0.0005311681048555913,0.002127322710837133,0.006544422866579071
2019-01-25,0.00842582232730458,-0.006583448410776002,-0.004800451146706483
2019-01-28,-0.007629178462658953,0.008760988515929479,-0.0009960694856034175
2019-01-29,-0.0013278119695011898,0.0014848026534814308,0.005053258423564627
2019-01-30,0.01570668467105363,0.0004686962359195961,-0.0007443679929736466
2019-01-31,0.008744025482518465,0.004561711164055767,0.00856333958397233
2019-02-01,0.0004817094695231245,-0.0033259073301630383,-0.006057973734742415
2019-02-04,0.0070107999618978616,0.0005039053289246995,-0.004474170508692936
2019-02-05,0.0041827206905109965,-0.0016595470915367278,0.004556820974444568
2019-02-06,-0.0013188318345652584,-0.0023074618573273305,0.000495916887689479
2019-02-07,-0.00957819752018562,-0.003860612972666276,0.0065883884740784715
2019-02-08,0.001220403400721964,-0.002395346293797252,0.004259163998150044
2019-02-11,0.0005547468048486938,-0.001280408356981286,-0.003931197986348905
2019-02-12,0.012777030798552105,-0.004000844109966494,-0.0025470045958880163
2019-02-13,0.0032415948195477573,0.004918473500405294,-0.0037910383812593063
2019-02-14,-0.0022202559908442465,-0.0061695798826221495,0.005681925100542751
2019-02-15,0.010838145499746564,0.002695914497866886,0.0015584273316085035
2019-02-18,0.0,0.00023722211329471452,0.0
2019-02-19,0.0017287350773810045,0.0012322692836783213,0.002538557176978993
2019-02-20,0.0020139249626181382,0.0027411608677647453,-0.002866539986024188
2019-02-21,-0.003562187783275728,0.00029495792912739876,-0.008979012476467565
2019-02-22,0.006181103435124177,-0.0002949579291274804,0.00594031576784321
2019-02-25,0.001359523374847655,-6.799872349992361e-05,-0.0029657076562305826
2019-02-26,-0.0007150093132819487,0.0022255802146592192,0.0049379709919746585
2019-02-27,-0.0004299964353340085,0.00225328383968603,-0.011393568851154334
2019-02-28,-0.0018643149222821672,-0.0011386297452060565,-0.003410321215386823
2019-03-01,0.006224717659605837,-0.0005916024068003128,-0.009286239888393298
2019-03-04,-0.0036441092410998592,0.00021610223753054902,0.007806688700100043
2019-03-05,-0.0013613293718571914,-0.0033956403273073116,0.002088599947134462
2019-03-06,-0.006075274189704268,-0.0026719963826243357,0.0036646308284775126
2019-03-07,-0.008400607043153393,0.0006107727107340299,0.006464107389853064
2019-03-08,-0.0020019950887077693,-0.010276757477315702,0.004203879833756975
2019-03-11,0.014397055383819997,0.00303939147306997,-0.0029655674639726052
2019-03-12,0.003764067901113819,0.0023841175775367028,0.0069879997913205255
2019-03-13,0.006597067668139077,0.0025026548306310145,-0.0018856865579609827
2019-03-14,-0.000640006697856149,0.00385648502303467,-0.007249450521677197
2019-03-15,0.004928680180026332,-0.0020036509660536087,0.006592079844738946
2019-03-18,0.0036195082748114124,0.001006960990779451,-0.0005747919663000123
2019-03-19,0.00024778701365588124,0.0014500240764859019,-0.002221396918726671
2019-03-20,-0.003014477551707495,0.0016450012745673303,0.010405575868624381
2019-03-21,0.011231332844441411,0.0064134108071521164,0.0021987365256927855
2019-03-22,-0.019434465577654554,-0.004640417885864895,0.015415557174392231
2019-03-25,-0.0007518753663508922,-0.006982574004310345,0.0016007465854765792
2019-03-26,0.0074262021103934225,0.0017637043133131368,-0.0007199884431233685
2019-03-27,-0.005242588526964237,-0.0036257832363158385,0.009160026583892743
2019-03-28,0.003783133330984092,-0.0020498839618826913,0.0034826219133043965
2019-03-29,0.006286175088836602,-0.0019334983338959073,-0.0009485900932217953
2019-04-01,0.011789167974141802,-0.0005500201511864402,-0.014305776339783218
2019-04-02,0.0004896842098072283,-0.0016149625564934353,0.001847646956673617
2019-04-03,0.0015726847000890006,-0.00016809826851559137,-0.008705642015197792
2019-04-04,0.002649403758544984,0.0038390967308610242,0.0028295650149157427
2019-04-05,0.00482880527860651,-0.0018764497341418646,0.0012908273743764262
2019-04-08,0.0007620429354097399,-0.0005611678088361302,-0.003554176360758576
2019-04-09,-0.005138101607631503,0.0032814920734817597,0.0031514118896087528
2019-04-10,0.0034051631447914086,0.0009346878341712132,0.002416447875376692
2019-04-11,-0.0002774877724349345,0.0008454413460724173,-0.005891328631930941
2019-04-12,0.006743080938821128,-0.0013973625671128659,-0.007148331358940083
2019-04-15,-0.0006548950888545507,0.003926453887287985,0.0025241766739095227
2019-04-16,0.0006548950888547009,-1.1282974955778956e-05,-0.006281039381883123
2019-04-17,-0.0024498866301449723,-0.0017620218189266376,0.0004091402452398894
2019-04-18,0.0019673924314090097,0.0010726753274142547,0.005221183144718494
2019-04-19,0.0,-0.005430513022733237,0.0
2019-04-22,0.0008615589012159786,0.0007643436363329363,-0.004812132638661425
2019-04-23,0.008951622011847725,0.0012827031012071087,0.0021233475910132464
2019-04-24,-0.002222181471345113,-0.0030802152729997824,0.008125403237089593
2019-04-25,-0.0006160631297384685,-0.00633289171461129,-0.0014578239523599314
2019-04-26,0.004646034437473833,-0.0014934894594870038,0.0033981358594601034
2019-04-29,0.001566469754647795,0.0012035870718230023,-0.006401246247497075
2019-04-30,0.0005104837030498414,0.003126975986935249,0.005108200125779664
2019-05-01,-0.007544957435038912,0.0027552885720882737,0.004116834223684468
2019-05-02,-0.002161633699466222,-0.0013562607830761623,-0.004773392486373006
2019-05-03,0.009740552510720375,-0.0024387022843649175,0.0028341155267514627
2019-05-06,-0.004123986395835946,0.0010956263111556311,0.002745920358507352
2019-05-07,-0.016840594851356378,0.0014327914841074847,0.007632424997758261
2019-05-08,-0.001389828367349021,-0.0009629197866596529,-0.0043313488997172075
2019-05-09,-0.0030306943167334247,0.0006492528629151659,0.004090839333603025
2019-05-10,0.005010856997184541,0.0021187176311267208,-0.0013616026941252568
2019-05-13,-0.02545147457416087,0.0012801764504052242,0.007825050532889993
2019-05-14,0.009003306521055578,-0.0003482529293695144,-0.0029469959581314886
2019-05-15,0.005840428486590073,-0.0025017087894480925,0.006123141371418225
2019-05-16,0.009218377827014597,0.000246485180568536,-0.0033354588607972984
2019-05-17,-0.006486005001474774,-0.0030101684148013666,0.002224925034287983
2019-05-20,-0.00663432006242283,-0.0007372774880440244,-0.002065611586777461
2019-05-21,0.008975472981776528,0.00029036522491189705,-0.0015921654547662977
2019-05-22,-0.0030762222729121976,0.0,0.0057194307080512775
2019-05-23,-0.012293980579561206,-0.0011720120537771794,0.01118463527017781
2019-05-24,0.002265648843809256,0.002602643865678214,0.0008610976805777308
2019-05-27,0.0,0.002239375060896092,0.0
2019-05-28,-0.009343757984345702,-0.0014113484229803018,0.007174103912783445
2019-05-29,-0.006733151582293186,-0.0020687923774008418,0.0030255733091576337
2019-05-30,0.002727381569114637,-0.0029892075171091474,0.008561736347851895
2019-05-31,-0.013567043382276099,-0.0005567402489159767,0.01244199986768041
2019-06-03,-0.0025459006843306757,0.0038475888526603077,0.006666227417972038
2019-06-04,0.021474183559794826,0.006445830078432219,-0.011466495283775614
2019-06-05,0.008624961062043884,0.0006863168436886033,-0.00566816090013572
2019-06-06,0.0064813267549780765,-0.0022258578473965626,0.003221299289271557
2019-06-07,0.009957733590341382,0.004219828344535549,0.008614351399800569
2019-06-10,0.004578368599396222,0.003864012256703314,-0.009457084638553472
2019-06-11,-0.00024250536013954135,-0.0001811446154029547,0.0006130462777680346
2019-06-12,-0.0017666672438318163,0.0010077795044543913,0.0007652011753797522
2019-06-13,0.004117769922802914,-0.0029977898381629686,0.003437583114171548
2019-06-14,-0.0011054640735724682,-0.0013432139022488056,0.002513304457376491
2019-06-17,0.00037989171195297415,-0.005635586181714401,0.001747962502729898
2019-06-18,0.010416652607351456,0.0006731322746558854,0.0049995137990814275
2019-06-19,0.002255080424704905,-0.0023543285384641957,0.0014346509639905339
2019-06-20,0.009508359120033663,0.0035898806005276213,0.002636878252431268
2019-06-21,-0.001454405847358086,0.005070115747244044,-0.011047063478440968
2019-06-24,-0.0012251333994209373,0.007858698550878718,0.007428785548139696
2019-06-25,-0.009856409514281229,0.001366994847334753,0.0030913870837112893
2019-06-26,-0.0009980102847318459,-0.0026640390021479346,-0.006420272993847072
2019-06-27,0.0035398809803114696,0.00042076235336564207,0.00702261447579238
2019-06-28,0.005132503302412084,-0.0001592063874156251,-0.0006770548388499208
2019-07-01,0.009037591914770795,-0.0007048372340149661,-0.002341782215200746
2019-07-02,0.002600826240345675,-0.006841027998014664,0.007683569868454175
2019-07-03,0.007963622287608614,0.0004967823546674645,0.007103514141840359
2019-07-04,0.0,-0.00045168692846070087,0.0
2019-07-05,-0.0011389618909412491,-0.00019180164220305857,-0.013351699112442002
2019-07-08,-0.005509698357035969,-0.005189307743699327,0.001358505692045523
2019-07-09,0.0012457946658004802,-0.0010099377256192056,-0.00037689694747729377
2019-07-10,0.004766709923243174,-0.0006951303941730276,-0.005522239336731309
2019-07-11,0.0023412099983272415,0.0045046519407322076,-0.013440499197890794
2019-07-12,0.004467071758215707,-0.0005740370210267257,0.0011526866681682373
2019-07-15,0.0003327157515286034,0.001745659265439037,0.0057432988142254475
2019-07-16,-0.00323089583016426,-0.0009126720794380647,-0.002982332032500392
2019-07-17,-0.006828109619798111,-0.0044048128062413846,0.010739831304502859
2019-07-18,0.003654155535947581,0.0015484200315144313,7.603072187899734e-05
2019-07-19,-0.00557041632419606,0.002833951669395673,-0.0023518376179754354
2019-07-22,0.002453527035317189,-0.0038441102150741594,0.0018966388619727009
2019-07-23,0.007124725190274492,-0.0010875570533576903,-0.005471780127870275
2019-07-24,0.004688394983385862,-0.004907467549868986,0.004334414612306305
2019-07-25,-0.004788324947998431,-0.000791388790600397,-0.004792104215298974
2019-07-26,0.0066775787508082,0.0003342777468417021,0.0023614018627727547
2019-07-29,-0.0018226519589231466,-0.0012586424965775793,0.0003038562872099384
2019-07-30,-0.0024581231066781,0.0009801032980864398,0.0024303940584985122
2019-07-31,-0.011000740090793328,0.0013379691883316093,0.008008287913860854
2019-08-01,-0.0087460119566283,-0.0077580179364134675,0.019666333934673368
2019-08-02,-0.007557685518947926,0.0006423671708642403,0.009199017018260836
2019-08-05,-0.030534722623449077,0.0026290992844662667,0.017140067660011863
2019-08-06,0.013925453396305944,0.012147950516988368,0.007960947841796653
2019-08-07,0.0005905601193927518,-0.0032778523360136405,0.00035755777530877193
2019-08-08,0.019430064594416367,-0.0002353191249881552,0.0021399157431111876
2019-08-09,-0.006834851781304759,-0.0015338026478230985,-0.0019973451479909417
2019-08-12,-0.012247614651858515,0.001903564986125621,0.020634939661269433
2019-08-13,0.01543175027861917,0.0008747157439385969,-0.0034332422759412954
2019-08-14,-0.03001363676198655,-0.003684014354080683,0.02228001418418994
2019-08-15,0.0026381224003981414,-0.003024408733292059,0.011058316623091298
2019-08-16,0.014647310339962492,-0.0026708564106834526,-0.008042526838852366
2019-08-19,0.011975785672058722,-0.001776590511615778,-0.014406212406533293
2019-08-20,-0.007692148752690133,-0.0009646611520012486,0.010291548195257643
2019-08-21,0.00810275502346459,0.0013197377273767932,-0.006687942807669321
2019-08-22,-0.00030782328551103103,-0.0006323495735885972,-0.006662829435238653
2019-08-23,-0.026023055156170302,-0.0006098411473300269,0.016300739488854205
2019-08-26,0.010997798521070079,0.005312309309738485,-0.00404985626449019
2019-08-27,-0.003931672484986846,-0.003537256893122397,0.015291349390240199
2019-08-28,0.007017014029212442,-0.0012317467317716595,0.0012865243072006107
2019-08-29,0.012692025090629704,-0.00037704624230177567,-0.0037960759532381684
2019-08-30,-0.0004442867142441531,-0.0021593289853707575,0.00027135277193221947
2019-09-02,0.0,-0.006362502791238149,0.0
2019-09-03,-0.005864442319784862,-0.0021191385919894787,0.0012920861071468548
2019-09-04,0.01128647456020071,0.0005485905007386359,0.0014928026277402848
2019-09-05,0.012773495611057832,0.005491346018407023,-0.018276861733174343
2019-09-06,0.0007718944594146717,0.00012141682649037292,0.007090468570469128
2019-09-09,0.0005029309209771928,-0.001422711981305087,-0.017924616424131266
2019-09-10,-0.00023454113053746,0.0025158795130875685,-0.017683171262082704
2019-09-11,0.007085701932155499,0.00017672051437775128,-0.0017787929297219817
2019-09-12,0.0034580937670820066,-0.003342692532724868,-0.006572052797535021
2019-09-13,-0.000664012250661532,0.004061228432765623,-0.021590711033697148
2019-09-16,-0.003093681719588431,0.0022695435289529064,0.012663208627160711
2019-09-17,0.0025288626549666462,-0.007013239349717472,0.005408478503538279
2019-09-18,0.0005980469891031722,0.0062265838521357595,0.004234630557256815
2019-09-19,-6.679373944200358e-05,-0.003912760857539547,0.0030041420235997814
2019-09-20,-0.0047355223255361005,0.0015456218977689294,0.013123931020319614
2019-09-23,-0.0002348668010330209,-0.0026701114277863374,-0.00021114772643606003
2019-09-24,-0.007877797385135351,-0.0023003809903158227,0.01198151617721267
2019-09-25,0.005897399687243828,0.002101950365998579,-0.014734685988117628
2019-09-26,-0.002085482418773944,-0.0058218563359692605,0.006411739423855506
2019-09-27,-0.0054018761576325805,-0.0027564192221066833,0.0024549811826345283
2019-09-30,0.004626959395771002,0.0018257472434580673,0.0024494287266189816
2019-10-01,-0.01196586632745872,-0.003942544389598497,0.0030056575308466714
2019-10-02,-0.017822626304925492,0.00323157095816303,0.0024406917162320477
2019-10-03,0.008159570283501092,0.002627776184569618,0.009080307744351559
2019-10-04,0.01344108932690635,0.0010641256168013682,0.0073561694012287265
2019-10-07,-0.004323970451345179,0.001021221175843762,-0.008322299774192547
2019-10-08,-0.015646366530971158,-0.0013175672354694208,0.002690461908906938
2019-10-09,0.009451403730464224,-0.0010965267988039308,-0.005665229789362127
2019-10-10,0.006740899946370128,0.0025240028453327565,-0.015006196830643847
2019-10-11,0.010313509477072198,0.0021118508038712965,-0.012454350361896351
2019-10-14,-0.0011142687817463277,0.0017214227218684101,0.007236436466265956
2019-10-15,0.009851742516555536,-9.046477989097708e-05,-0.012161824379693735
2019-10-16,-0.0016075325510380766,0.0005185753331738292,0.0012157068549687004
2019-10-17,0.0029448532967893924,0.003636940737031737,-0.0024325574351419434
2019-10-18,-0.004387285136316497,0.004706823401557925,0.0
2019-10-21,0.006756499231295892,0.002562558558288225,-0.00755139058328422
2019-10-22,-0.00327177691149445,-0.00035686656150583955,0.005830578990969559
2019-10-23,0.0029054209889203867,-0.002016512323627505,0.001003897588529395
2019-10-24,0.0016326484822592026,0.0002782411876379464,-0.002009680029437263
2019-10-25,0.004086618996700445,-0.0025570968400006238,-0.00489698100263188
2019-10-28,0.0056206323974714685,-0.0017751204828271693,-0.009137528233297559
2019-10-29,-0.0002968877729451549,0.0013421613323952551,0.000654886029107582
2019-10-30,0.0030627131811762835,0.0014106152649590552,0.014528515911941422
2019-10-31,-0.0026669933183805054,0.003563011187457375,0.013400056755058539
2019-11-01,0.009221486604848055,0.00023423408127475206,-0.003082883710448271
2019-11-04,0.004009421510567942,0.0008483186461446384,-0.013248689148749234
2019-11-05,-0.0011065889051179577,-0.0034110980809337267,-0.011310340341850428
2019-11-06,0.0002279014743585702,-0.004895684739124028,0.006033519694493555
2019-11-07,0.003510563336221655,-0.0003432343040610424,-0.018284762668057335
2019-11-08,0.0024631505043441774,-0.0045902746872287185,-0.004216348261623478
2019-11-11,-0.0019117675965378941,0.0002491037604672152,0.0006667944531628438
2019-11-12,0.0021057050851368947,0.0011799926648196426,0.004582106097813512
2019-11-13,0.00032376238736519147,-0.0020945065673948536,0.006468047935978745
2019-11-14,0.0014545480841047724,7.707129932495918e-05,0.010276340800953044
2019-11-15,0.007210204014872592,0.0006610320661624054,-0.0010879902484952422
2019-11-18,0.000737384486745758,0.003134730585158303,0.0018128861782640228
2019-11-19,-0.0002882659754009336,0.0015599736293654563,0.008298819636898939
2019-11-20,-0.003725699841071218,0.0006901025558301477,0.01029410360820165
2019-11-21,-0.0016102820540746096,-0.0001030761451725312,-0.006278708729547504
2019-11-22,0.002221449399987053,-0.001173751261188495,0.0012882165149082732
2019-11-25,0.007720174308070183,-0.0039206455924227866,0.002925636280528549
2019-11-26,0.0022633441949424264,-0.0007381815159191847,0.005827576841549389
2019-11-27,0.0044477126456718375,0.0007381815159192047,-0.0029097429739983545
2019-11-28,0.0,-0.0016079721459086524,0.0
2019-11-29,-0.0037159168360773533,0.0006275423045720938,-0.002134377406406508
2019-12-02,-0.008530744318001908,0.0006609029720223214,-0.013422293104517723
2019-12-03,-0.006729360025663793,0.005436089218695316,0.020750606814680696
2019-12-04,0.006151501764334575,0.0005540853176037691,-0.010035454746616206
2019-12-05,0.001796086737283687,-0.00019950418705007048,-0.004875622021569916
2019-12-06,0.009092865765373255,0.002019123089264813,-0.005549492202361963
2019-12-09,-0.003149074642799664,-0.004200130717519964,0.002164988101020628
2019-12-10,-0.0011159246158163633,0.0005519736322186549,7.247437182986482e-05
2019-12-11,0.002834723910314222,0.002504942866564743,0.007830056091519677
2019-12-12,0.008582317871813716,0.003878867315365377,-0.016594897326624235
2019-12-13,0.0005989140288788935,0.004497849743318054,0.011501805210406484
2019-12-16,0.006846320613066541,-0.005521771250448632,-0.00903109832780418
2019-12-17,0.00021932340344960443,0.001124222275714461,-0.0013798246869204055
2019-12-18,6.253468229211729e-05,0.0012927328987956917,-0.008246218612640148
2019-12-19,0.004090568769827566,-0.0031842980116769575,0.0015986161008614426
2019-12-20,0.004374582632251601,0.0009008548009907165,0.0013178574435481988
2019-12-23,0.001526427227581445,-0.0041525618246866895,-0.0014644237117858155
2019-12-24,3.1267711858433674e-05,0.0012639349687982339,0.002854004144977975
2019-12-25,0.0,-0.0003327368246873999,0.0
2019-12-26,0.005309230007239054,0.0004770388220483902,0.002408690703319934
2019-12-27,-0.0002479109420378113,0.0005104234111590525,0.0010931977214085338
2019-12-30,-0.005528769063131806,0.007286623560670526,-0.0036481265947203457
2019-12-31,0.0024267138388439197,0.0017862810709916835,-0.009841899066285017
2020-01-01,0.0,0.0016526425861242138,0.0
2020-01-02,0.00930836320411971,0.0,0.011229549691167436
2020-01-03,-0.0076008759912690235,-0.004411210053900827,0.015283319877200706
2020-01-06,0.003807814814668717,-0.0008486965705175967,-0.005694891876056776
2020-01-07,-0.0028158830909918255,0.0032231383954302996,-0.0049278070483218285
2020-01-08,0.005315060037839195,-0.00387033975832015,-0.006632550918736268
2020-01-09,0.0067581228862718945,-0.0037298266820401005,0.0035036269006807133
2020-01-10,-0.0028819957539314694,-0.0001889169480695333,0.008851733304149588
2020-01-13,0.0068537628813531955,0.0005000532657698783,-0.003038482221382201
2020-01-14,-0.0015256499421778186,0.00171342886823665,0.005131073005405715
2020-01-15,0.0022574583349340162,-0.0004341866069445138,0.006609769511429348
2020-01-16,0.00828359421763825,0.0020736147906197213,-0.00315597702752742
2020-01-17,0.0031080316681867544,-0.001294140833420409,-0.008584865489307668
2020-01-20,0.0,-0.004046570453323238,0.0
2020-01-21,-0.001960082695565921,0.00021079095030663436,0.010451046766314122
2020-01-22,0.00012065374945153917,-0.0010204176837492315,0.0035074518381752085
2020-01-23,0.001146090725988583,0.0009760499881296328,0.0069775491879917285
2020-01-24,-0.00893266290216653,-0.0037215309488002925,0.008055787771853173
2020-01-27,-0.016159316548426703,-0.0027048154401573266,0.015434857310383819
2020-01-28,0.01042463110122475,-0.0005070083082549927,-0.007862479765089825
2020-01-29,-0.0008262518199792917,0.00025342813606535716,0.009731647824089053
2020-01-30,0.003239923851672017,-0.000517957493631393,0.000138925273790716
2020-01-31,-0.018324468084323423,0.0011133636077491934,0.009088212324072224
2020-02-03,0.0074007060198731,0.005485525052044301,-0.0008106094217620682
2020-02-04,0.015126267583455668,-0.002425760277789674,-0.013558438173176559
2020-02-05,0.011482085758739996,-0.0014150782738120962,-0.010994737940398135
2020-02-06,0.0033589384445875522,-0.00407914716479985,0.004496308195347377
2020-02-07,-0.005343589268707615,-0.0017588635635342222,0.012400448341690483
2020-02-10,0.007437523425076796,-0.003070422989157765,0.002766499243550443
2020-02-11,0.0017313162494741602,-0.003279425511196765,-0.005053409986049091
2020-02-12,0.006422262428324604,0.000545789907371758,-0.005078816742960743
2020-02-13,-0.00106761621905397,-0.003988568387689874,0.003828361375702165
2020-02-14,0.0016008980356131146,-0.0027586935935611265,0.004368255160751589
2020-02-17,0.0,-0.00039037003474076096,0.0
2020-02-18,-0.0025803662515891846,-0.00015174787186237877,0.006825530525542561
2020-02-19,0.004769632159016289,-0.00413242307371629,-6.85034687671928e-05
2020-02-20,-0.004116513644093214,0.001360184848757387,0.00780238575774999
2020-02-21,-0.010351731045145097,-0.0020464967645173063,0.009297772861271966
2020-02-24,-0.033727598648015514,0.004721186336458318,0.014818325267240513
2020-02-25,-0.03077091232142587,0.0009358327590466026,0.005309804567672587
2020-02-26,-0.0036850196188322436,0.003018415136661551,-0.005309804567672643
2020-02-27,-0.04595154349266336,0.0003581554049379228,0.010790103577490268
2020-02-28,-0.004210071005781847,0.010175447527352876,0.022332368813352012
2020-03-02,0.042394716734275494,0.004905810422639446,-0.007384917816393174
2020-03-03,-0.029050044487604898,0.008356433460813023,0.015406467910677367
2020-03-04,0.04117336909123278,0.003281729195869594,-0.010675536061827483
2020-03-05,-0.03380653654394276,-0.0037273637898381047,0.024586887838210038
2020-03-06,-0.01666923563114029,0.0075809876464607955,0.05073482287444342
2020-03-09,-0.08131268497802081,0.01434540861589893,0.026742383094719404
2020-03-10,0.05045041736562595,0.0010481051458756956,-0.05261842867263413
2020-03-11,-0.04997640513624313,-0.007172069563950376,-0.0374915328920607
2020-03-12,-0.10056903698342207,-0.004871123222760194,0.006177437400502191
2020-03-13,0.08202807620412991,-0.006823700781210622,-0.02286250149203026
2020-03-16,-0.11588665747358384,-0.0026473308768339967,0.0627543367484504
2020-03-17,0.05258504086450222,0.0007030167891367934,-0.06900994858745771
2020-03-18,-0.051959747759798836,-0.013317896271767483,-0.058066249479078846
2020-03-19,0.002122672995010841,-0.004911892531991977,0.026861478532755976
2020-03-20,-0.04405027504705242,-0.028144080771162875,0.07250270354150781
2020-03-23,-0.025900702772958042,0.003469689454375606,0.0403826503198487
2020-03-24,0.08673094638883456,0.006544952365581136,-0.018789878388663556
2020-03-25,0.014859200816467867,0.0035262190611547056,-0.0022743967047045895
2020-03-26,0.05674857706375091,0.00801521441819402,0.004910288058703418
2020-03-27,-0.030238317771091924,0.014467411219748412,0.02634236111821635
2020-03-30,0.03195985230386125,0.008187089303251458,-0.008262683443935822
2020-03-31,-0.015017701484330142,-0.00979877568790389,-0.008149799284544892
2020-04-01,-0.04604902881142868,-0.0003529198097441969,0.013913286033922551
2020-04-02,0.022813066319220896,-0.006638045995333951,0.00632563380312285
2020-04-03,-0.014559507050465754,-0.009744816047908876,0.002377162266596153
2020-04-06,0.06500673219753958,-0.0037354318739070817,-0.0026149463587669913
2020-04-07,0.0010190803517717483,-0.0002916967182406305,-0.010527477044610883
2020-04-08,0.03301697212349077,0.008419050808379198,-0.0073025049764717
2020-04-09,0.015103082113825632,-0.0028938347371023966,0.0018154373113184398
2020-04-10,0.0,0.005850777165835929,0.0
2020-04-13,-0.00917211191789239,0.00048098003060578255,-0.009172114906934722
2020-04-14,0.029066044715395804,-0.0008851384596624093,-0.00024334084189004434
2020-04-15,-0.02147684116955836,0.0056960393003238855,0.026143514618893204
2020-04-16,0.0048126049880287056,-0.007335406043470732,0.011293127524586877
2020-04-17,0.026656751424529754,-0.004285139918145141,-0.01349554173470543
2020-04-20,-0.017774521907370836,0.0007820191746308519,0.008012665531870326
2020-04-21,-0.030834127905838248,-0.0001956120482852273,0.012513010558269966
2020-04-22,0.021951898388679364,-0.0007709720633413682,-0.010269190610790931
2020-04-23,-7.167505562054019e-05,-0.00432246331143561,0.005294358940964632
2020-04-24,0.013842541800094197,-0.0030221678851646873,0.0023442380469583073
2020-04-27,0.014315441327055782,0.004320208971249524,-0.018788689811757724
2020-04-28,-0.004609051288327282,0.00010825926220592308,0.011445295163402402
2020-04-29,0.025841492093663352,0.0010830485703049676,-0.005202122717933698
2020-04-30,-0.009354241359581005,0.0037456223174487475,-0.011746226674006722
2020-05-01,-0.026830073589066566,0.0062521016248604224,0.00852704014889449
2020-05-04,0.0027547201979018724,0.0012924943262924613,-0.004714240739947176
2020-05-05,0.00919667522731122,-0.00506151744593804,-0.0064220904847548145
2020-05-06,-0.006802032846012076,-0.006044457194208517,-0.016267314164862292
2020-05-07,0.011994509238527016,-0.003699948420920635,0.016568368768666325
2020-05-08,0.016411124916813048,0.003569826442106355,-0.013086511952850951
2020-05-11,0.0002048467429190601,0.00021678724144065777,-0.007836611354238588
2020-05-12,-0.020132560437384994,-0.0027818730242308957,0.010212134769492839
2020-05-13,-0.01784390963639191,0.003454153486910613,0.006972499098497113
2020-05-14,0.011895897142417643,-0.0021344971862724505,0.009739294069583333
2020-05-15,0.004586437020398531,-0.0015466442661771166,-0.002576285989062509
2020-05-18,0.030005080164531368,0.0013302007365226065,-0.02219845129995882
2020-05-19,-0.010324499210882979,0.008629270343230282,0.0037341311477463992
2020-05-20,0.016845058246069952,0.00115766159200992,0.002989665094135016
2020-05-21,-0.00692783721118634,0.005039383759406821,0.0024946328116870822
2020-05-22,0.0018972987207293043,-0.0027418957158269978,0.005997495138059987
2020-05-25,0.0,-0.004126281178358824,0.0
2020-05-26,0.012245634139718388,-0.0004405280636237495,-0.013500141134629832
2020-05-27,0.014769449890096823,0.0071989649335533965,-0.0018383622810891594
2020-05-28,-0.0018466824599333903,0.0031897006443984094,-0.003687351431719561
2020-05-29,0.004445899909320464,0.005634519843012447,0.007115831096341472
2020-06-01,0.0040334895093592565,0.003551638495555174,-0.006755231318034436
2020-06-02,0.008246158442043044,0.0006673092775855425,-0.003642350665514979
2020-06-03,0.013220281155879587,0.005690338279647767,-0.013386194420984286
2020-06-04,-0.0026298973266781966,0.004148682561719183,-0.014584988072515901
2020-06-05,0.025306407103829028,0.00902938836116304,-0.007149304038021751
2020-06-08,0.012014961889891278,-0.0016199817594840025,0.0038367535948431487
2020-06-09,-0.007484337117901319,-0.001233028042661829,0.011294569685479816
2020-06-10,-0.005595777175188146,0.00235429926666161,0.014718898936521745
2020-06-11,-0.059377614512226236,0.0029280210908834464,0.01872381700010076
2020-06-12,0.011905006021713408,-0.00683004994336145,-0.009687757600715382
2020-06-15,0.009292149433253117,-0.003200658370140185,0.0005534283359111088
2020-06-16,0.019064698203964985,0.007590147436824098,-0.015451608654797317
2020-06-17,-0.004162473875859097,-0.006374216046632403,0.004119452189347494
2020-06-18,0.00038503386873076306,-0.002025784015529618,0.010532052482323074
2020-06-19,-0.0057310041781029756,-0.0028415210931360207,0.000800103983126741
2020-06-22,0.006394161917404433,-0.0029877213296057113,0.000124045558315307
2020-06-23,0.004593088034440877,0.009095057230980143,-0.006858327579652697
2020-06-24,-0.025839394723126186,0.0028917950091841924,0.01066850464575152
2020-06-25,0.010663512987766946,-0.0054489396656502145,0.0028787973914652116
2020-06-26,-0.024038081643349706,-0.0025620007730021385,0.010646270269483315
2020-06-29,0.014590540189295412,0.0003367903676439813,-0.0031513056472697643
2020-06-30,0.012727956792344453,0.0018989199031385483,-0.004868480876746321
2020-07-01,0.006980565932748383,-0.0010005176272754655,-0.0019440124159443622
2020-07-02,0.005491907478676106,0.0013717322924298595,0.0010395249055573394
2020-07-03,0.0,-0.001203159527819667,0.0
2020-07-06,0.015319309411357172,0.0008319448626654612,-0.004104378702583347
2020-07-07,-0.010367259669293848,0.005820437088329796,0.013958945998887957
2020-07-08,0.007619395896036641,-0.0033317075936469443,-0.004003749750875974
2020-07-09,-0.005709255452161588,0.005653583667688177,0.015797136164700347
2020-07-10,0.010158942976532253,-0.004525481756836082,-0.005036985356403844
2020-07-13,-0.008696519842268961,0.0019547842241856806,0.0033005409419064008
2020-07-14,0.012875484999335536,0.003129836355739189,0.0014376467902957172
2020-07-15,0.009145188602473426,0.005731084189124986,-0.0046782039856651525
2020-07-16,-0.003298884582467682,0.0005684764957306626,0.004737904198681826
2020-07-17,0.002895088606506444,-0.0021988281362380624,-0.0020969585387009245
2020-07-20,0.008049086410011251,0.004452839784056593,0.002455749298106802
2020-07-21,0.00212539106865769,0.001374087699634121,0.0005978093305790102
2020-07-22,0.005675530928739524,0.006552908037431887,0.0029848009558499375
2020-07-23,-0.012003326893407001,0.003003306800597305,0.011612988165230894
2020-07-24,-0.006460930502200686,0.002362799250454524,-5.845160606718824e-05
2020-07-27,0.007265773387697113,0.004859005509410978,-0.003718691233573934
2020-07-28,-0.0063626429612646815,0.009965846353996966,0.006894550079124144
2020-07-29,0.012223743518467686,-0.0042983898977795604,-0.0017039409365752056
2020-07-30,-0.0035741140054191913,0.0054524132545194165,0.006566605985757509
2020-07-31,0.007870959601616528,0.007557730482728887,-0.000643346314613249
2020-08-03,0.006928078326274292,-0.007604877620557198,-0.005047153427639493
2020-08-04,0.0038552900896765374,-0.0016128392275391056,0.00948684020428796
2020-08-05,0.006191697553832746,0.004420992329538805,-0.008780658167594727
2020-08-06,0.006662105387726162,0.004844217313191569,0.005570165607890769
2020-08-07,0.0007177583262038843,0.0003086983850073394,-0.006687909871810794
2020-08-10,0.002984600056839991,-0.007925657651976375,-0.004484496625587098
2020-08-11,-0.008288973705347919,-0.003822121048824024,-0.011955673551543238
2020-08-12,0.01384620154975174,-0.00010562834554598832,-0.009138212908388083
2020-08-13,-0.00180969158578606,0.004867204375342793,-0.010746091374766625
2020-08-14,2.951447508133542e-05,0.0019277181561497953,-0.00391431052245496
2020-08-17,0.0031719536273955096,0.0030415396512393574,0.0025094459684443494
2020-08-18,0.0021581201566346713,0.0020169448636142393,0.007126441892267862
2020-08-19,-0.0041723181900664265,0.005991819503850231,-0.0062716316745062475
2020-08-20,0.0031086325623711215,-0.008772937668035469,0.008999044248059042
2020-08-21,0.0035409022019060868,0.002543704941241629,0.005974451266278209
2020-08-24,0.010082128566654374,-0.006391340754740066,-0.0016256260986459252
2020-08-25,0.003493363944318771,-0.00029498449271552575,-0.0076830040742230845
2020-08-26,0.00997555605915226,0.00342631292556195,-0.0038335408171415756
2020-08-27,0.0021844938069577107,0.0006511822732343915,-0.01715582208878229
2020-08-28,0.006438130315020425,-0.0019521980310365427,-0.0007439514995383847
2020-08-31,-0.0036288454929474276,0.008308183307316214,0.006618493799887548
2020-09-01,0.009374420375793698,0.0017415756438502092,0.01137303419014452
2020-09-02,0.01436044821371398,-0.0013243685869994246,0.009475345478427745
2020-09-03,-0.035020440609398955,-0.006382304050645309,0.002837520251567247
2020-09-04,-0.008198315350632741,-0.0006395501907557035,-0.0191713828693055
2020-09-07,0.0,-0.0004498626544599933,0.0
2020-09-08,-0.02770307861386921,-0.0010763825397821381,0.006126276451315538
2020-09-09,0.019554813255848832,-0.0043644504422306754,-0.0026911379860158533
2020-09-10,-0.017516041322368187,0.0030650000384235014,0.0050702565476829255
2020-09-11,0.0005088209801169277,0.0015241955964890776,0.0021294945744620023
2020-09-14,0.013085530002760476,0.0015501619098305707,-6.0414045093594347e-05
2020-09-15,0.005039493417473528,0.0023001587836135036,-0.0024352068177632413
2020-09-16,-0.003976666514208167,-0.0021580365093011983,-0.0029906372583900515
2020-09-17,-0.008834136962792226,-0.0034643925057169208,0.0030518739836042784
2020-09-18,-0.011579362780968036,0.003784194404350613,-0.0031132978868031397
2020-09-21,-0.011191980995611727,-0.00022509848153577297,0.00506123412618727
2020-09-22,0.010133104915203072,-0.006566912063439029,-0.000791334229500093
2020-09-23,-0.02346444479003772,-0.005080188782394758,0.0013392030750048365
2020-09-24,0.0026619956503067133,-0.0042644570910396855,0.0038224498984513557
2020-09-25,0.016037840181165764,0.001259955525634199,0.0
2020-09-28,0.01647291539217911,-0.0032515291017523847,-0.0028505474521211397
2020-09-29,-0.005460975743488817,0.003730263732286211,0.0011534968659834032
2020-09-30,0.007553587311899477,0.005398432735944618,-0.009631466659656274
2020-10-01,0.006399181190723769,-0.0013611364287141254,0.0016481815665584645
2020-10-02,-0.00953964410282364,0.0016077063645410661,-0.0037422493250561283
2020-10-05,0.017577640642679956,-0.002088376631710885,-0.0197316759240198
2020-10-06,-0.014317633541687223,0.006125130992924238,0.005375189928793895
2020-10-07,0.01725653441243054,-0.0046590314432261234,-0.007319475476072854
2020-10-08,0.008823608072797811,0.002538556036391257,0.0053849315087252814
2020-10-09,0.008890324688619248,-4.001590303437655e-05,-0.0001870334863958866
2020-10-12,0.015959518402838997,0.004226242406377237,0.003180795539549678
2020-10-13,-0.00654743083207217,-5.911793222122852e-05,0.007135554116289138
2020-10-14,-0.006303101422570069,-0.006278180816363138,0.0022839826544878844
2020-10-15,-0.001236849849305151,0.00015267773840031283,-0.0017281731653725212
2020-10-16,-0.0006042678595373816,-0.0031425047396492416,-0.0027853428560510617
2020-10-19,-0.015320207218674832,0.0007144627498970919,-0.0037859535131946195
2020-10-20,0.003997698610697526,0.004544144882610952,-0.009561785596810967
2020-10-21,-0.0018946198268756636,0.005168120008133394,-0.0034593578921247913
2020-10-22,0.005470190554072562,0.002036803587023197,-0.010451753768676618
2020-10-23,0.0033895968201784732,-0.0032899579374845926,0.006094282894847075
2020-10-26,-0.018652957851282882,0.002827654564092691,0.009259841986681066
2020-10-27,-0.0034533313370034837,-0.0033001629038455164,0.0066872057365918326
2020-10-28,-0.03477660259187343,-0.0021470612785486148,0.0009334035767498772
2020-10-29,0.010112063247772298,-0.003012149800032766,-0.009754722903306815
2020-10-30,-0.010479719896585072,-0.005973974709475419,-0.009914629494199561
2020-11-02,0.011146363889848377,-0.0031366510442316082,0.0074627804012041814
2020-11-03,0.01750177693396735,5.826095554634443e-05,-0.005818502902538422
2020-11-04,0.022103128938066215,0.010204356761020732,0.021460334212981037
2020-11-05,0.01931498643102475,-0.002513986342437094,0.0017368582969388186
2020-11-06,-0.00022817839238329485,0.007206380695062468,-0.012157900590666485
2020-11-09,0.012487279450870789,0.006366183456068054,-0.02123954621797773
2020-11-10,-0.001467813183153554,-0.0055386456714018525,-0.00578396615500372
2020-11-11,0.007400997557951349,-0.000721221293889815,0.0036028896682428024
2020-11-12,-0.00974804597682553,-0.0032625230156320003,0.016874946624815108
2020-11-13,0.013749324519014254,0.0019586090254565085,-0.0013271108433854121
2020-11-16,0.012405285116611845,0.00354019285936168,-0.002405535405483638
2020-11-17,-0.005392718034113279,0.0011970869835477517,0.006506594408248644
2020-11-18,-0.012108081487323494,0.0003558725515353005,0.00289241662761583
2020-11-19,0.004201614799361356,-0.0013516014389545322,0.005135488897960487
2020-11-20,-0.006871391790982676,0.0015888129539179579,0.008830588788164956
2020-11-23,0.005976507743151878,0.0,-0.004591647006663491
2020-11-24,0.01598528908827627,-0.0020033468877048368,-0.010002404932203425
2020-11-25,-0.0015428191210349444,0.004867342357784169,-0.0030833097841461506
2020-11-26,0.0,0.0016364653286423468,0.0
2020-11-27,0.0027812622304166606,-0.00033608257865220067,0.009658200820205527
2020-11-30,-0.0044374948968948155,0.004643726768977662,-0.0012491196091760936
2020-12-01,0.010878274968953588,-0.0027854849009629613,-0.014854153876560408
2020-12-02,0.002101686946401382,0.011345699845260208,-0.007967921820021725
2020-12-03,-0.0002727869232911737,0.0033258801250090177,0.008031513702305646
2020-12-04,0.008580579444353024,0.002559485522245068,-0.014773774514243929
2020-12-07,-0.0020568266150436396,-0.0020020007037436782,0.008979930511689481
2020-12-08,0.0029219233282493963,-0.0006786241721560766,0.004713869918011858
2020-12-09,-0.009009396746437385,-0.00018158890339934348,-0.0033095141642585876
2020-12-10,-0.0003268317069883556,-0.002660881592207315,0.00882415100439489
2020-12-11,-0.001173586762943662,0.005411394685255497,0.0035328593425664654
2020-12-14,-0.00448729428797055,-0.0008971006575492733,-0.0027748413997843078
2020-12-15,0.013428626047501224,0.0012760274826384625,-0.0033530732986214
2020-12-16,0.001568483456838853,0.0004447932579340932,-0.002665447565353023
2020-12-17,0.005576142800338158,0.003718838418115041,-0.002649110886677411
2020-12-18,-0.00400076799566153,0.0051614926845374685,-0.003002457036621148
2020-12-21,-0.0035816379297430047,-0.0038064083361426973,0.003958933113341713
2020-12-22,-0.001686988238859749,0.0016994360559735861,0.005146983037023616
2020-12-23,0.0008982154242733132,-0.004115299835438355,-0.006932996998196031
2020-12-24,0.00388314895267306,0.0003900283455694203,0.003949655354337775
2020-12-25,0.0,-0.0005485085946641497,0.0
2020-12-28,0.008553661827797706,0.0016708003921992543,0.00044460347346553394
2020-12-29,-0.0019094830496202495,0.001502332029679512,-0.0012712049731086437
2020-12-30,0.001425783434251056,0.0024109354771881916,0.0021608703511461036
2020-12-31,0.0050679176787203255,0.003824067102786903,0.001459252322539493
2021-01-01,0.0,-0.009773517884413802,0.0
2021-01-04,-0.013707632528347825,0.005765555261008046,-0.0012052909173528744
2021-01-05,0.006863584637954655,7.356226640494462e-05,-0.007454472281979707
2021-01-06,0.005960998333562411,0.003965123188171507,-0.020741712860923574
2021-01-07,0.014748172304048632,0.0033142610483495433,-0.008853518937547575
2021-01-08,0.005681349398900389,-0.005660827653219173,-0.00323311120534958
2021-01-11,-0.006763456720715998,-0.0069703961647830355,-0.0016533861177870375
2021-01-12,0.00021113539241729301,-0.002095021317432315,-0.0007950945232999677
2021-01-13,0.0026894822096377286,0.003955158044529991,0.011199279181943403
2021-01-14,-0.003508151667998322,-0.0038080283932926044,-0.009411691190651768
2021-01-15,-0.007319607436933111,-0.0009239134183000088,0.0039599103757343565
2021-01-18,0.0,-0.006866108748783546,0.0
2021-01-19,0.007821426890223887,0.0007605172831768469,0.003222298690608559
2021-01-20,0.01374379005113114,0.005085373313111707,0.0009842965377335128
2021-01-21,0.0009113674847507999,-0.0019161371485265039,-0.0070429258923297945
2021-01-22,-0.003545563055007244,0.004172884115166977,0.0032313152970019337
2021-01-25,0.003936041575739836,0.00025913209312755636,0.011717069377287316
2021-01-26,-0.001562315943699134,-0.0019087660606736155,-0.0018897020069425174
2021-01-27,-0.024744147354303747,0.0013782815622589177,0.002539941529351179
2021-01-28,0.00856349755479785,-0.004773378169334243,-0.0055434766719264904
2021-01-29,-0.020222524311708446,0.0012354407583351585,-0.006034149186019331
2021-02-01,0.01650830603854883,0.0003151851458534282,0.0011582473226563477
2021-02-02,0.014041352696882593,-0.00456032922487926,-0.0064679495382355436
2021-02-03,0.0007857907808976895,-0.0024589779925830125,-0.008912762018149908
2021-02-04,0.01130163062187575,0.000276917273947226,-0.0026757570112898414
2021-02-05,0.003928058321788542,-0.006302406474781382,-0.008408505602379008
2021-02-08,0.007196102286990588,0.006832463888964413,0.004381243157070687
2021-02-09,-0.0006659437228178781,0.0004001279473606964,0.0007391896023707389
2021-02-10,-0.0004357553822679269,0.005493380213142898,0.006631360595412311
2021-02-11,0.001613694253620803,0.0001006147186412552,-0.005489097311193305
2021-02-12,0.004927559518730949,0.0008488716587742157,-0.012497484783932556
2021-02-15,0.0,-0.0007761953783182415,0.0
2021-02-16,-0.0008663924777083854,0.0008330887385099504,-0.015343633687509099
2021-02-17,0.00022935804893895522,-0.0032787569674480477,0.00633031916923635
2021-02-18,-0.004265121475311663,-0.0036849485827756168,-0.00405484724859404
2021-02-19,-0.001767257706767278,0.003636543984999715,-0.01338134678641492
2021-02-22,-0.0077216724509496385,0.0028456766837020647,-0.007637035945707446
2021-02-23,0.0012139419447099922,0.003329382255763756,-0.0028880472611509237
2021-02-24,0.01095900084779678,-0.001204987918721342,-0.006580842179441429
2021-02-25,-0.024390928026319474,0.001580961359324078,-0.016466132348063413
2021-02-26,-0.005166013505862405,-0.0009002015062182222,0.03252445624386037
2021-03-01,0.02395115546928029,-0.005844176882910137,-0.013295355581371588
2021-03-02,-0.007833758742825958,-0.0031866658408165566,7.063166105515759e-05
2021-03-03,-0.013333925757556694,0.002848097048624638,-0.010904588684114421
2021-03-04,-0.012452282797581917,-0.0028842034545033873,-0.006470616748223516
2021-03-05,0.018229399392037996,-0.00690519775863099,0.0019457303499397045
2021-03-08,-0.004991230529531913,-0.0035242896042219775,-0.007805274299094362
2021-03-09,0.014176415430058615,-0.006217744884170941,0.013762334345142138
2021-03-10,0.006205383005399892,0.0038901553143102156,0.002001917975666937
2021-03-11,0.010088276545165921,0.0023633748120306186,-0.00723951925974667
2021-03-12,0.001345625803565503,0.005021504926535071,-0.021450266200957215
2021-03-15,0.005945916019672969,-0.0030159811771838406,0.005862882402726876
2021-03-16,-0.0012621805106864585,-0.002029413754968581,-0.004026742026158415
2021-03-17,0.0034040063199027274,-0.0020252271693676203,-0.007511413672395102
2021-03-18,-0.014656473844849388,0.006794990677772875,-0.010177762126403266
2021-03-19,-0.0018517978385018616,-0.005401606379240153,0.006178479514330834
2021-03-22,0.007953025213655283,-0.0029514157086691552,0.011143468495677737
2021-03-23,-0.00790188815421351,0.004191626170597192,0.00898701293340654
2021-03-24,-0.005096345891238568,-0.0078093163477120295,0.005367499155202161
2021-03-25,0.005609758318402497,-0.002294449520728023,-0.007916807884943169
2021-03-26,0.01598641102719468,-0.0030901862514860034,-0.0035062692014666873
2021-03-29,-0.0005051024640356303,0.0009661342348527806,-0.008524412794972324
2021-03-30,-0.0026565626935706427,-0.0014430194363622135,0.005226221307288998
2021-03-31,0.004045311653329633,-0.004035176121666364,-0.005595170649000847
2021-04-01,0.010741043140394722,0.00044567955889988594,0.016460686796342536
2021-04-02,0.0,0.004348963077613154,0.0
2021-04-05,0.01425106998113896,-0.0010007294698471864,-0.004373392387968447
2021-04-06,-0.0005906816415931379,0.00430470340840242,0.006770347890239301
2021-04-07,0.0011566022596965258,0.004667518332491089,-0.006988666962756504
2021-04-08,0.0047354540106773636,-4.7487154005886665e-05,0.00822117533677407
2021-04-09,0.007244120958202338,0.0035326838721787264,-0.00362946387628843
2021-04-12,0.0003643894594703615,-0.001274171563053901,-0.00043657953330063904
2021-04-13,0.002959223861935559,0.0011907313782124399,0.007465989655642509
2021-04-14,-0.0034210610508076294,0.00330576270865255,-0.0031825516146322093
2021-04-15,0.010685252111682282,0.00266938663461784,0.01659583903899158
2021-04-16,0.0033368726263265703,-0.001197872792266197,-0.00779646194290949
2021-04-19,-0.004925228175392689,-0.0001915020593817065,-0.0028767156122874167
2021-04-20,-0.007348342098732679,0.006315822590865152,0.004598373899875804
2021-04-21,0.009417484058231408,-0.0010714026456539285,0.002005375633345168
2021-04-22,-0.009175102660619525,0.0004452368864991329,0.004354205865038253
2021-04-23,0.010784231820423243,-0.0019122059613187559,-0.0023533670404306062
2021-04-26,0.0020852431562874705,0.006231051392350071,-0.0014291737381945113
2021-04-27,-0.0002153509457933812,-0.0006768412074528475,-0.00876093788793589
2021-04-28,-0.00028767765234964594,0.0007143095577937462,0.0006490801309339474
2021-04-29,0.006352528930590484,0.00376599054132821,-0.002959786659312218
2021-04-30,-0.006591931032444035,-0.0007279412418516312,0.0023107065283780974
2021-05-03,0.0021545167556537587,-0.008224575158544535,0.000599348741517689
2021-05-04,-0.0061885333353888525,0.002782257454785237,0.006763433293601585
2021-05-05,0.0003127057131391486,-0.003840141391094418,0.001647321568170026
2021-05-06,0.007953954633774758,-0.000588627419968323,0.0016452008287274357
2021-05-07,0.007251612900906721,0.00503198317631046,-0.004943547749084002
2021-05-10,-0.009951583406882814,0.008459516107695119,-0.01017846304703882
2021-05-11,-0.00896491473138856,-0.0024798007411299186,-0.005675957310116388
2021-05-12,-0.021474125435544653,0.00029383327808949253,-0.01056350781275593
2021-05-13,0.011940857820280081,-0.005448904780958964,0.0015474676944494344
2021-05-14,0.015238547229160404,-0.00010027954906686701,0.009308136042120945
2021-05-17,-0.0025476398794135532,0.0060326971844055525,-0.0021180927533251373
2021-05-18,-0.00865308086864544,0.0005347615740200223,-0.0025618894194497327
2021-05-19,-0.0026254068976978196,0.00550632825897061,-0.0024212569973593432
2021-05-20,0.010700594698801327,-0.004192610282990834,0.008195306296974047
2021-05-21,-0.0008190697305179876,0.00430631296814461,0.0032006123163688125
2021-05-24,0.010142677512637345,-0.0034538002924195703,0.0036975543734725207
2021-05-25,-0.002221112931411714,0.002573974062547223,0.009221115968846434
2021-05-26,0.0019826437197166635,0.002817025025208322,-0.0017228480779596699
2021-05-27,0.0005245415949593541,-0.004623097322663016,-0.004030459915020784
2021-05-28,0.0017874069801006762,4.868920925875243e-05,-0.0015878642907871782
2021-05-31,0.0,-0.00025598707258409764,0.0
2021-06-01,-0.0008812830459006004,0.003504687261543158,-0.00022391817642281893
2021-06-02,0.0015714105932957288,-0.0012347715654755192,0.002312044349957587
2021-06-03,-0.003718294510759461,-0.0006473941004048983,-0.003760461542731114
2021-06-04,0.00910426123949541,-0.006314430298984803,0.013601843166264341
2021-06-07,-0.000970678318636657,0.0029137387666372154,-0.0030783618143240573
2021-06-08,0.00021327944300155105,0.002070721242316343,0.007002199768835214
2021-06-09,-0.0014931353148295303,-0.001705667883123736,0.008789652527592656
2021-06-10,0.004637620766661039,0.0007514316319798007,0.005981396030031599
2021-06-11,0.0016510008753787642,-0.0007757186750589432,-0.0016152443754150025
2021-06-14,0.0022365956694391314,-0.005135737081496744,-0.007688479824065412
2021-06-15,-0.0018360592741490807,0.0009934254397854871,-0.0012045433883655834
2021-06-16,-0.005598878972515329,0.00040016097426804237,-0.0008513500573874206
2021-06-17,-0.00033151597527932464,-0.010903186645947914,0.014860671690064513
2021-06-18,-0.013582359209279927,-0.0068737695746302375,0.01863163844515147
2021-06-21,0.014214636074626667,-0.003342081870940971,-0.01688518719238791
2021-06-22,0.005331842577481871,0.0032705342094358175,0.002439435545471348
2021-06-23,-0.0012059907178507807,0.002027168217937988,-0.002578751241662972
2021-06-24,0.00589817956137518,-0.000298348979723606,0.001604238504386405
2021-06-25,0.003545870536910596,-0.00023858341510851012,-0.010437856958564933
2021-06-28,0.002013760878208071,0.0009907275906234155,0.010228768192618852
2021-06-29,0.0005379830059166629,-0.0011100406473405179,0.0016711694524025925
2021-06-30,0.0008414830636894447,-0.0022639479292535175,0.004443964208021316
2021-07-01,0.005521216211816006,-0.0038013635275336794,5.51217975109813e-05
2021-07-02,0.007614419637162305,-0.0008888767430041129,0.006016427955310617
2021-07-05,0.0,0.0008414202119710983,0.0
2021-07-06,-0.0018232238004774184,0.0006404732242418524,0.011652489289100492
2021-07-07,0.003527847750723644,-0.0033164595271548305,0.008820443555919573
2021-07-08,-0.008181425721187525,-0.002635657052069856,0.003910197929608654
2021-07-09,0.0106182993652699,0.004619447070696502,-0.014163135025107134
2021-07-12,0.0035755606570310097,0.0021040698794469346,-0.0012970048810251008
2021-07-13,-0.0034147575979629665,-0.0006528392208572587,-0.007683161137522374
2021-07-14,0.0014910502312879608,-0.007600298375475396,0.011298393318566996
2021-07-15,-0.0034213441758120812,0.004910529098378265,0.010969669517503828
2021-07-16,-0.007874541795116562,-0.0018206213531582575,-0.0018874596584740207
2021-07-19,-0.014877949586119956,0.00018548069676449624,0.02169123147674066
2021-07-20,0.014228619688773628,-0.0017080651561058448,-0.009686707623971974
2021-07-21,0.008063746075688024,-0.0008252343591270102,-0.012747076453519373
2021-07-22,0.0020918825553378354,0.0007308234638374334,0.009408824929785748
2021-07-23,0.010235455788960474,-0.0016966692097776699,-0.006711412190615955
2021-07-26,0.0024516454133351358,5.893086054934966e-05,-0.0029675238165984426
2021-07-27,-0.004567721094654229,0.0029122406895440082,0.010614967835855783
2021-07-28,-0.00041034477049591727,0.0012997004508067118,6.700444673635774e-05
2021-07-29,0.0041387947440333405,0.0019290801555133712,-0.005561928723471226
2021-07-30,-0.0048681003402056,0.003963210978191812,0.004692107041836345
2021-08-02,-0.0021003741403998718,-0.0021847985485023355,0.00888035442089562
2021-08-03,0.008102667549850428,0.0006409929936695579,0.0005310556253343241
2021-08-04,-0.004931146114941319,-0.0004392010828315455,0.0020540272043433816
2021-08-05,0.006312951886172318,-0.0027026069039768293,-0.005110288373966529
2021-08-06,0.0016511196847423992,-0.00014200501231056276,-0.016842464903478432
2021-08-09,-0.0008139566321000467,-0.00731143358773178,-0.0035923254880561935
2021-08-10,0.0012431836486516818,-0.000939444477304895,-0.0046285996420987845
2021-08-11,0.0024820346733713562,-0.001290369832655863,-0.0006144469477532276
2021-08-12,0.0029923839688636602,0.0015827021925636149,-0.0016396463918280852
2021-08-13,0.0018179713088771084,-0.00048022563504941196,0.015672309845946912
2021-08-16,0.0023521134802759907,0.0049650586518873285,0.0024207994733948354
2021-08-17,-0.0065769671149785965,-0.0012495051770467507,-0.000403110850903287
2021-08-18,-0.011005202889893687,-0.00597801915977613,0.003353366733909034
2021-08-19,0.0015470188174116508,-0.0005501958639484956,0.00733826743736792
2021-08-20,0.007925592136197708,-0.0022842612773609403,0.0006647002811683198
2021-08-23,0.008758195706550946,0.0017928718657227044,-0.0006647002811684149
2021-08-24,0.0015858605864165507,0.004008621033643521,-0.00780696958592143
2021-08-25,0.0020964897186509027,0.0007284170260269493,-0.008341394600685802
2021-08-26,-0.0059207637712989794,0.0018114856517436977,0.002765450052715486
2021-08-27,0.008900903537639332,-0.0015294540875912131,0.006780883153953167
2021-08-30,0.004388246236699013,0.0036169593109244688,0.002606044402488328
2021-08-31,-0.0014826160613377222,-0.00017813762365744638,-0.006830523409557655
2021-09-01,0.0005311880440169358,0.0011331536380010299,0.0016742808903590005
2021-09-02,0.003071995747173074,0.0025898130775567317,0.0043560748872345165
2021-09-03,-0.00024290762636451573,0.0030001647486994007,-0.00913624123906869
2021-09-06,0.0,0.0007960521693053499,0.0
2021-09-07,-0.003581928904737,-0.0009148019282187784,-0.008471399530204003
2021-09-08,-0.0012189914624120988,-0.002656530503864459,0.006782629587677868
2021-09-09,-0.004289336918881737,-0.002068043422056589,0.012027666876131925
2021-09-10,-0.007915494372000335,0.0005769633095642835,-0.008855394880497414
2021-09-13,0.002555732583544936,-0.0011819121036024795,0.0060466402341482145
2021-09-14,-0.005411064740549121,0.0,0.012049494883723928
2021-09-15,0.008317864828130218,-0.0005904704860357741,-0.0035127245100515306
2021-09-16,-0.0015865442225842226,0.0012710625809980738,-0.004593166835972313
2021-09-17,-0.009788961123153181,-0.004453323350837845,-0.004815371476890248
2021-09-20,-0.016814624575756113,-0.0031955703633193186,0.012326098851352147
2021-09-21,-0.0009450688567866756,2.3374235536573305e-05,-0.0008615335358620838
2021-09-22,0.009707445300268017,-0.0006215340073654814,0.005947216056730571
2021-09-23,0.012076844410732616,-0.003008212978931102,-0.022856223247157262
2021-09-24,0.0016458612815741143,0.004486492911866468,-0.009821611053979487
2021-09-27,-0.002864996428735951,-0.0014664840661052921,-0.0036822818888493903
2021-09-28,-0.020357788629430978,-0.0022424937349731,-0.01569968578181947
2021-09-29,0.0016818045501294035,-0.0008944087511727837,0.0017331688561842684
2021-09-30,-0.01229750986063398,-0.007277304997338633,-0.00013828320820286224
2021-10-01,0.011814102666093094,-0.0023408694678413076,0.008380339967371054
2021-10-04,-0.012980126912099493,0.0028282082737945743,-0.0025489723635487497
2021-10-05,0.01035143387398629,0.0009638080038769708,-0.009703231594136436
2021-10-06,0.0041473683251995455,-0.0019267982057976168,0.005625879942498164
2021-10-07,0.00860846156436642,-0.0035190085597075326,-0.010512842086846243
2021-10-08,-0.0018254548411807273,0.0003814266910217661,-0.007023678446717594
2021-10-11,-0.007265988475610121,0.0005434209268923678,-0.0025404209075351788
2021-10-12,-0.002464500138620908,-0.0010635092731745039,0.01695520650554038
2021-10-13,0.0035910450474593465,-0.0017084358360839192,0.009679330916212503
2021-10-14,0.016680772605747185,0.005667679663200196,0.003708371766263219
2021-10-15,0.007587023671475949,-0.0006956887472967136,-0.0058437313339549405
2021-10-18,0.0029559989540106054,0.0004753248849683281,0.004677776190448268
2021-10-19,0.007685586837503185,0.0014506924609902151,-0.013890227589666468
2021-10-20,0.003919790202711944,0.0015574351739559725,-0.0067735390085859335
2021-10-21,0.00260489870130424,0.0019794696195469387,-0.0011915752841700625
2021-10-22,-0.0010367637046963083,-0.0025492392462915913,0.010952565986835524
2021-10-25,0.00534852115684905,0.0012679558513762864,-0.0015271268308986584
2021-10-26,0.0008996148160251323,-0.002441424235212492,0.00823477798920214
2021-10-27,-0.004440150672243844,-0.0011605601944853995,0.01803096792197824
2021-10-28,0.00960263279590364,0.00016238277643621524,-0.0033903105847171797
2021-10-29,0.002027206829255463,0.00717141021851913,0.0030515070416254238
2021-11-01,0.0017186447326684989,-0.010922804040502254,-0.0072255751064057615
2021-11-02,0.004034988032614936,0.003705045477995642,0.004428618557392875
2021-11-03,0.006086589637204493,-0.0017384315163677048,-0.010387357503812056
2021-11-04,0.004701671361882601,0.0031313349393210293,0.010455428286220024
2021-11-05,0.003463472203640365,-0.005213485594809396,0.014844708070346053
2021-11-08,0.0008533254673126557,0.0011677502279925879,-0.0018769791237351887
2021-11-09,-0.0033109873529245755,0.0019571431965666247,0.01293414168502416
2021-11-10,-0.0080772688441651,0.00034775066237484683,-0.018451664909330805
2021-11-11,0.0003235155733159187,-0.009497879778277242,-0.0014855950458191648
2021-11-12,0.007518416323356602,-0.003062046147157758,-0.00440210867246991
2021-11-15,0.0003423659428081721,-0.0008012042758382873,-0.012636490547999724
2021-11-16,0.003950029955625068,-0.006591516828806556,-0.002546886231775536
2021-11-17,-0.0024320371881343074,-0.003993008800771305,0.007894038624052234
2021-11-18,0.0033906430045660997,0.0,0.0037531876328084426
2021-11-19,-0.0017899147282299521,0.0041634209432113425,0.010502874661566389
2021-11-22,-0.0028190729401275506,-0.008185652960956939,-0.011797899214134572
2021-11-23,0.0013249218122431997,-0.0029835852011364673,-0.014564362081233411
2021-11-24,0.00266642914485417,0.00024735570464710834,0.015927834568863354
2021-11-25,0.0,-0.0037376312485883747,0.0
2021-11-26,-0.02255569661160969,0.0005939027964335268,0.024954811982455045
2021-11-29,0.012191925911850416,0.007425897335294688,-0.008070781378751567
2021-11-30,-0.019649331177039195,2.2589292359688217e-05,0.01508796816361745
2021-12-01,-0.011169432108937947,0.00325785330087555,0.0061498470760555
2021-12-02,0.015200400703044124,-0.0009513667903637022,0.0012464631827814045
2021-12-03,-0.008739511209315877,-0.0011765121921122,0.011861477953590183
2021-12-06,0.011773712379163666,-0.00012442344773816848,-0.013830144281404052
2021-12-07,0.020473632938527848,-0.0016039171174724173,-0.008112982645888884
2021-12-08,0.0026447054786807277,-0.0009025026753298797,-0.01743587801573371
2021-12-09,-0.006774444044347691,0.00610790387659828,0.005577941676096367
2021-12-10,0.009369444870402598,-0.0046183295368528,-0.0024160603063437453
2021-12-13,-0.008897828455564367,0.0016389133221552789,0.014671417378684043
2021-12-14,-0.0069037481522082784,-0.0023388985305647886,-0.002385513212166796
2021-12-15,0.015504154116173214,-0.0021418552396564616,-0.009669107929013319
2021-12-16,-0.008857782293147362,0.0026159220068292816,0.00038932740508763024
2021-12-17,-0.01069986368463375,0.0038349515063402,0.01126775291283405
2021-12-20,-0.010690261152084417,-0.008026219874793841,-0.00751993362243495
2021-12-21,0.017603182258674795,0.0030177831235175586,-0.003815044880892942
2021-12-22,0.00994902432043827,0.0008913322339793929,0.004616147805405708
2021-12-23,0.006202708142225118,0.0036525342506323407,-0.008715050914279205
2021-12-24,0.0,-0.00013596128702198155,0.0
2021-12-27,0.014052915159300098,-0.0002717675050997526,0.0024214769532501903
2021-12-28,-0.0008172610937670096,0.0005096876276717915,-0.003970816529907211
2021-12-29,0.0012781842431972038,-0.0013473476208362394,-0.010985110961428873
2021-12-30,-0.002768390468104369,0.0040020855569774935,0.008351198746680723
2021-12-31,-0.002523312022311608,-0.003096529393978275,0.0019590638879598142
2022-01-03,0.005773324956208092,0.004267353279425453,-0.02660060334406054
2022-01-04,-0.0003350466876184925,-0.006281143232397632,-0.004166872774878075
2022-01-05,-0.01938888061188943,-0.0016487567784744634,-0.005442838776621598
2022-01-06,-0.000939912298561155,0.0026438305657729066,0.002585765385642529
2022-01-07,-0.003961385060083911,-0.0014697139139755349,-0.007214379096571725
2022-01-10,-0.0012450596729908269,0.005039876404767347,0.0024574705774416165
2022-01-11,0.009067070505809138,-0.0020756708987675625,0.006639588797494461
2022-01-12,0.0026998702458552997,0.003177601119399733,-0.003838824106945179
2022-01-13,-0.013874419857429546,0.006591516828806482,0.008840873096169053
2022-01-14,0.0004089258702593346,0.0013509382484209274,-0.01522408463176241
2022-01-17,0.0,-0.004059033506041168,0.0
2022-01-18,-0.01786823277576968,-1.1387453022310162e-05,-0.014174854575160323
2022-01-19,-0.010437802784474098,-0.0071176043295396296,0.006900161353906926
2022-01-20,-0.011129760969163032,0.0012130690311104274,0.006147556672214463
2022-01-21,-0.019826055404683084,-0.0026169374328443096,0.011836329789943568
2022-01-24,0.004237733940924351,0.002446780096805452,-0.008249722842761351
2022-01-25,-0.01228397583514203,-0.0015299833108573517,-0.0016155399718327814
2022-01-26,-0.002512036787261919,-0.0017310860305212211,-0.012167720170249956
2022-01-27,-0.004950044425560879,-0.0054114656739098176,0.018196158721624167
2022-01-28,0.02453188942903285,-0.008620280849588057,0.00034978505852986723
2022-01-31,0.01785080788619063,0.00047941591723723085,-0.005183656057495674
2022-02-01,0.0067343679539468865,0.006904807091364752,-0.0033251623868928984
2022-02-02,0.009667147751358084,0.003938049490606719,0.0033813234833910606
2022-02-03,-0.0237856632281337,0.0023026608419609075,-0.007836736772479693
2022-02-04,0.004691008501155882,0.011947232126998369,-0.014851931257225422
2022-02-07,-0.0032143500348646705,0.0016939655604672347,0.0006473358694244466
2022-02-08,0.008194219350722932,-0.001064746932719005,-0.006708339769052223
2022-02-09,0.014530129671751404,-0.0018977167042882913,0.0018798260422525574
2022-02-10,-0.018128956650150962,2.2753465781710023e-05,-0.01601986975929719
2022-02-11,-0.019915922436867135,-0.0005251315768386432,0.014719160318036094
2022-02-14,-0.0032747295036945645,-0.004430837226841851,-0.01251929338044476
2022-02-15,0.015998259868578005,-0.005180328358145332,-0.011418239525589522
2022-02-16,0.001120341233369103,0.0044531689986751725,0.005909438273872854
2022-02-17,-0.021593027595885383,0.0016253575664351733,0.007411185821128018
2022-02-18,-0.006496088679329478,-0.000773175879513556,0.010471670393411006
2022-02-21,0.0,-0.0043439218417605854,0.0
2022-02-22,-0.010789542051532843,-0.0006675169193645805,0.0026014115029069926
2022-02-23,-0.017897951062721115,0.0017205181805229717,-0.013877775221033934
2022-02-24,0.01493710382063368,-0.002071050753779992,0.0006581029733714941
2022-02-25,0.02182410418971876,-0.010224378977160433,0.0007310189485855284
2022-02-28,-0.002561751002281308,-0.0008614158561598332,0.021682024982775935
2022-03-01,-0.015347528579713313,0.003113275910922149,0.011495450938576112
2022-03-02,0.018228935674766838,-0.0074420147912893815,-0.03478061265072115
2022-03-03,-0.004990864964236832,-0.0018353165879163118,0.010133736266139276
2022-03-04,-0.008157824747117591,-0.004103040528148159,0.017116605378530936
2022-03-07,-0.029922371961603512,-0.017530288361510188,-0.007658923276765291
2022-03-08,-0.007610537151543605,-0.0008479603892523628,-0.010110633963064941
2022-03-09,0.02645750517503571,0.0030252121150615412,-0.009847045239668638
2022-03-10,-0.0045257338022304085,0.015983954438480188,-0.014471170555951934
2022-03-11,-0.012796324057520353,-0.005422450974016716,0.003340364066287314
2022-03-14,-0.007335191274530208,-0.007461665202687137,-0.023625524719123443
2022-03-15,0.021751967857158043,0.0010172042215486929,-0.0017472051810453674
2022-03-16,0.02193192051771258,0.002388587321219563,0.009759705741277255
2022-03-17,0.01243331949589274,0.004782947654196474,-0.007481383568992457
2022-03-18,0.010893247470286948,0.007012538465957428,0.012138477086653512
2022-03-21,-0.00029237544488811023,-0.00509277099290486,-0.023428723176122396
2022-03-22,0.011633524340807116,-0.002349456247391793,-0.012894324164343331
2022-03-23,-0.012962184564537101,0.001135375310259787,0.021678308693462617
2022-03-24,0.014961860992144861,-0.002126461945392862,-0.007863739352212623
2022-03-25,0.004871528069884509,0.0002972667240242951,-0.01396984208670261
2022-03-28,0.0070881719704559525,-0.0025180276167579654,0.00851316930995221
2022-03-29,0.012294763957586689,0.001087738359192738,0.00752421969445639
2022-03-30,-0.00619368722126792,0.008845097393777042,0.007771337003616956
2022-03-31,-0.015510966727608464,0.006319893943473477,0.0024255565064486857
2022-04-01,0.0028299915434785183,-0.00804866480475227,0.00379946925212742
2022-04-04,0.008529939612188548,-0.0022672778283932002,-0.006973865811580265
2022-04-05,-0.01271155082786663,-0.00648577049140211,-0.022851621023307043
2022-04-06,-0.010049773213131177,-0.006345887741704586,-0.008127119815200189
2022-04-07,0.005026271743522565,-0.0007521699867265114,-0.007560614594538488
2022-04-08,-0.0026776014504533447,-0.003068660384801401,-0.010890262639966258
2022-04-11,-0.017239924375242403,0.0018488313653010355,-0.015951318635676472
2022-04-12,-0.003712295814153065,-0.0006420885703541868,-0.001381302539713324
2022-04-13,0.011388533928955061,-0.004774839201849695,0.002030839855083331
2022-04-14,-0.012529915217080436,0.006484154387127226,-0.020248876744642322
2022-04-15,0.0,-0.006960393910240724,0.0
2022-04-18,0.0004112186317759537,-0.0005300335180195361,-0.004981052867536399
2022-04-19,0.016013771634281512,-0.0030992061418720638,-0.007519469701728192
2022-04-20,-0.000741913608513166,0.0011758350863038487,0.019925962307053142
2022-04-21,-0.015066496631069395,0.0051189236431801914,-0.007425439737788674
2022-04-22,-0.027822694174271755,-0.0013553055318443394,-0.006314075750199408
2022-04-25,0.0057807826220407504,-0.00222952123962869,0.00995135181661814
2022-04-26,-0.02938828704085128,-0.008997500540048975,0.010016274402297395
2022-04-27,0.0028077579993692463,-0.0066102261513955,-0.01290839353413831
2022-04-28,0.024945585941068233,-0.008352179109846734,0.0014881285273420218
2022-04-29,-0.037655840302056064,-0.004833072313007677,-0.013057854468866696
2022-05-02,0.006001530539150953,0.0030193049237596144,-0.017485923858508574
2022-05-03,0.004573515655188629,-0.0025570647412530415,0.006719051774042725
2022-05-04,0.02999840893621979,0.0018513560381259822,0.005494928075732331
2022-05-05,-0.0361898221050724,0.008883347273825875,-0.027780639497098684
2022-05-06,-0.0059869096982269315,-0.007819372198253727,-0.014845050625374022
2022-05-09,-0.032540885768774196,-0.0007164347743801674,0.008759403882631623
2022-05-10,0.002307938475079636,0.003185736537216687,0.009028627248418568
2022-05-11,-0.016013646629749405,-0.0031120553998316533,0.019088797125404972
2022-05-12,-0.0010445976222350402,-0.0019467323960849386,-0.0018672131359395781
2022-05-13,0.023626523349023074,-0.012722865261767163,-0.01489136645278765
2022-05-16,-0.004065617363798108,0.0020260788046566882,-0.0010351200795142787
2022-05-17,0.020361580571966048,0.003678174850093924,-0.012156844994741277
2022-05-18,-0.04114671764262873,0.010377817305916337,0.021093386796192076
2022-05-19,-0.0061433228737890425,-0.007146940759466621,0.0023920398830333547
2022-05-20,0.00043642903143278764,0.010094047194697555,0.01128646472444975
2022-05-23,0.01853719309350177,-0.0008670358678781887,-0.016591406204580415
2022-05-24,-0.007663206107525597,0.010561954262868753,0.019539919388144582
2022-05-25,0.008796332715090699,0.005086835283498354,0.0039468725815330575
2022-05-26,0.019784296910320843,-0.00465950711675043,-0.004535425398103082
2022-05-27,0.024252638014903693,0.004326801286931803,0.0024381012730930406
2022-05-30,0.0,-0.00013951174909264155,0.0
2022-05-31,-0.0056267568538651775,0.00391381774383384,-0.02138946784466757
2022-06-01,-0.00812159181355356,-0.0036670195931451026,-0.0011434761479598467
2022-06-02,0.01886453504434445,-0.007475100550259082,0.0005159472175380701
2022-06-03,-0.01654754654724246,0.009054299007338812,-0.0021524421071714493
2022-06-06,0.003039926061807023,-0.002330222818458084,-0.01861561612717898
2022-06-07,0.009546719124530513,-0.0032340634484176282,0.010741898900300294
2022-06-08,-0.010931732765287602,0.0006737905923230617,-0.0088997303272082
2022-06-09,-0.024070421501310262,0.0017775409484932394,0.003325148755592934
2022-06-10,-0.029424229680052552,-0.00922813318281883,-0.006221386612172589
2022-06-13,-0.03870795708287271,-0.01224298052450652,-0.03188230090484878
2022-06-14,-0.0030176724907486287,-0.007159954992260149,-0.01269326089517714
2022-06-15,0.014155688392216339,0.0024401181740231668,0.018484376295826988
2022-06-16,-0.03365612967811796,0.0014941669127020091,0.0079081960740386
2022-06-17,0.0021536474129199333,0.008632159944394863,0.003217231747326961
2022-06-20,0.0,-0.005270130105696999,0.0
2022-06-21,0.024861780545260937,0.002794688034567393,-0.017097603368814777
2022-06-22,-0.001814660497081752,0.001126331054716773,0.027129044655778527
2022-06-23,0.009754928488341998,0.002985212626758971,0.008180991582131158
2022-06-24,0.031298744438340007,-0.004174658466384516,-0.013939067926132087
2022-06-27,-0.003826918042452186,0.004364781705743179,-0.008565472576408672
2022-06-28,-0.020644513304359232,0.0013957625433815856,0.004648859584714472
2022-06-29,-0.0008147248613735439,-0.005434475183267472,0.01548764493964533
2022-06-30,-0.008157510319924153,-0.007339457036861056,0.00874364341243512
2022-07-01,0.01052091103941086,0.0029713085188302992,0.010213914253029786
2022-07-04,0.0,-0.004182325010529268,0.0
2022-07-05,0.001886774547423985,-7.300929283569905e-05,0.007826892386870577
2022-07-06,0.0033716917639383063,-0.016965678829353473,-0.01693391389961451
2022-07-07,0.014866240042551784,-0.006971445470808471,-0.008839335755063004
2022-07-08,-0.0008230104230098444,-0.0016284792512089388,-0.011137509142764462
2022-07-11,-0.011489263969857654,-0.000366023117238468,0.017097515646384037
2022-07-12,-0.008888264386885914,-0.011733736567112072,0.0059243056198982555
2022-07-13,-0.0052656240777878205,-0.0014358094078833954,0.011400936767800485
2022-07-14,-0.002431440621750397,-4.0160580542073956e-05,-0.008192002866438999
2022-07-15,0.018924830151264747,-0.0007020012314786962,0.005612463928761104
2022-07-18,-0.008291203517755212,0.00702249344752808,-0.010473241120950523
2022-07-19,0.02666059891248204,0.004827628644534584,-0.005409147383372456
2022-07-20,0.006352975960731705,0.008456116811406341,0.002620859442115918
2022-07-21,0.010131653748118334,-0.004756441789894104,0.017128615746812622
2022-07-22,-0.00932119234483654,0.0037542692053991913,0.01667130711064035
2022-07-25,0.0012142176837019035,-0.002042072812136406,-0.009833033953789911
2022-07-26,-0.011901698201203653,0.0024203515481354024,0.0007661251631731257
2022-07-27,0.02563494820174204,-0.009373056494817926,-0.005633643889794201
2022-07-28,0.012464231441173744,0.007840516682384753,0.007929646547454473
2022-07-29,0.014473785937007407,-0.0016628379501900366,-0.0027217250146930236
2022-08-01,-0.0029657917438675164,0.0015606629240480755,0.023798463022105688
2022-08-02,-0.006619189630179301,0.005189064513554008,-0.02138680371792452
2022-08-03,0.015538080872356317,-0.010351198843136136,0.015621975947892884
2022-08-04,-0.000675807144914181,0.00019283970848837684,-0.0003352185783295424
2022-08-05,-0.0016916354919476384,0.00883555172373451,-0.024091337993514376
2022-08-08,-0.0011616213799223352,-0.007534415937540125,0.016012573181612293
2022-08-09,-0.0039788895120673965,0.0026274810000368686,-0.0038943568684533577
2022-08-10,0.020786571696615585,0.001030518147346478,-0.006552821995030569
2022-08-11,0.0,0.009034052397915944,-0.023585575563374487
2022-08-12,0.016787449761552838,0.0015463236906874298,0.010089696921102653
2022-08-15,0.00411211405954872,-0.005863386210464329,-0.0008656811919491085
2022-08-16,0.00195679603367439,-0.00924938057915025,0.004149116222944
2022-08-17,-0.007123336373146306,0.0008539974026696639,-0.010492690323033193
2022-08-18,0.002902136306657967,0.0009361784420449659,0.0014812224998521082
2022-08-19,-0.013528976547157144,-0.008908664203253895,-0.016233601002318902
2022-08-22,-0.02104248396920857,-0.005433672462005448,-0.0033670454139834117
2022-08-23,-0.00242215580852715,-0.009587811226055044,-0.005518787699017585
2022-08-24,0.0031959677599266516,0.0027571059008813115,-0.007345627788053766
2022-08-25,0.014018987809943182,0.00021927184316001224,0.013840129702794997
2022-08-26,-0.03443530107884607,0.00021940310248669677,0.0075095061646501884
2022-08-29,-0.0066338926329567284,-0.0032752411283479355,-0.008307941994081951
2022-08-30,-0.01103880444059548,0.0075519840269269055,0.0024818527105041283
2022-08-31,-0.007637976380295295,0.0011022011823750134,-0.009607219408843607
2022-09-01,0.0031328034265116966,0.0013944510247493138,-0.018477535637050277
2022-09-02,-0.01060037972903719,-0.008676090547837427,0.005641272638917064
2022-09-05,0.0,-0.0043199709658943205,0.0
2022-09-06,-0.0037803447836811887,0.004310029151858244,-0.02508069644374557
2022-09-07,0.017805595852562934,-0.005468817444529171,0.01569144625519405
2022-09-08,0.006515032089321774,0.009827376612398795,-0.010309961059346817
2022-09-09,0.01541588085216291,0.00163069068126299,0.002218025272247643
2022-09-12,0.010690284808542614,0.005914473623920646,-0.008251094881740044
2022-09-13,-0.044456135225374706,0.005757313715473667,0.0023245357285666683
2022-09-14,0.0038083052332568202,-0.014670914986609497,0.003430645068478136
2022-09-15,-0.011418114872744885,0.00019959706297365223,-0.0006478526583533603
2022-09-16,-0.007658184121448498,0.00042938969546725455,-0.008370882927040994
2022-09-19,0.007725026360421139,0.003401793701857418,0.0023321255172016795
2022-09-20,-0.011544794745355696,0.0007219640016474552,-0.010020070682491125
2022-09-21,-0.017597898698721606,-0.005880143867171973,0.016613978850364874
2022-09-22,-0.008435260786682598,-0.014147680973100527,-0.02588048436550919
2022-09-23,-0.01689670272778983,0.0011016046308961233,0.0040763671688906905
2022-09-26,-0.009942079753690615,-0.015526806604905349,-0.019295514134976165
2022-09-27,-0.0025558776994220314,-0.006856387846966306,-0.026684230448114608
2022-09-28,0.019485167103770164,-0.0028637682551989094,0.03293433508348796
2022-09-29,-0.021110085353319208,0.011601697507510935,-0.005189836830293042
2022-09-30,-0.015584532051082452,0.012425726247878138,-0.012994468298034504
2022-10-03,0.026058898437795373,-0.0037577051702841185,0.015764748424770134
2022-10-04,0.03051636592479004,0.00401332309708905,-0.0027973089753848975
2022-10-05,-0.0023310829687195364,0.015366962792935441,-0.009607807146568765
2022-10-06,-0.010369479336797459,-0.0073711760409446,-0.005573395056835571
2022-10-07,-0.02829017000598589,-0.012381194971008931,-0.009755320682198596
2022-10-10,-0.007664695368553546,-0.005535011240227645,-0.015668106637999255
2022-10-11,-0.006353124104637082,-0.0025667468761050396,0.004415684838687672
2022-10-12,-0.003303843681856236,-0.0010190096651593531,0.004895102279741306
2022-10-13,0.02604877701899726,0.0008054917847734313,-0.009612675780830549
2022-10-14,-0.023052395536727537,0.004456053379512562,-0.00828427937827271
2022-10-17,0.025372326672175014,-0.0012278291632679555,-0.004882038070159674
2022-10-18,0.011680997546345601,0.010928647456162878,0.0023421576889783736
2022-10-19,-0.007111598083081018,0.0017739018816072146,-0.018373277168313936
2022-10-20,-0.008420608122975199,-0.009923054996403982,-0.017241281349856294
2022-10-21,0.024010674889053837,0.0012705652009295035,-0.018186880646516832
2022-10-24,0.012162268129539468,0.00826791765473566,-0.008298604317743383
2022-10-25,0.015842421896527594,0.002675640869900312,0.02869676087187547
2022-10-26,-0.00756237774274,0.0077811010421081125,0.014304478984650853
2022-10-27,-0.005354546133619884,0.012785248640600487,0.010416062364134669
2022-10-28,0.02351216331379488,-0.012376571094321193,-0.006897628574516624
2022-10-31,-0.007249565616411148,-0.0012850891507328465,-0.00715333383050366
2022-11-01,-0.0043855074046814406,-0.006924464393830943,0.009301962475294492
2022-11-02,-0.025416166721879453,-0.0008498484807727607,-0.004349589796451241
2022-11-03,-0.010350402215425934,-0.0064492786516353135,-0.005411701410269044
2022-11-04,0.014290515416063746,-0.006622268577274553,-0.016943252634724362
2022-11-07,0.009519980772307778,0.01821134690851107,-0.010026897919482485
2022-11-08,0.005381071572385234,0.00900614640617105,0.010875426081613624
2022-11-09,-0.020817316260770956,0.006190521830417323,0.003282249513146607
2022-11-10,0.053497304806095464,-0.006100333328057607,0.0377520850889292
2022-11-11,0.009631942624682758,0.01708814571666528,-0.0036708527240099614
2022-11-14,-0.008543014299470136,0.01328688092947431,-0.002454924884389303
2022-11-15,0.008492808415104572,-0.000898233989768149,0.016050962935867927
2022-11-16,-0.007657998109130784,0.0037322089642766866,0.02163290674516488
2022-11-17,-0.0030645197912283683,0.003579922982457949,-0.010608671465546404
2022-11-18,0.004530077884888356,-0.003206868811748218,-0.006901087765911145
2022-11-21,-0.003642700236357179,-0.0029797984214465644,0.004206361966469168
2022-11-22,0.013367291652974926,-0.008282004908750605,0.014091953296108226
2022-11-23,0.006282017239028304,0.006362364906543442,0.017291607751500376
2022-11-24,0.0,0.010145862095391638,0.0
2022-11-25,-0.00022406945928223673,-0.0007809388137341562,-0.0033959996349799968
2022-11-28,-0.016085618244541182,-0.00390593444818525,0.002814501483527103
2022-11-29,-0.0017189147667594086,-0.002123004481568896,-0.011795432983628625
2022-11-30,0.0310145802637035,-0.0020359552381959117,0.0073274534653744675
2022-12-01,-0.0007360080430063601,0.009721073718734909,0.031446198688917175
2022-12-02,-0.0011545503503774548,0.009837653378816175,0.012497157619928312
2022-12-05,-0.018152883347497158,0.0014961831121075887,-0.014105841736853775
2022-12-06,-0.014519699022518137,-0.004492329102575546,0.01279767327264886
2022-12-07,-0.001702801281764261,-0.002662687988950827,0.0232893744803117
2022-12-08,0.007803421854138225,0.004217558881531055,-0.002744415501755708
2022-12-09,-0.007498060152871498,0.004404086803714652,-0.0263585545546392
2022-12-12,0.014314130174367501,-0.0035522143897896534,0.0031924461182080894
2022-12-13,0.00754145723520679,0.001853566131702255,0.009609212386010056
2022-12-14,-0.006414056238274265,0.00802275589918932,0.0042623030841143624
2022-12-15,-0.024765793628003362,0.004665415530993445,0.003894408331524848
2022-12-16,-0.011876527223843766,-0.003357472785711803,-0.011233900485082776
2022-12-19,-0.008515671109439347,-0.005232043416178128,-0.016947896937770695
2022-12-20,0.0013674335211191994,0.002787749794717641,-0.017916315625585568
2022-12-21,0.01484179688970334,0.0011683215286929897,0.0025102080568863176
2022-12-22,-0.014369131659064671,-0.0015928200295245159,-0.00019285624683185174
2022-12-23,0.0057358123188779725,-0.0006363550446384674,-0.014768804281284202
2022-12-26,0.0,0.00606216291441548,0.0
2022-12-27,-0.003951141666192338,-0.0025889456317026356,-0.019971510175317186
2022-12-28,-0.012505786262148846,-0.0002871907082003092,-0.005908989491348882
2022-12-29,0.017840267719574296,-0.0007444128462590291,0.0112871873944844
2022-12-30,-0.0026374781759594796,0.0029593483845724387,-0.011186931885058109
2023-01-02,0.0,0.004583966492703552,0.0
2023-01-03,-0.004218815472615024,-0.002994245842760573,0.018904476185198863
2023-01-04,0.007690636053736055,-0.012331112219669753,0.013606855320073497
2023-01-05,-0.011479418206889868,0.0056266257915620664,0.004171989646835136
2023-01-06,0.022673377169459566,-0.007965313943903736,0.018229562603524464
2023-01-09,-0.0005668820369630646,0.01266446764454612,0.005310028100404633
2023-01-10,0.0069881438204568115,0.007186750031592487,-0.016688422817708284
2023-01-11,0.012568441195123852,0.0005367494741383354,0.016121160990830722
2023-01-12,0.0036342927411835194,0.0025161245552818563,0.019490444920092616
2023-01-13,0.003871846788131849,0.00871525666027755,-0.009416665580128493
2023-01-16,0.0,-0.0032852201698865342,0.0
2023-01-17,-0.0018334267901608714,0.000508881770290038,-0.006484791767010798
2023-01-18,-0.015913941095144577,-0.00340569357753422,0.023942910242939767
2023-01-19,-0.0073065996941266515,0.00042104731419264534,-0.006279576575490977
2023-01-20,0.018457720863548716,0.0033312026121230954,-0.016344210080434744
2023-01-23,0.011927163990112545,0.002875225962125885,-0.0047193229756883085
2023-01-24,-0.0010739768044549923,0.0008477594599432104,0.01427803308197182
2023-01-25,0.0003746758258761212,0.0012731397801450267,0.0024223133600353693
2023-01-26,0.010930679667622798,0.0031079443693967086,-0.004662821357936923
2023-01-27,0.002294844438159269,-0.0025307945071393893,-0.0025274259813587554
2023-01-30,-0.012625968132208296,-0.002111230865447573,-0.0036612086337220466
2023-01-31,0.014596119419148621,-0.0019115507750811752,0.007962931825097481
2023-02-01,0.010571809363111043,0.0009444879359142555,0.011949340791506993
2023-02-02,0.014451968137534035,0.013889426300072026,0.0012932319682706212
2023-02-03,-0.010685940105210548,-0.009830096693875624,-0.015068482510164178
2023-02-06,-0.006130045677663511,-0.01053322466006526,-0.007431739045746098
2023-02-07,0.012993747156539906,-0.005584813467052059,-0.008057955749513634
2023-02-08,-0.010994950187806492,-9.654286024440955e-05,0.004748138720009369
2023-02-09,-0.008706919856198692,-0.0012975112698280708,-0.009518676638550019
2023-02-10,0.002330946982008794,0.0024677288529569175,-0.01125280229506696
2023-02-13,0.01167056770594534,-0.006029713504830647,0.008379500401953014
2023-02-14,-0.0004603341915688021,0.004923821832561969,-0.0023045496708331537
2023-02-15,0.0032422606245290195,0.000493805176462593,-0.009368622815956339
2023-02-16,-0.013864703365638794,-0.004103335609945398,-0.01426945453751883
2023-02-17,-0.0025013428460188255,-0.0024348106615187685,0.007746370828422324
2023-02-20,0.0,0.0017506575018656283,0.0
2023-02-21,-0.02026481961871516,-0.00017083247061335562,-0.019628748485462474
2023-02-22,-0.001379027432963507,-0.0028695678084155025,0.009122285539631821
2023-02-23,0.005305450098973033,-0.004347163411922486,0.009724625204507216
2023-02-24,-0.010740002564846658,-0.0007315422531570732,-0.01308603391720176
2023-02-27,0.0033999945940746,-0.0040930476331470945,0.0027693726692165463
2023-02-28,-0.003702790847287341,0.005333744882631658,0.004532932211964443
2023-03-01,-0.003843241503344139,-0.003199469102332789,-0.010801176871988685
2023-03-02,0.007747107178906885,0.008625932198623705,-0.008907089688495129
2023-03-03,0.015910588753907082,-0.006508235473883866,0.023937284768205253
2023-03-06,0.0006925016980496978,0.00249404754925224,-0.007783894223462314
2023-03-07,-0.015447333533533971,0.005829571489454962,0.006114079710281425
2023-03-08,0.0016307321040084973,-0.01295549318169404,0.0009823882025960533
2023-03-09,-0.018622278095376244,-0.00011604393253258556,0.0024522740547266936
2023-03-10,-0.014534487778787767,0.0033286223856131797,0.03390485519991245
2023-03-13,-0.0014262418542806158,0.00930472022571737,0.0022703222872674732
2023-03-14,0.01639492011912237,0.0038642763226350934,-0.01657773746502476
2023-03-15,-0.006273950132004616,0.00024672420948644856,0.019125745565029915
2023-03-16,0.017392978174801243,-0.013542768888188937,-0.007853327598279026
2023-03-17,-0.01176141649146374,0.002904104462518152,0.014897343149064513
2023-03-20,0.009569508473184283,0.006079118908904215,-0.008836532070727647
2023-03-21,0.013045125244522468,0.003766032493777598,-0.00862910181258816
2023-03-22,-0.017193468941308347,0.0051261462943097014,0.013245181516696911
2023-03-23,0.002699762920672905,0.008884978951823826,0.0
2023-03-24,0.00654063599528875,-0.003255851136334388,0.004220452366618942
2023-03-27,0.0018680135790770573,-0.0052627456329634136,-0.023771071886051792
2023-03-28,-0.0022469701480864563,0.0026765316917468037,0.0018192106357559558
2023-03-29,0.014430029934591965,0.0029980508706156195,-0.002010850295051788
2023-03-30,0.005838260966150333,0.0003794570093860563,0.004590673966289611
2023-03-31,0.01399607685086172,0.00561102204353346,0.014869719814457763
2023-04-03,0.003803396522820482,-0.009334291021729486,0.004691974002939355
2023-04-04,-0.0055634798020660434,0.010032490718915267,0.00495962995020934
2023-04-05,-0.0026217264196929206,0.004374464508325442,0.010400463968803189
2023-04-06,0.0038933421605478746,-0.005192595096162501,0.002583140110669575
2023-04-07,0.0,0.001538549661100185,0.0
2023-04-10,0.0010257547803322854,-0.0006003677951654333,-0.016256201887669457
2023-04-11,0.00026845780466741006,-0.004062541073859795,0.0020582621016829164
2023-04-12,-0.004084320714418345,0.004422717649457876,-0.0010281496361168388
2023-04-13,0.013195259193037854,0.007517639083118104,-0.007889697738716402
2023-04-14,-0.0024455495801704893,0.004962212603613521,-0.009188950413935732
2023-04-17,0.0035817515971176836,-0.0061715209978287396,-0.011966957958380302
2023-04-18,0.0006520565889335934,-0.005587493587279635,0.003557338879770306
2023-04-19,-0.00016903932046834883,0.004566272411435851,-0.0009604624718497978
2023-04-20,-0.0054719513430071965,-0.002115996750198505,0.008513358384957337
2023-04-21,0.0007765788420996719,0.0017100195037912675,-0.005635491053067758
2023-04-24,0.001042617585505257,0.0019436539865794662,0.009627906544517222
2023-04-25,-0.016001171538271,0.006097313856667734,0.01459728052592148
2023-04-26,-0.004244526378238882,-0.007360557750447326,-0.0107155907126884
2023-04-27,0.01971242119441819,0.006255217206481515,-0.009971980739917535
2023-04-28,0.008498870572812652,-0.0013799111710282468,0.016001940552730395
2023-05-01,-0.0010101607357062528,-0.0019178010282847264,-0.029258513066275863
2023-05-02,-0.011302916036002792,-0.003791571102515303,0.02461455428663787
2023-05-03,-0.006887564705113946,0.0037915711025152355,0.005566492599812944
2023-05-04,-0.007108209293569847,0.005254977698491383,-0.009927684278528285
2023-05-05,0.018343256919671938,-0.004164264686123018,-0.0033313350471363234
2023-05-08,0.00026649323833853784,-0.0003857253962110418,-0.01411370239098342
2023-05-09,-0.004394833336526197,-0.002047395993579254,-0.00358427306830221
2023-05-10,0.0046612555751392335,-0.002865913186300644,0.009657265967659609
2023-05-11,-0.0017453195858185397,0.0017668981432014084,0.010516446345401168
2023-05-12,-0.0013111268156840567,-0.006568885442957101,-0.008404257209043671
2023-05-15,0.0034442069108134073,-0.0054628127053399055,-0.01041151671203058
2023-05-16,-0.006705151567741063,0.0019335633003226245,-0.003009042398166072
2023-05-17,0.012065849810155465,-0.0007390751916854932,-0.00292017391223601
2023-05-18,0.009587091409884658,-0.0025176532621469594,-0.007436590115599349
2023-05-19,-0.001456213874997681,-0.005824982238710198,-0.0070963586783196345
2023-05-22,0.0004061801862468218,0.004384526476817772,-0.003567110006211451
2023-05-23,-0.011286447871891231,-0.0010816775529980448,0.0028747684305572146
2023-05-24,-0.007271139061458633,-0.003830587378759216,-0.004961539270908248
2023-05-25,0.00862258730885339,-0.0011517220146606885,-0.0024895511698661632
2023-05-26,0.012867520699055722,-0.003061122858548678,0.008044567798120203
2023-05-29,0.0,-0.00012872774100586773,0.0
2023-05-30,0.00038091543755762133,-0.0014359146269737272,0.009941484662521767
2023-05-31,-0.005560619245857435,0.0023693153366323217,0.008679079858232625
2023-06-01,0.009456188430955997,-0.003535739673558048,0.003915974139958606
2023-06-02,0.014357648027288375,0.006114947257608808,-0.01101888645859735
2023-06-05,-0.001918047835948456,-0.005793991984985513,-0.0018642198203713469
2023-06-06,0.0021750201999811915,0.001231044453519269,0.005876563903426184
2023-06-07,-0.0034637909968939532,-0.0012845298458357445,-0.01495549008524135
2023-06-08,0.006030259698443744,0.0008775787233301165,0.011629467169277728
2023-06-09,0.0017928018928481224,0.007005755705541979,-0.0013728565409872207
2023-06-12,0.009030969315535807,-0.002950108908663662,0.0029394822326598855
2023-06-13,0.006571175295376836,0.001118733030584114,-0.009929801224655766
2023-06-14,0.0011902263140463366,0.0024462092295930112,0.007971049688783531
2023-06-15,0.012321501967952312,0.004964585042939019,0.009560041042238331
2023-06-16,-0.0034121397888021206,0.0094453390353827,-0.003890913962598522
2023-06-19,0.0,-0.00035019805065028125,0.0
2023-06-20,-0.005201581687920595,-0.0016290790607261115,0.006896365745897354
2023-06-21,-0.005136935900144293,-0.00036038907566404775,0.0024168897502428992
2023-06-22,0.00360313777114728,0.006595838504738627,-0.012143630884021166
2023-06-23,-0.007588720241816502,-0.0030732684689764585,0.009920205963482087
2023-06-26,-0.004094184657050652,-0.004777632503592157,0.0010639792514184187
2023-06-27,0.010903647989102117,0.00034915070130469645,-0.0026135936979437397
2023-06-28,0.0005043285523450842,0.004275092385421326,0.004255801463794558
2023-06-29,0.00393367643864253,-0.0037840835446616475,-0.018213308962857482
2023-06-30,0.011731611740656797,-0.004389391468143035,0.011725668276522033
2023-07-03,0.0011499237490315355,0.0036256293054998654,-0.005685172599120957
2023-07-04,0.0,0.0005127715237786305,0.0
2023-07-05,-0.0014883463733587033,-0.002583028033271871,-0.009547621579447758
2023-07-06,-0.007861465319692935,-0.002609042610231512,-0.014244061598639541
2023-07-07,-0.0025280729761950798,0.0031316333957207934,-0.006037407472998936
2023-07-10,0.0025280729761952246,0.007235687276283276,0.0013111548537327242
2023-07-11,0.006348277362923743,0.0032964262291078506,0.005127546587947662
2023-07-12,0.008013773866307094,0.0007375598559580265,0.011069298890292349
2023-07-13,0.00790539145308647,0.011777095963888725,0.010458078080506503
2023-07-14,-0.0006228687765734861,0.007056971456513566,-0.005906154735896064
2023-07-17,0.0034662018773387706,0.00038176749039734993,0.0004934495915135686
2023-07-18,0.0074031060142327855,0.0008760804247072025,0.004529238005179056
2023-07-19,0.002221316619883213,-0.0007750081239522248,0.011232881677539963
2023-07-20,-0.006656530224380918,-0.0021089211406578354,-0.012215818399567053
2023-07-21,0.0,-0.006099333142796828,0.0002950081709706604
2023-07-24,0.004457252447121948,-0.0010575594390251743,-0.003643671132552027
2023-07-25,0.0027263465552375818,-0.0056025324565005105,-0.0018765163469380598
2023-07-26,0.00015356017613925475,-0.0011498495492449896,0.0009879115711560686
2023-07-27,-0.006651916035516227,0.002522653382695378,-0.019644555631410442
2023-07-28,0.009742650787959892,-0.009032288158556577,0.005122736863150892
2023-07-31,0.0019023313409843759,0.004136542263487282,0.0024015263284495954
2023-08-01,-0.002865681223241763,-0.0024224200404568785,-0.016522452808714186
2023-08-02,-0.014008463957871262,0.0009352352486126049,-0.010756826583667129
2023-08-03,-0.002869984583321383,-0.00580624720349853,-0.02334144765014156
2023-08-04,-0.004533074480540938,0.000678808663551108,0.017557143948066886
2023-08-07,0.008690759280126475,0.004654296286017525,-0.009890160834950305
2023-08-08,-0.004358279809381085,4.3987404008198875e-05,0.011546261628512055
2023-08-09,-0.006707616824749183,-0.0040300518423631165,0.005157819800177628
2023-08-10,0.0003587402946699003,0.0017110349162028462,-0.016599908342012287
2023-08-11,-0.0005831160847600674,0.0003623075742100826,-0.002303793494887614
2023-08-14,0.005504856697774478,-0.0033984892951348677,-0.0022043780986199797
2023-08-15,-0.011717353511145955,-0.003157967124503774,-0.0061136043126802505
2023-08-16,-0.007365143123567518,-0.0005235270892915599,-0.007854836727686052
2023-08-17,-0.0076489800826909995,-0.0026897159765402793,-0.004271760258332102
2023-08-18,0.00048111263667208626,-2.170477883410121e-05,0.0035253769591176275
2023-08-21,0.006485228767047836,8.703551240746353e-05,-0.013420130316504108
2023-08-22,-0.002712378071561267,0.0020903019933335067,0.007644699368475593
2023-08-23,0.011076386372138843,-0.004751376251991785,0.024475543065467856
2023-08-24,-0.01395614865040239,0.001758781883683745,-0.006615842328957977
2023-08-25,0.007024920548290507,-0.006152814519424532,0.0032609250090786758
2023-08-28,0.006321497999822604,-0.00016206242353233513,0.0010495528872641324
2023-08-29,0.01435121477556932,0.0026055993913908,0.010332451968033694
2023-08-30,0.004110481617162846,0.004024426701278006,-0.0010385780376997295
2023-08-31,-0.0014645026662035686,0.005810180468786455,0.004459079821191453
2023-09-01,0.001863432029643891,-0.008122741160144649,-0.01570099168119643
2023-09-04,0.0,-0.006312829592228983,0.0
2023-09-05,-0.004331280734201486,0.0017254962677647017,-0.014121430078702476
2023-09-06,-0.006745140331941402,-0.006348504572645787,0.002456143987826956
2023-09-07,-0.0030750253026536525,-0.00018239543948600666,0.0027698385920551572
2023-09-08,0.0015049932267674052,-0.0024634271506727887,0.0038221722318294116
2023-09-11,0.006555115081732286,0.0018952427901443828,-0.0072321104073344
2023-09-12,-0.005500600703176778,0.003005598219411332,0.005747394474821853
2023-09-13,0.0011650749329916675,0.00026886842534049965,-0.00021220352383446493
2023-09-14,0.008585588222007137,-0.0017727594378955903,-0.007244530353837087
2023-09-15,-0.012121486624409667,-0.00908269633529821,-0.006112731293807319
2023-09-18,0.0005862600447152587,0.002918822702197699,0.0056852869919342495
2023-09-19,-0.0020759821197180004,0.0022856390003425054,-0.00740778091836228
2023-09-20,-0.009235926361963374,-0.0009939536517845262,0.0031200017070236374
2023-09-21,-0.016666406031795034,-0.0027202094957808733,-0.026009289318302792
2023-09-22,-0.0022510332047369643,0.0007992186092448136,0.008016290030557847
2023-09-25,0.004196319256883976,-0.00122531937458651,-0.024916921058052616
2023-09-26,-0.014800312080800751,-0.005352496698744066,-0.0034822629803794142
2023-09-27,0.000399123504602041,-0.0020949525340855537,-0.005189208377429743
2023-09-28,0.0057806573502168015,-0.006090472631852323,0.003049138994736016
2023-09-29,-0.0024298932561456067,0.005424924814573403,0.00011272377977701628
2023-10-02,-0.0003976403671542188,0.0002640607869730246,-0.01688199842928527
2023-10-03,-0.013476571978483669,-0.008028972380780982,-0.021746473125302205
2023-10-04,0.007255527023455846,-0.0008067501641140518,0.014009552347958368
2023-10-05,-0.00037678356497747024,0.003314779770723716,-0.004997439928436754
2023-10-06,0.011803069521167728,0.003758088703719646,-0.012191254815726702
2023-10-09,0.006381643804956194,0.0019741653150437614,0.02319881670866075
2023-10-10,0.005191341060878042,0.0010784244414369746,-0.0013836489777019894
2023-10-11,0.004087745220961153,0.0024468013261512104,0.020670864811948093
2023-10-12,-0.00611489950588548,0.0018362293444184133,-0.027502586267661926
2023-10-13,-0.004993247817064172,-0.008273875947999566,0.017734329722055138
2023-10-16,0.010466311713372253,-0.0014424022728840294,-0.016225287717281656
2023-10-17,-4.589736553544678e-05,0.0031086493721078946,-0.011081940937919662
2023-10-18,-0.013414521784307154,0.0017746511949462836,-0.008836689090351312
2023-10-19,-0.008825353023097011,-0.0032722255890128117,-0.02068594404211908
2023-10-20,-0.012364174862441185,0.004541865427760706,0.005662678920164241
2023-10-23,-0.0017345833029891993,0.000328189985652953,0.011941734529239533
2023-10-24,0.007510963380208979,0.007515330568956494,0.013090641119432684
2023-10-25,-0.014456106430082646,-0.007006876982751212,-0.022512961962009317
2023-10-26,-0.012046887965106253,-0.0026558561409556923,0.015222425547823997
2023-10-27,-0.004542965488900181,-0.000264123396465434,-0.004257998901700342
2023-10-30,0.011884737645364943,-0.00019015336292734387,-0.004514299658756101
2023-10-31,0.006260680801248639,0.00496607740248526,-0.00489312369571545
2023-11-01,0.010608226592806452,-0.0033910961552048305,0.021450188851682397
2023-11-02,0.01898316480812128,0.0007514310744385675,0.022540763910371485
2023-11-03,0.009081940440554707,0.003021869066246271,0.006755490117730236
2023-11-06,0.0022977030622177135,0.010590070261934715,-0.009746724911544002
2023-11-07,0.0028420761584379665,-0.0009869601713547505,0.014642060831182965
2023-11-08,0.0007320714593807727,-0.0023773226566195147,0.0168900680797212
2023-11-09,-0.007829254293752204,0.0013379671703129812,-0.02326993179494521
2023-11-10,0.015484357898932283,-0.0040084442563240764,0.005584334163909433
2023-11-13,-0.0009537789939187649,0.0021144041770807375,-0.0022753987210175144
2023-11-14,0.019214977954647584,0.0010910067705588759,0.02241484518048592
2023-11-15,0.002114918533529735,0.016357010041172345,-0.01413423940041677
2023-11-16,0.0012224147532319213,-0.002184097901422437,0.012350306750893433
2023-11-17,0.0012430497830764875,-7.600105306852202e-05,0.004675359867244314
2023-11-20,0.007668080089087327,0.004896069984269191,0.006089779253212562
2023-11-21,-0.0021818722447999412,0.0035620486609204824,-0.0004415565915293648
2023-11-22,0.003853538781588687,-0.002536177693585343,0.0035280472991967545
2023-11-23,0.0,-0.0025080369331155557,0.0
2023-11-24,0.0006150712337006844,0.0014168049098633336,-0.011845528160162985
2023-11-27,-0.001802592544283532,0.0031240227376338517,0.016566068726089296
2023-11-28,0.000989722125923769,0.0016424521405813044,0.0019699767694936836
2023-11-29,-0.0007038190384555812,0.004327051344560121,0.01249225112953871
2023-11-30,0.003929765271094883,-0.002934399365846547,-0.011618399121265367
2023-12-01,0.005898433674003992,-0.0074670270195374205,0.018659099399926958
2023-12-04,-0.005263310820755928,-0.00035937594202320786,-0.003987254294219619
2023-12-05,-0.0001969375832086259,-0.004638469420250361,0.02125817258770807
2023-12-06,-0.004037843540774229,-0.004077545141317364,0.013230000377292736
2023-12-07,0.007601323359067924,-0.0025009224510818134,-0.005753566768896959
2023-12-08,0.004289895096104061,0.002360648944021793,-0.008216797706854767
2023-12-11,0.003882054825247759,-0.0024467931186417952,-0.002117169217273246
2023-12-12,0.0045568143970134345,7.529351741870235e-05,0.002963436214660134
2023-12-13,0.013695980793080417,0.0029760816224084843,0.02319069501077702
2023-12-14,0.0032042261513642316,0.00806654911765613,0.025680827332057114
2023-12-15,-0.001647885735610373,0.009823959841428205,0.0011099887910111846
2023-12-18,0.005609326024369213,-0.008985279259387994,-0.007999769037524187
2023-12-19,0.006062399349302928,0.002618234905509399,0.005373950739228903
2023-12-20,-0.013954104579225074,0.005224244187125721,0.006752408191041483
2023-12-21,0.009437141394985027,-0.003223207515873198,-0.006347973793251096
2023-12-22,0.0020076468983354413,0.005509994507838045,-0.00455904115696141
2023-12-25,0.0,0.0018507322966524104,0.0
2023-12-26,0.004213777621937159,-0.0005732601708578364,0.0028394538233889443
2023-12-27,0.0018064023516626956,0.002062891339460544,0.01756428593323841
2023-12-28,0.00037764093076431626,0.005925594861729413,-0.00728938202750263
2023-12-29,-0.0028991187460824246,-0.003648070996618757,-0.009060668930007499
2024-01-01,0.0,-0.0011173031398486696,0.0
2024-01-02,-0.0056121019122925804,-0.0015466483428338857,-0.00578140143722213
2024-01-03,-0.008200277710875616,-0.008825030908954975,0.004161689380375539
2024-01-04,-0.003226207073257199,-0.0012793338874625213,-0.015310795538989246
2024-01-05,0.0013686643139206973,0.0017937674187858852,-0.00961211887358482
2024-01-08,0.014174977033970176,-0.0004706370138586311,0.009817566237259606
2024-01-09,-0.001518147440087411,0.0008647516893451855,-0.006396188940448343
2024-01-10,0.005639466843842385,-0.0017616554045898074,-0.004668648830226751
2024-01-11,-0.0004406381683739159,0.0038995772423958907,0.0055994504128973185
2024-01-12,0.0006923442600996579,0.0005927674404056253,-0.0019664758512276453
2024-01-15,0.0,-0.003278136931587735,0.0
2024-01-16,-0.0036778643464478082,0.0,-0.0177698783681641
2024-01-17,-0.005574135160253993,-0.006132515484610603,-0.0015831650110720195
2024-01-18,0.00885343559801682,0.0006419301064366271,-0.009338709679731822
2024-01-19,0.012389086155502233,-0.0006093855084178445,0.0031931011490980423
2024-01-22,0.002112024628480696,0.001208331125892878,0.005934131601992075
2024-01-23,0.002912363712657103,-0.0011103749904406092,-0.007955238732957214
2024-01-24,0.0010924712663597956,-0.002054265784688464,-0.005874761917970838
2024-01-25,0.005424233678758516,0.002195704525871863,0.006513577015567009
2024-01-26,-0.0012712061818800204,-0.0031940891678824117,-0.0019179444034917287
2024-01-29,0.007888114660332537,-0.00032535760494948154,0.011450800410339641
2024-01-30,-0.0007737914105120574,-0.0008346524768681695,0.009025102000694245
2024-01-31,-0.016451854235812403,0.0008237687543271816,0.009772505910485592
2024-02-01,0.013003205076593046,-0.003647544052697876,0.01942604785395993
2024-02-02,0.010472461313617638,0.006525183225310071,-0.02233641930191052
2024-02-05,-0.00364784098976414,-0.008737607110913186,-0.020400362315859125
2024-02-06,0.002899111128272616,-0.0035510454839929734,0.009726340219496928
2024-02-07,0.008305653053569447,0.0014296890422369148,-0.004851435057670853
2024-02-08,0.0004417160766360533,0.0017226241286986182,-0.005831516321997379
2024-02-09,0.0057627620166426485,0.00014004449588293628,-0.0020225024390715606
2024-02-12,-0.00043911458167271916,0.0019417861621718751,0.0011713016137890981
2024-02-13,-0.013868589817146301,-0.0024050255479935757,-0.01728327140638067
2024-02-14,0.009046495238649444,-0.00589655284375755,0.005076357491226539
2024-02-15,0.0068760360062306404,0.002165564317311912,0.0051580707733327805
2024-02-16,-0.004992414971991749,0.00388170040799465,-0.0058043138249993164
2024-02-19,0.0,0.0010241725388866125,0.0
2024-02-20,-0.005520591794157814,-0.0008841038873163796,0.0008618400638571444
2024-02-21,0.0009053461647358152,0.0034974498351770826,-0.007134365847278097
2024-02-22,0.02048430953680488,0.0006706143712430367,0.004869931946128072
2024-02-23,0.0006893583401080403,0.0004870568217987158,0.013297680289780197
2024-02-26,-0.003669240708449448,-0.0005195577476647977,-0.0029871039925924332
2024-02-27,0.0018559628014546544,0.0028497835192923576,-0.007077080979995992
2024-02-28,-0.0013223908657851993,-0.0005640750300102595,0.006328794780515985
2024-02-29,0.003588459499420105,-0.0005529550220347515,0.007032589646593042
2024-03-01,0.009344595532748546,-0.0031275423260024677,0.006211328705481618
2024-03-04,-0.001073096976771703,0.0034852552521659795,-0.004030267661191303
2024-03-05,-0.0100444068496223,0.0011500159935793875,0.014141226353570582
2024-03-06,0.005054334569919374,7.59911547539199e-05,0.005850946879682326
2024-03-07,0.009877631338538589,0.004002993860566666,-0.0009379617127680716
2024-03-08,-0.006020417347377273,0.004632161004990791,-0.0017743559735405635
2024-03-11,-0.0008601712237188336,-0.0006567834304138422,-0.0005223176371913185
2024-03-12,0.01069996228461096,-0.0010609555545411638,-0.008396638597565249
2024-03-13,-0.0015687593743822002,-0.00032786603029042014,-0.004860097660694652
2024-03-14,-0.001978717440174881,0.0025165550941543685,-0.015476008013380154
2024-03-15,-0.006890268437386167,-0.006584324557311425,-0.0003225889191670124
2024-03-18,0.0059255032401059286,-7.623792150198477e-05,-0.003017111986263125
2024-03-19,0.005541766192918167,-0.000794052298820581,0.002801781506864862
2024-03-20,0.009206708490921478,-0.0009782543487731165,-0.000322671045890451
2024-03-21,0.0032993434945721625,0.006780030280211767,0.00215081927413527
2024-03-22,-0.001897732920553598,-0.006866944757079783,0.00951516418217344
2024-03-25,-0.002766597288387023,-0.005059854735420729,-0.005013609071150046
2024-03-26,-0.0018487401643639029,0.0028355898951227965,0.002776348859780989
2024-03-27,0.008368809964334254,-0.000541735721696503,0.009869011469460297
2024-03-28,-0.00019123699660187932,-0.0017533000294245103,-0.0008448623458690387
2024-03-29,0.0,-0.0017503055199580492,0.0
2024-04-01,-0.0017412671353216344,-0.00016180108386803512,-0.01881709988748954
2024-04-02,-0.006378194011114934,-0.005156421839743476,-0.00552585894774575
2024-04-03,0.0010975702300019031,0.002914025833319365,-0.0002173634975921018
2024-04-04,-0.012280955211167283,0.006460427276889821,0.007146886613602384
2024-04-05,0.01039254500200489,-0.00011923458450640673,-0.0140167439780159
2024-04-08,0.0005592183031932055,-0.0006067326380173935,-0.00010935615094296478
2024-04-09,0.0011562445734316865,0.003058958337697158,0.009258901733750836
2024-04-10,-0.010063694565933912,-0.0004019198697015849,-0.022034323995131805
2024-04-11,0.007518709808825762,-0.010886717095524747,-0.004554859391046105
2024-04-12,-0.013899358460013065,-0.0013847416017447754,0.005330405618761266
2024-04-15,-0.012607244506947673,-0.007225148247919505,-0.01562703656110694
2024-04-16,-0.0018254527587405383,-0.0022446258334513653,-0.0066595227468625754
2024-04-17,-0.005935945168150746,-0.000403625498250325,0.011037097656166669
2024-04-18,-0.0020597633011570633,0.004503013980535367,-0.005052832768370233
2024-04-19,-0.00876671355849711,-0.0023658880343129613,0.0035959593315125706
2024-04-22,0.00916711474286894,0.00132077743040315,-0.0016839276116787088
2024-04-23,0.011796780401231726,-0.00039422626838334047,0.00033689829638886026
2024-04-24,-0.00047488907180185736,0.004709463664304997,-0.007101396341867665
2024-04-25,-0.003806132745707334,-0.0004173729458229782,-0.007038526301562946
2024-04-26,0.009429420088379466,0.002775201791036396,0.005226956444513598
2024-04-29,0.0035352939225649486,-0.002122318925900117,0.00835118388030369
2024-04-30,-0.015968163331726685,0.0008247938079739085,-0.00857762103850483
2024-05-01,-0.0032523711492450625,-0.004597165828774006,0.0073437136522308275
2024-05-02,0.009309914967841695,0.005143796890728481,0.004281666873704806
2024-05-03,0.012319139389336669,0.0010728188714235368,0.010068206312744245
2024-05-06,0.01027383846219407,0.0023316917706926814,0.0038884704248159027
2024-05-07,0.0011028757016253974,0.0008717944924890549,0.006079562722416658
2024-05-08,9.647710700271075e-05,-0.0015815538797213848,-0.006079562722416719
2024-05-09,0.005745329688340645,-0.0003331609149222311,0.00486647310092885
2024-05-10,0.0012873398782527374,0.003552685995199825,-0.005642883592396965
2024-05-13,0.000134478957870963,-0.0013687557229370368,0.0025489227741954806
2024-05-14,0.004577488464866231,0.0021457068323342014,0.00562874475396462
2024-05-15,0.012307083930096033,0.0019447012704893634,0.013555176702255983
2024-05-16,-0.002059759309742172,0.006934418446712236,-0.0009777564190897579
2024-05-17,0.001436629677022117,-0.0020233852741519107,-0.006761296839831881
2024-05-20,0.0011513908506540086,0.0007065954020106566,-0.002958431139393749
2024-05-21,0.00244970022129263,-0.0013476122728719713,0.005144549990208651
2024-05-22,-0.00288366776238781,-0.0005211701182829347,0.0012001979331306666
2024-05-23,-0.007330968037046798,-0.0027643117547025264,-0.006454693552233625
2024-05-24,0.0065947205261706054,-0.00115750095218525,0.002959033011726147
2024-05-27,0.0,0.003227302320858273,0.0
2024-05-28,0.0006983891355046042,0.0013134725606132052,-0.01443964976594603
2024-05-29,-0.007027144955959344,-0.0009228747019577188,-0.012175576281506425
2024-05-30,-0.006655738740170981,-0.004622998667696261,0.009618718899172308
2024-05-31,0.00906716232067092,0.003104909521282527,0.006766894649976259
2024-06-03,0.0008147893380471367,0.0016266164009212727,0.016045331508216482
2024-06-04,0.0011172654381305324,0.004993990868639649,0.01161326644022069
2024-06-05,0.011815105810351504,-0.0023423607924120534,0.007311371900632583
2024-06-06,-1.8874891184144265e-05,-0.0006743892561967788,-0.0015010090468092552
2024-06-07,-0.0012163642770018411,0.0018284745320394033,-0.018515789205576304
2024-06-10,0.0030851247016054355,-0.010662943021032207,-0.006688981981603774
2024-06-11,0.002405209799591871,-0.001357260455041113,0.01028883030679355
2024-06-12,0.008179682081786004,-0.002225800503826749,0.007485735390129005
2024-06-13,0.002011369672701469,0.0067570780683288145,0.014592496474124897
2024-06-14,0.0006080851950209989,-0.006896604999001071,0.00837986279323125
2024-06-17,0.007927553781105198,-0.0034198826115551654,-0.009978541583444413
2024-06-18,0.0025376122577793884,0.0035917077512611435,0.009133109253839948
2024-06-19,0.0,0.0001503782682153156,0.0
2024-06-20,-0.00272036924540566,0.0008597736998856827,-0.006682606948413067
2024-06-21,-0.001341507182864606,-0.0042057311718622144,0.0
2024-06-24,-0.0032560346669104397,-0.001743605181274369,0.004036192967514855
2024-06-25,0.003843359031370267,0.004198394017140161,0.0016945364731203473
2024-06-26,0.0012474927847006187,-0.0021549847749991156,-0.014388424007265957
2024-06-27,0.0015752203432355452,-0.002759294299526374,0.0039640200567656395
2024-06-28,-0.003942942738950842,0.0026522078836921812,-0.018780577479825155
2024-07-01,0.0020560237092508457,0.002498179976998341,-0.017410352342296178
2024-07-02,0.006707233009539323,0.00017177131184862907,0.0077558464913024565
2024-07-03,0.004452592693405503,0.001052856180220774,0.01304768951847069
2024-07-04,0.0,0.0041682348697401434,0.0
2024-07-05,0.005750034469207009,0.0016094691090687886,0.008244627503388849
2024-07-08,0.0011532062586980477,0.0014172852076074353,0.002158550158336536
2024-07-09,0.0009719247032038236,0.0004547759228130968,-0.004429890235083717
2024-07-10,0.009846866554725235,-0.0014935765778125393,0.0031355546462331304
2024-07-11,-0.008660177619292714,0.0017101581900879357,0.009667867489588904
2024-07-12,0.00628781650657893,0.003635807059775768,0.004267277279365482
2024-07-15,0.0027460674177423993,0.0011749830043508219,-0.011563369129915372
2024-07-16,0.005912823469965693,0.0014706445837825762,0.014008759691399674
2024-07-17,-0.014120351175631823,8.714869009926246e-05,0.00021213972547243568
2024-07-18,-0.007714547149779277,0.0034511861306799033,-0.007673329051727695
2024-07-19,-0.006662674380151879,-0.0035383348207792247,-0.005901681161965946
2024-07-22,0.010257069212565873,-0.00021806902047437983,-0.0029099733043423813
2024-07-23,-0.0015699639842247724,-0.0008607103043199634,-0.0014041576995535274
2024-07-24,-0.022923048308155884,-0.003598023824621103,-0.01086718837784302
2024-07-25,-0.005224161536335891,-0.0010302791156022808,0.008161533561839853
2024-07-26,0.011137533435244488,0.0010845501051680547,0.007772826395339681
2024-07-29,0.0005875145921885963,0.0002279279649853626,0.005362637913900208
2024-07-30,-0.00507920421629594,-0.0031643268838695902,0.003843158893154593
2024-07-31,0.016123809891503256,-0.0003137327528508791,0.010177002396041336
2024-08-01,-0.014262208397787322,0.000724951551994476,0.008588094920851264
2024-08-02,-0.018793760048189233,-0.003360575274129946,0.030685494931036714
2024-08-05,-0.029556326608491015,0.011358892636365093,0.00527723699566983
2024-08-06,0.009177427039382687,0.0036727188635254445,-0.02262214997011209
2024-08-07,-0.006706542874627974,-0.002264177736969769,-0.007065203819870672
2024-08-08,0.02285426312980135,0.00017476919764657832,-0.006170525051930716
2024-08-09,0.004399881179276231,-0.001135781683557143,0.00981297868407877
2024-08-12,0.0005253843187516568,-0.0001747493716200307,0.003629407289268343
2024-08-13,0.01631173157830761,0.0020538861067455733,0.006911118676453527
2024-08-14,0.003149929334443642,0.0055381610934357155,0.006251300800644599
2024-08-15,0.016994927720332405,0.0014746939005724669,-0.008103105893512135
2024-08-16,0.0022393714160069845,-0.003682672252913738,0.0034953327320596393
2024-08-19,0.009516122715592325,0.0047515321311987135,0.004607773161452652
2024-08-20,-0.0016274958593185758,0.005561019879638232,0.007936351538567492
2024-08-21,0.003430680247505822,0.0037320558476400963,0.0006080504129214726
2024-08-22,-0.0078793636683974,0.0024622620655040902,-0.009975864580780978
2024-08-23,0.010569222066043962,-0.0034299728738610585,0.006526111090292318
2024-08-26,-0.002386653904955314,0.006345743377981329,-0.0025441649498400658
2024-08-27,0.0013722402939948068,-0.0020788509279929717,-0.0017337163599997955
2024-08-28,-0.005822212664645623,0.0011842694816812614,-0.001225401028752414
2024-08-29,8.952501390816311e-05,-0.004750552482151741,-0.0032757817457944663
2024-08-30,0.009500685861501327,-0.004008112199441408,-0.010720925813810492
2024-09-02,0.0,-0.0032191761828712752,0.0
2024-09-03,-0.020793501630541035,0.0020453785580929677,0.01622304375040259
2024-09-04,-0.002048928235905424,-0.0016808504021881394,0.012807733921441583
2024-09-05,-0.002435370223860329,0.0028546480269664664,0.005640158208928719
2024-09-06,-0.016973443213532616,0.002762948065971709,-0.00010047003000426344
2024-09-09,0.011134040688200729,-0.002153233494915558,0.004309705973302838
2024-09-10,0.004346456312344132,-0.004491381464581687,0.006976203286664917
2024-09-11,0.010206583572538503,-0.001499998659979876,-0.0007946820690856077
2024-09-12,0.008387957860589676,-0.0009143102407975252,-0.004682583419597352
2024-09-13,0.005209191818273302,0.006063349541865521,0.002692986522704655
2024-09-16,0.0014758372832571732,0.0009531874092983568,0.009120500046858307
2024-09-17,0.0004085390601458334,0.003699262354885196,-0.004847365645537391
2024-09-18,-0.0029703430596862987,-0.000578565328448507,-0.01247346851721705
2024-09-19,0.016920419617095245,-0.0007449134913267066,-0.0033190935559141055
2024-09-20,-0.0017298794170691354,0.004232548367000081,-0.0038357648260663553
2024-09-23,0.002495459023299432,-0.00010050347335537372,-0.0021260717575532547
2024-09-24,0.002857292202274857,-0.004409974978157959,-0.0002026988672984185
2024-09-25,-0.002207791339747439,0.00712578174023549,-0.008346824940234233
2024-09-26,0.003956742564877368,-0.0053908146634261515,0.0023480970351333714
2024-09-27,-0.001451451782586848,0.004138093124158529,0.005187521317581313
2024-09-30,0.003999298913751391,-0.0006591266714528767,-0.004779641321887977
2024-10-01,-0.008998864597382177,-0.0029778807029176247,0.00719400905178698
2024-10-02,0.00042198467364129805,-0.006549189271602771,-0.008462608965449014
2024-10-03,-0.0018298511436541753,-0.0013930498135304333,-0.009465559835065212
2024-10-04,0.00904627377092313,-0.0011704967526170221,-0.012377162538754772
2024-10-07,-0.009081487613016396,-0.005546439110082104,-0.007563783277182004
2024-10-08,0.009413108733005542,0.00010970371752365722,0.0016856558387466423
2024-10-09,0.0069024971379386905,0.0,-0.005700842953578456
2024-10-10,-0.001751569987531797,-0.0029590431965937944,-0.003925118393027013
2024-10-11,0.005970483612594294,-0.0008642155597103411,-0.004047260699494297
2024-10-14,0.008144978955629037,-0.000775923506742071,0.0007466633663186199
2024-10-15,-0.007800051211347414,-0.001484810288522294,0.012084173415445333
2024-10-16,0.004337210039458589,-0.002299151620178001,0.004205632051617642
2024-10-17,8.557284607672245e-05,-0.0019897641570457317,-0.015969876312618096
2024-10-18,0.003839169728627676,-0.0030369451370040068,0.0007461330364281897
2024-10-21,-0.0016435234897547348,0.0036018577389630843,-0.017625445756560595
2024-10-22,-0.0005312140693382019,-0.004684178358743221,0.000975403508683163
2024-10-23,-0.009179367560591928,-0.0019021563077478245,-0.0027117266868706253
2024-10-24,0.002160251802549808,-0.0015536373352375663,0.006387673553409168
2024-10-25,-0.0003453569609313954,0.004040108121261029,-0.005627616119505928
2024-10-28,0.0030867687901062935,-0.0025512817216714694,-0.0027170314516668337
2024-10-29,0.0016169642213606978,0.0018695482944515605,0.0015222413223649346
2024-10-30,-0.0030297943793906935,0.0003570095333019306,0.00292970529810215
2024-10-31,-0.01979777529280187,0.00355552811789075,0.0016238829713813012
2024-11-01,0.004211597562201884,0.0024788833789448966,-0.014198992069469115
2024-11-04,-0.0021563248834115547,-0.0010661677399958194,0.015402887940310373
2024-11-05,0.012019508942895983,-4.3521069384201406e-05,0.005297603228739948
2024-11-06,0.024561367338930135,0.005539332429711126,-0.02777040200203347
2024-11-07,0.007702321977389281,-0.01858962293453205,0.012449795121439023
2024-11-08,0.00432235678554351,0.005769485943921089,0.012621055818261898
2024-11-11,0.0009524320233579573,-0.0074639193703969955,-0.004877201451415423
2024-11-12,-0.0031111707177523132,-0.004724823568674232,-0.015106947365690033
2024-11-13,0.0004856507008776076,-0.004479643966715406,-0.009531340210785532
2024-11-14,-0.006451074270588728,-0.004966864548694718,0.005773893279574927
2024-11-15,-0.012891167411885507,-0.003227449035962479,-0.0026604633660412005
2024-11-18,0.004088826355325771,0.00034760225258057047,0.001774550720524339
2024-11-19,0.003648915488092873,0.005789229842806905,0.005084544421122688
2024-11-20,0.000338875834369798,0.0011979117760981743,-0.0032023910366275336
2024-11-21,0.005353889004630169,-0.005806694288349814,-0.0007747477673600739
2024-11-22,0.0030944963100148163,-0.0073132804671590685,0.0005532432676247082
2024-11-25,0.0033864694529850566,0.0010054927377039545,0.025558625442383222
2024-11-26,0.005207900241770504,-0.0034002086829326983,-0.0038897243356724423
2024-11-27,-0.0030347921123566476,0.00448025683300722,0.006904748538693409
2024-11-28,0.0,0.006768694192798784,0.0
2024-11-29,0.0061930418880992415,5.281773593705406e-05,0.010268501833070624
2024-12-02,0.0017908260787474993,-0.0016992399754418089,0.0023996567831125262
2024-12-03,0.00046342521577770473,-0.004167117568172117,-0.008666379543446404
2024-12-04,0.006190516696171581,0.0009139811661724639,0.010688398485999449
2024-12-05,-0.0016470951992252744,0.0003153593821823031,0.002018113607487988
2024-12-06,0.0018939000361718997,0.006773005972460674,0.0014840108776728248
2024-12-09,-0.005163081346124972,-0.001903646640996115,-0.009259670377291198
2024-12-10,-0.0031137309837367243,-0.0009714799294297815,-0.004715915149494804
2024-12-11,0.007700702875276358,-0.0021088709645177175,-0.009499347190983908
2024-12-12,-0.005165755188186189,-0.0024826807922637144,-0.012221774285727339
2024-12-13,-0.0001984317098114529,-0.0031261282522741423,-0.0102631856479573
2024-12-16,0.004260759425751578,0.0034308317144111627,0.002990524782011529
2024-12-17,-0.004128707759649672,0.0006939144774902469,0.0024301928456159547
2024-12-18,-0.030256613807767344,-0.0021222625439105583,-0.012583215695839816
2024-12-19,-0.00030709368585758143,-0.013892921674058333,-0.015257225087544027
2024-12-20,0.011939453918031324,0.0014189884036627928,0.005677970720382786
2024-12-23,0.0059704551547163365,0.006551310157174737,-0.009214547710497935
2024-12-24,0.01105367568985796,-0.002615307224549931,0.004219660599035511
2024-12-25,0.0,-0.000312110508902009,0.0
2024-12-26,6.658957764061234e-05,-0.0002911159457427181,-0.0005690636373430158
2024-12-27,-0.010582380600210406,0.0022696037204858978,-0.00823256994653135
2024-12-30,-0.011477198153203867,0.0005943154668251187,0.008004704104646015
2024-12-31,-0.003644664109505321,-0.002229418304886993,-0.005367215746071386
2025-01-02,-0.002459829385360168,-0.005230906422146218,0.0027442391593704304
2025-01-03,0.012425775025449736,-0.008113997132924225,-0.0032026747561877595
2025-01-06,0.005743981611671598,0.003610662579582716,-0.004477794527073618
2025-01-07,-0.01136831629184718,0.007831709997193285,-0.011341314866975179
2025-01-08,0.0014597345003096753,-0.003939010992033952,0.0012795333709010792
2025-01-09,0.0,-0.0029853923848209975,0.0
2025-01-10,-0.015385176811872776,-0.0016592591806951788,-0.006648014245761861
2025-01-13,0.0015493839894041204,-0.00517668789558367,-0.00035106709568000417
2025-01-14,0.0013750045248620301,0.002030483986235354,-0.0016399768018627928
2025-01-15,0.018026674240311926,0.004042511093745486,0.017088627307044524
2025-01-16,-0.0019250579562589988,-0.0011228832625102638,0.0032220183562727996
2025-01-17,0.009989835238136619,0.0006487944949136819,0.0017220625742443284
2025-01-20,0.0,-0.002387160083696559,0.0
2025-01-21,0.009111737358867486,0.013846491055078888,0.008905850187610524
2025-01-22,0.005605796453539717,-0.0014162053621806219,-0.005242673994535318
2025-01-23,0.005443319128326142,0.00040591449116566636,-0.007800778755523545
2025-01-24,-0.0029237382474337145,0.0005623270136917337,0.00448130164292574
2025-01-27,-0.014246253240348535,0.004938921534779492,0.01174020189775757
2025-01-28,0.008555611473282456,-0.002153932561904579,-0.0006803274604699351
2025-01-29,-0.004493045788622342,-0.0015342817485930794,-0.002043017242752272
2025-01-30,0.005352731358855029,-0.0003649282085413558,0.0037423644766030853
2025-01-31,-0.00533612344483288,-0.0026861791364861222,-0.006586856614173203
2025-02-03,-0.00675229895034307,-0.01448189426502745,0.00810907851919637
2025-02-04,0.0066858656392535494,0.007736208334642574,0.0030575945428623777
2025-02-05,0.00404643194315376,0.004388368698745603,0.01637568991170865
2025-02-06,0.0034695007611694672,0.0027005333349387236,-0.00044525055960449513
2025-02-07,-0.009195664775840797,-0.0014550635639053737,-0.006475989619408552
2025-02-10,0.0067682684944034765,-0.0071612243912707796,-0.0030293310505039575
2025-02-11,0.0007602521284138967,-0.0009790906251212763,-0.0064251186821917255
2025-02-12,-0.003226788117512407,0.006137893242324767,-0.013662762623380186
2025-02-13,0.010502466661843405,0.0026050744738818675,0.016486141595459386
2025-02-14,-4.9381813522978136e-05,0.0066834911027321,0.005285895426285676
2025-02-17,0.0,0.002629322305061365,0.0
2025-02-18,0.002931494813553513,-0.0003670411630294712,-0.011847884573280716
2025-02-19,0.002352150599885136,-0.0035378371130214345,0.0012479117019988388
2025-02-20,-0.004168923150187155,-0.002619032156404236,0.0037339563233964265
2025-02-21,-0.017251969251218507,0.0076049269657811865,0.012012420246742374
2025-02-24,-0.004560894960155602,-0.0024541613434621305,0.0028975479235426394
2025-02-25,-0.004985694838379668,-0.001287627798320897,0.017099882222200997
2025-02-26,0.0005047746640327496,0.005980862832362414,0.005889578047654039
2025-02-27,-0.01609067453879389,-0.0033620277203350937,-0.007093556373494843
2025-02-28,0.015484977047206543,-0.008969571024957386,0.012191395936159465
2025-03-03,-0.017675164467805603,0.0018000872765831179,0.004655881341652643
2025-03-04,-0.011907481495598895,0.006812887153838506,-0.01239139117180596
2025-03-05,0.010690492124800251,0.013448043458163524,-0.008016181103245095
2025-03-06,-0.0179105981683376,0.01568010434631488,-0.0033129607604058414
2025-03-07,0.005589236918639989,-0.000647444013491739,-0.003213593263926896
2025-03-10,-0.02699666432272876,0.00671099553549719,0.010377764085029372
2025-03-11,-0.008347746686762214,-0.001952945686590632,-0.007164170821102546
2025-03-12,0.005292458747557035,0.006874012208263975,-0.005991637912611644
2025-03-13,-0.013419973103024,-0.002561529979828587,0.008753110182283167
2025-03-14,0.020445242975871563,-0.0028155966319873735,-0.005309152252678087
2025-03-17,0.00768186670863444,0.002358530074516342,0.0049781491261009754
2025-03-18,-0.010867323940460919,0.0034771243239103676,0.0009925909262796
2025-03-19,0.010831967834690391,0.0018579471337151732,0.005167931676619525
2025-03-20,-0.0028957781981189925,-0.002523804174013747,0.0006578329677890194
2025-03-21,0.0003298375160307374,-0.005072068371072948,-0.005935863953376848
2025-03-24,0.017749910189169125,-0.0019306529647782715,-0.010306674264091365
2025-03-25,0.0024008294201014486,-0.0029753684650426575,-0.00011134314427913201
2025-03-26,-0.012010062529948014,-0.0014897398063046796,-0.006594854573878573
2025-03-27,-0.002659268893583768,-0.004219871121378601,-0.002919869825040447
2025-03-28,-0.020343752509044025,0.005471904928493531,0.013739154596357816
2025-03-31,0.006690370104205908,0.002119260589161071,0.00982514002656192
2025-04-01,0.0028205718332439756,-0.00046531882945168224,0.00862820801972128
2025-04-02,0.006308357997637376,-0.0021182604350527302,-0.0006557297721733573
2025-04-03,-0.05053641399922805,0.010385541263550277,0.004582963101378982
2025-04-04,-0.06032671113300068,0.012304011200254634,0.010828541055164455
2025-04-07,-0.0017827766547531929,-0.005374859221748646,-0.030620419635409405
2025-04-08,-0.01578664896272939,-0.006318140368247303,-0.019058605030050867
2025-04-09,0.09986280912531384,0.00594474617600662,0.005868269561789088
2025-04-10,-0.044808236735876514,-0.0025880638328910897,-0.027955414987528897
2025-04-11,0.017685464038685945,0.02753679368654884,0.005423963074433919
2025-04-14,0.00965475064745145,0.007548715960574773,0.0071099103314160375
2025-04-15,-0.0028047219908549285,-0.0003062899835378224,0.0035362268814166107
2025-04-16,-0.02247872738938427,-0.004152990399168905,0.005564033157937888
2025-04-17,0.0014257003179427759,0.009177768277881679,-0.008871657727840824
2025-04-21,-0.02409056865722113,0.0,-0.017634289993674893
2025-04-22,0.025685056289012017,0.01012583360643525,0.005565733399621802
2025-04-23,0.015376535724403154,-0.014129519405897227,0.009666506402278206
2025-04-24,0.020830560538646615,-0.0021091061414329868,0.010480673137818333
2025-04-25,0.007199333805528579,0.003927005358487813,0.007339512132004434
2025-04-28,0.00038120009712900725,-0.0025327013127678976,0.00627998205006115
2025-04-29,0.006279631323148115,0.005801755768966738,0.008349622454145708
2025-04-30,0.0003968629903005842,-0.0017440288024672278,-0.008126068398116843
2025-05-01,0.00706187423718725,-0.005667270687163898,-0.005083465070456293
2025-05-02,0.014735040614723718,-0.0025109355398079715,-0.01088308514903777
2025-05-05,-0.005750719326023617,0.002363767033181694,-0.005601127385020512
2025-05-06,-0.008393563113417038,-0.0008714538758396441,0.003318671042299308
2025-05-07,0.004196709046927182,0.002594115160183952,0.004218544118091449
2025-05-08,0.006943709424319438,-0.0032274857133955054,-0.011211953336420373
2025-05-09,-0.001275143396223258,-0.007277214631164086,0.0014945553486882593
2025-05-12,0.032513213002877885,0.00048270107969245125,-0.009348477408916488
2025-05-13,0.006582150859953346,-0.012010660324811111,-0.004066863881965213
2025-05-14,0.0012772665916255532,0.008076757706772764,-0.006658516429835341
2025-05-15,0.004872395712505169,-0.00032425159137525964,0.008751894285605692
2025-05-16,0.0063139640170032955,0.0009621084651180851,0.0026689326162161946
2025-05-19,0.0010934300710979778,-0.00045882807253922446,-0.0029010314751831195
2025-05-20,-0.003367818064590877,0.00409175580635506,-0.007231301546466899
2025-05-21,-0.01699436322255481,0.004842086185194891,-0.017237689057340116
2025-05-22,0.00039452402028022595,0.003822646550956042,0.0052263375224437
2025-05-23,-0.006849253936013615,-0.004364242923425007,0.0016570917652930781
2025-05-26,0.0,0.008030940913750891,0.0
2025-05-27,0.02057750809639445,0.0013771138296125233,0.013859910429239296
2025-05-28,-0.005802146987409403,-0.004522343467707766,-0.0043254609559492205
2025-05-29,0.003939671155225264,-0.009163703876655521,0.00921247813315586
2025-05-30,-0.0011192368192377022,0.012798111458263317,0.0015079972686510921
2025-06-02,0.005617011295771019,-0.0022049726468498553,-0.009350518061885927
2025-06-03,0.005686463665882907,0.008780564361130163,-0.0017628849517664815
2025-06-04,-0.00026844462670427653,-0.006040683214396936,0.01610311823113806
2025-06-05,-0.0048444712872469904,0.0032955128033733162,0.0006942793391166063
2025-06-06,0.010216455014543598,0.002779412678818525,-0.012806027564759594
2025-06-09,0.0009010294297043746,-0.004023623614523357,0.0010541556748223586
2025-06-10,0.005653602820836043,0.0017697730981871202,0.005136628021236584
2025-06-11,-0.0028559467216013015,0.0008232114164616173,0.003022668828819536
2025-06-12,0.003966295888904204,0.006264395784009404,0.01188663795235946
2025-06-13,-0.011243130081980407,0.007868715947294892,-0.009683103949422947
2025-06-16,0.00946926548552021,-0.003763006263429779,-0.010128714377418854
2025-06-17,-0.008581580843552632,-0.00046212368991682803,0.01209606238717218
2025-06-18,-0.00015093161453945563,-0.005965765260147934,0.0017325444604100392
2025-06-19,0.0,-0.00044775907821049477,0.0
2025-06-20,-0.0023512362440002437,0.003069228728114232,-0.0018485149984255615
2025-06-23,0.009829022247643619,-0.0010355737465834497,0.003232150766939188
2025-06-24,0.010986611589662867,0.008500688032483909,0.007234437221375552
2025-06-25,0.0005601258187577922,0.00113727887091598,0.001257797440850145
2025-06-26,0.007793464081053564,0.006138461676132699,0.005015520420668603
2025-06-27,0.004955920549640484,0.000724660809128604,-0.006387817124970373
2025-06-30,0.004769886151343328,0.0030093924011487484,0.00979302018059101
2025-07-01,-0.00032366665853689923,0.005079122744651506,0.0024763302853131955
2025-07-02,0.004523120741211659,0.0015571728454564678,-0.006373646914375948
2025-07-03,0.007850404775935078,-0.00044854130647288505,-0.006989555127872904
2025-07-04,0.0,-0.0024396416038004946,0.0
2025-07-07,-0.007479976005623427,0.0007889830282926394,-0.00958952233368482
2025-07-08,-0.0005477859312437243,-0.0037627227491737413,-0.0012776417818786156
2025-07-09,0.005978747694233981,-0.0010205990022104786,0.010407054611372478
2025-07-10,0.0028162888082995893,0.0005630181784850364,0.0006900848928465909
2025-07-11,-0.003521503095199913,-0.0024255019929678916,-0.013890749927141167
2025-07-14,0.001906266886477044,-0.0017655424559011193,-0.0021004117497100887
2025-07-15,-0.0042823684543158574,-0.0013541264909105511,-0.007033123324783027
2025-07-16,0.003337598209687879,-0.005062042569506026,0.0014106440833030834
2025-07-17,0.0061009889381351675,0.0024404861817701115,-0.0002350006901209218
2025-07-18,-0.0007326028897206542,-0.0017437986838320166,0.0015262352980394405
2025-07-21,0.0018943480812726298,0.0013133100172193406,0.008876620545603906
2025-07-22,0.00014318518761442616,0.005469826150893581,0.006028075586844756
2025-07-23,0.008471394418692447,0.0038079958892339527,-0.00556317861707899
2025-07-24,0.00033097490506409994,0.0029862395798766583,-0.0017449004074484354
2025-07-25,0.004215537956781221,-0.0015412344485053924,0.006267331928242942
2025-07-28,-0.0002511005278458048,5.870991801312067e-05,-0.006500159350579305
2025-07-29,-0.0026410493043626687,-0.013708151840823465,0.016745042134910668
2025-07-30,-0.0012601631714330352,-0.003958249450338669,-0.005166794189144458
2025-07-31,-0.0037583146800458755,-0.010582197162933812,0.0005753158219625924
2025-08-01,-0.016526226537602218,-0.0004913783030475,0.014116411091479956
2025-08-04,0.015085502882277071,0.01416251795155252,0.00272920400393629
2025-08-05,-0.005082919798509285,-0.00022019763958905744,0.003061500062231314
2025-08-06,0.007630474189105244,-0.0004284953923053027,-0.005790704066167658
2025-08-07,-0.0008379874450790588,0.007228292232798949,-0.0017094742127356324
2025-08-08,0.007767311017072898,0.0011553279826671148,-0.004343767850951665
2025-08-11,-0.0019793621405001806,-0.0024606864217707708,0.0011449032771220667
2025-08-12,0.010589711326313691,-0.0025361138582426015,-0.0050476848544458485
2025-08-13,0.0034173824976576803,0.005031817232867205,0.008246549428275646
2025-08-14,9.291355233127299e-05,0.003064079840358307,-0.007441708257623063
2025-08-15,-0.0023439428152555583,-0.005268555868744071,-0.00715028105060491
2025-08-18,-0.00021773625932833604,0.004730015176767789,-0.0028976385362072124
2025-08-19,-0.005439870329590304,-0.003272595167235942,0.005787089881721775
2025-08-20,-0.002660617109700641,-0.002214521376242774,0.002190006963160492
2025-08-21,-0.004019781603116135,0.0007919897481926959,-0.004963590048347086
2025-08-22,0.015240013258267937,-0.003326823261899247,0.007378949363011998
2025-08-25,-0.004410733032418605,0.008279447377107845,-0.002875971302050481
2025-08-26,0.00417822779510161,-0.007814853701171973,-0.0005761327439210388
2025-08-27,0.0022759564506928394,0.0018025532981323705,-0.0011532622318538234
2025-08-28,0.0035350684092173997,0.0007335605601103757,0.006556511260408229
2025-08-29,-0.005981492907034908,0.0028811150967894125,-0.007133918972929834
2025-09-01,0.0,0.0008765237913422871,0.0
2025-09-02,-0.0074378442849918356,0.0020599100288224465,-0.007469520497093411
2025-09-03,0.005404912748453931,-0.0068420207751402635,0.010917731963626208
2025-09-04,0.008322591837480268,0.0020966619985556645,0.007594999252158735
2025-09-05,-0.0029003961913302155,-0.00030316941098476743,0.015131913841814257
2025-09-08,0.0024535652814358087,0.004814272494273139,0.013236379473838962
2025-09-09,0.0023092163266358,0.004766795744852672,-0.005699184081457362
2025-09-10,0.002886634953297581,-0.005656694013072186,0.005699184081457433
2025-09-11,0.00827595011479291,5.85702811199617e-05,0.0066638246136479316
2025-09-12,-0.00033468641059504023,0.002671941133232542,-0.004326577755567527
2025-09-15,0.005309840610233649,-0.0007038362821511885,0.0023320623635179833
2025-09-16,-0.0013779271038015764,0.0031711723364202106,0.0021052641215772135
2025-09-17,-0.0012431360491986744,0.009111157584802068,-0.0025490010059022396
2025-09-18,0.004661617295406556,-0.0038034942077854283,-0.010373119157683982
2025-09-19,0.004940643347549601,-0.002987527682998781,-0.0019080340462801768
2025-09-22,0.004719800825183231,-0.00459975736938313,-0.0036011240505703576
2025-09-23,-0.005458248035394466,0.0054490527700660745,0.00696558025679743
2025-09-24,-0.0031868295747073685,0.001133560099404778,-0.0038136976068001774
2025-09-25,-0.004624049362276245,-0.005925077887075215,0.0
2025-09-26,0.005712685577890228,-0.006998753739016789,-0.0008996272195823268
2025-09-29,0.0028065048617203843,0.003891255553779332,0.008177959792422166
2025-09-30,0.003759757999068319,0.0019806111702517447,-0.0029050506548768
2025-10-01,0.0034017796058662298,0.00037549924772429627,0.002579181067671783
2025-10-02,0.0011510698904782946,-0.00015258036072495198,0.002907611963145138
2025-10-03,-1.4805515983767243e-05,-0.0007623361800018725,-0.00190016362314023
2025-10-06,0.0035798566266859286,-0.0010781815879537045,-0.00797533488897095
2025-10-07,-0.003714403753721363,-0.00018739398387827448,0.005735121433808689
2025-10-08,0.005945346619066807,-0.004766464102914459,0.0007847436966935095
2025-10-09,-0.002901179078111572,-0.001944386427629532,-0.0007847436966934462
2025-10-10,-0.027399832538963102,-0.005648764894055418,0.01601820993492909
2025-10-13,0.015227587680655873,0.00310463988763602,-0.0005519677694074911
2025-10-14,-0.0012223931057610573,-0.003069907661501375,0.0031969878066763356
2025-10-15,0.004429704266786335,0.003058297376041747,-0.0022035072105004495
2025-10-16,-0.006833429349370981,0.003789498902146494,0.007472389812285968
2025-10-17,0.005660156214500435,0.004564146105032233,-0.001533975392345278
2025-10-20,0.010346787167762106,-0.003608682608285511,0.003830448606930299
2025-10-21,-1.4942990429156014e-05,-0.0011185328701258219,0.0049033268861956684
2025-10-22,-0.005212477453439929,-0.0037888849174725417,0.0006520504894068517
2025-10-23,0.005912449677416068,0.0006962863606300936,-0.006866914977726903
2025-10-24,0.008139340211438471,0.0008245819701882889,0.0004373413783428388
2025-10-27,0.011728614603400918,0.0011740581594156239,0.0033834025633091716
2025-10-28,0.0026524950416700003,0.001722954597345136,0.0026112875329027656
2025-10-29,0.00048025529764689906,0.0005245090468156377,-0.010157699680173623
2025-10-30,-0.011059114340385109,-0.004687056236158633,-0.005835409896851107
2025-10-31,0.003274853895150146,-0.00266525736380437,-0.0029860909530520408
2025-11-03,0.001874980999473234,-0.003846199871322598,-0.002503875779892435
2025-11-04,-0.011924360802475447,-0.000772136025743686,0.0022261725100827497
2025-11-05,0.0034594854141328157,-0.0029215895313422433,-0.010955856454509917
2025-11-06,-0.0107874293787707,0.0009768165584818885,0.008952400770173825
2025-11-07,0.0009840807123627038,0.004551545936366607,-0.002118832434648825
2025-11-10,0.015483874055295284,-0.0004619064573929637,-0.00022336622187871412
2025-11-11,0.002286560853950906,0.0011550883736828707,0.0045679640355653015
2025-11-12,0.0005562356386344725,0.002615376763782096,0.001777052266913134
2025-11-13,-0.016733219095931014,0.00040556416479594736,-0.008245424700532668
2025-11-14,-0.00016356304453120328,0.003425554234844353,-0.005722010437048782
2025-11-17,-0.00936029173962937,-0.0014297542332625918,0.0024724220325726414
2025-11-18,-0.008432918992475554,-0.0021349466482306996,-0.0003369181167872088
2025-11-19,0.0038557337390654808,-0.0008109940862881721,-0.0020230045898158152
2025-11-20,-0.015359584109870688,-0.003502886982433731,0.003930056966844275
2025-11-21,0.009911853052476355,-0.0005307664626685978,0.003021184349884298
2025-11-24,0.014611339452438529,-0.0023387457189911476,0.005682288360929364
2025-11-25,0.009361876598705392,0.001082257967005073,0.002551950426144175
2025-11-26,0.006879861801814111,0.003878233380834474,0.004422813007223968
2025-11-27,0.0,0.0032202570718964044,0.0
2025-11-28,0.005443590966696786,-0.00019719223599180802,-0.004755261190825632
2025-12-01,-0.004575923889866952,0.00013913811257868804,-0.012526902635479563
2025-12-02,0.001850563521801528,0.0005338681523857639,0.0004505147186766188
2025-12-03,0.003456767569100685,0.0017426145067616567,0.0028108841354432404
2025-12-04,0.0007308726355028201,0.003342812053854932,-0.005404008463594546
2025-12-05,0.0018975931835084833,-0.002062849287251466,-0.004639401698703223
2025-12-08,-0.0030087308003297914,-0.00022118438593955202,-0.003294463579263356
2025-12-09,-0.000863490795128103,0.00010465908031026407,0.0010237426198706167
2025-12-10,0.006610338742418503,-0.0011284787545329754,0.003857216906926891
2025-12-11,0.002324242885119065,0.00625216328712096,-0.0013595460541865497
2025-12-12,-0.0108102968489866,0.0032583302689056003,-0.009685162856673361
2025-12-15,-0.0015119509722544683,-0.00015263535945028118,0.0006868907243729938
2025-12-16,-0.002736024649435422,0.001444786011798567,0.005476858659689411
2025-12-17,-0.011064581322954193,-0.0004348603030375916,-0.0009106842997393585
2025-12-18,0.007522894645792734,-0.0006107669323483436,0.004772112866424768
2025-12-19,0.009022679156543787,-0.001419763619046865,-0.0037393540488886634
2025-12-22,0.00621047884157309,-0.0014997716425493423,-0.0021726192626308127
2025-12-23,0.004560079363435816,0.004929457555550721,0.0016013726798096571
2025-12-24,0.003511501850767283,0.0025094133829199968,0.006038870598267885
2025-12-26,-0.00010141480775991423,-0.0008608228780450154,-0.003299804422726483
2025-12-29,-0.003570018446780222,-0.0010718568594030558,0.0037540411119617043
2025-12-30,-0.001221959902357149,1.18472044775698e-05,-0.0023872715755528687
2025-12-31,-0.007436434837780548,-0.0021756559939025886,-0.007999044820208788
2026-01-02,0.0018313152201985445,0.0002701996718946847,-0.0014927728175571995
2026-01-05,0.006638125918191552,-0.0039052493947448214,0.004928785556329194
2026-01-06,0.005929543756599755,0.0008782538878940032,-0.0020604248349971477
2026-01-07,-0.0032286186657920035,-0.0022817823442597422,0.005826371866575411
2026-01-08,-0.00010153246851990349,-0.0009814279491846623,-0.005024540987045533
2026-01-09,0.006591610519991714,-0.0016217000708161422,0.006617897382030293
2026-01-12,0.0015692011602722827,-0.0029335393489510466,-0.0029612165429896867
2026-01-13,-0.0020015084477309304,0.003714985157428741,0.0017096225796933947
2026-01-14,-0.004927372488885677,-0.0020979446034860723,0.005790559132474962
2026-01-15,0.002719596051916529,0.00032606295146541086,-0.00022669114719461175
2026-01-16,-0.0008382564279319575,-0.0032092523812508244,-0.00579169662796206
2026-01-19,0.0,0.001370854039887487,0.0
2026-01-20,-0.020566855255717744,0.0012212971236851653,-0.013184411245589894
2026-01-21,0.011475018699616915,0.007594187300257437,0.007587954793766231
2026-01-22,0.005209663778086045,-0.004691796358141223,0.004342828964302419
2026-01-23,0.00036266941646986676,0.006969632403705956,0.002733050093499441
2026-01-26,0.00506538103059215,0.008795761610489736,0.004765337915436567
2026-01-27,0.003976249609777937,0.0015190121488507834,-0.0062447605214145125
2026-01-28,-0.00010066964734378686,0.011815434779079346,-0.0022804276518478537
2026-01-29,-0.001986348639724907,-0.0033233987290885356,0.00022825897340660796
2026-01-30,-0.002986940574398427,-0.001005613006019161,-0.005608075668036634
2026-02-02,0.004958907008599522,-0.009787839779129372,-0.002861267193121569
2026-02-03,-0.00849133546493203,-0.0042683305772816425,0.002423348125860741
2026-02-04,-0.004855623207264491,0.0014758521488129476,-0.0025389396848005106
2026-02-05,-0.012567930681256348,-0.0012280419667084874,0.010803501927360811
2026-02-06,0.01900307879815714,-0.0020160851725848647,0.0006855433346909708
2026-02-09,0.0048101394245550514,0.004059767058934511,-0.00022849206657800315
2026-02-10,-0.0026405409324224806,0.006596919769340201,0.011474132134702407
2026-02-11,-0.00023114885650317492,-0.001213452657763082,-0.005323008964473336
2026-02-12,-0.015569436795382833,-0.0011407449746145216,0.013199065580228262
2026-02-13,0.0007042510601164912,-0.0006412181154459174,0.005476159800579979
2026-02-16,0.0,-8.296867967237648e-05,0.0
2026-02-17,0.0016121827537749706,-0.0014824419525577088,0.0016706825084779877
2026-02-18,0.005025060758005965,0.00016597545472382783,-0.003790574314113646
2026-02-19,-0.002640828242968268,-0.005330892187443716,0.0010047838926918488
2026-02-20,0.007205824861526998,-0.001672717262548906,-0.002346009743540524
2026-02-23,-0.010263859697353819,0.005558699440543781,0.003684094855239471
2026-02-24,0.007242187209707843,-0.0034615685408089184,0.0017815071307610115
2026-02-25,0.0084029028181233,-0.0015791679800708249,0.0001110973003061228
2026-02-26,-0.005569928872744709,0.003385308042882381,0.003995991070747253
2026-02-27,-0.004813507218789428,-0.0010274385937266125,0.006074275639671555
2026-03-02,0.0005683614380813482,-0.0036992518169130916,-0.010092833712087326
2026-03-03,-0.008853326204464676,-0.005301246967732852,-0.0020106801388750832
2026-03-04,0.0070305833857426895,-0.007295832625916149,-0.0031358507464259487
2026-03-05,-0.005591272564328495,0.0020109002290502544,-0.004046223641235682
2026-03-06,-0.013193786382772557,-0.002370782230656385,-0.0037236670490190015
2026-03-09,0.008721815668318755,-0.0073325559743644625,0.00866702692682147
2026-03-10,-0.0016083082110627642,0.008122175820436147,-0.010703961391089978
2026-03-11,-0.0012559228897518618,-0.0005110465032665204,-0.012997600871974576
2026-03-12,-0.015301438459733196,-0.005881166978062398,-0.001952810918914016
2026-03-13,-0.005676215023587526,-0.0018682859083653618,-0.004956472799338811
2026-03-16,0.010125429394262926,-0.0075411874205572795,0.007712422693845438
2026-03-17,0.0026270911632708125,0.005618921196097603,0.0027481969357460844
2026-03-18,-0.014051911808400095,0.0034673611974542703,-0.005618978457271495
2026-03-19,-0.0024674226283852175,-0.006521516092985272,0.0060760994093375835
2026-03-20,-0.01443944509538709,0.009815664723191437,-0.019155672354445007
2026-03-23,0.010445249178190171,-0.0015039167260879642,0.006503238870048811
2026-03-24,-0.0033624612191459923,0.004054317443303889,-0.004408312521083166
2026-03-25,0.005557218263225205,0.0006502102683339267,0.009603659502060716
2026-03-26,-0.018020121487025215,-0.004588832859259411,-0.008441725247745998
2026-03-27,-0.017198951843375027,-0.0022865769599887727,-0.005473242172891653
2026-03-30,-0.0033489923071651985,-0.0037419809916972168,0.013223937990031435
2026-03-31,0.028653407820692582,-0.002788683495005311,-0.0010376654926930512
2026-04-01,0.007506248903134024,0.00991608744961027,-0.0009850089936973047
2026-04-02,0.0009000543608632609,0.0014130283252829924,0.006125506436547051
2026-04-03,0.0,-0.004221539738742763,0.0
2026-04-06,0.00471570863127598,-0.002754691613357004,-0.0016143779063758443
2026-04-07,0.00043990379276420265,0.002708418724149226,-0.00011542531954257434
2026-04-08,0.02515068962018007,0.012519593943219736,0.003226436126649584
2026-04-09,0.005752440641581351,-0.002334659504696524,-0.0025342633666540918
2026-04-10,-0.000661994496571573,0.0027319920379856345,-0.0024250633069426595
2026-04-13,0.00972500571340668,-0.0013785918865958813,0.0030015679481958948
2026-04-14,0.012111239170364246,0.007994343068552718,0.005288680904681925
2026-04-15,0.007859998349511583,0.0025924501900808916,-0.004366820922498738
2026-04-16,0.0024543333053888188,0.000826284997365757,-0.006354386468569733
2026-04-17,0.012013237341879625,-0.00224109749069271,0.009114610450191907
2026-04-20,-0.0020017372548961723,-0.0035286546942598735,-0.0002297502253564896
2026-04-21,-0.006568417750443915,0.003669983273172088,-0.005529361636052117
2026-04-22,0.010075780503951338,-0.0034116213946593916,0.0019618252805027807
2026-04-23,-0.0038882904816336587,-0.003259636998088752,-0.0021928127800388926
2026-04-24,0.00771943756437638,-0.0018946143927692446,0.0018468562134166383
2026-04-27,0.0017213055408080294,0.0019297471030215495,-0.004971367302663636
2026-04-28,-0.0048778697536611924,0.0014527001495131038,0.0010425888026543576
2026-04-29,-0.0001545212627813887,-0.00048057391518446503,-0.007787735667108222
2026-04-30,0.009900461815238022,-0.002831679949436621,-0.0009337485477786793
2026-05-01,0.002765268411019866,0.0037930034813586453,0.0035690481226404113
2026-05-04,-0.003670118801040342,-0.00021111912782637615,-0.007621627825447037
2026-05-05,0.007990221711526798,-0.0029623965157234036,0.005516773790544809
2026-05-06,0.013803688898871048,0.002036381673895108,0.007579855310866311
2026-05-07,-0.003070792479857851,0.00269835650450373,-0.005008007759645977
2026-05-08,0.008222201875465084,-0.0013500463548999234,0.005008007759645961
2026-05-11,0.002274973327095926,0.0031725334606293554,-0.00605929905521778
2026-05-12,-0.0015161013155970994,0.0009418770087463499,-0.006684271186921686
2026-05-13,0.0055792448425891535,-0.003785844789707131,-0.0022379952618610836
2026-05-14,0.007863317827570018,-0.0016533716024024717,0.001414058100055703
2026-05-15,-0.012102281834028297,-0.00461711155495012,-0.014948705110223927
2026-05-18,-0.0007037568965346505,-0.004096754388778186,-0.0011960144291301646
2026-05-19,-0.006683070135583305,0.0035020685475766573,-0.006483368999805228
2026-05-20,0.010196829759483024,-0.004128979988276858,0.010663268550665404
2026-05-21,0.001981123978379707,0.001568182992025284,0.0036875256310028577
2026-05-22,0.003923840734942977,-0.0003602971829184201,0.00544708426503339
2026-05-25,0.0,0.0018145243857003743,0.0
2026-05-26,0.006616702614766452,-0.0004190825165361714,0.004947509596734129
2026-05-27,-0.00017325717290322425,-4.650727306984463e-05,0.002347571555499273
2026-05-28,0.005501418012009892,-0.0016278874035308558,0.005144996565279239
2026-05-29,0.0024883063996868804,0.003001910258830061,0.0002333055100140392
2026-06-01,0.0027194125046700462,-0.0003378538109447853,0.0005382383027998786
2026-06-02,0.0013570186308611517,-0.0011525491439395871,0.0021038357623661403
2026-06-03,-0.007041918531282929,-0.001151212190449012,-0.003977584747902528
2026-06-04,0.0037715644628917525,-0.0010919540194247353,0.002224680748168704
2026-06-05,-0.026148277086187284,0.0002787463332490249,-0.005159534148170475
2026-06-08,0.002261613232488794,-0.0077849650540366905,-0.005186201857661615
2026-06-09,-0.002939767435847424,0.0005071209329366034,0.005891414268059263
2026-06-10,-0.015891160823072677,0.0005996697912695685,-0.002823565727047526
2026-06-11,0.016854017638559635,2.3045118985449166e-05,0.01287620098396767
2026-06-12,0.005393675844766619,0.0034897975011414554,-0.0024453672750583996
2026-06-15,0.017480295410686308,0.002341085559131887,-0.0005830827328969059
2026-06-16,-0.005979403902405487,-0.000765495513783384,0.005467941591100482
2026-06-17,-0.012566499634242041,0.0013575097887165686,0.0016230278053109728
2026-06-18,0.010343315448328203,-0.008876927683615553,0.004853248737092708
2026-06-19,0.0,-0.004248703523925016,0.0
2026-06-22,-0.0031519418478261887,0.00036676063195212934,-0.007637184219896841
2026-06-23,-0.014628429664887565,-0.0031129983680534103,0.0012768616815799353
2026-06-24,-0.00046362452088405214,-0.0041736184660603835,0.013596271449588788
2026-06-25,0.001444591300819105,-0.002227949277312208,-0.0003433800976202419
2026-06-26,-0.007257646736180781,0.0006587077601488826,0.00011450258270602687
2026-06-29,0.016340624198741247,0.002104199930307686,0.0010296689196850324
2026-06-30,0.007756640320927922,0.0031930047645433632,-0.011848130927508175
2026-07-01,-0.0013534198977212118,-0.0007648905000915559,-0.0067823904897686355
2026-07-02,-0.0013149336271025228,-0.00309968584463599,-0.00011689558432147476
2026-07-03,0.0,0.003921663867690867,0.0
2026-07-06,0.008689545400113111,0.001314511522510873,-0.0007019305717003218
2026-07-07,-0.004763225841268043,0.00035461372043094004,-0.010588242898538094
2026-07-08,-0.003094211852910556,-0.003324001833910087,-0.00224971236001891
2026-07-09,0.008429620706500477,0.0015977890680048963,0.0015398091351450907
2026-07-10,0.0043008975551764635,0.0009942344924563729,-0.00023674644416338093
2026-07-13,-0.007685633815530019,-0.0025349492820355857,-0.005936859062353924
2026-07-14,0.003544353050495003,-0.001766211714203348,0.0013092023241116813
2026-07-15,0.003955801420061879,0.003535465732126856,0.0019010821113426592
2026-07-16,-0.005433351714810402,0.0039837298453194,-0.0003562404889191597
2026-07-17,-0.009946458438716834,-0.002234266260989724,0.0036745306786210327
2026-07-20,-0.0016156827599172103,-0.0014866558668283599,-0.007481766161737157
2026-07-21,0.00830671283160697,-0.0008339405392515748,-0.002745359719546708
2026-07-22,-0.0011634178861416992,-0.001255195474598867,-0.0026331999123438356
2026-07-23,-0.012426173368713682,0.0006958539290636642,-0.003241206086915407
2026-07-24,0.0010154965735656703,-0.00306500854757136,0.0009614393719765354
2026-07-27,0.00021655211458314317,0.0015940436307042747,0.005988051770536174
2026-07-28,0.002391917734196567,-0.0022423339881133446,0.0058337505483281715
2026-07-29,-0.015507089295929732,0.0015019039596392875,-0.01663817677141994
2026-07-30,0.016626804898639082,0.007061792467471613,-0.0006036463317241863
2026-07-31,0.007174014783580491,0.004897021853883186,-0.006664738644659448
2026-08-03,0.014142527904258828,0.0017761862751214232,0.003290539724164465
2026-08-04,0.017868407620299842,-0.003181073963794826,0.007635924286867066
2026-08-05,-0.00199859787687683,0.0021771437570203187,0.0021710389933439636
2026-08-06,-0.001599090909569207,0.0021590052287816575,-0.005799975458082891
2026-08-07,0.006096725613895211,-0.002827611146293087,0.002904238957677938
2026-08-10,-0.00029746097386132897,0.0027466383880118683,-0.008494243743250446
2026-08-11,-0.0032003754929251995,-0.0008662513316419136,0.0015830169634443673
2026-08-12,0.00250153099055172,-0.00023098256958721799,-0.0009738533381812002
2026-08-13,0.00695322585121305,-0.001188281208593318,0.005828759307789257
2026-08-14,-0.001981673765436055,0.00046132411172506035,-0.0066816363122050824
2026-08-17,-0.004738575980100243,0.0033393060236811527,-0.008446057596543795
2026-08-18,-0.006778680502842077,0.0007641592211595729,0.003803525722483128
2026-08-19,0.0020956400290855414,-0.00028955401421692617,0.01651712035739158
2026-08-20,-0.00843537128524668,0.008115303380805234,-0.008224551670485905
2026-08-21,0.004082913998477476,0.0012031339673619055,-0.0035281260282382875
2026-08-24,-0.00294273662514962,-0.0005375522831181774,0.0061964333208762885
2026-08-25,0.0031908415190819673,-0.0011324677410185847,0.010962056811702248
2026-08-26,0.00022199093609589067,0.0005485763682370979,-0.002038719837242333
2026-08-27,0.006531409939845632,-0.0017029889500295855,-0.0020429768366146293
2026-08-28,-0.002272064407546174,0.00012815208243442414,-0.003011876912977468
2026-08-31,-0.0029939983934993636,-0.005799725563798464,-0.004353109165625972
2026-09-01,-0.006894133828079208,0.0024715546870549185,-0.0040833999912690926
2026-09-02,0.004427088638159578,-0.0019034925164829416,0.0009766110141273205
2026-09-03,0.010413997498166922,-0.000880922078398651,0.0014632699725662616
2026-09-04,-0.003861683858989267,0.0030865571262752873,0.0017044001044557735
