Date,Close,High,Low,Open,Volume
2005-01-03,81.17460632324219,82.1597671537317,80.90469804752962,82.02481044183934,55748000
2005-01-04,80.18270111083984,81.33655403836079,79.91954194218098,81.28257135041218,69167600
2005-01-05,79.6293716430664,80.46608250607213,79.62262252173174,80.12194939100132,65667300
2005-01-06,80.03424072265625,80.39861609607648,79.79807292916308,79.91953138696982,47814700
2005-01-07,79.9195327758789,80.45260017506861,79.71035117108809,80.27715903339394,55847700
2005-01-10,80.29743194580078,80.60782476244427,79.8520823731772,79.8520823731772,56563300
2005-01-11,79.74407196044922,80.12194034338084,79.6158644099243,80.05446458186744,63099700
2005-01-12,80.00727844238281,80.18946362123009,79.29876965648792,79.89256906503181,72720500
2005-01-13,79.36624908447266,80.11524230729111,79.28527503538535,80.05451048345725,55537500
2005-01-14,79.78461456298828,79.98029801770993,79.460728612333,79.60242935925397,42032500
2005-01-18,80.61457061767578,80.71578689353724,79.58891990612094,79.65640085541101,57391700
2005-01-19,79.77107238769531,80.64826768350159,79.76432326635346,80.58754103563852,54378900
2005-01-20,79.2852554321289,79.75759106483608,79.14355474231675,79.54841459150467,72049300
2005-01-21,78.7994155883789,79.62263346998037,78.71169759125176,79.48093279089565,63160400
2005-01-24,78.64424896240234,79.17731139952356,78.52279046010385,79.00861932122419,58441900
2005-01-25,78.86688995361328,79.26500579082693,78.75892973970451,78.8871373200385,68245000
2005-01-26,79.10306549072266,79.35272638936665,78.9748579061831,79.16379214777488,57195100
2005-01-27,79.23800659179688,79.45393214627154,78.9343630504664,79.07606371295871,55878800
2005-01-28,79.23800659179688,79.31898060525161,78.68469703670111,79.2784910244886,60738900
2005-01-31,79.7306137084961,79.79134037597366,79.42696492688968,79.58890785490271,52532700
2005-02-01,80.2366714477539,80.35138078093284,79.69010582553535,79.7913220628404,49841200
2005-02-02,80.47958374023438,80.695509312141,80.22992285438492,80.33788306630238,52468900
2005-02-03,80.27040100097656,80.40535769038885,80.00724189171171,80.33787677164705,48837100
2005-02-04,81.12735748291016,81.2623090213158,80.28389749769683,80.2973905923089,50024600
2005-02-07,81.01939392089844,81.3230374630447,80.94516902871668,81.14085236737121,45412000
2005-02-08,81.11381530761719,81.41071470898935,81.01934825228395,81.08682398494078,39263500
2005-02-09,80.50657653808594,81.30280306417353,80.46609210139275,81.25556950534087,55279400
2005-02-10,80.7967529296875,80.98568722562094,80.47286703610828,80.74277537947326,45858600
2005-02-11,81.49176025390625,81.67395056648817,80.60781548330537,80.76975842376565,53133000
2005-02-14,81.43103790283203,81.55249640164065,81.29608630329957,81.43778702723071,32432100
2005-02-15,81.73467254638672,81.9371050713957,81.4310289069462,81.51200294656438,43852700
2005-02-16,81.78861236572266,81.95730433211052,81.42423710055644,81.5996781870595,55523000
2005-02-17,81.12735748291016,81.86960124028364,81.1206083615685,81.80212547108081,58124000
2005-02-18,81.23531341552734,81.2960452082686,80.9046785601568,81.13409719300589,47723300
2005-02-22,80.02752685546875,81.2893455481102,80.01403375335573,80.9047277869632,80697600
2005-02-23,80.60103607177734,80.68201008561648,80.04098254062185,80.25015897461711,68292600
2005-02-24,81.13410186767578,81.18808454254031,80.28389790487995,80.45933387608282,68563600
2005-02-25,81.93707275390625,82.09901562119641,81.09361281249984,81.15433945720706,60899900
2005-02-28,81.39725494384766,81.8493533772643,80.99914432936814,81.74813715640771,69381300
2005-03-01,81.80216217041016,81.99784044446515,81.49851335066309,81.52550470006773,47294400
2005-03-02,81.76168060302734,82.274505995939,81.41080332245032,81.48502825358518,64226500
2005-03-03,81.7953872680664,82.25422976719317,81.44450498446082,82.09228686987545,61230800
2005-03-04,82.81425476074219,82.88173051145544,82.17997137828402,82.35541244859432,56168500
2005-03-07,82.85479736328125,83.16519015297995,82.59163814705684,82.76707934056424,43442400
2005-03-08,82.54436492919922,82.99645822218957,82.39591515584218,82.773783562154,44362000
2005-03-09,81.62670135498047,82.5173950789683,81.61995223223303,82.30146948370071,73263600
2005-03-10,81.80888366699219,81.9843248158773,81.2420809294632,81.78189232500432,65149000
2005-03-11,81.23531341552734,82.13275602817548,81.08011966932258,81.85609869648823,57976500
2005-03-14,81.74137878417969,81.75487702440398,81.16107800822162,81.38375263929001,36336400
2005-03-15,81.06664276123047,81.95733648729076,81.02615832079617,81.93034514431048,62438500
2005-03-16,80.37838745117188,81.080146976108,80.22993762788715,80.76974908301848,74874200
2005-03-17,80.54029846191406,80.79670841540343,80.2838885084247,80.50655800705492,62584200
2005-03-18,80.30118560791016,80.97182844236266,80.03699281954121,80.68731392693344,60232000
2005-03-21,80.00310516357422,80.46374984290638,79.77278540805403,80.41633076569389,61244300
2005-03-22,79.19023895263672,80.5653979458596,79.19023895263672,80.18604516656887,92472400
2005-03-23,79.25797271728516,79.74571491478004,79.08861807472687,79.22409972145608,70817300
2005-03-24,79.3528060913086,79.92861080742847,79.29861136858612,79.56957981390525,51932500
2005-03-28,79.46796417236328,79.89474114361632,79.46796417236328,79.54248062231879,46765500
2005-03-29,78.93958282470703,79.86764809902935,78.7499064575856,79.3528085537759,71160300
2005-03-30,80.05729675292969,80.07084284519485,79.10213444705124,79.10891007732961,62002100
2005-03-31,79.90827941894531,80.2469886425768,79.84731423947208,80.06408793586453,64575400
2005-04-01,79.54927062988281,80.60604204815779,79.1970152132225,80.36217092574141,95255300
2005-04-04,79.68474578857422,79.8405543361872,79.08184366520398,79.50184504583116,71581200
2005-04-05,80.06407928466797,80.19278526130185,79.71181883591031,79.78633527052088,46853900
2005-04-06,80.34187316894531,80.57896872863283,80.05735849732028,80.2402593095662,53268200
2005-04-07,80.77539825439453,80.78894952161836,80.15217433774558,80.21314470366457,46734600
2005-04-08,79.93537139892578,80.75504704477054,79.93537139892578,80.72794968850803,63772900
2005-04-11,79.99637603759766,80.21992546082409,79.82025088744484,80.13186288574768,44945000
2005-04-12,80.40958404541016,80.65345514969573,79.30539361144031,79.86087664491443,86144800
2005-04-13,79.4612045288086,80.47733243752332,79.34603943791764,80.31474825095742,65949000
2005-04-14,78.42472839355469,79.59666453695597,78.42472839355469,79.52892372845534,96119800
2005-04-15,77.32733154296875,78.71603652385055,77.2934585468255,78.4044245988484,128677300
2005-04-18,77.5644302368164,77.8760421747778,77.19862357008944,77.3070130276206,100035200
2005-04-19,78.18089294433594,78.26217987885632,77.78798886650604,77.97088963747132,64930100
2005-04-20,77.09025573730469,78.32992812061389,76.92090104998047,78.16057343328967,107735900
2005-04-21,78.58732604980469,78.72280769010341,77.48313052502627,77.76087460641993,86952200
2005-04-22,78.28926849365234,78.91926800722287,77.40862223397953,78.40442841687751,88845800
2005-04-25,78.80413055419922,78.91929051026109,78.39090467111106,78.48574289002028,52284100
2005-04-26,78.03862762451172,79.10217471479534,78.00475979246228,78.55346725362881,72626000
2005-04-27,78.34344482421875,78.62795933300306,77.52376911941103,77.80828362819534,84131900
2005-04-28,77.36116790771484,78.36374926725387,77.36116790771484,78.08600528306097,72481500
2005-04-29,78.41117858886719,78.49247065619676,77.2053746824187,77.95053387725058,103993800
2005-05-02,78.85150146484375,78.85827709585139,78.2553699751828,78.6279521562209,56026400
2005-05-03,78.98700714111328,79.15636178985851,78.37055890719341,78.62797611270041,86000300
2005-05-04,79.59669494628906,79.76604961638755,78.77024332928134,79.02089010161308,81055700
2005-05-05,79.56956481933594,79.93537137633797,79.0818227433332,79.71182206345469,96906700
2005-05-06,79.31890869140625,79.92858621370551,79.29858696871155,79.88794276831611,67415400
2005-05-09,79.81344604492188,79.98957629891395,79.2918360832402,79.40022035380177,43750500
2005-05-10,78.98700714111328,79.59668491025484,78.84474985636254,79.501846720421,74613500
2005-05-11,79.42052459716797,79.52891401216063,78.47891351965927,79.21052656598441,91647400
2005-05-12,78.54664611816406,79.65761166437466,78.54664611816406,79.47471100603747,95086800
2005-05-13,78.39086151123047,79.00053913161445,77.76763779630127,78.78376544084375,85267000
2005-05-16,79.1224594116211,79.14955159549183,78.35020296401842,78.37729514788917,49207000
2005-05-17,79.6508560180664,79.73214291765079,78.6889231388418,78.85827773736553,61071800
2005-05-18,80.47055053710938,80.66700253768933,79.94216489265662,79.9963544489977,77944900
2005-05-19,80.80924987792969,80.89054195488634,80.40957029325872,80.62634399685038,61768100
2005-05-20,80.6941146850586,80.87701545384495,80.43669228002567,80.84314245266872,46345500
2005-05-23,81.14116668701172,81.31729689981735,80.74149235335507,80.7550384458978,51047900
2005-05-24,80.95152282714844,81.17507220589006,80.74829517951173,80.91087936493861,50654100
2005-05-25,80.89054107666016,81.20215294917172,80.49763712807453,80.84989245447677,47608800
2005-05-26,81.32406616210938,81.4324503988392,81.03277609647925,81.1479359630957,43256200
2005-05-27,81.45956420898438,81.45956420898438,81.15472799028016,81.33085305658857,24596100
2005-05-31,80.93798828125,81.4054036682574,80.8837935450393,81.34443846624124,43377200
2005-06-01,81.62890625,81.91342069944405,80.91761495809831,80.96503403300565,69611000
2005-06-02,81.80506896972656,81.85925852809213,81.35797022722885,81.44603795012338,39704500
2005-06-03,81.39183044433594,81.8931186664932,81.10731592648663,81.66279886679408,60999400
2005-06-06,81.31731414794922,81.4256984161554,80.98538054318351,81.25634379784535,36046400
2005-06-07,81.37828063964844,82.1369912024753,81.29699372925859,81.55441089264792,66501300
2005-06-08,81.2292251586914,81.68986460894897,81.0666410568805,81.5814803760328,46881200
2005-06-09,81.61538696289062,81.68312778239337,80.91087106981699,81.11409352832521,56653300
2005-06-10,81.42568969726562,81.73053107855763,81.01923969050186,81.66956073498233,36465300
2005-06-13,81.68311309814453,82.02182230306141,81.16149802832885,81.24956572931431,49383200
2005-06-14,81.87284088134766,82.10316080466211,81.54767756622046,81.59509667797906,33857100
2005-06-15,82.02860260009766,82.13021640741329,81.44602745262675,82.07602685603216,53195600
2005-06-16,82.23863220214844,82.40121124498013,81.91346894819046,82.00830715386682,46564500
2005-06-17,82.54334259033203,82.91062571776524,82.44812161534794,82.66577029947643,51529400
2005-06-20,82.57051849365234,82.86978207936639,82.25764895136147,82.35286989079123,41019400
2005-06-21,82.6181640625,82.74059177794302,82.31889516049388,82.63856781688146,39879800
2005-06-22,82.68617248535156,82.93783087969832,82.34609609852538,82.76098970558563,46310100
2005-06-23,81.52310943603516,82.70657377396459,81.50270568369815,82.51613183328097,62185600
2005-06-24,80.92456817626953,81.62512460663567,80.8293420270173,81.53670143714855,58572500
2005-06-27,81.04019165039062,81.21703279751434,80.76812954462024,80.9177639622516,48183800
2005-06-28,81.72032928466797,81.78154052289881,81.18981113005896,81.2102148761359,41174200
2005-06-29,81.502685546875,81.89037231295359,81.45507507346719,81.86996856565773,42316500
2005-06-30,81.06060028076172,81.83597395594194,80.90416287405013,81.76795972269258,62288800
2005-07-01,81.29863739013672,81.48228149341426,81.08098877121132,81.24422393811727,49737500
2005-07-05,81.95155334472656,82.0603802090571,81.06735842321815,81.10816590276684,51549000
2005-07-06,81.26461029052734,82.06038734583869,81.21699983052967,81.88354627049696,52363600
2005-07-07,81.58425903320312,81.58425903320312,80.43480527733995,80.45520901425618,103268800
2005-07-08,82.51611328125,82.51611328125,81.4278701583312,81.59790830844828,64491200
2005-07-11,82.93780517578125,83.04662688747983,82.50930574012148,82.52291169730395,49688300
2005-07-12,83.15543365478516,83.40708672105613,82.73373729981749,82.97178960135126,51871100
2005-07-13,83.2710952758789,83.33230652809071,82.97182642732358,83.16226835307577,41182300
2005-07-14,83.59756469726562,83.95804477147948,83.3118966405266,83.64517517519664,63638800
2005-07-15,83.54998779296875,83.68602149956479,83.22351727544893,83.51598325818624,56075900
2005-07-18,83.21665954589844,83.40710142068885,83.01261690397382,83.3186834614367,56598400
2005-07-19,83.67237091064453,83.73358734325397,83.2574825969697,83.46152526431186,59165700
2005-07-20,83.95805358886719,84.1552985007686,83.18267990161526,83.37991962436323,69477000
2005-07-21,83.46835327148438,84.07368885433678,83.29831506980328,84.03288134646263,101110900
2005-07-22,84.02606201171875,84.03966278197835,83.40712058726807,83.57715875585521,52607100
2005-07-25,83.78800201416016,84.30491426359215,83.55674742749626,83.93763641920987,57301600
2005-07-26,83.89006805419922,84.01929878399727,83.62480880083362,83.81525599864595,42758800
2005-07-27,84.19606018066406,84.26407437795629,83.6927488937208,83.99881537611115,43181600
2005-07-28,84.72663116455078,84.7742416513416,84.09408887481341,84.31173755573627,47880700
2005-07-29,84.1620864868164,84.76742192319868,83.99885130566294,84.61779270081382,62358100
2005-08-01,84.10087585449219,84.36613497173762,83.96484221157601,84.2233035385403,40418200
2005-08-02,84.60418701171875,84.74701844432741,84.16208675508076,84.25050991990008,45147400
2005-08-03,84.82866668701172,84.84226746116933,84.42057600327394,84.50899400818484,36837200
2005-08-04,84.14849090576172,84.54977849858075,84.04646696531773,84.49537022761002,50855600
2005-08-05,83.57715606689453,84.32532813592918,83.43432463257507,83.96484287123388,53595500
2005-08-08,83.42068481445312,83.93760204132667,83.23704077832348,83.7607609815001,47616000
2005-08-09,83.92402648925781,84.06005492969118,83.57034943063962,83.6995748923056,47170000
2005-08-10,83.88321685791016,84.67899411139176,83.53633759774424,84.21649016088794,72863700
2005-08-11,84.21649169921875,84.35932311738966,83.66556977353771,83.8424057069956,58570200
2005-08-12,83.6995849609375,84.12808445923842,83.48873929615641,84.04646427166848,54776900
2005-08-15,84.21649169921875,84.25050140365806,83.54314210236944,83.80840119170863,36208500
2005-08-16,83.12142944335938,84.01242748323628,83.03980928209799,83.95801923154669,71942100
2005-08-17,83.1146469116211,83.57035310432535,82.99902221325473,83.10784912170728,62275100
2005-08-18,83.10786437988281,83.35951757086448,82.86980677122489,83.01264341208106,53388600
2005-08-19,83.29827880859375,83.53633114948809,83.11463472479537,83.40710051193751,39842100
2005-08-22,83.29827880859375,83.81519616964421,82.89698612895599,83.37309599989652,69912000
2005-08-23,83.141845703125,83.3935040130371,82.40048191937501,83.31868681790519,55168600
2005-08-24,82.4004898071289,83.47513217720974,82.35967712187156,82.93781099216932,79104600
2005-08-25,82.69973754882812,82.75415099262216,82.4412814745339,82.53650240659763,35631100
2005-08-26,82.1352310180664,82.63173951974714,82.08081756361705,82.62494172980544,61956800
2005-08-29,82.76776885986328,82.82898010107722,81.87676545424792,81.89717439047158,56179200
2005-08-30,82.33248138427734,82.50251954889654,81.88357813888923,82.46850984031151,74160200
2005-08-31,83.37311553955078,83.42752899855114,82.12163192830782,82.42770374332004,102945200
2005-09-01,83.3118667602539,83.76076983901868,82.39366204995903,83.3322705021703,74578700
2005-09-02,83.1622543334961,83.57714782572161,83.0058221447797,83.55674407842403,47653400
2005-09-06,84.13484954833984,84.20286893945368,83.42069264400344,83.42749562094501,57251300
2005-09-07,84.27769470214844,84.42732388604624,83.97162297841534,84.0872476524438,41749700
2005-09-08,83.99885559082031,84.33893192924468,83.86962492169006,84.10768250990961,39068700
2005-09-09,84.74703979492188,84.84226077398365,84.20292065587664,84.22332441008214,43093900
2005-09-12,84.57696533203125,84.7946139321721,84.52255188470805,84.64497954660928,33017600
2005-09-13,84.10767364501953,84.62458588875215,84.01244750627662,84.42734101055711,58427500
2005-09-14,83.8016128540039,84.28452064432767,83.67238218153936,84.16209295177,57694600
2005-09-15,83.76078796386719,84.10086424046499,83.5907498255683,84.06005155864977,73156900
2005-09-16,84.35640716552734,84.5203371858917,83.92608890785536,84.21979968376392,75424100
2005-09-19,84.07630920410156,84.39051562104622,83.76893993213038,84.3358705736438,53355300
2005-09-20,83.36600494384766,84.43155808543149,83.24305610356934,84.15150592264776,84480300
2005-09-21,82.58733367919922,83.2430591139832,82.49853410669432,83.18841402494057,94469100
2005-09-22,82.88102722167969,83.09960754597651,82.26628829894103,82.61463896549513,84597200
2005-09-23,82.94932556152344,83.25669498355094,82.58047912834579,82.8127128763237,59368100
2005-09-26,83.04493713378906,83.49574588703713,82.7034132981126,83.34547456554105,70415400
2005-09-27,83.0244369506836,83.32497434773278,82.6624173492269,83.0039411454679,66150800
2005-09-28,83.10641479492188,83.41378939549318,82.7853815329041,83.28400866116927,58620500
2005-09-29,83.78264617919922,83.91925365556659,82.70342939767686,83.02446269950552,66607700
2005-09-30,84.04219055175781,84.04219055175781,83.15422644755803,83.75531176532051,47824200
2005-10-03,83.74165344238281,84.24710732025518,83.63919523722524,83.98755105026468,50994800
2005-10-04,82.799072265625,84.03538737159296,82.75809105675073,83.87145732485365,60776300
2005-10-05,81.71299743652344,82.86051782256328,81.67201624063506,82.8195366266749,106052100
2005-10-06,81.4193115234375,82.14334587601178,80.71577298629519,81.81548057524805,140941800
2005-10-07,81.69935607910156,81.99989880924691,81.3714908088301,81.76082788595401,75661400
2005-10-10,81.0094985961914,81.76768235709311,80.80458730563936,81.74719174916223,52677000
2005-10-11,80.89337158203125,81.54909701020438,80.81823588816576,81.27587677898829,75629800
2005-10-12,80.25811004638672,81.37147599481332,80.19663825072546,80.86602212260476,100510400
2005-10-13,80.21028900146484,80.65427103422178,79.83461069423046,80.23077959799758,99052900
2005-10-14,81.05729675292969,81.15292304640789,80.29911313232233,80.68162351747732,88651000
2005-10-17,81.35782623291016,81.46711117423219,80.90701217044837,81.14608307637032,68109300
2005-10-18,80.47666931152344,81.2553431710864,80.46301065225028,81.24168451181323,74996900
2005-10-19,81.81548309326172,81.82914697063691,79.99857824553567,80.25813459199873,116563800
2005-10-20,80.37425231933594,81.83597453896135,80.12152790896369,81.61739939989332,131966700
2005-10-21,80.68846130371094,81.13244356213528,80.26497486347718,80.79775148908924,96579500
2005-10-24,81.93843078613281,82.02722514285897,80.87970959904192,80.90020020357547,71308400
2005-10-25,81.77445983886719,82.12964229936843,81.24168354249552,81.77445983886719,76594500
2005-10-26,81.53543090820312,82.33459571235655,81.41248207593014,81.63105719872189,80855800
2005-10-27,80.6679458618164,81.53541950465141,80.5518289840326,81.41929741562633,66623100
2005-10-28,81.82913208007812,81.93158508553692,80.66794764287847,80.89335467737057,72322000
2005-10-31,82.05455017089844,82.85372025060462,82.05455017089844,82.1638403467101,77698900
2005-11-01,82.30039978027344,82.58045178376943,82.11597923037168,82.36187677106693,66365100
2005-11-02,83.16108703613281,83.16108703613281,82.05454749274651,82.08187003580765,74012300
2005-11-03,83.51626586914062,83.78265934904158,83.16108324800938,83.43430345493296,84897600
2005-11-04,83.40695190429688,83.64601754799257,83.02444687438377,83.60503635514193,59156000
2005-11-07,83.48893737792969,83.75532561097837,83.22937587099105,83.58456365588351,46765400
2005-11-08,83.48893737792969,83.6187129201577,83.1883946693655,83.28402094731932,42152800
2005-11-09,83.59822082519531,83.9807259301741,83.23620632066309,83.38647767225937,57666800
2005-11-10,84.24715423583984,84.37010310824859,83.16111020559902,83.5641061027343,79048100
2005-11-11,84.53401184082031,84.58865171374866,83.62555685864497,84.2539596928785,34867000
2005-11-14,84.48617553710938,84.71157732785552,84.2744271968003,84.55447926797915,45092200
2005-11-15,84.17882537841797,84.75941507628582,83.91926904123667,84.39057378022268,69592500
2005-11-16,84.3495864868164,84.3905729058093,84.00123579845041,84.2676240713148,51133000
2005-11-17,85.13508605957031,85.14191799741475,84.11051425505568,84.47936073002995,55717500
2005-11-18,85.46976470947266,85.57222291617242,84.92332962580868,85.42195157451154,72437200
2005-11-21,85.90007781982422,86.00253601422003,85.36730146245434,85.48341831752414,50021200
2005-11-22,86.2689437866211,86.41920993312499,85.66785835563981,85.76348463579748,66438800
2005-11-23,86.76756286621094,87.02712437038907,86.20746386790623,86.23478640577977,50854700
2005-11-25,86.83586120605469,86.89733821525802,86.61728612789791,86.73340820945067,15270000
2005-11-28,86.22115325927734,86.93151860925458,86.09137246878016,86.91785994189621,54498500
2005-11-29,86.12549591064453,86.73341325623332,86.12549591064453,86.50800622810681,51738900
2005-11-30,85.66101837158203,86.41919655799106,85.57905076788671,86.17330416938636,56007200
2005-12-01,86.53533935546875,86.76757313802463,86.05037597609451,86.07769330596074,65468200
2005-12-02,86.64459228515625,86.8016955356525,86.4055266528706,86.58994722313669,46699400
2005-12-05,86.460205078125,86.56266330613823,86.18698487383702,86.54216749154202,59273400
2005-12-06,86.6241455078125,87.25254840519,86.4943647226775,86.78124883777816,57935200
2005-12-07,86.1186752319336,86.65828366538202,85.84545504634379,86.58997471055336,66816500
2005-12-08,86.06404876708984,86.62414792363231,85.70886609687088,86.21432016222805,62608600
2005-12-09,86.28941345214844,86.59678281933172,85.94105768109792,86.17329659887831,50744500
2005-12-12,86.37142181396484,86.65147400929874,86.03672973645611,86.54901576195114,48389900
2005-12-13,86.95877838134766,87.22516649809937,86.26207220166756,86.35086650350513,88630900
2005-12-14,87.30032348632812,87.4915760054997,86.84268278527608,86.87683725423115,64375000
2005-12-15,87.0476303100586,87.4301354852089,86.87003638820646,87.32084531445614,55900300
2005-12-16,86.76748657226562,87.45415550351883,86.76748657226562,87.39922073169022,46238300
2005-12-19,86.32112121582031,87.1176594184851,86.30739014699034,87.0215262200761,48733000
2005-12-20,86.40351867675781,86.92538308596127,86.16318569372122,86.42411789832293,46603200
2005-12-21,86.54083251953125,87.04210284297002,86.38290169409325,86.67130121443964,51806900
2005-12-22,86.99406433105469,86.99406433105469,86.5751959806223,86.73312685702791,32247900
2005-12-23,87.04214477539062,87.11081061252442,86.80867464249464,87.05587584727036,27977300
2005-12-27,86.15634155273438,87.24127959438502,86.09453863194791,87.17947667359856,44499500
2005-12-28,86.34859466552734,86.51339369740987,86.17692747931358,86.3417265111961,30764300
2005-12-29,85.96407318115234,86.49280587931474,85.87480287967414,86.32800682569973,32788900
2005-12-30,85.49713134765625,85.87479603370255,85.39412998278289,85.69626592271355,44645600
2006-01-03,87.00092315673828,87.20692586456337,85.41472011863114,85.96405718025372,73256700
2006-01-04,87.41293334960938,87.5433968487532,87.00092791144262,87.11079742531822,51899600
2006-01-05,87.46786499023438,87.61206480154529,87.12453060934168,87.3099341087892,47307500
2006-01-06,88.19574737548828,88.2918805938584,87.45414377188966,87.90734772037798,62885900
2006-01-09,88.42232513427734,88.62145443289053,88.15452477946258,88.18198691530394,43527400
2006-01-10,88.51161193847656,88.5665467046517,88.07214428681077,88.16141459156228,44960800
2006-01-11,88.7931137084961,88.88238397808216,88.39484466891437,88.59398442757082,49598900
2006-01-12,88.44292449951172,88.77252251880499,88.19572336560874,88.63519088391047,40509200
2006-01-13,88.36051177978516,88.51157971233069,88.03091378047283,88.28498829124386,44856700
2006-01-17,88.12020874023438,88.18200641784385,87.7631380289334,88.03093844297553,52066600
2006-01-18,87.76998138427734,88.51157950038717,87.31678282659166,87.60518238501581,75067600
2006-01-19,88.1064682006836,88.42234044508085,87.76313381568974,87.98287285139808,81530400
2006-01-20,86.49967956542969,88.10648222836839,86.49967956542969,88.08588300020782,114957800
2006-01-23,86.80863952636719,87.0833080026601,86.60950501202645,86.66443975505811,67017400
2006-01-24,86.89793395996094,87.30993416954551,86.8086636679919,86.95286347940315,53008800
2006-01-25,86.97344970703125,87.33051508344013,86.41037641072381,87.23438189598906,87747700
2006-01-26,87.45409393310547,87.66695947549215,87.04209391218807,87.37855998473641,71294000
2006-01-27,88.26438903808594,88.34679640596421,87.5159226786432,87.66012771413064,65771200
2006-01-30,88.19574737548828,88.44981149309463,88.13394969462215,88.19574737548828,33709600
2006-01-31,87.55026245117188,88.26439331508078,87.54339429703815,88.11333583507177,72937000
2006-02-01,88.16139221191406,88.18885434916277,87.70132544943682,87.76999127029119,63561000
2006-02-02,87.13825225830078,87.98971991278201,87.06958644144788,87.96225777713366,83626900
2006-02-03,86.70565032958984,88.16138979050481,86.61638528881751,86.91852117891798,86040400
2006-02-06,86.93224334716797,87.06958020991064,86.63697564085328,86.82237909583947,45511900
2006-02-07,86.16317749023438,86.97344664080318,86.10824274538025,86.78117503381371,71208100
2006-02-08,86.94598388671875,87.96225576503942,86.24557894978892,86.41724610742739,59422200
2006-02-09,86.80176544189453,87.61889737415373,86.77429807391353,87.15196259620643,62023300
2006-02-10,86.95972442626953,87.29619062500785,86.14258699046712,86.81552462681024,64508700
2006-02-13,86.80176544189453,87.06269757941678,86.48589332954552,86.93222889122328,52308700
2006-02-14,87.721923828125,87.91419022021462,86.66445343276584,86.83612060268389,90964400
2006-02-15,88.03093719482422,88.11334457486952,87.37173578200031,87.6738717274531,85471300
2006-02-16,88.69015502929688,88.72449056883386,88.01721198312573,88.12708151854987,61017900
2006-02-17,88.44981384277344,88.69015213395079,88.29188293934175,88.6146181405295,40342600
2006-02-21,88.23006439208984,88.85492494145979,88.09272227090432,88.65579563011322,46456300
2006-02-22,88.76565551757812,89.02658246854523,88.33991384795412,88.42232120728256,42326700
2006-02-23,88.63519287109375,89.01972564851239,88.08585584146753,88.76566159437486,43423200
2006-02-24,88.86181640625,88.9098777762531,88.41547537708888,88.6558136603091,36777400
2006-02-27,88.89613342285156,89.2943920435663,88.77252760994517,88.85492450006095,35858600
2006-02-28,88.05155181884766,89.20516104161646,87.9828912141592,88.71762150296871,74394800
2006-03-01,88.83431243896484,88.91671979490361,88.23691411649756,88.30558516682467,48641600
2006-03-02,88.82744598388672,88.86864442134812,88.31244456015773,88.51157383379805,60642300
2006-03-03,88.41545104980469,89.31499577698139,88.33991707966716,88.35365338634635,73402500
2006-03-06,88.0103530883789,88.70388491668389,87.79061924635661,88.67642277044064,57478400
2006-03-07,87.87297821044922,87.93477586742387,87.48157733301336,87.79744424823656,61780800
2006-03-08,88.05838775634766,88.19571938504393,87.33051545543303,87.68758083336287,66692400
2006-03-09,87.46786499023438,88.36053123723529,87.46786499023438,88.08586792361463,56313600
2006-03-10,88.2987060546875,88.47037319165254,87.50904141574048,87.69443961856201,60490800
2006-03-13,88.46353912353516,88.69014107554497,88.25753639645951,88.47040203926856,45479100
2006-03-14,89.39053344726562,89.42486898054341,88.31246895093197,88.38114001748755,69877300
2006-03-15,89.78878021240234,89.8574512618493,89.16391976445173,89.36991195733046,53398900
2006-03-16,89.97420501708984,90.27634094199196,89.84373627881543,89.96046870839423,65526400
2006-03-17,90.0493392944336,90.24237026994626,89.88389018365085,90.09070157212928,47286800
2006-03-20,89.904541015625,90.24233984920038,89.76666329665163,90.06309986647457,45538500
2006-03-21,89.33929443359375,90.30446021542292,89.24277890735117,89.87702529686003,87102700
2006-03-22,89.88386535644531,89.97348009356669,89.24271867105841,89.28408093732925,51605700
2006-03-23,89.69773864746094,89.89076959980251,89.38751108258326,89.80114432928751,46704200
2006-03-24,89.76669311523438,90.01487729958619,89.4426745823473,89.61502441816386,43209200
2006-03-27,89.63568115234375,89.8149211458087,89.4426502303365,89.64257135691676,32523000
2006-03-28,89.08418273925781,89.98729418327048,88.96698611486065,89.57365037530484,82079900
2006-03-29,89.64258575439453,89.9666042511036,89.1324265103552,89.21516157550086,61505700
2006-03-30,89.48404693603516,90.29753320337895,89.31169708081143,89.6977590734085,70571700
2006-03-31,89.50471496582031,89.78737121163779,89.18758665012774,89.6357025197064,62925600
2006-04-03,89.4357681274414,90.221682907645,89.27031902807127,89.6701718838799,61624700
2006-04-04,90.0079574584961,90.12515405963408,89.18068052614754,89.43575486277747,54809300
2006-04-05,90.31825256347656,90.50439343131754,89.88393789772066,90.04249688619012,50607200
2006-04-06,90.2216796875,90.4560834355723,89.75289323015166,90.20789927597666,57906200
2006-04-07,89.30482482910156,90.58710858159925,89.17384773366567,90.35271522841457,80180900
2006-04-10,89.44267272949219,89.67706597669132,89.11175347761217,89.44267272949219,41496500
2006-04-11,88.68431091308594,89.66325649539516,88.41544565117985,89.51848855712092,72799400
2006-04-12,88.84980773925781,89.0221576080758,88.66366693550205,88.77397337620185,43033700
2006-04-13,88.73258209228516,89.10485305873442,88.45681608065816,88.64984702909818,51051800
2006-04-17,88.69810485839844,89.14621013701402,88.25688978489798,88.81530146173795,64167700
2006-04-18,90.1045150756836,90.2699747473132,88.88427498099455,88.88427498099455,92531800
2006-04-19,90.2768783569336,90.35961346473117,89.78741051639685,90.13900053647549,87269000
2006-04-20,90.40093231201172,90.90419084854798,90.03555152966916,90.31130703805657,86005500
2006-04-21,90.41470336914062,90.85591844854937,90.049322624602,90.78698483828389,72342600
2006-04-24,90.24927520751953,90.35958163278853,89.88389437829068,90.23548427451098,52546400
2006-04-25,89.87696838378906,90.39401777254795,89.56674085441307,90.3388645754194,84359800
2006-04-26,89.8976821899414,90.40784155924385,89.82874855802523,89.96662634125815,67262400
2006-04-27,90.3320083618164,90.74565223623334,89.33927147873634,89.55298362340483,124478600
2006-04-28,90.63536071777344,90.82839175243134,90.11142084075948,90.16656354831679,55854400
2006-05-01,89.8976821899414,90.86284771137302,89.84253949216868,90.63534463530844,64990300
2006-05-02,90.57330322265625,90.62845644105465,90.1320879948699,90.31821827263857,49063500
2006-05-03,90.2354736328125,90.53192080083723,89.93213625879592,90.41471366318663,60821300
2006-05-04,90.55949401855469,90.73873405263863,90.29062870772944,90.36646305280316,42921400
2006-05-05,91.35923767089844,91.55226871678303,90.89734120257435,91.03521901829149,62588200
2006-05-08,91.24891662597656,91.53157294063087,91.24891662597656,91.35232234138601,30016700
2006-05-09,91.42813873291016,91.53155494739144,91.21442661680784,91.2902609663344,29864000
2006-05-10,91.37987518310547,91.51775293298554,90.92486914104302,91.28335970624963,64378200
2006-05-11,90.2768783569336,91.37992195940517,89.98044156891886,91.3523400836715,80626900
2006-05-12,89.09796905517578,90.11827707072321,89.06349698639815,89.8700929026821,91726500
2006-05-15,89.27723693847656,89.44269660859041,88.66367179264843,88.78775865568251,84029300
2006-05-16,89.14620971679688,89.62189685242481,88.93938785095033,89.45643725586817,62137600
2006-05-17,87.45032501220703,89.00147913784653,87.39517179020103,88.70503188448946,144789500
2006-05-18,87.00909423828125,88.07076990390324,86.94015535291875,87.79500910275341,87906300
2006-05-19,87.62264251708984,87.89150780042033,86.72642665922118,87.46408363702254,124309400
2006-05-22,86.95394134521484,87.67091732695565,86.51962163210736,87.057352303488,110852800
2006-05-23,86.2920913696289,87.98801266763834,86.2920913696289,87.6777851503274,92006500
2006-05-24,86.98149871826172,87.47786700045727,86.00944854871098,86.64369457165033,168405000
2006-05-25,88.05699157714844,88.05699157714844,87.16077021356628,87.49857446181484,78977900
2006-05-26,88.50511169433594,88.50511169433594,87.90533223233241,88.25002672464956,62989700
2006-05-30,86.93327331542969,88.24313337845628,86.89880649727411,88.2224522356228,72419900
2006-05-31,87.90531158447266,87.90531158447266,87.00219486971993,87.29174659077553,86926200
2006-06-01,88.7463607788086,88.89113924702416,87.73983852457361,87.81567286137272,73721700
2006-06-02,88.93254089355469,89.22897764722015,88.4637542544366,89.1048907790073,91702600
2006-06-05,87.63641357421875,88.8359665093422,87.39511968672298,88.82907630547484,86105100
2006-06-06,87.42269134521484,87.81564859106969,86.69882550269135,87.69845201557027,130498600
2006-06-07,86.76779174804688,88.00181706120514,86.71953400997695,87.49166307879469,108599400
2006-06-08,86.69197845458984,87.20902802787765,85.39590941770714,86.57478181363933,204957200
2006-06-09,86.41621398925781,87.52614744726021,86.37485170824158,87.11250885799784,94972200
2006-06-12,85.47863006591797,86.81606658396792,85.36143343033832,86.78159451011508,95815900
2006-06-13,84.48587799072266,86.06459760356574,84.48587799072266,85.30625950025843,185688800
2006-06-14,85.14081573486328,85.23043575267135,84.34111000168579,84.68580966053139,163566400
2006-06-15,86.94706726074219,87.112521668839,85.38902291036989,85.45106634101839,134057000
2006-06-16,86.3134765625,86.94360027112582,86.18191000756714,86.75664199885955,94253500
2006-06-19,85.63485717773438,86.88818893207458,85.55176697902394,86.83279194430261,95804400
2006-06-20,85.92567443847656,86.42423671030532,85.66947264202626,85.87028273945434,65494700
2006-06-21,86.56275177001953,87.04053633616715,85.83568071991247,85.86337921813019,75008200
2006-06-22,86.18186950683594,86.59733624780795,85.89104331645017,86.52116672895268,74566100
2006-06-23,86.16804504394531,86.76354946275539,85.88413944018691,86.09187550551977,54107000
2006-06-26,86.54890441894531,86.59737547263154,86.0364953824125,86.23730554281221,37899600
2006-06-27,85.801025390625,86.75659940305411,85.70407804625619,86.56271528020874,69780200
2006-06-28,86.3826904296875,86.39653703351627,85.62100042837984,85.9949221271193,62368100
2006-06-29,88.12767028808594,88.18306728011545,86.6735335864731,86.69430613774718,110634800
2006-06-30,88.13455200195312,88.39768494056437,87.91296942798564,88.31458949422209,54227800
2006-07-03,88.4946517944336,88.64005962114092,88.1553492556273,88.23844472526396,23914000
2006-07-05,87.98918914794922,88.2523169537806,87.60834140521456,88.14152824504308,69653400
2006-07-06,88.2453842163086,88.52928453599604,87.99610305207459,88.07919325152088,50100300
2006-07-07,87.67066955566406,88.32849175080446,87.44908684207427,88.072289874967,81626500
2006-07-10,87.83680725097656,88.23842735071946,87.53213448819378,87.89913016166908,60964100
2006-07-11,88.224609375,88.224609375,87.20671219464009,87.67065007265732,73640800
2006-07-12,87.28286743164062,88.21766897862071,87.0543588606387,88.04455738536711,82561300
2006-07-13,85.86336517333984,87.02667549345783,85.86336517333984,86.86741047549425,102405700
2006-07-14,85.53095245361328,86.04336644625712,85.05316816715518,85.95334505900996,103242500
2006-07-17,85.40636444091797,85.93262535667928,85.27480317418902,85.53100504509963,81159000
2006-07-18,85.84258270263672,85.89797968360834,84.74851610170828,85.66254515595242,122771000
2006-07-19,87.03358459472656,87.42827880822678,85.66946442157509,85.9879891129133,133565300
2006-07-20,86.43809509277344,87.45599226042388,86.32038045945332,87.33135168310041,112259800
2006-07-21,85.8287353515625,86.68737275315682,85.73871921493686,86.65967426120727,101560000
2006-07-24,87.3936767578125,87.46984629948084,86.16804871242263,86.16804871242263,92884000
2006-07-25,87.70524597167969,88.14841115617298,87.0543447956664,87.23438230278734,95480700
2006-07-26,87.822998046875,88.25231153090664,87.37290672846778,87.65680706955825,84525800
2006-07-27,87.7398910522461,88.41849091326311,87.38674187544402,88.20382891644951,87257100
2006-07-28,88.61931610107422,88.73010480732648,87.84377402551569,87.9684146218921,82137000
2006-07-31,88.5292739868164,88.60544351586417,88.25229436145611,88.39771275905414,49593100
2006-08-01,88.0930404663086,88.2038291540083,87.66372175447239,88.17613066134656,65225600
2006-08-02,88.68856048583984,88.95169357103987,88.32156463853266,88.3423371909541,64770900
2006-08-03,88.9239730834961,89.01399450434,88.04456840420622,88.17612963914026,63693800
2006-08-04,88.77163696289062,89.62334317810283,88.27307993305654,89.38099324871129,96294200
2006-08-07,88.56390380859375,88.68854438344066,88.21768057656871,88.56390380859375,45377300
2006-08-08,88.224609375,88.95168029895635,87.90607934223712,88.69546791415962,90901300
2006-08-09,87.9268569946289,89.04862220225162,87.67064989330375,88.75778538054817,78910600
2006-08-10,88.19690704345703,88.28692318091775,87.44213765893468,87.64987370900984,69322300
2006-08-11,87.94762420654297,88.07918543831177,87.5183055100128,88.05841289029286,47482200
2006-08-14,88.01686096191406,88.74393178381938,87.88529445741106,88.37693075983452,57839000
2006-08-15,89.06938171386719,89.23556208377872,88.56389352928413,88.80624870698287,68143000
2006-08-16,89.81031036376953,89.94187689140313,89.3532931306934,89.54718787439757,71737600
2006-08-17,90.03883361816406,90.27426293436424,89.66491709042832,89.72723475073478,70992800
2006-08-18,90.49584197998047,90.49584197998047,89.73414654298332,90.14961870241738,58288400
2006-08-21,90.10809326171875,90.21195604129271,89.8795845807578,90.14270714431125,42133600
2006-08-22,90.10112762451172,90.37811254076388,89.79644949958144,90.01111677188719,60839900
2006-08-23,89.85183715820312,90.32270618401894,89.45714822160828,90.14266336566594,66592100
2006-08-24,89.77569580078125,90.08730521772678,89.60258415398769,90.01113567050176,57983000
2006-08-25,89.88650512695312,90.19118336783733,89.70647278729348,89.76879045495664,41756000
2006-08-28,90.3157730102539,90.58583723195876,89.76874503880141,89.77566569862992,52681500
2006-08-29,90.419677734375,90.59278938329992,89.88649089723519,90.3573600765772,61817800
2006-08-30,90.4750747680664,90.73819728973353,90.39890521987148,90.62048263632256,50052200
2006-08-31,90.46118927001953,90.70354971493467,90.4196441802381,90.60660765014714,37510300
2006-09-01,91.00131225585938,91.11210622497036,90.59969204225287,90.80742809286237,48794500
2006-09-05,91.17440795898438,91.29905379395514,90.84895733520123,91.0636140092087,52348300
2006-09-06,90.3711929321289,90.82128951669193,90.2465576282132,90.78666507697238,53795600
2006-09-07,89.95571899414062,90.41273617749962,89.5679506807066,90.059581733134,86269400
2006-09-08,90.2119140625,90.33655990588487,89.90031530287779,90.07342689887827,45096300
2006-09-11,90.30192565917969,90.49580978035677,89.65794509778341,89.92107807619179,68496600
2006-09-12,91.1882553100586,91.29211802912607,90.27422111869647,90.40578760677666,69875600
2006-09-13,91.55526733398438,91.71452705358885,91.07055694873554,91.15364713880851,62898400
2006-09-14,91.56218719482422,91.56911842119906,91.22981587154136,91.37523426879291,57805400
2006-09-15,91.77713775634766,92.07619425097914,91.58239021436816,92.02055361218025,76703100
2006-09-18,91.90229034423828,92.07616330240525,91.56149552578027,91.65886395785925,64154100
2006-09-19,91.67279052734375,91.89535304114155,91.15813328582469,91.88839132985738,92089100
2006-09-20,92.15961456298828,92.34044922283258,91.84664537557818,91.97879051550666,75204100
2006-09-21,91.71450805664062,92.3265442885588,91.40153884254195,92.22917585278668,88932500
2006-09-22,91.43629455566406,91.58234186959434,91.10941260800523,91.57539077305138,65966800
2006-09-25,92.1387710571289,92.39611029641287,91.14422265724704,91.61715209184024,92299100
2006-09-26,92.90382385253906,92.91773666418402,92.08313776334009,92.15269120919903,73962700
2006-09-27,93.01513671875,93.17509696372598,92.68825451442771,92.8412636574028,82432200
2006-09-28,92.98030853271484,93.18895821334765,92.69515432292881,93.01508524821425,58597500
2006-09-29,92.90382385253906,93.15420140031907,92.8342704066801,93.05683294353605,47966600
2006-10-02,92.55602264404297,93.07764133977426,92.46560534082782,92.87594283450349,51687400
2006-10-03,92.75082397460938,93.10552111404449,92.25701992963867,92.42394184886122,73108100
2006-10-04,93.83576202392578,93.89140264712624,92.55605952740632,92.66037906317985,80890500
2006-10-05,94.01656341552734,94.17653414828402,93.71750707685925,93.83573939300904,60505900
2006-10-06,93.89836120605469,93.96096354485663,93.47411070626073,93.85663338842981,64983600
2006-10-09,93.95401763916016,94.10007563778255,93.64104834195946,93.78710634058186,41176800
2006-10-10,94.0792007446289,94.20438420395134,93.7801336823056,93.96096838448044,56403700
2006-10-11,93.96786499023438,94.19041677075698,93.40451852524646,93.7800792977854,104071800
2006-10-12,94.78160095214844,94.8581054579323,94.16956490587759,94.20434161075396,59158600
2006-10-13,95.02503967285156,95.08068028544169,94.61469148154455,94.69815770661062,53944000
2006-10-16,95.17109680175781,95.31715475140231,94.87899151483164,94.94854494082671,42273000
2006-10-17,94.87202453613281,95.07371245797654,94.35735686206519,94.91375233979971,90500600
2006-10-18,94.99722290039062,95.53970565817325,94.65643870856161,95.3101920895171,86848600
2006-10-19,95.15027618408203,95.19896572690195,94.74688947699221,94.85817076426547,64063200
2006-10-20,95.17109680175781,95.24760132540725,94.81639979885378,95.17109680175781,48094500
2006-10-23,95.6092529296875,95.83876648357125,94.85812055671212,94.97635288222278,66219900
2006-10-24,95.8944320678711,95.9291981749737,95.43540484057671,95.47713265899169,53234900
2006-10-25,96.22129821777344,96.26302602928845,95.63707701947419,95.79704778009912,78105400
2006-10-26,96.52035522460938,96.67336427604972,95.96395963867747,96.43689960104668,66843700
2006-10-27,95.91526794433594,96.49947845613056,95.72053110707105,96.40211003749812,80238000
2006-10-30,95.84575653076172,96.1169980024227,95.56060224680967,95.74143696949456,49717800
2006-10-31,95.83184051513672,96.15872261266908,95.4562794947623,96.02658804360294,71274100
2006-11-01,95.18502807617188,96.19348927457375,95.08765962830614,96.13089754645254,83005600
2006-11-02,95.12936401367188,95.28932415025557,94.83725874202948,94.94157826320095,60693100
2006-11-03,94.96241760253906,95.5535897025523,94.32256660935882,95.47013410720344,71346400
2006-11-06,96.03351593017578,96.17261217771568,95.24760674364835,95.25456845406157,63303300
2006-11-07,96.4021224975586,96.65945107741247,95.97787205889071,96.11696830172083,63318900
2006-11-08,96.61080932617188,96.70817779483886,95.18504841097389,95.97790897365286,87517800
2006-11-09,96.10307312011719,96.77075006546958,95.90833622196546,96.68033271548306,95916300
2006-11-10,96.14480590820312,96.21434873210954,95.78314714185082,96.07525247193232,48991500
2006-11-13,96.38126373291016,96.70118404724829,96.02656670291867,96.10306062004695,59398200
2006-11-14,97.10459899902344,97.1880652634732,96.0613608985187,96.6525334004181,96704000
2006-11-15,97.38277435302734,97.6818307624071,97.0419795171717,97.0698051348223,76509600
2006-11-16,97.63319396972656,97.8418331302959,97.01420636451155,97.67492180184043,76728800
2006-11-17,97.66094970703125,97.6679008040415,97.181058704278,97.32015493101588,56353800
2006-11-20,97.71658325195312,97.88350507938154,97.32710960031457,97.57748703527665,69174200
2006-11-21,97.81391906738281,97.83478296231311,97.57049281005244,97.70959959273125,51367900
2006-11-22,98.00869750976562,98.17561935255473,97.71659224415622,97.89046518409243,45505300
2006-11-24,97.61225128173828,97.95303537723832,97.50792117327849,97.53574678047833,30998000
2006-11-27,96.26994323730469,97.61224750523175,96.2421282435407,97.56355800069564,84545100
2006-11-28,96.687255859375,96.7846242696116,96.05435588665671,96.1447732005767,106652900
2006-11-29,97.69568634033203,97.73741412999975,96.7289536343859,97.00019487958352,90034900
2006-11-30,97.73747253417969,98.09913128134247,97.20194081792994,97.6748808122757,83994300
2006-12-01,97.52183532714844,97.82785333642533,96.65247080641174,97.73743603031356,126080000
2006-12-04,98.26602935791016,98.44686401341549,97.52880976585352,97.54272257297603,87813200
2006-12-05,98.69027709960938,98.7320155198475,98.24516279499524,98.45381244673733,73374400
2006-12-06,98.60684204101562,98.80854063761507,98.4121051554216,98.66943376587848,53253200
2006-12-07,98.17562866210938,98.96848891890745,98.14085194835201,98.78070315450807,62857400
2006-12-08,98.3564453125,98.69027839224259,97.9113310020558,98.15475736767031,79625500
2006-12-11,98.64160919189453,98.82243325030426,98.30081436897585,98.35645498980115,39779400
2006-12-12,98.56510162353516,98.66942115163668,97.98784213919305,98.54423771791485,77451600
2006-12-13,98.66941833496094,98.99630033016501,98.45381757479711,98.91979580762018,55520200
2006-12-14,99.53878021240234,99.62224644245468,98.64855158250161,98.66246438957073,64755200
2006-12-15,99.5478744506836,99.93252835086994,99.47794416887139,99.75768663910263,70857400
2006-12-18,99.2751235961914,99.92554032486221,99.13525235855522,99.68774748224017,48954600
2006-12-19,99.46398162841797,99.70176386168629,98.7436344284324,98.99540699056773,65023600
2006-12-20,99.40802001953125,99.77169382950034,99.31709889916571,99.50593096781219,41469600
2006-12-21,99.04434204101562,99.61082755161999,98.83454049745293,99.4989369522174,48698400
2006-12-22,98.43592834472656,99.06535452380312,98.37997769102037,99.05836469390087,62069100
2006-12-26,99.01638793945312,99.03736809717422,98.45689216673712,98.47787232445823,32696900
2006-12-27,99.6667709350586,99.72972206503947,99.19120657559638,99.21917655553872,39727100
2006-12-28,99.45697784423828,99.79966081718953,99.30311626277305,99.59684909879957,37288800
2006-12-29,99.04434204101562,99.68775834142382,98.91146061576423,99.35206520023097,45461200
2007-01-03,98.8694839477539,99.91154435149328,98.30999902883771,99.48493016435067,94807600
2007-01-04,99.07935333251953,99.34511629248911,98.3380257826012,98.77163004655412,69620600
2007-01-05,98.28900146484375,98.89045731576665,98.17711089162952,98.84150719088981,76645300
2007-01-08,98.74361419677734,98.89747576830713,98.08620760414861,98.4848518589736,71655000
2007-01-09,98.65971374511719,99.03037742368718,98.19112843602498,98.82755500545429,75680100
2007-01-10,98.98835754394531,99.00934836261365,98.12114966989111,98.31697149122522,72428000
2007-01-11,99.4220199584961,99.74372281759432,98.96043515562225,99.0163857988337,54476800
2007-01-12,100.17732238769531,100.17732238769531,99.3870343459193,99.41500432752099,55370600
2007-01-16,99.98152923583984,100.31722246899756,99.8206671130494,100.05846004671928,44871300
2007-01-17,100.0234603881836,100.33118354196606,99.82063800433045,99.90456929176625,50241400
2007-01-18,99.68775939941406,100.19130445229376,99.52690799047802,100.12836398855697,68177300
2007-01-19,99.88359069824219,100.07941258616442,99.63181817498608,99.6877581388274,56973000
2007-01-22,99.57584381103516,100.07938873755414,99.2611202283433,100.05840858824001,60253600
2007-01-23,99.86959075927734,100.06541262835209,99.35205543587034,99.49192667499638,54064400
2007-01-24,100.67386627197266,100.69484642591001,99.9465293686622,99.98848967653691,55834700
2007-01-25,99.49190521240234,100.65285652253958,99.31706353333912,100.61089622700268,73583800
2007-01-26,99.4010238647461,99.76468698007506,99.01636992402092,99.70874701732623,67255600
2007-01-29,99.34510040283203,99.86962573687919,99.12829830553177,99.44301137166102,66114600
2007-01-30,99.862548828125,99.91150961082573,99.35201421496333,99.5548364983134,70407600
2007-01-31,100.53398132324219,100.79974413222594,99.58983183874061,99.75069389233123,91868600
2007-02-01,101.13549041748047,101.17046091150269,100.64593551565892,100.81377681257116,69312400
2007-02-02,101.27533721923828,101.37324817591374,100.9746145206972,101.2193865766389,49607000
2007-02-05,101.30326080322266,101.36620123887685,100.94657699153971,101.19834940564442,45705300
2007-02-06,101.33122253417969,101.42913342773255,100.93957895996822,101.38717314070804,57081300
2007-02-07,101.5550537109375,101.6599544581966,101.10745940348191,101.49210259109198,55669700
2007-02-08,101.42219543457031,101.4921257248527,100.89767023573627,101.25434352920612,70641000
2007-02-09,100.66688537597656,101.6390050567955,100.28223140051008,101.45017298311318,79084400
2007-02-12,100.32415008544922,100.73677387360978,100.14231858680783,100.66684360712718,65657000
2007-02-13,101.17041778564453,101.33825901101119,100.54098117604372,100.54798167476196,64081800
2007-02-14,101.8348159790039,102.03762768702323,101.25434016433873,101.26833049052728,66039400
2007-02-15,101.96770477294922,102.07260554821899,101.7089317414623,101.87678365338682,38715200
2007-02-16,101.91876983642578,101.93974999680572,101.56908626809927,101.71595806225447,39841800
2007-02-20,102.1355209350586,102.24742218219875,101.40818417162816,101.79982786512842,56911800
2007-02-21,102.09355163574219,102.15650275139083,101.65295785513773,101.83478936209438,63971600
2007-02-22,102.0165786743164,102.40123234867684,101.5270243030781,102.1424701820548,79067400
2007-02-23,101.61798858642578,101.96067145633901,101.42915658022514,101.92571165682993,71966200
2007-02-26,101.52705383300781,102.07255895840703,101.2333211248304,101.98863837649577,69192800
2007-02-27,97.56168365478516,100.84870598770888,97.21200020082536,100.62491412635052,274466500
2007-02-28,98.56180572509766,99.29614335496044,97.77152811506046,98.18415216569443,177536300
2007-03-01,98.26799774169922,98.78553287068645,96.54756187092238,97.44974009513645,212828600
2007-03-02,96.981201171875,98.37294506467113,96.97421134501361,97.94633085331593,162574000
2007-03-05,96.05803680419922,97.61762182167429,96.04404647980967,96.46366016807912,143750400
2007-03-06,97.7015609741211,97.99529381312345,96.31681739839769,97.05814465942645,143333300
2007-03-07,97.6036376953125,98.2330742749233,97.49173643607172,97.62461784748372,115144900
2007-03-08,98.42889404296875,98.72262683859071,97.96031953532241,98.28901213615629,117891600
2007-03-09,98.45689392089844,98.90448841274697,97.96733911286012,98.8275576092342,107765100
2007-03-12,98.6037368774414,98.84850887416712,98.02326110633379,98.20509264717215,80366900
2007-03-13,96.68746185302734,98.44986920899865,96.54059012690863,98.03723467918446,190605200
2007-03-14,97.40779876708984,97.46374938691086,95.6384017672719,96.81333276904479,231853800
2007-03-15,97.54070281982422,97.9043765974195,97.07212827537072,97.1910193683074,132435900
2007-03-16,97.26756286621094,98.03992202141012,96.97968257074413,97.81523182578191,121531600
2007-03-19,98.44013977050781,98.53142150455545,97.70288977461333,97.78012569254166,96161200
2007-03-20,98.98079681396484,99.03696936781176,98.2716384100585,98.3558918839193,82147400
2007-03-21,100.6097640991211,100.86253524979513,98.87548594572569,99.07208453915885,152368700
2007-03-22,100.53253173828125,100.8836021981252,100.25869720815578,100.74317615695166,118942200
2007-03-23,100.67998504638672,100.97488294407077,100.51146737035866,100.6027491174347,74416800
2007-03-26,100.54655456542969,100.86251576427708,99.76717789423665,100.75719893593386,113787500
2007-03-27,100.30783081054688,100.51847518426803,99.97782379160793,100.49038355373567,99864600
2007-03-28,99.57762145996094,100.03400873138052,99.18441358052128,99.80230096296437,152907900
2007-03-29,99.68292236328125,100.13229201125142,99.13525343962439,100.08313701649932,139432700
2007-03-30,99.70402526855469,100.29382115657258,98.6929404811973,99.87254297105484,128194100
2007-04-02,99.8163833618164,100.02702783883224,99.33892183299233,99.8163833618164,79416400
2007-04-03,100.890625,101.0942411416009,100.34295596941043,100.3850827080989,82417800
2007-04-04,101.00296783447266,101.07317549276354,100.51848892284221,100.89062272462398,63995200
2007-04-05,101.2768325805664,101.41725865289283,100.8344802746067,100.87660702492238,46822800
2007-04-09,101.41720581054688,101.66997689455982,101.21357900502194,101.56464935982787,50967400
2007-04-10,101.53662109375,101.70513880840987,101.29789570001543,101.34002245022477,56620000
2007-04-11,101.122314453125,101.7121101155314,100.78527917704906,101.68402919943391,106365700
2007-04-12,101.57170104980469,101.7542538194328,100.64486995672476,100.92573273363661,115534400
2007-04-13,102.03511047363281,102.03511047363283,101.36105056331142,101.74020189711678,84287000
2007-04-16,103.00409698486328,103.11644213191644,102.38622010371677,102.393237657724,83064600
2007-04-17,103.27791595458984,103.49557794792506,102.96897220386067,103.19366246396237,108424100
2007-04-18,103.40428924560547,103.7062046780089,102.91279277784436,102.93385614690416,88345300
2007-04-19,103.37618255615234,103.4955452013814,102.76532351473953,102.8987319752361,102947700
2007-04-20,104.35218048095703,104.35218048095703,103.24279653766962,104.07132839746512,124114100
2007-04-23,103.95893859863281,104.42937152889824,103.89574851407826,104.17660047686444,77270800
2007-04-24,104.00112915039062,104.19772778776276,103.43942488008292,104.07836509463127,114471000
2007-04-25,104.95600891113281,105.08239983249244,103.93088929279497,104.42940328540863,108418800
2007-04-26,105.07538604736328,105.18071361531426,104.68921710633744,104.9630516408974,88741600
2007-04-27,104.99112701416016,105.13858131596885,104.50664808312845,104.68218330661416,108191100
2007-04-30,104.12046813964844,105.13858100389939,104.06430629646114,105.06836262918561,100874100
2007-05-01,104.38726806640625,104.94898283096074,103.68512728916764,104.2117328720966,134342700
2007-05-02,104.99813842773438,105.28601874873765,104.4434518680283,104.54876871043479,87129800
2007-05-03,105.56684112548828,105.60193958364806,105.13150667786739,105.30002427505758,86569700
2007-05-04,105.96713256835938,106.10755864432528,105.47563594556726,105.8477698680972,96409000
2007-05-07,105.98815155029297,106.1636867501821,105.8898522669078,105.93900726550956,63461400
2007-05-08,105.84771728515625,105.96707992612154,105.41239345177489,105.72835464419096,80584000
2007-05-09,106.13561248779297,107.30116885946248,105.58091522162128,105.77049624925885,102070100
2007-05-10,105.02622985839844,106.0373143988212,104.80856790863336,105.83368755213706,153617800
2007-05-11,105.92496490478516,105.97410919117159,105.12452479573413,105.14558816330242,113408900
2007-05-14,105.69328308105469,106.2339346468742,105.17369488797166,105.92499089497734,108027500
2007-05-15,105.72137451171875,106.48670562315586,105.45455750582198,105.81264555545609,180673300
2007-05-16,106.44453430175781,106.46559766563193,105.58792179148755,105.88281959954205,114166500
2007-05-17,106.23390197753906,106.69731746287357,106.10049351535324,106.29007452550246,101132800
2007-05-18,107.1607666015625,107.16076660156251,106.59203404946373,106.73246012060304,99182000
2007-05-21,107.10457611083984,107.58905508196209,107.07649518683914,107.1326677486612,174664600
2007-05-22,107.02032470703125,107.53991287862814,106.99224378248427,107.21692332032286,82148800
2007-05-23,107.03434753417969,107.77861508373917,106.97817498333124,107.39243549279267,133786600
2007-05-24,106.06536865234375,107.57497753189863,105.84068920752607,107.09751630170932,187593000
2007-05-25,106.50772094726562,106.73942865620073,106.14962234535842,106.37431250450149,83309200
2007-05-29,106.89392852783203,107.0764812947038,106.33923124794363,106.68328412678352,82020000
2007-05-30,107.76461791992188,107.80674467362248,106.26203632626765,106.34630054749228,129013600
2007-05-31,107.65226745605469,108.05248227045728,107.51183067952707,107.89801038733437,114866700
2007-06-01,108.18582916259766,108.41050859219632,107.78560386232166,108.04540317987151,107771700
2007-06-04,108.19989776611328,108.40351387688327,107.76456320000347,107.80668993231326,78008800
2007-06-05,107.77163696289062,108.05950665981105,107.32928465925258,107.94717223083302,126917900
2007-06-06,106.61307525634766,107.3924521100105,106.54988514454747,107.32926199821033,164096800
2007-06-07,104.68922424316406,107.07649928597877,104.66113260426728,106.4164850515784,232414600
2007-06-08,106.05134582519531,106.15667337756557,104.68217335493213,105.02622621723161,175886000
2007-06-11,106.23390197753906,106.69028919824189,105.81261322472258,105.97410260398108,102015600
2007-06-12,105.07538604736328,106.40243197851086,105.00517838254966,105.79157279691256,233898000
2007-06-13,106.64815521240234,106.77454611517845,105.12451111165663,105.67218002477934,193208200
2007-06-14,107.3292007446289,107.51175342358529,106.7464228250425,106.76748618362153,146396500
2007-06-15,107.93994140625,108.35598744462855,107.84120767511253,107.98929751182189,154030800
2007-06-18,107.81299591064453,108.16557945548409,107.65081049281717,108.15853165818582,88537500
2007-06-19,108.08092498779297,108.1584937708856,107.43922057857131,107.57320400027606,110851700
2007-06-20,106.57893371582031,108.29954281678135,106.45200882804149,108.29954281678135,177119700
2007-06-21,107.17127227783203,107.26294742643726,105.95133644175029,106.53662631362612,205262000
2007-06-22,106.1629409790039,107.02324596048764,105.66932601257864,106.84695413247867,204964700
2007-06-25,105.65522766113281,106.65656402891501,105.08404381669367,105.9443488633798,232014400
2007-06-26,104.56925201416016,106.09947449222732,104.56220421490599,105.92318267088305,198445700
2007-06-27,106.0571517944336,106.17703969765203,104.40706298540815,104.45642985849791,213638000
2007-06-28,106.04305267333984,106.76937406754095,105.5423792000565,106.04305267333984,157705000
2007-06-29,106.07826232910156,106.93856689489714,105.17564946662654,106.40969166641595,199701800
2007-07-02,107.03732299804688,107.1289981759138,106.31806021169804,106.38857047467478,103357000
2007-07-03,107.42516326904297,107.53799259777435,107.17836121743973,107.3123339403116,54048400
2007-07-05,107.31236267089844,107.58032970837863,106.92452923454539,107.4675003494396,89279000
2007-07-06,107.87646484375,108.0104483204334,107.13603720312881,107.4533710205354,81109000
2007-07-09,107.96110534667969,108.14444494970422,107.62261733494509,108.00341365814705,72348100
2007-07-10,106.42379760742188,107.61553150592702,106.31802686613196,107.38987291118318,180362600
2007-07-11,107.17835235595703,107.220660660734,106.14175584893675,106.30394127058051,175607600
2007-07-12,108.8707046508789,109.12456513587576,107.42511052131321,107.44626466506365,133882500
2007-07-13,109.19511413574219,109.62526643567612,108.8707325816959,108.99766823675557,111794300
2007-07-16,109.18101501464844,109.67462979480993,109.00472325316254,109.29384432439826,98378700
2007-07-17,109.12458801269531,109.63935688519113,109.07522116026726,109.25151290180635,126201300
2007-07-18,108.92720031738281,109.15990683173726,108.10215581739872,108.75795628148875,237887400
2007-07-19,109.35028839111328,109.67465929389574,109.12462971091843,109.4419528149441,145212700
2007-07-20,108.24312591552734,109.29382853579696,107.77066535419627,109.22330753739199,245502500
2007-07-23,108.5745849609375,109.10346031376665,108.10212427027639,108.72266403413157,121183900
2007-07-24,106.69178771972656,108.79318273066734,106.31099144821601,107.97518628667824,256732400
2007-07-25,106.91033935546875,107.46036860060937,105.95131207368664,107.19946032688642,265214500
2007-07-26,104.37881469726562,106.33917795268569,103.22938912837056,105.90902568383488,467592500
2007-07-27,102.3267593383789,104.97818275093715,102.28445105009216,104.51278081979099,422987600
2007-07-30,103.92752075195312,104.23073741130239,102.45371347559659,102.90501994625258,283017500
2007-07-31,102.7569351196289,105.3942635480445,102.27741596901043,104.59742140245488,316976700
2007-08-01,103.25760650634766,103.6666046886846,101.50879522600668,102.37614768924098,467670000
2007-08-02,104.08267211914062,104.19549068172235,102.43257286642523,103.4903235556035,294758400
2007-08-03,101.40299987792969,104.06852983356991,100.97989544433901,103.85697761677457,359398200
2007-08-06,103.10247802734375,103.53967815053356,100.50745771551922,101.69214394222035,324980000
2007-08-07,104.20252990722656,105.06988229863835,102.41139971358578,102.91207301464127,232568700
2007-08-08,105.65522766113281,106.19115098529791,103.8993570474865,104.65389129335061,274930600
2007-08-09,102.5241928100586,105.03458470518774,102.45367183143516,103.96272823805721,357622100
2007-08-10,102.04472351074219,103.30696773363601,100.92349977890399,101.81906490106577,411018400
2007-08-13,102.41143798828125,103.58201822035238,102.26335888952434,103.3070034198054,181917200
2007-08-14,100.845947265625,102.99670916152076,100.64145353257099,102.74284856462819,264134500
2007-08-15,99.45671844482422,101.86839831402014,99.16054968685077,100.64140423670916,323834000
2007-08-16,100.20423126220703,100.79656893768949,96.60787539250306,98.57528651463912,546743700
2007-08-17,102.04472351074219,102.82040077151666,99.70356385532578,102.60180071838936,388218100
2007-08-20,101.99536895751953,102.5806589419711,101.0433890681112,102.36910665988079,187320400
2007-08-21,102.19989013671875,102.93327014364417,101.6428127122264,101.96719439990474,157066400
2007-08-22,103.41271209716797,103.5184935784627,102.48189746972803,102.96140575295637,173156700
2007-08-23,103.3210220336914,104.11785304268088,102.67931779070828,103.89925309968405,203915300
2007-08-24,104.5974349975586,104.5974349975586,103.15184032147101,103.29287158645609,128901900
2007-08-27,103.6242904663086,104.59742438799118,103.46915286256225,104.25894723436039,113024300
2007-08-28,101.34661102294922,103.13068282921219,101.16327146040676,103.0672203760239,219790700
2007-08-29,103.33515930175781,103.47620129863789,101.51583805393369,101.80494832355309,207654200
2007-08-30,103.06014251708984,103.79352214989746,102.46780487827914,102.56652781808093,191817300
2007-08-31,104.07559204101562,104.71729657549302,103.53966900958072,104.11790033823493,185477500
2007-09-04,105.1263198852539,105.7609660154828,103.94163347949743,103.97689398895386,120062000
2007-09-05,104.2166519165039,104.61860237050352,103.65957458341356,104.50577304025832,166261800
2007-09-06,104.45636749267578,104.79484456320853,103.74414209760623,104.32943186623096,127878400
2007-09-07,103.00371551513672,103.58194667278099,102.43252139162223,103.29282571396334,235447600
2007-09-10,102.80630493164062,103.46211591808215,101.77676700969445,103.32108465260956,192305900
2007-09-11,104.00507354736328,104.15315257588247,103.04604609983478,103.12361489191406,162081900
2007-09-12,104.2730484008789,104.67499878479562,103.64545015581223,103.86405022004962,149554600
2007-09-13,105.00643157958984,105.38721706518024,104.50575822261433,104.75257100253104,154079000
2007-09-14,104.99937438964844,105.13335785706235,104.18138875069297,104.33652636980428,121911000
2007-09-17,104.43524169921875,104.82307495865943,104.10381233351873,104.5833207502792,109870800
2007-09-18,107.50975036621094,107.53795230782919,104.4563763963698,104.94999107463666,263759500
2007-09-19,108.1444320678711,108.87075335487128,107.6860777349086,108.17969257655972,193779900
2007-09-20,107.3828353881836,108.1937731756377,107.26295828325529,108.13031072479244,175186800
2007-09-21,107.67262268066406,108.48740755864405,107.50966786727616,108.19692571157184,141457500
2007-09-24,107.4742431640625,108.27486560191157,107.24043278457454,107.99145416721062,139450200
2007-09-25,107.26166534423828,107.4529666721396,106.60983539435672,106.85072695628365,142289900
2007-09-26,107.82853698730469,108.23947560278084,107.26172473109465,107.87104601458763,135547000
2007-09-27,108.4661636352539,108.47325567851084,107.82850678253999,108.33863658912773,102713300
2007-09-28,108.1048355102539,108.53702855555369,107.67972369777978,108.29613690697151,133372100
2007-10-01,109.32347869873047,109.64230715506659,108.04815406234349,108.11900963532598,148162300
2007-10-02,109.17464447021484,109.5714095803236,108.97626191516048,109.54307384861802,112978800
2007-10-03,108.95507049560547,109.40143690843088,108.40951274782381,108.97632500945004,119055900
2007-10-04,109.1251220703125,109.29515818831914,108.82045600714204,109.18888561456498,76864400
2007-10-05,110.42164611816406,110.59877419290541,109.55726024854317,109.84066084371342,134579700
2007-10-08,109.83361053466797,110.16661227381638,109.65648241005891,110.09575669955566,71280400
2007-10-09,110.86803436279297,110.88220764006263,109.84069338712237,110.24455070648582,94054300
2007-10-10,110.68382263183594,110.83969624533496,110.10992924169987,110.55628476122644,101711100
2007-10-11,110.15243530273438,111.6048880380283,109.4935130795438,111.18685746157733,233529100
2007-10-12,110.76171112060547,110.77588439138871,110.01068993466325,110.14530897950911,124546700
2007-10-15,109.82646179199219,110.78295749550102,109.068359431783,110.71919399821034,161151900
2007-10-16,108.95507049560547,109.47937372954254,108.73543331184841,109.40143690843088,166525700
2007-10-17,109.28800964355469,109.88315731211831,108.02685876020095,109.80522053568461,216687300
2007-10-18,108.89126586914062,109.24552204761474,108.45907289896059,108.72121901149843,148367500
2007-10-19,106.04308319091797,110.86805243305525,106.03600195665044,108.46619506891025,297169900
2007-10-22,106.6594467163086,106.81532030155917,105.327450821041,105.46915113189405,261989800
2007-10-23,107.52383422851562,107.65845330964545,106.45398443333997,107.31128916466945,180085100
2007-10-24,107.32543182373047,107.50965192645799,105.4549599297516,107.1341413015673,326694200
2007-10-25,107.58049011230469,107.89931844086449,106.19181225114345,107.44587106421454,237374500
2007-10-26,108.8416748046875,108.8416748046875,107.62303257400245,108.44490957814662,176484000
2007-10-29,109.20306396484375,109.4227011681631,108.79212530884001,109.06135277853197,106841000
2007-10-30,108.44486999511719,108.93374511760612,108.31025095431151,108.72118930638862,132981600
2007-10-31,109.5714340209961,110.01071904320645,108.28902835725991,109.09673202901335,220954400
2007-11-01,107.00665283203125,108.69291621210199,106.69490557073644,108.60788735199367,333040800
2007-11-02,107.12708282470703,107.69389496039123,105.71714993475318,107.36089323609085,331228200
2007-11-05,106.31232452392578,107.09877399216568,105.54712957014817,106.02183174488108,226841000
2007-11-06,107.74348449707031,107.77182023585442,106.20600309476424,106.88617974703537,177800500
2007-11-07,104.7960433959961,107.07745357316594,104.54097856839208,106.58857841933836,306639700
2007-11-08,104.26466369628906,105.14321195367185,102.78387571128067,104.85273015204237,374509900
2007-11-09,102.8334732055664,104.53389837495807,102.65634513329479,103.22315712677187,277745100
2007-11-12,101.81321716308594,103.87499058749617,101.81321716308594,102.8830776742266,243087800
2007-11-13,104.91650390625,105.07945871006142,102.89015827215034,102.99643079397521,191117400
2007-11-14,104.62598419189453,105.85170714094251,103.99540883314346,105.72418014775191,230558800
2007-11-15,103.11688232421875,104.4984900510235,102.39420751353619,103.84665998848446,263111100
2007-11-16,103.29401397705078,103.77580801184544,102.42963882920074,103.66244343765365,308770600
2007-11-19,101.85575103759766,102.98937533897153,101.4519045425489,102.93269304279858,267746000
2007-11-20,102.47924041748047,103.10981606604287,100.68670478243088,102.03996615766276,414767500
2007-11-21,100.38198852539062,101.96197828268366,100.3749072964071,101.3739119459522,259012400
2007-11-23,102.11790466308594,102.26668622600316,101.10472622013341,101.36688318272458,77688400
2007-11-26,99.86482238769531,102.64928179078572,99.65935854491202,102.33044255630193,214232000
2007-11-27,101.01258087158203,101.48019066704968,99.864783854612,100.4245144987417,293897900
2007-11-28,104.24344635009766,104.48433800259478,102.1249901082087,102.16041789499774,258596900
2007-11-29,104.27884674072266,104.66144947952449,103.51366288520084,103.88208153829181,199409900
2007-11-30,105.32740783691406,106.18470139488993,104.38508547829404,105.59663507435098,222908000
2007-12-03,104.63311004638672,105.17866764235352,104.35679063225527,104.99445830327977,146430400
2007-12-04,103.6978759765625,104.533915424746,103.66244819412188,103.91043186016483,136533900
2007-12-05,105.43374633789062,105.710065788161,104.7394070956036,104.8102518609552,171130000
2007-12-06,106.94285583496094,107.13415719654547,105.26368502505365,105.30619403628566,154457400
2007-12-07,106.92156219482422,107.33958173365966,106.66649740974832,107.28289946908318,148980100
2007-12-10,107.75055694580078,107.87100274513719,106.88617103428987,107.18374491695162,123914300
2007-12-11,104.7960433959961,108.32443116865323,104.73936112196873,107.7930470120647,250346400
2007-12-12,105.83051300048828,107.53094955676711,104.29304210983564,107.02790090430244,322435600
2007-12-13,105.61084747314453,105.84465784223215,104.36386964905087,105.08655526159076,237551300
2007-12-14,104.27173614501953,105.63917027300184,104.2221459142012,104.81020150939013,159152900
2007-12-17,102.78388977050781,104.0592033264469,102.63509742309344,103.87499401106555,177269400
2007-12-18,103.3577880859375,103.7828890216865,101.99744563166728,103.51366167235771,245569300
2007-12-19,103.3577880859375,104.07338168829149,102.69178472778586,103.40029709840832,198917200
2007-12-20,104.00958251953125,104.0520915174318,102.86178552103104,104.03791824778592,214813800
2007-12-21,105.50894927978516,105.71550356257391,104.7681796504078,104.96761511945141,146084400
2007-12-24,106.29244232177734,106.47051048060086,105.7582378453068,106.00041880130438,45601400
2007-12-26,106.5203628540039,106.61295089570017,105.77247449700839,105.87931103297203,67093100
2007-12-27,105.18128967285156,106.14998080799322,104.93200079306222,106.14286199488505,122981700
2007-12-28,104.91777038574219,105.85084587936677,104.63285478604307,105.80098157376236,116398100
2007-12-31,104.14137268066406,105.13854988762337,104.03452527879358,104.77529480546313,108126800
2008-01-02,103.22967529296875,104.69696615741739,102.48179766647759,104.36931593934744,204935600
2008-01-03,103.17981719970703,103.62855245008416,102.61712658457007,103.21543300612744,125133300
2008-01-04,100.65125274658203,102.16839706414895,100.3663480160767,102.0971654473132,232330900
2008-01-07,100.56575012207031,101.3065086965683,99.7893757509758,101.00735556830477,234991000
2008-01-08,98.94178009033203,101.78374053900048,98.60701113060965,101.1996827139722,326365700
2008-01-09,99.98173522949219,100.28088851855019,98.07996804792424,99.070026862338,301824900
2008-01-10,100.6369857788086,101.71252430616431,99.26942376022896,99.49022651610768,335701200
2008-01-11,99.82502746582031,101.07150485199998,99.00591810227036,100.27376280273948,267076600
2008-01-14,100.6298599243164,101.04297928671149,100.00305663400442,100.54439070051606,170365500
2008-01-15,98.41471099853516,100.77946141943691,98.22239433938516,99.56858921659885,239940100
2008-01-16,97.56709289550781,99.09135574963624,97.06850427376801,97.83775994805949,378802600
2008-01-17,95.03852081298828,98.20814234466026,94.68238453917493,98.15827804948644,397892600
2008-01-18,94.06271362304688,96.17104520714561,93.37893804384832,95.97160975751129,348561500
2008-01-22,93.10826873779297,94.3262487137106,89.74634142754189,90.6081905621617,435923700
2008-01-23,95.34479522705078,95.57984645118792,90.34463934180532,90.52270746296234,511913000
2008-01-24,96.14967346191406,96.4844424230102,94.95304995091983,95.78640751309007,259949300
2008-01-25,94.76075744628906,97.41041282184815,94.4473665804177,97.23234464267574,269603900
2008-01-28,96.32776641845703,96.52720191027922,94.06273352073498,94.91745860974703,217934600
2008-01-29,96.80499267578125,97.18961518111955,96.07135260809508,96.94032623808796,168968300
2008-01-30,96.09271240234375,98.67825490843104,95.87190960466549,96.5699338063236,334939200
2008-01-31,97.84487915039062,98.678236750418,94.8747038471904,95.01715618705188,343680800
2008-02-01,99.41903686523438,99.44040417936036,97.95175666367646,98.25090992986028,206843600
2008-02-04,98.1654052734375,99.21956557438024,98.0371905664976,99.15546365511842,124694300
2008-02-05,95.53714752197266,97.0471622754468,95.20949727457109,96.82635946169384,286882500
2008-02-06,94.7678451538086,96.33484226277344,94.31199125177493,95.8576210581768,250792900
2008-02-07,95.39468383789062,96.00723883536219,93.82768596736929,93.87755027652632,297368100
2008-02-08,94.78215026855469,95.60125967191507,94.09124475716202,94.79638789982612,221643500
2008-02-11,95.26644897460938,95.60833673898792,94.0484581906627,94.80347618677209,188576300
2008-02-12,96.14967346191406,97.0898675570229,95.43027124540622,96.09269035487469,256654400
2008-02-13,97.13260650634766,97.62407631663795,96.25651429189188,96.87618794743172,181967800
2008-02-14,96.27787780761719,97.5813378584029,96.0072107648612,97.545722057764,215207200
2008-02-15,96.25651550292969,96.31349861322981,95.38042327745148,95.80066148894574,154110300
2008-02-19,96.52718353271484,97.50299349394987,95.87901287348676,97.381908458998,145190000
2008-02-20,96.81208801269531,97.26082321711652,95.27357662760868,95.4374071466807,220085700
2008-02-21,96.00718688964844,97.58843240272482,95.49436078796099,97.33914359707885,201051200
2008-02-22,96.59839630126953,96.76222680717517,94.63252804614764,96.13542350767999,205491000
2008-02-25,97.81642150878906,98.04434314524286,96.00012375859828,96.5414471550436,190107000
2008-02-26,98.5500259399414,98.9702641167779,97.22519862287113,97.40326675221705,212420700
2008-02-27,98.4502944946289,99.10558381504036,97.87335557494136,97.9801920902855,168395800
2008-02-28,97.48878479003906,98.26517048272774,97.26086312192996,97.75233314395533,170831100
2008-02-29,95.31632995605469,96.64114663352976,94.57556032371774,96.58417438650504,252715200
2008-03-03,95.0884017944336,95.30920458399805,94.19094213956622,94.83198319755456,189483500
2008-03-04,94.72512817382812,95.01715165266238,93.30058310636143,94.18379409240433,282513100
2008-03-05,95.32349395751953,95.9930322958404,94.26220330758294,95.03145942809479,270681400
2008-03-06,93.35047912597656,94.8889911092507,92.98722388065683,94.71804171052425,247911700
2008-03-07,92.3888931274414,93.83480578307035,91.5840215296629,92.43162774884232,326434600
2008-03-10,91.1708984375,92.54557942366228,90.87886404502206,92.48147749411874,235683600
2008-03-11,94.44734191894531,94.53281114473678,91.84754066081965,93.10826608332533,341440600
2008-03-12,93.56414031982422,95.28072009879175,93.42168795653309,94.54708010284472,229161100
2008-03-13,93.77068328857422,94.47583707404594,91.59826055687725,92.31765196906508,351504200
2008-03-14,92.31764221191406,94.59691211358741,91.01418218960956,94.56842599474858,484687800
2008-03-17,91.38455963134766,92.06833511291784,89.79618963990197,90.15232587317423,405311100
2008-03-18,95.1810531616211,95.22378780657667,92.58124995310403,93.0371042800043,334416600
2008-03-19,92.8233642578125,95.90749484590337,92.62391794417098,95.5442397567616,345971600
2008-03-20,94.54273223876953,95.13684671320348,92.52417383727884,93.08966115779253,245320700
2008-03-24,96.43242645263672,97.21264461426726,95.37304716334828,95.42314740563346,208977300
2008-03-25,96.52546691894531,97.02652386527609,95.75240294936829,96.5326209745278,192947200
2008-03-26,95.34440612792969,96.69726553871631,95.27998685175504,96.24631968326999,196934300
2008-03-27,95.04374694824219,96.23197536701875,94.74311281618202,96.0601797534611,225153200
2008-03-28,94.13470458984375,95.45893685596857,93.81259728577183,95.19409477163316,180896100
2008-03-31,94.46397399902344,95.00797718663489,93.83406752330862,93.97722510718283,166692100
2008-04-01,97.7853012084961,97.9499319192317,95.56631995363851,95.6379042220762,254547300
2008-04-02,97.84976196289062,98.54408815651485,97.33438559396895,98.10029608636636,210910800
2008-04-03,98.09307861328125,98.3794047329297,97.14107566684604,97.32002539579207,175884800
2008-04-04,97.9856948852539,98.75160482508413,97.4345267645869,98.15032554698257,204446800
2008-04-07,98.03582763671875,99.18826436710813,97.87835099612703,98.68719637128446,154245500
2008-04-08,97.93561553955078,98.00718887972324,97.31286303892307,97.48465871534191,148937300
2008-04-09,97.22695922851562,97.92128498766725,96.55410656111313,97.78528145844031,195610600
2008-04-10,97.36299896240234,97.82826401960826,96.56129652416647,96.93351512326784,192967800
2008-04-11,95.4732666015625,96.71874977332092,95.20841356529225,96.26780386592309,222973300
2008-04-14,95.15110778808594,95.58774539452834,94.87911173252311,95.33722242434625,160522000
2008-04-15,95.37305450439453,95.695161842297,94.72167484898009,95.61642352216751,172389200
2008-04-16,97.95704650878906,97.99999267886915,96.28923439661756,96.30354250516407,189268900
2008-04-17,98.1002426147461,98.24340021203092,97.10528256861342,97.36297061261592,179665700
2008-04-18,99.12384033203125,99.89690454608854,98.96636368163666,99.45311267073602,218530600
2008-04-21,99.17396545410156,99.48175381811564,98.67290827883023,98.94490450413338,118587400
2008-04-22,98.73727416992188,99.00211619312536,97.99283740740528,98.91622384445857,162166000
2008-04-23,98.579833984375,99.3385791370312,98.15035023800621,98.8446761053747,193309000
2008-04-24,99.00931549072266,100.02574868375892,98.09308279105005,98.83751981161684,229381300
2008-04-25,99.9255142211914,100.13309106195477,98.71581253344675,99.78234572717793,190788100
2008-04-28,99.94699096679688,100.39078273224875,99.76804126495686,100.1259406686369,105610200
2008-04-29,99.55327606201172,100.01854080865685,99.21684982777153,99.77517189263388,125514100
2008-04-30,98.96634674072266,100.6341594000619,98.96634674072266,99.70361869489864,208395900
2008-05-01,101.01355743408203,101.01355743408203,98.97353671525102,99.05227504685529,187279500
2008-05-02,101.29265594482422,101.90824317765724,100.6126494593298,101.88677009343678,181585500
2008-05-05,100.8059310913086,101.36425319721491,100.50529695137605,100.96340767730486,118504500
2008-05-06,101.67924499511719,101.78661047080007,99.98995900361228,100.22617397234004,179339800
2008-05-07,99.86825561523438,101.67206079913831,99.58909450899519,101.5646953437476,199267300
2008-05-08,99.61060333251953,100.44093289280904,99.48175381760628,100.02576811266428,178321200
2008-05-09,99.42444610595703,99.77519143992026,99.10233883961911,99.20971520988014,152588200
2008-05-12,100.5411376953125,100.61271104578516,99.30279749542095,99.675016053449,147865900
2008-05-13,100.5553970336914,100.8488771182768,100.01854801554693,100.78445785743257,159132200
2008-05-14,100.76300811767578,101.7865952401076,100.54111221965064,100.97774995913436,181910800
2008-05-15,102.02281951904297,102.09440378016104,100.80596353560891,100.95627519284221,166927000
2008-05-16,102.1158447265625,102.26615633647562,101.36425391033293,102.2590022815059,204236800
2008-05-19,102.39502716064453,103.28977571863298,101.85817802585144,102.22323150551024,165664400
2008-05-20,101.56468963623047,101.88679690652484,100.92762915152466,101.83669667089904,178552100
2008-05-21,99.84681701660156,101.72936115886485,99.49607153745339,101.50746519292038,252724800
2008-05-22,99.86111450195312,100.3335444630222,99.49606094415934,99.80384927131814,170820400
2008-05-23,98.52253723144531,99.9684537311818,98.43664487854556,99.53181606690492,181376400
2008-05-27,99.25267028808594,99.49603927360859,98.44381409959901,98.63708284561926,168322900
2008-05-28,99.71080780029297,100.21186494055041,98.78026686997113,99.61775043059284,181288100
2008-05-29,100.21183013916016,100.87751776813197,99.55329656605525,99.58908868983521,173927200
2008-05-30,100.46236419677734,100.74152528701973,100.16888407256228,100.54825655616801,117362000
2008-06-02,99.42444610595703,100.11161774007084,98.78023157328118,100.09014465046315,181069900
2008-06-03,98.84465789794922,99.9398292350085,98.22907046673352,99.71077928876865,271965700
2008-06-04,98.79454040527344,99.61055049276973,98.39369487769231,98.56547957681481,246637700
2008-06-05,100.77018737792969,100.84892570875033,99.0093278664521,99.19543168374338,237867100
2008-06-06,97.55623626708984,100.06869762788989,97.50613601902876,99.8897478863959,384276300
2008-06-09,97.79243469238281,98.42234117098869,96.92632420652332,97.96423034715448,228263900
2008-06-10,97.30570220947266,98.13603153770526,96.88338348850448,97.11243345223032,260234900
2008-06-11,95.87409973144531,97.53474738414691,95.86693475272105,97.32717052339308,283890100
2008-06-12,96.23915100097656,97.2555840341052,95.57346332834115,96.34652737935943,252791800
2008-06-13,97.45601654052734,97.7208695624728,96.21768749318068,96.75453667189579,244726900
2008-06-16,97.51329040527344,98.01434749869993,96.96213306361702,97.02655234943782,185832500
2008-06-17,97.04087829589844,98.15035803810936,96.8977097542475,98.11457682492288,191707700
2008-06-18,96.09598541259766,97.00505291382926,95.7094588804031,96.41093862072341,265893000
2008-06-19,96.21772766113281,96.80468825090048,95.5591937043248,96.0244588178887,304204900
2008-06-20,94.65595245361328,95.74221150708098,94.39697540404262,95.56236663868079,289275700
2008-06-23,94.56239318847656,95.12350808362142,94.46888135718937,95.02279543518145,165096400
2008-06-24,94.37535858154297,95.2745825775149,93.65597938476543,94.27464593306833,267300600
2008-06-25,94.82138061523438,95.96519102965257,94.4113401358713,94.75663911483862,287853900
2008-06-26,92.24600219726562,94.54082386164822,92.13809969577859,93.92935805846047,297775000
2008-06-27,91.74246215820312,92.69923816246734,91.38996775763253,92.28199675615862,303423400
2008-06-30,92.06614685058594,92.73516968557217,91.57696880469894,92.00139987252797,258842600
2008-07-01,92.35391235351562,92.41865385207902,90.59142988410527,91.01586101049588,388622000
2008-07-02,90.77127838134766,92.91503106509586,90.6058187309247,92.64885326544041,288064600
2008-07-03,90.86481475830078,91.44032050217768,89.91523412280455,91.44032050217768,239352500
2008-07-07,89.93678283691406,91.60574231809866,89.14546683511946,91.21008706141517,372427300
2008-07-08,91.5338134765625,91.64172146085608,89.34689991602956,89.91521017744292,375973700
2008-07-09,89.77132415771484,91.89349043996518,89.48357140204685,91.7208409819353,336729400
2008-07-10,90.13824462890625,90.49073901227713,88.90091113315435,89.51238254998165,436475700
2008-07-11,89.08792114257812,90.56984608740834,88.11676028048511,89.18144395500255,481124600
2008-07-14,88.28221893310547,90.28209229055659,88.0520178017822,90.10944281417112,322720800
2008-07-15,87.0376968383789,88.8361450236657,86.33989806433911,87.62039778254307,502502500
2008-07-16,89.17423248291016,89.61305417251938,87.1168078200158,87.36858940706365,371642900
2008-07-17,90.0662841796875,90.8288299530134,89.26777273521135,90.02312317893583,375490600
2008-07-18,90.62741088867188,90.94393406341804,90.03032472438417,90.7640892299648,267030100
2008-07-21,90.67774963378906,91.21728402949563,90.05908308763797,91.00866340454444,222863000
2008-07-22,91.70643615722656,91.93663721473331,89.81446589893021,90.0302817915292,296904200
2008-07-23,92.20284271240234,92.90783134637273,91.75683106311493,92.00141738841081,311698400
2008-07-24,90.2892837524414,92.37548450294724,90.03750213340724,92.32512269071275,248634500
2008-07-25,90.26773071289062,90.99429996476758,90.04471936382869,90.56267341678252,219131000
2008-07-28,88.94407653808594,90.68497352468621,88.7858121777714,90.28931811232965,205201300
2008-07-29,90.84322357177734,90.91516040919603,88.94406252409361,89.18865435743184,261505600
2008-07-30,92.46180725097656,92.51216906362377,90.84320405879939,91.44029010913628,354710000
2008-07-31,91.2388916015625,92.49061572270847,91.09501242695585,91.64893764444017,277402100
2008-08-01,90.75686645507812,91.56256750398714,90.25329781108324,91.44746970632589,248690900
2008-08-04,89.91519165039062,90.74247870827462,89.74973753187,90.67054189637751,188239600
2008-08-05,92.33950805664062,92.4833816911506,89.90081317923342,90.65615799305178,251577600
2008-08-06,92.74951934814453,93.01569701412758,91.70642759275094,92.09489287009464,209555400
2008-08-07,91.36837005615234,92.39708271551888,91.0302608935843,92.05177822290528,246312500
2008-08-08,93.06607055664062,93.4689210959208,90.91512858665975,91.05900769956479,260811700
2008-08-11,94.0300521850586,94.6055467153659,92.96536315491008,93.138018100115,249425800
2008-08-12,93.05169677734375,94.02285203678113,92.60567424327438,93.72071411316585,213200800
2008-08-13,92.49059295654297,93.2675128660368,91.84314506282354,92.64884628858361,256393200
2008-08-14,93.18836975097656,93.72071427072966,91.90068590934271,91.96542739804312,239555300
2008-08-15,93.64161682128906,93.87901334467104,93.01576024491938,93.46896181059523,181000800
2008-08-18,92.36109924316406,93.86459920499465,91.83595547683613,93.82862804799005,172275100
2008-08-19,91.35395812988281,91.85752683570131,91.02304437439335,91.66329138868801,194673700
2008-08-20,91.77838897705078,92.04455573749503,90.88635492114916,91.64170518865372,225498200
2008-08-21,91.93667602539062,92.39707833476089,91.07341757900004,91.18132557085242,180609800
2008-08-22,93.26750946044922,93.26750946044922,91.9366645184121,92.56252091365124,167715300
2008-08-25,91.37554931640625,93.26751475557259,91.18131933509783,92.65604898322606,171936900
2008-08-26,91.6417236328125,91.98702809305026,91.05902818761625,91.37555133037031,159117200
2008-08-27,92.53376770019531,92.67764137233154,91.57699186404595,91.75683669843063,171032800
2008-08-28,93.6559829711914,93.76388546409785,92.87905209169752,93.0013452426101,167537100
2008-08-29,92.64884185791016,93.62000816361801,92.44741656110274,93.32506005870164,189195800
2008-09-02,92.07335662841797,94.03007472410901,91.73524747354752,93.5408910838648,252364900
2008-09-03,91.99418640136719,92.44020336620491,91.31077853294087,91.99418640136719,251947000
2008-09-04,89.22457122802734,91.52658718527509,89.17421492053516,91.33954711955023,340042500
2008-09-05,89.5051498413086,89.88641990122504,87.76425366774471,88.69225340202311,289503400
2008-09-08,91.35395812988281,92.25318756967101,89.50515390542219,92.1093029559694,364075300
2008-09-09,88.64190673828125,91.62013621529978,88.33976878865393,91.43309608477573,377326800
2008-09-10,89.0015869140625,89.85045450768929,88.15991464850116,89.12388004903933,298916600
2008-09-11,90.2892837524414,90.45473789276629,87.47650848264185,87.85058873528774,375369400
2008-09-12,90.70650482177734,90.79283228650579,89.08071206592568,89.41162578141125,297851200
2008-09-15,86.3902359008789,90.38998754088178,86.24636227222557,87.49808040447641,483607000
2008-09-16,87.83618927001953,87.9944535542358,84.16735686340279,84.31123049173006,581744300
2008-09-17,83.88679504394531,87.6563398902535,83.44797336562092,86.0665127804335,624095600
2008-09-18,86.3758544921875,87.61318751078868,81.86534962765428,84.92271102121495,776114700
2008-09-19,89.80615997314453,92.6135048516912,89.2345603354646,91.67289673496319,501087800
2008-09-22,87.77303314208984,90.26202378074336,87.08566923720913,90.04495858962466,249966500
2008-09-23,85.7760238647461,88.28671340870717,85.58066416569926,87.4401694333574,327470400
2008-09-24,86.05099487304688,86.82518589311933,85.22615604867798,86.3548816988256,311818400
2008-09-25,87.3967514038086,88.20712147478051,85.69642661793728,86.39102717011556,328253000
2008-09-26,87.44017791748047,87.91048201170564,85.74708980250442,85.97862336148052,285917400
2008-09-29,80.58821868896484,86.34762040203822,80.29156892454749,86.20291400771684,459562300
2008-09-30,83.92378234863281,84.50985615111563,79.97323675652753,82.12939813019376,328154400
2008-10-01,83.97441864013672,84.43025437068565,82.44774210806845,83.402818872757,332783000
2008-10-02,80.92830657958984,83.28705897950175,80.35670678377272,83.17128941671504,365337800
2008-10-03,79.83574676513672,83.53305262192174,79.3582111671432,81.65907855433822,461798000
2008-10-06,75.76943969726562,77.86771594034896,72.8173823147289,77.52764977596216,610637500
2008-10-07,72.37604522705078,77.65791424113881,72.10110072305038,77.30337400153536,540012100
2008-10-08,70.55269622802734,73.93164151549361,70.04621269564844,70.559927685204,725414800
2008-10-09,65.62535095214844,72.80290204219857,65.2997587950435,72.10830139223151,534485200
2008-10-10,64.03358459472656,67.96966206961137,60.473752742104416,62.77462074834995,871026300
2008-10-13,73.33112335205078,73.33112335205078,65.08272739059201,67.9190217474411,455584000
2008-10-14,72.24578094482422,76.35550617351934,70.26327430005462,75.75496404646341,546268300
2008-10-15,65.13334655761719,70.76251643691657,64.90904996609474,70.5165089157215,484627500
2008-10-16,67.84661102294922,68.5701538772932,62.61539927735085,66.05222783548474,708811200
2008-10-17,67.44145202636719,71.33411193659369,66.31272655117644,66.55872855671461,476649000
2008-10-20,71.49329376220703,71.70312192896526,68.07816936014844,68.98983523498175,321294200
2008-10-21,69.3588638305664,71.37031339821402,68.8957965424834,70.16199736587859,356502000
2008-10-22,65.58195495605469,69.35885132886953,63.33173517102817,67.4342237745216,516168000
2008-10-23,66.3416748046875,66.8915636375303,62.087237446210985,65.32871326599327,634666400
2008-10-24,62.977210998535156,65.06101376503248,60.777638651578165,60.82104948415183,545812600
2008-10-27,60.741455078125,64.7643593978065,60.56056926131081,62.203015569293974,397288600
2008-10-28,67.83940124511719,68.18669883486288,61.1610961367725,63.19425044065427,639939500
2008-10-29,67.347412109375,70.30670157515856,66.63833724206062,67.84665323575817,531270100
2008-10-30,69.67720031738281,69.85084910969516,67.21715275880958,69.30095482714454,414582100
2008-10-31,70.0606918334961,71.31965549991422,68.36036635801128,68.79449118916959,411394000
2008-11-03,70.2632827758789,70.68293916975992,69.42396998811688,70.02451218761591,205419400
2008-11-04,72.65097045898438,72.97656266893381,69.97385748752625,71.67418278874378,346793400
2008-11-05,69.59760284423828,72.86801477101884,68.73658490891681,71.77546329681198,387844100
2008-11-06,65.74112701416016,69.05495576254064,65.16229032162182,68.345881090191,477721900
2008-11-07,67.9117660522461,68.01306165991109,65.48066042789313,66.31273622245263,380391000
2008-11-10,67.0218276977539,69.12010480402368,65.78456906231101,68.88857112113726,301773000
2008-11-11,64.95244598388672,66.66724470434454,64.14208144036797,65.66875745456846,418498200
2008-11-12,62.094486236572266,64.35917479476382,61.58800813096947,63.83822825194266,454330600
2008-11-13,65.9654312133789,66.37061915293465,59.39565773270097,62.31877287855586,753141900
2008-11-14,62.67333984375,66.60941272288531,62.60098107772201,64.69202686751737,540352300
2008-11-17,61.841243743896484,64.07698978309222,61.616947098205486,62.4996652445559,415254900
2008-11-18,63.00613021850586,63.10742580405045,59.988957020080385,61.60969190898925,523811800
2008-11-19,58.96875762939453,62.8541857328593,58.54910134227712,62.15958507842116,558327600
2008-11-20,54.591312408447266,59.6995292992593,54.301899649697525,57.97749357564786,814180400
2008-11-21,57.53615951538086,58.53465278023725,53.788205083414695,56.04566211678873,718536500
2008-11-24,61.522865295410156,62.94100902567325,58.14392054176411,59.27264594499086,523305300
2008-11-25,61.978675842285156,63.31722885225884,60.64735428541567,63.165285534172526,454112400
2008-11-26,64.37362670898438,64.5328070648656,60.951265618124545,60.994681955307435,370134200
2008-11-28,65.18402862548828,65.21297102674004,64.0191287162472,64.12765582069302,118308100
2008-12-01,59.410118103027344,63.346193917450826,59.22923234714678,63.317251534086516,369927100
2008-12-02,61.69654083251953,61.85572125741308,59.35949883488529,60.394166076495495,469508400
2008-12-03,63.17977523803711,63.5487837177734,60.15536524377567,60.34348797151114,519863500
2008-12-04,61.71821975708008,63.7079629957642,60.58948892976668,62.268108459412396,444173800
2008-12-05,63.62114715576172,63.97568174109886,59.50418501104486,60.52438346624654,471905300
2008-12-08,65.84245300292969,66.84094096229612,63.7297074841668,65.36491168310333,412859300
2008-12-09,64.75714111328125,66.66005846822125,64.38090093458311,65.38662592478242,370790000
2008-12-10,65.1984634399414,66.1028922352794,64.39533022806563,65.35040681513475,396187400
2008-12-11,63.62839126586914,65.84243170850543,63.215971859491866,64.78605929077058,365061000
2008-12-12,64.38812255859375,64.44600735268878,61.64589254056709,61.899137134683386,415060400
2008-12-15,63.49093246459961,64.50389431451316,62.434559777754814,64.40983014089815,256694200
2008-12-16,66.47915649414062,66.5804521146428,63.802048489102184,66.47915649414062,377699500
2008-12-17,65.83519744873047,66.87710147425395,65.16230201894602,65.7266648593723,281819800
2008-12-18,64.60515594482422,66.32718631920831,63.82372817015107,66.13183213563757,374673300
2008-12-19,64.3272476196289,66.09973006683909,64.25430151228983,64.99101378936248,301451300
2008-12-22,63.50301742553711,64.67737878185889,62.357833405615565,64.61173394871429,243759500
2008-12-23,62.8465461730957,64.13761129643223,62.58395571326321,63.845843500506376,221625200
2008-12-24,63.21123504638672,63.364411839915185,62.72981749672057,63.058052687852125,62061600
2008-12-26,63.575958251953125,63.678076138341616,63.09454058897242,63.63430735488409,74767700
2008-12-29,63.393611907958984,63.69996560491298,62.43807218887659,63.634315204132484,127795900
2008-12-30,64.89620208740234,64.9545567566645,63.37171835172214,63.83125441590212,168256300
2008-12-31,65.82256317138672,66.35503982491707,64.82326582785508,64.97644267106048,193987200
2009-01-02,67.80659484863281,68.15671741177961,65.53810782795756,65.96846669588781,227566300
2009-01-05,67.72636413574219,68.3171956620219,67.02612451664197,67.56589151292572,240349700
2009-01-06,68.1785888671875,68.89341421143588,67.60234893008445,68.30258838700489,328260900
2009-01-07,66.13623046875,67.29600625953208,65.7934036276697,67.1063563030816,280899200
2009-01-08,66.40609741210938,66.44256490831135,65.40679452404375,65.76421271587476,263834400
2009-01-09,64.98373413085938,66.61033589553207,62.26301283069978,66.49363211195012,330953600
2009-01-12,63.42277908325195,64.85244069542298,63.02889896715227,64.80137618462399,277858500
2009-01-13,63.539493560791016,64.10114200989153,62.87572164684588,63.26231719909323,356432300
2009-01-14,61.540889739990234,62.547482794978905,60.65829618992617,62.39430595389419,435491600
2009-01-15,61.56279754638672,62.182800899834646,59.60795971192054,61.35856167136954,532647300
2009-01-16,62.0441780090332,62.722535711113245,60.57805456018873,62.62771355071765,399237200
2009-01-20,58.769107818603516,62.04418749541432,58.38981355402076,61.43877581723462,419855200
2009-01-21,61.307464599609375,61.44604996294773,58.6961519576721,59.76839520011603,364360700
2009-01-22,60.359222412109375,61.30017047461258,59.20674287214358,60.11851360344432,427940300
2009-01-23,60.621822357177734,61.26370704950998,58.76910327214155,59.00981211864406,386800600
2009-01-26,61.0375862121582,62.26300642116454,60.40299171579525,60.971935819082574,317978800
2009-01-27,61.65761184692383,62.10985234431922,60.76043214460313,61.36584396360452,273789700
2009-01-28,63.743743896484375,64.15221558897743,62.78091378917258,63.02162270725289,330007000
2009-01-29,61.672176361083984,63.81665740191926,61.61382169690977,62.81006448744585,294392500
2009-01-30,60.417579650878906,62.292180131770856,59.96533934546653,61.98582648859174,383383600
2009-02-02,60.23524475097656,60.67289374755609,59.30888223595779,59.498532174978855,288233300
2009-02-03,61.08134460449219,61.53358490047736,59.97263381966687,60.61451842509131,278385800
2009-02-04,60.78229904174805,62.27030987780221,60.57076751669539,61.489834178818754,322989300
2009-02-05,61.68675994873047,62.21194077673779,56.69755321267466,60.32274894071184,417679400
2009-02-06,63.444664001464844,63.7072488811869,61.76700344513783,61.89829866750262,366101700
2009-02-09,63.53221893310547,63.99904536309994,62.963274569362824,63.4301009993573,240075200
2009-02-10,60.621822357177734,63.481134484395625,60.14040466417271,62.92677623442227,536212800
2009-02-11,60.979225158691406,61.307465959684315,60.10392748605742,60.86981155836044,324442500
2009-02-12,61.02301025390625,61.13971404445802,59.119232020146505,59.93617524903393,469302200
2009-02-13,60.36652374267578,61.44605727239319,60.351932293215924,60.942763566176694,293998400
2009-02-17,57.784385681152344,60.512402289037304,57.747912624052056,58.470039086586134,478910100
2009-02-18,57.64580535888672,58.30957727831098,57.098742791672166,58.200163651866426,362964800
2009-02-19,57.02579116821289,58.46274278978386,56.90908183864035,58.23661985498883,316867500
2009-02-20,56.47146224975586,57.14252454756252,55.26792309857456,55.968168308905874,477176600
2009-02-23,54.45096969604492,57.09145516686536,54.407200900251624,57.09145516686536,379641400
2009-02-24,56.515201568603516,56.858022701772455,54.48741871183955,54.917777406892604,426260900
2009-02-25,56.070289611816406,57.20088267964043,55.16580847954477,56.26722976311132,461985800
2009-02-26,55.15848922729492,58.11262332887185,55.09283883481148,56.76320363568184,363353900
2009-02-27,53.925750732421875,55.2095250607746,53.838218767418816,53.984105375757245,470510900
2009-03-02,51.49681854248047,53.918481793764016,51.3290558158146,52.89729728816082,426452600
2009-03-03,51.110225677490234,52.29917284230712,50.7965762878136,52.233528013424994,443761000
2009-03-04,52.32106018066406,53.15259473915158,51.11022583742334,51.95635184571313,462753100
2009-03-05,50.183868408203125,52.32105944350468,49.72433235103459,51.13210672671114,485549400
2009-03-06,50.27139663696289,51.387403275552145,48.94385849174445,50.621519094661316,490470000
2009-03-09,49.68056106567383,51.059157883323024,49.403384783423874,49.56385174788022,379905300
2009-03-10,52.641998291015625,52.78788496000931,50.5996350101707,50.70175289596258,406227900
2009-03-11,52.984825134277344,53.79447806286478,52.39399942720283,53.247415574089885,356648300
2009-03-12,55.07096481323242,55.253319001355706,52.49612456733293,52.97024656945511,409702700
2009-03-13,55.50131607055664,56.1505020772107,54.509314441924055,55.44296696181918,337474700
2009-03-16,55.33356857299805,56.87263873543652,55.2970955006142,56.13592608035703,360644900
2009-03-17,57.02579116821289,57.15708638147844,55.0344813611866,55.486721665769515,356814300
2009-03-18,58.302276611328125,59.00981169536211,56.21614441995258,56.755911215655814,473273200
2009-03-19,57.58018493652344,59.08278231078445,57.39783067013213,59.0317233387953,428520400
2009-03-20,56.35403823852539,57.97024399491636,56.22180327304648,57.86004725621078,371078200
2009-03-23,60.401920318603516,60.453344739989134,57.52948385378004,57.845378329389256,419933300
2009-03-24,59.211795806884766,60.50475969129005,59.14568110609779,59.68196347306111,330271000
2009-03-25,59.836212158203125,60.75450888012053,58.08042927428411,59.67459664320991,441775100
2009-03-26,61.05574035644531,61.195323314505664,59.740738186626714,60.423951479217585,422025200
2009-03-27,59.9537467956543,60.62961172471811,59.733353377341665,60.276988981222836,322332300
2009-03-30,57.88207244873047,58.67548206293888,57.2723221560608,58.62405767710155,324108500
2009-03-31,58.418357849121094,59.56439589194753,58.07308301306823,58.44774401481798,364238300
2009-04-01,59.549713134765625,59.814183079503536,57.54415592614896,57.69108118218591,377018300
2009-04-02,61.290794372558594,62.157666670287675,59.60112622457946,61.03367242086738,476230700
2009-04-03,61.90058135986328,61.91527164943929,60.732504366697384,61.33490712646072,284646300
2009-04-06,61.415687561035156,61.9152412338383,60.45331432858566,61.22468026132958,264866600
2009-04-07,59.983150482177734,60.71778795139034,59.88030168487509,60.42393184273748,258947800
2009-04-08,60.62965393066406,60.93085810504522,59.90236411168613,60.284373283872526,230402800
2009-04-09,63.03925323486328,63.04660118051835,61.95199268120642,62.20176678507559,269653500
2009-04-13,63.053932189941406,63.57552409454581,62.135635399122634,62.38540943590271,224847500
2009-04-14,61.966705322265625,63.00254744453968,61.7683555567463,62.46625931505918,276598800
2009-04-15,62.627845764160156,62.75273279178358,61.42304073391712,61.59200421721017,250726100
2009-04-16,63.546146392822266,64.02366190864953,62.27522099883641,63.12740322460071,335202900
2009-04-17,63.972225189208984,64.39096827681043,63.2816642498935,63.788565841930485,262649000
2009-04-20,61.290794372558594,63.9501835989433,61.22467409650189,62.840879630403286,293690100
2009-04-21,62.48823928833008,62.539663668836006,60.79122912679757,60.84265350730349,114090900
2009-04-22,62.10627365112305,63.42861818698087,61.76099302522719,61.922614220739376,340395200
2009-04-23,62.715999603271484,62.75272811197739,61.43772643578776,62.23113620770756,324903700
2009-04-24,63.663700103759766,64.14121008236998,62.9511007014345,63.200874806871205,287703000
2009-04-27,63.06126403808594,63.92079395098078,62.840876207855835,62.943724982930796,289581600
2009-04-28,62.8629264831543,63.612254217346475,62.26787194115349,62.42214513334485,247926300
2009-04-29,64.19995880126953,64.91255794123128,63.39920676471097,63.56082227675121,311505700
2009-04-30,64.22201538085938,65.39743437841842,63.854696593819675,65.05215942666662,301419800
2009-05-01,64.56727600097656,64.80235972790143,63.70775164986106,64.23669143665157,236110300
2009-05-04,66.76387023925781,66.80795231128253,64.9272760420472,65.05216870713645,287120000
2009-05-05,66.5361557006836,66.80062579832523,65.99986755689848,66.5361557006836,243036300
2009-05-06,67.68951416015625,67.73359062660847,66.56551942689958,67.35158150606108,291941000
2009-05-07,66.74918365478516,68.43150470533935,66.32309243223271,68.32865587297717,317728000
2009-05-08,68.30659484863281,68.48290627316688,67.17525246526425,67.60868588491864,299081700
2009-05-11,67.02831268310547,67.66744921859872,66.88138744969567,67.36624520381872,247923600
2009-05-12,66.83000183105469,67.46179078997825,66.0072054740087,67.31485986648345,282431300
2009-05-13,65.14765930175781,66.12472860557025,65.01542431624306,65.9263733248782,269619100
2009-05-14,65.70599365234375,66.20554748190388,65.01543246314108,65.17705364400473,260098700
2009-05-15,65.16972351074219,66.11740701723697,64.75832810507328,65.65458718585944,271502700
2009-05-18,67.02098083496094,67.10178580259708,65.06684241668574,65.7867896246922,241447400
2009-05-19,66.9401626586914,67.56460333474746,66.71242125083953,66.98423910963885,206102200
2009-05-20,66.49205017089844,68.17437093294487,66.41858753250114,67.54992449446769,285722200
2009-05-21,65.5370101928711,65.97044922901758,64.83910681523301,65.72066956644315,258988400
2009-05-22,65.39742279052734,66.11736995168593,65.14764874992143,65.72066505939515,166811900
2009-05-26,67.07244110107422,67.26344291557,64.8832177389937,64.91260392695663,236318500
2009-05-27,65.87493896484375,67.40298620991378,65.77209016996778,67.1752503933797,246015800
2009-05-28,66.7932357788086,67.10178216343242,65.45619584059976,66.45530322352933,289095000
2009-05-29,67.97599792480469,68.83552234016702,66.61691985178211,67.16054996002343,258641500
2009-06-01,69.62162017822266,69.91547641217757,68.63720824004142,68.81351973847778,276246800
2009-06-02,69.68037414550781,70.06238883022314,69.22490242775339,69.34978947263185,230874500
2009-06-03,68.7988052368164,69.15142810959168,68.14497828890772,69.08531342276113,235310500
2009-06-04,69.44528198242188,69.54813078404094,68.54168099607729,69.05592500417264,210102300
2009-06-05,69.46000671386719,70.28279746847728,68.90902836004437,70.15056243936614,284257900
2009-06-08,69.17347717285156,69.86403268625854,68.35068106610714,68.93838776677607,238565100
2009-06-09,69.5261001586914,69.89341894888096,69.07062284111399,69.56283427964634,225125500
2009-06-10,69.34979248046875,70.15054479630916,68.4608816324458,70.1432024555908,296100400
2009-06-11,69.65831756591797,70.60600047799704,69.46731027387357,69.48200616048234,275414200
2009-06-12,69.8493423461914,69.89341880737614,69.0559324158267,69.3497885683514,184361800
2009-06-15,68.24781799316406,69.07060832314863,67.8804992801813,69.0265318711391,224190500
2009-06-16,67.32215118408203,68.53430366028266,67.27807474653046,68.49022722273108,227319000
2009-06-17,67.25606536865234,67.82908172189268,66.72712547186455,67.29279388074968,223445200
2009-06-18,67.74826049804688,68.07884507914959,67.0356613382795,67.3589035810206,211725100
2009-06-19,67.99798583984375,68.48558254171782,67.6138132757006,68.39693167037706,215655600
2009-06-22,65.95894622802734,67.37003303993286,65.93678350515992,67.33309141081968,251913600
2009-06-23,66.01066589355469,66.40222238982358,65.64127212175359,66.09932242792753,188309800
2009-06-24,66.57951354980469,67.2887486819005,66.1953409971071,66.60906571820449,211577700
2009-06-25,68.02754974365234,68.0940379086269,66.17319166607132,66.24706928376558,279411000
2009-06-26,67.85022735595703,68.14574342254922,67.42911879292572,67.79851246704091,167579000
2009-06-29,68.48558044433594,68.57423694946154,67.67291554176718,68.04969864292624,168481300
2009-06-30,67.93146514892578,68.75151920308554,67.42908974310267,68.50033431842284,228888200
2009-07-01,68.21223449707031,68.87714421128548,68.12357798967498,68.21961831197831,173041100
2009-07-02,66.35050964355469,68.23442019556606,66.31357364707517,67.32570900734247,212309900
2009-07-06,66.34308624267578,66.43912654002241,65.50086936902542,65.70772886269414,174499600
2009-07-07,65.05760955810547,66.35787681877767,65.01328412261094,66.27660976270441,197088900
2009-07-08,65.0132827758789,65.60431487389592,64.27449547160755,65.4491645798791,248050500
2009-07-09,65.13887786865234,65.67819510238857,64.9467972201436,65.46394609920569,163777600
2009-07-10,64.98375701904297,65.37531354760935,64.53309612935281,64.79167066364172,173520300
2009-07-13,66.56473541259766,66.61645029876688,64.71037768881563,65.24230545312759,217413500
2009-07-14,66.9415283203125,67.00063266644592,66.29139742234685,66.77160473430406,181487400
2009-07-15,68.89930725097656,69.08400408153831,66.99323460681927,67.82806225181841,220877900
2009-07-16,68.78846740722656,69.82277047565853,68.57421847161223,68.70720037521774,231174500
2009-07-17,69.54205322265625,69.68242462686585,69.10617137916377,69.49033833213171,138561700
2009-07-20,70.28085327148438,70.39906197772089,69.5863968500996,69.94840114907156,164179400
2009-07-21,70.60589599609375,70.84969713699957,69.75628954646693,70.82753442173528,217718300
2009-07-22,70.59113311767578,71.01962549432902,70.10353076412191,70.15524565284731,196068100
2009-07-23,72.14998626708984,72.460275648467,70.5763653651752,70.635469714914,258795500
2009-07-24,72.44550323486328,72.50460758989863,71.43336792826541,71.81014550948724,154003100
2009-07-27,72.65970611572266,72.69664772326695,71.91352960801211,72.312475296199,159259400
2009-07-28,72.31989288330078,72.67451328960894,71.70669803307008,72.1499749500803,186685200
2009-07-29,72.14258575439453,72.46764835512201,71.64759958334348,71.98744108749048,194399300
2009-07-30,72.89614868164062,73.75314473914118,72.84443379103286,73.01435736674429,225575400
2009-07-31,72.99958038330078,73.48718276743054,72.68190157935274,72.88137733158781,207358000
2009-08-03,74.20382690429688,74.27031508148258,73.3689933251744,73.76793929779451,175776900
2009-08-04,74.3958969116211,74.49932670780399,73.71621378341888,73.87135847769322,176714600
2009-08-05,74.18165588378906,74.51410800554766,73.56846090352188,74.44761419929513,184726400
2009-08-06,73.79747009277344,74.63229779347988,73.45023912630693,74.52148419694831,193203800
2009-08-07,74.76529693603516,75.37849194816538,74.16688083117403,74.57321623354987,220640900
2009-08-10,74.6101303100586,74.78005387472403,74.07820253467112,74.42543347896572,130898700
2009-08-11,73.67924499511719,74.32937565837966,73.4797693080546,74.27766078330764,157301000
2009-08-12,74.46976470947266,75.03123901890797,73.51672838262851,73.55366436702558,219052400
2009-08-13,75.03864288330078,75.06819505839461,74.07083310410748,74.80962057194995,176449500
2009-08-14,74.46238708496094,75.06080311034059,73.65710584080107,75.00169876211767,199616100
2009-08-17,72.63018035888672,73.10300379754095,72.48242514799477,73.02912619209498,237667500
2009-08-18,73.2064437866211,73.46502389651047,72.65974266624221,72.79272462919933,173461500
2009-08-19,73.84915924072266,74.10034979046746,72.55628179119354,72.63015937529553,192812800
2009-08-20,74.6101303100586,74.78005387472403,73.78269211412248,73.94522059082425,174131300
2009-08-21,76.07292175292969,76.19112477840511,75.07556012264023,75.22331531360932,224605000
2009-08-24,76.0655288696289,76.79692661396697,75.79217557852324,76.38320758872507,191279000
2009-08-25,76.21331787109375,77.02598295823839,76.0507837263646,76.36846256292581,215310600
2009-08-26,76.22068786621094,76.56791881489515,75.7183122538274,75.97688669332628,194620700
2009-08-27,76.39059448242188,76.62700615129113,75.31196589092477,76.17634552680619,196230100
2009-08-28,76.37583923339844,77.09246391183615,75.85130085680498,77.00381303136999,147024400
2009-08-31,75.6961441040039,75.78480060682762,75.20115797869573,75.62965595426085,176051600
2009-09-01,74.02649688720703,76.27241131000523,73.87135220610428,75.31937486623062,321276800
2009-09-02,73.74573516845703,74.20378524352155,73.56103837574535,73.71618300524331,171805000
2009-09-03,74.35894775390625,74.44759862836625,73.5758293316753,74.17425091678105,143572300
2009-09-04,75.40062713623047,75.42278985253866,74.28506241438802,74.50669521396951,142687900
2009-09-08,76.05078887939453,76.13205595726558,75.64445349003931,76.09511432677822,132909100
2009-09-09,76.63443756103516,76.89301208473584,75.94736489148652,76.18377668979885,154612500
2009-09-10,77.41754150390625,77.46925640257949,76.2576453738055,76.68614346938443,162902400
2009-09-11,77.4027328491211,77.79429480172881,77.04072869753938,77.56526693576976,152360100
2009-09-14,77.77952575683594,77.9125076958081,76.20591084274847,76.7452224133302,149593800
2009-09-15,78.1045913696289,78.39271795505437,77.39535626423552,77.9051156495654,196795900
2009-09-16,79.2866439819336,79.30141724622868,78.11197501125345,78.38532267445619,206406300
2009-09-17,79.16844177246094,79.83334576606343,78.73255437853346,79.17582558643485,229170900
2009-09-18,79.21893310546875,79.54554970566836,78.95170237136868,79.53812505656894,153799100
2009-09-21,79.01851654052734,79.42678733891728,78.4320994495288,78.60282675551109,151892000
2009-09-22,79.47875213623047,79.70144633870298,79.12986719525297,79.48617678653923,143126700
2009-09-23,78.81808471679688,80.19135026624248,78.67704470474081,79.66431346243786,225947400
2009-09-24,77.94961547851562,79.15957316397623,77.60815513163746,78.98884582221203,228636800
2009-09-25,77.53385925292969,78.20936042975214,77.26662864048842,77.7788215915584,204059000
2009-09-28,78.9219970703125,79.09272999275586,77.81596238843962,77.83080602096437,118285800
2009-09-29,78.68445587158203,79.44160569092656,78.52114760420365,79.06303361292768,133733900
2009-09-30,78.38013458251953,79.02594322660782,77.66010209016432,78.9517137149922,254383000
2009-10-01,76.43528747558594,78.48405463315679,76.42043817677886,76.45755576044841,281840600
2009-10-02,76.07897186279297,76.53177916339327,75.70781870907783,75.73008699216511,224748800
2009-10-05,77.21472930908203,77.4374235523136,76.16065530626564,76.38334954949721,149875000
2009-10-06,78.32073974609375,78.76612239596818,77.72689243736272,77.77142900334587,202491100
2009-10-07,78.53600311279297,78.61765725294221,77.99411706119768,78.14257604509784,159200300
2009-10-08,79.13728332519531,79.55297308414976,78.57312889279412,79.09274675483539,183305800
2009-10-09,79.6197738647461,79.6197738647461,78.95169707431873,79.15954192837447,135008300
2009-10-12,79.93153381347656,80.23587641804063,79.63461019348568,79.99091967014414,118031000
2009-10-13,79.76825714111328,79.95383376920913,79.24864484778463,79.71629591178042,157692700
2009-10-14,81.1415023803711,81.2231565289946,79.73854388252781,80.70354436807034,191421600
2009-10-15,81.43843078613281,81.43843078613281,80.71097371846439,80.74808563877916,173873600
2009-10-16,80.8297348022461,81.11180916528697,80.33981557555954,80.76292995179475,192069400
2009-10-19,81.49779510498047,81.75017648443936,80.71095237684789,80.96333375630677,159530400
2009-10-20,81.06730651855469,81.64630478478898,80.67388491013139,81.6166118399372,180921100
2009-10-21,80.33981323242188,81.88380603019343,80.28042736929861,80.94107952233898,225379300
2009-10-22,81.1563491821289,81.4161552546,79.79792729319023,80.31012045273869,238444000
2009-10-23,80.22844696044922,81.47552147094027,79.89440580781007,81.42356026897589,240033200
2009-10-26,79.35993194580078,81.14146169765917,79.137237895146,80.31750163891942,242028200
2009-10-27,78.9962158203125,79.7162536618372,78.8032203069927,79.44902300594461,253266300
2009-10-28,77.50421142578125,79.04078539735349,77.45966919215067,78.79582293410401,248821400
2009-10-29,79.16693878173828,79.3228223675499,77.89759615726184,78.08317266370598,198110600
2009-10-30,76.8731918334961,79.14465158024457,76.78411875624522,78.90711393533526,325608100
2009-11-02,77.43738555908203,78.24650229338525,76.5169274211405,77.29634556334406,254222900
2009-11-03,77.68233489990234,77.7936819481481,76.85837467156826,77.00683362699853,228362600
2009-11-04,77.88275909423828,78.92941347333226,77.68233892768116,78.32072266315413,247996700
2009-11-05,79.31543731689453,79.33770560264918,78.2687882429879,78.43209655631975,180015300
2009-11-06,79.52327728271484,79.72370316880571,78.72159072839538,78.87747438238384,170954100
2009-11-09,81.33448791503906,81.37902447356754,80.07256967439368,80.13194986464943,159495700
2009-11-10,81.34934997558594,81.60173707889862,80.88912366427432,81.14150510423902,171899800
2009-11-11,81.76502990722656,82.2623737071604,81.37160852329838,81.88379595551294,169466200
2009-11-12,80.93366241455078,82.07681490112181,80.72581753760116,81.65370049780348,157144500
2009-11-13,81.37162780761719,81.72050705069056,80.7258192150911,81.14150897762839,150963000
2009-11-16,82.5518798828125,82.9081893854754,81.89122775337378,81.93576431745137,210922200
2009-11-17,82.64836883544922,82.68548641044927,82.0248343515453,82.33660159349725,147134100
2009-11-18,82.59642028808594,82.71519201561293,82.07680813852458,82.58900130262626,156486800
2009-11-19,81.52008819580078,82.62612314028796,81.00789497020376,82.0322814213978,208734600
2009-11-20,81.23055267333984,81.47551503325056,80.91878548618756,81.09693735551089,134196000
2009-11-23,82.26239013671875,82.94531062496327,82.09908183228028,82.18816063379619,148010200
2009-11-24,82.38856506347656,82.54444868873425,81.66110814560741,82.39598971134987,138420100
2009-11-25,82.67806243896484,82.76714122168543,82.26237277962917,82.52217881671397,109564800
2009-11-27,81.33448791503906,81.89121755003202,80.38433691078653,80.46599104365323,126001800
2009-11-30,81.60916137695312,81.80215694903166,80.2581640556635,81.2677011378742,160874800
2009-12-01,82.61871337890625,82.88594416441698,82.19559891240577,82.33663329233994,159613700
2009-12-02,82.58158874511719,83.14574320677647,82.33662626873702,82.60385703145202,132315100
2009-12-03,81.935791015625,83.2719450068025,81.86898614774076,82.80429394156499,167324900
2009-12-04,82.4034194946289,83.42037544611745,81.68338151641312,83.01952938618246,274907800
2009-12-07,82.27720642089844,82.78939944848968,82.01740041536164,82.32917328535197,127973800
2009-12-08,81.36419677734375,82.22526916983706,81.11180968177563,81.68338872378861,169863700
2009-12-09,81.6685562133789,81.78732796826016,80.92624973541807,81.34194521415344,155063400
2009-12-10,82.1287841796875,82.48509376324317,81.98774414362504,82.1733207538762,138014600
2009-12-11,82.47765350341797,82.663230078547,82.10650035315989,82.47765350341797,124854000
2009-12-14,83.04178619384766,83.13828394891232,82.49247559729027,83.04178619384766,107141500
2009-12-15,82.65580749511719,83.0789218704498,82.3960014161143,82.73746164328206,120408800
2009-12-16,82.781982421875,83.23478964321198,82.59640587750236,82.98983290878357,155358200
2009-12-17,81.78730010986328,82.34402977870062,81.71307062002106,82.18814615102781,183390100
2009-12-18,82.25,82.3171701875574,81.5559384290342,82.24253538052999,174591200
2009-12-21,83.08584594726562,83.36197418585608,82.66045381526853,82.66045381526853,118039600
2009-12-22,83.38438415527344,83.56349516814142,83.16049111881112,83.26497301747048,91707500
2009-12-23,83.54859161376953,83.66800278828224,83.21275764966937,83.5859090292643,111783100
2009-12-24,83.94412231445312,84.0336749859832,83.58589454682124,83.72769386852679,39677500
2009-12-28,84.12322235107422,84.32472152950527,83.82470019938975,84.2575570346404,87508500
2009-12-29,84.00379943847656,84.35456249050338,83.99634051376137,84.33963894723733,80572500
2009-12-30,83.97398376464844,84.07100676717529,83.7127789383034,83.75756097556125,73138400
2009-12-31,83.16797637939453,84.18294852727429,83.13065896611039,84.1605546630011,90637900
2010-01-04,84.57844543457031,84.6232217528774,83.22017540551748,83.86199587248217,118944600
2010-01-05,84.80236053466797,84.8396779413871,84.22024543040534,84.52623222275905,111579900
2010-01-06,84.86209869384766,85.07106258650583,84.6531348011895,84.72029932647003,116074400
2010-01-07,85.2203140258789,85.32479595682022,84.46654664365528,84.7053632992123,131091100
2010-01-08,85.50391387939453,85.54123129793861,84.82478127383378,84.99642773392378,126402800
2010-01-11,85.62329864501953,85.92181512591176,85.2576062764038,85.88450341271869,106375700
2010-01-12,84.82478332519531,85.23524646991336,84.49640825434984,85.05613538301529,163333500
2010-01-13,85.54122161865234,85.78003826633102,84.60834319899531,85.04119445839929,161822000
2010-01-14,85.77254486083984,85.92926769948805,85.39192899907358,85.44416994528964,115718800
2010-01-15,84.80984497070312,85.70540600284272,84.48146993512745,85.62331793778698,212283100
2010-01-19,85.86957550048828,85.9218164548361,84.77250976534697,84.79490362621345,139172700
2010-01-20,84.99641418457031,85.41434187521625,84.31728168727066,85.28747178253269,216490200
2010-01-21,83.36202239990234,85.28002041226532,83.2575404610062,85.01881556502495,344859600
2010-01-22,81.50372314453125,83.39186820260709,81.4141647641998,82.98886403187277,345942400
2010-01-25,81.92164611816406,82.39928509175049,81.65298238041358,82.25002113318041,186937500
2010-01-26,81.57833862304688,82.44405240646186,81.3768394183346,81.60072679092188,211168800
2010-01-27,81.96641540527344,82.1529910540915,80.84696151236504,81.473852959352,271863600
2010-01-28,81.02607727050781,82.27986593150325,80.53352048967243,82.23508959520112,316104000
2010-01-29,80.14541625976562,81.94400782122469,80.01854621515294,81.37681638894338,310677600
2010-02-01,81.39176177978516,81.39922640024713,80.22753151654962,80.71262935751012,187865000
2010-02-02,82.37689208984375,82.53361497760442,81.25743801112081,81.54103668845353,216327900
2010-02-03,81.96641540527344,82.45151323096779,81.72759880253979,82.00372711873489,172730700
2010-02-04,79.43647766113281,81.36939932139416,79.42154841549187,81.33208759496962,356715700
2010-02-05,79.60063934326172,79.76482113510808,78.04832854350197,79.52600452697867,493585800
2010-02-08,79.02598571777344,80.10066333628377,78.9662801403368,79.66034181998519,224166900
2010-02-09,80.01859283447266,80.71265471573132,79.3096017075996,79.95142261688561,337820500
2010-02-10,79.86186981201172,80.30218576178808,79.19019610623185,79.89172260936182,240511500
2010-02-11,80.69770050048828,80.78725886494672,79.29465362032877,79.75736329594172,223591600
2010-02-12,80.63053894042969,80.67531527737461,79.48869679763517,79.84691888086931,304622100
2010-02-16,81.89926147460938,81.98135523189862,80.46636157365961,81.24251711013359,159317500
2010-02-17,82.28733825683594,82.39928480191026,81.89925765975663,82.29479718435984,168845100
2010-02-18,82.77241516113281,82.94406155204943,82.12312991946244,82.15298270349933,193708600
2010-02-19,82.9441146850586,83.26502520173106,82.3619992580341,82.55603963165561,222684900
2010-02-22,82.9590072631836,83.27245301705356,82.71272601635542,83.25006484803964,132346900
2010-02-23,81.9515151977539,82.98887571718075,81.73508668519047,82.73513547793745,207497000
2010-02-24,82.70526123046875,82.8395959381219,81.98881135426441,82.19777518976099,176350700
2010-02-25,82.59331512451172,82.65302070463426,81.30221469392738,81.52610207863066,259634700
2010-02-26,82.64554595947266,82.92914458339479,82.17537738473828,82.66793412581664,173589300
2010-03-01,83.50382232666016,83.58591609261536,82.96648338362202,82.98887155727549,147709700
2010-03-02,83.73516845703125,84.1381726358058,83.5859101806725,83.86204425515828,160992400
2010-03-03,83.8097915649414,84.30981298401758,83.60082203589822,83.9515851994953,150785000
2010-03-04,84.06351470947266,84.18292584473707,83.60826972049063,83.92171540980524,135770400
2010-03-05,85.26510620117188,85.33227072903149,84.40685672865044,84.60836169990777,176118800
2010-03-08,85.27999114990234,85.4665667901736,85.13073291522,85.2725322238539,114631200
2010-03-09,85.42181396484375,85.81735352004924,84.98149806567939,85.02627440963828,154556700
2010-03-10,85.80239868164062,86.03375063284864,85.38447110685554,85.45910021751915,186088800
2010-03-11,86.16064453125,86.18303839509808,85.33971269912396,85.60091750564074,160791100
2010-03-12,86.16812896728516,86.54874502649841,85.92931227586173,86.53381578049998,162074800
2010-03-15,86.19046783447266,86.25017339663184,85.5262591135003,86.01882146055978,146816800
2010-03-16,86.87708282470703,86.95917086710996,86.19048014944573,86.42929673836895,168673000
2010-03-17,87.39202880859375,87.6756274260053,86.8845428390452,87.13828867073781,177468100
2010-03-18,87.34729766845703,87.51894415785108,86.99653437207834,87.3995386470343,196509100
2010-03-19,86.9051284790039,87.89430448886382,86.56790587639969,86.9051284790039,226641100
2010-03-22,87.36973571777344,87.52710969209247,86.35807936981776,86.41053545549592,184477800
2010-03-23,87.98422241210938,88.0591588546059,87.21236047427138,87.49712695995586,182941600
2010-03-24,87.5571060180664,87.99924091650712,86.6128961920221,87.65452857595798,196072600
2010-03-25,87.41473388671875,88.55378318225502,87.30982167728594,88.14911935274846,223396300
2010-03-26,87.36224365234375,87.99171666302549,87.0175314249774,87.57956334906513,205808500
2010-03-29,87.91677856445312,88.07414681416626,87.4446738153137,87.8043710382911,134513500
2010-03-30,87.97679138183594,88.2990234657447,87.6095985430105,88.02175213675261,145772500
2010-03-31,87.67698669433594,88.0666596751499,87.38473052940427,87.63951560968938,161078700
2010-04-01,88.27647399902344,88.61369083155347,87.75190749396322,88.27647399902344,161215200
2010-04-05,88.99588012695312,89.05582585155518,88.36640142171598,88.61369683153357,105847600
2010-04-06,89.2057113647461,89.3630796239216,88.64367941742583,88.74109623007222,110384200
2010-04-07,88.69612884521484,89.44550471871798,88.28396982787443,89.02585605908716,184576300
2010-04-08,89.00337982177734,89.15325844342108,88.12661132497952,88.38889176625004,158704000
2010-04-09,89.58790588378906,89.62537125458762,89.02587386624279,89.19073178887002,133006500
2010-04-12,89.73026275634766,89.9625731578032,89.59537487453876,89.70028703624746,110279000
2010-04-13,89.79771423339844,89.9550824841587,89.1757308728096,89.64034598263818,125043600
2010-04-14,90.8168716430664,90.8168716430664,89.98506389553573,90.12744143582547,161609000
2010-04-15,90.89179992675781,91.10162425551935,90.63700915805867,90.66698487892235,144615300
2010-04-16,89.44551849365234,90.89181438093959,88.98839868303457,90.569582477017,366786700
2010-04-19,89.78271484375,89.87264200005073,88.77855399283548,89.18321762026311,217947800
2010-04-20,90.58458709716797,90.65952928611564,89.82772130091602,90.34478695747983,157708000
2010-04-21,90.41968536376953,90.84682933442429,89.9175992404553,90.6369993111747,192910100
2010-04-22,90.68949127197266,90.80189882815613,89.26568128460151,89.78274689538814,115360300
2010-04-23,91.28150177001953,91.31897286228634,90.39723773501113,90.62954821595055,177335500
2010-04-26,90.93677520751953,91.51379792127376,90.84685374781711,91.31146320237316,143457300
2010-04-27,88.78606414794922,90.92927408275106,88.613705165637,90.41220857038383,355853300
2010-04-28,89.4604721069336,89.68528711163495,88.62866459373488,89.21318246250178,300674100
2010-04-29,90.5696029663086,90.75694700591832,89.9775951150675,90.00007548505485,193775000
2010-04-30,89.03334045410156,90.68197070901519,89.01086009398684,90.5845481921396,270000900
2010-05-03,90.1874008178711,90.4346962710103,89.3256172709614,89.46050518019322,182747900
2010-05-04,88.06665802001953,89.19821729111787,87.6170335991353,89.18323228791176,360353400
2010-05-05,87.54209899902344,88.27648995190971,86.90513057953264,87.34725964951731,328973200
2010-05-06,84.63451385498047,87.67697810321934,78.68446752853018,87.1224415519531,647356600
2010-05-07,83.37557220458984,85.25650177694041,81.98922780052807,84.40970898721909,637558800
2010-05-10,87.04751586914062,87.41470849549758,86.11079590180199,86.78522970445783,396159600
2010-05-11,86.80022430419922,87.94676868068834,86.11079974958011,86.23069693776877,317849800
2010-05-12,88.0141830444336,88.14158127212612,86.99503152659427,87.14491011291386,235607100
2010-05-13,86.92011260986328,88.18655976240574,86.84517616024262,87.7744007135651,234452500
2010-05-14,85.34644317626953,86.42554658480232,84.58208207341606,86.2681782906056,345601400
2010-05-17,85.39139556884766,85.81853967344087,83.75775560934834,85.57873957467424,325739800
2010-05-18,84.22985076904297,86.34309053985473,83.95257963287163,86.08829976550837,360556800
2010-05-19,83.75025939941406,84.50712500716867,82.70113190558125,83.75774904261449,394742700
2010-05-20,80.58787536621094,82.34890737784367,80.53541928815494,81.96672411355928,530418300
2010-05-21,81.76441192626953,81.96674092103537,78.95425206000314,79.36641112730284,500909400
2010-05-24,80.71527862548828,81.97423038368876,80.64034217790298,81.32227128339915,269823000
2010-05-25,80.7977066040039,80.83517768466305,78.21985176478579,78.76689866907445,396505200
2010-05-26,80.31061553955078,82.03418243313537,80.07081547514014,81.29230187719065,349719300
2010-05-27,83.00086975097656,83.03084547069099,81.51710307017416,81.82434990928407,300870500
2010-05-28,81.9592514038086,82.97090781376244,81.56957270007452,82.9109563643749,297933500
2010-06-01,80.58040618896484,82.39389486788139,80.46050899328787,81.1948943246839,277909400
2010-06-02,82.67863464355469,82.68612428522438,80.56539508410711,80.99253906791193,240243700
2010-06-03,82.96343231201172,83.22571281925748,82.11663932653649,82.91847157285139,226618300
2010-06-04,80.0483169555664,81.92925167878435,79.77854122963541,81.38970022692237,398475600
2010-06-07,79.05168151855469,80.64036087522403,78.99173577695807,80.33311393641598,264609100
2010-06-08,79.8984603881836,80.05582864085729,78.42218895278384,79.11161340753078,357774300
2010-06-09,79.4713363647461,81.14244183815858,79.13411369500615,80.36309002109942,268023300
2010-06-10,81.79441833496094,81.89183518864687,79.46385775421035,80.82772229224848,317890600
2010-06-11,82.19156646728516,82.24402256277956,81.02254164353239,81.0749977390268,214128200
2010-06-14,82.06416320800781,83.27065896433628,81.98173139479644,82.82102881326155,207196100
2010-06-15,83.93012237548828,84.00505884129494,82.49881129425194,82.64119458138468,238268700
2010-06-16,83.90013122558594,84.24484347877011,83.33060389901502,83.49546752386067,216374000
2010-06-17,84.03502655029297,84.17740982383584,83.21820943157613,84.13993873586604,263185800
2010-06-18,84.12614440917969,84.42731637093948,83.85508504800633,84.20143739961964,174006600
2010-06-21,83.88522338867188,85.23298374892525,83.41839754548853,85.1727527889083,213140700
2010-06-22,82.49977111816406,84.25412557926018,82.37930350736227,83.88518598154212,239355400
2010-06-23,82.2437973022461,82.8461470169538,81.67909121343347,82.55250031033022,254639900
2010-06-24,80.8809585571289,81.94260861954194,80.67013589793709,81.83719728994603,268523600
2010-06-25,81.21976470947266,81.63387889931445,80.39152484081878,81.12187868254894,238726500
2010-06-28,80.96380615234375,81.558630682345,80.67015939942378,81.34027693757328,169218600
2010-06-29,78.46402740478516,80.94873647458479,77.96708903751765,79.82684958392147,373649500
2010-06-30,77.71856689453125,78.96844590235409,77.46256398072235,78.2456232693089,284101700
2010-07-01,77.37226104736328,77.92190506079697,76.14496287025493,77.66590773826339,382924800
2010-07-02,76.95057678222656,77.86916582734825,76.51387531763945,77.63575592864785,233385200
2010-07-06,77.45508575439453,78.58449788163833,76.70966961438289,78.03484811880534,256935300
2010-07-07,79.89461517333984,79.99249549070558,77.56802317983968,77.65084719625962,253769400
2010-07-08,80.6851806640625,80.77552993037652,79.7440041767222,80.56470731632996,210842100
2010-07-09,81.28753662109375,81.29506764204612,80.51200805308899,80.66259400522135,144999900
2010-07-12,81.34025573730469,81.49837273655137,80.67766939601093,81.01649071661286,131283600
2010-07-13,82.56754302978516,82.89130226354787,82.01789337108896,82.18354137081893,213025900
2010-07-14,82.56002807617188,82.88379311743087,81.96520366341757,82.30402500554312,184426800
2010-07-15,82.58259582519531,82.86871142973929,81.44565293893952,82.52989016792442,232337900
2010-07-16,80.30872344970703,82.22872035708893,80.15060071834121,82.13836533123508,282693400
2010-07-19,80.7830810546875,81.03907836559944,79.97743401080751,80.60237673260336,186709000
2010-07-20,81.67908477783203,81.73931572341596,79.67625791662795,79.71390728404397,258162400
2010-07-21,80.61739349365234,82.12327550959391,80.28609761191031,82.10068819847223,264527000
2010-07-22,82.41696166992188,82.77837605509194,81.56613998984682,81.57366526751626,274781300
2010-07-23,83.13224029541016,83.2527078997648,82.01788479658101,82.2512947293519,222020800
2010-07-26,83.99812316894531,84.08094716517314,83.04189031861372,83.27530026553626,184445700
2010-07-27,83.99063873291016,84.54781391478939,83.65934258690643,84.45745885374602,204855600
2010-07-28,83.44849395751953,84.07343667735344,83.1699035807957,83.81743362275837,163056200
2010-07-29,83.04188537597656,84.19388448923314,82.37929919007672,83.96799983214989,220149100
2010-07-30,83.02687072753906,83.47110927484839,82.05558108332308,82.19863608627969,220070600
2010-08-02,84.90164184570312,85.03717147635787,83.98305276509707,84.3218739694915,188263200
2010-08-03,84.49508666992188,84.90920100226134,84.21649627783061,84.69085304664783,146657300
2010-08-04,85.05977630615234,85.16518762453614,84.44989571486235,84.72848030866838,158171700
2010-08-05,84.96940612792969,85.0145865023816,84.38964398024251,84.51764259480547,140473800
2010-08-06,84.62309265136719,84.75862234782493,83.51626775437693,84.13367953946492,239728300
2010-08-09,85.0748519897461,85.21791270207407,84.570382601888,85.02214631854432,120800400
2010-08-10,84.61554718017578,85.0673165875547,83.85508054969368,84.35201885552918,242916300
2010-08-11,82.2964859008789,83.34307384212775,82.16095623790133,83.3129555009676,273406900
2010-08-12,81.7919692993164,82.08561579578517,81.01644107815618,81.05409042159404,239542600
2010-08-13,81.55106353759766,82.04047649052298,81.4531832448069,81.53600724043206,158698500
2010-08-16,81.51338958740234,81.77691777337198,80.70021197542438,80.99385848900249,147895300
2010-08-17,82.51482391357422,83.11717917547774,81.98023634726545,82.21365202710795,172270300
2010-08-18,82.6654281616211,83.10966078279615,82.00284186844111,82.47719283173612,182922100
2010-08-19,81.22731018066406,82.43954620492796,80.88848887341693,82.236254569477,265847600
2010-08-20,80.96380615234375,81.27251495358635,80.37651264650383,80.9863934803394,209714200
2010-08-23,80.65504455566406,81.74680674262669,80.61739520667193,81.34774891904013,163490300
2010-08-24,79.4578857421875,80.10541564862139,79.03624049873683,79.7741196747755,280677800
2010-08-25,79.76661682128906,80.06778879727962,78.5242623146227,79.02120067059691,272234800
2010-08-26,79.23200225830078,80.2484716941845,78.96846825184346,80.14306038939569,224439500
2010-08-27,80.45932006835938,80.5421440835703,78.53931716226919,79.72896597667419,272649000
2010-08-30,79.29224395751953,80.49695459501521,79.28471868078758,80.24848259519527,167238600
2010-08-31,79.29224395751953,79.79671897837743,78.67483234082172,78.99859731936363,273933100
2010-09-01,81.66398620605469,81.7769285132985,80.30869575258205,80.36140139669791,256828100
2010-09-02,82.42447662353516,82.4395329204256,81.68659169721909,81.85977070613028,156112200
2010-09-03,83.49365234375,83.56894531768027,82.78588575093698,83.23012406275123,212197300
2010-09-07,82.55247497558594,83.2075359055907,82.48471302307802,83.10212459425462,141973700
2010-09-08,83.13224029541016,83.46353051574953,82.68047098174522,82.71812033937911,149924400
2010-09-09,83.51624298095703,84.0884799456457,83.29036405018834,84.06589262701742,147017900
2010-09-10,83.93791961669922,84.03579994213169,83.47862484942253,83.66686022143797,127819000
2010-09-13,84.87155151367188,85.04472481057005,84.42731312154599,84.76614018221558,178503500
2010-09-14,84.81886291503906,85.30074502565607,84.38968648075554,84.70592053875647,209823600
2010-09-15,85.1426010131836,85.24048131121465,84.31436675707587,84.57036403399681,168608400
2010-09-16,85.1199951171875,85.17270076531484,84.59293289142916,84.87905419082176,199962900
2010-09-17,85.15180206298828,85.65140649239582,84.91714252657907,85.56813908749457,195836900
2010-09-20,86.45381164550781,86.64305473354419,85.1745265223049,85.44703703109654,214555200
2010-09-21,86.27967071533203,86.93066131920234,85.9238929528847,86.52190152323945,268389100
2010-09-22,85.85578155517578,86.62789639749228,85.61355069342221,86.14343467398515,191322400
2010-09-23,85.15937805175781,86.04503419743851,84.91714716297575,85.15180671219714,202354300
2010-09-24,86.91557312011719,86.97613229983551,86.02991677389136,86.10561286091864,209671800
2010-09-27,86.49921417236328,87.04423510194727,86.4159525402922,86.94583079114341,128761800
2010-09-28,86.80200958251953,87.08209140398301,85.67412250731172,86.61276651334586,209207500
2010-09-29,86.65062713623047,86.98369682333403,86.30998610844524,86.5824966205771,179665800
2010-09-30,86.39323425292969,87.6498108646236,85.98446857594152,87.08965305922776,287106700
2010-10-01,86.75659942626953,87.142656932629,86.24185800953711,87.04424683332213,174638700
2010-10-04,86.10559844970703,86.93826681812867,85.67412447310053,86.57492335111282,166153200
2010-10-05,87.83906555175781,88.05101686970872,86.80201143150914,86.9004215257294,229634100
2010-10-06,87.83146667480469,88.05856060154794,87.47568888468486,87.82389533718299,148626600
2010-10-07,87.72553253173828,88.20999441432167,87.19565415242558,88.187286165957,164860000
2010-10-08,88.21753692626953,88.45976778840082,87.51355258081931,87.84662218196458,177760100
2010-10-11,88.30083465576172,88.5430656010935,87.99804453028668,88.35382249457676,103098300
2010-10-12,88.57333374023438,88.83070155970833,87.5438509118575,88.01317005919012,182210000
2010-10-13,89.26216125488281,89.73905744140076,88.853395570113,89.06535263925409,194347200
2010-10-14,88.9139633178711,89.330300381977,88.35380544772512,89.17890246082932,217764300
2010-10-15,89.09563446044922,89.58766759426406,88.38408444908819,89.53467976602185,243705000
2010-10-18,89.53466796875,89.82988665509225,88.8004040346846,89.12590230106701,141204800
2010-10-19,88.36138153076172,89.20918683373755,87.82392610088749,88.70958810523257,280604700
2010-10-20,89.22433471679688,89.65580873371712,88.46736235200761,88.52035018653324,200051800
2010-10-21,89.42115020751953,90.14784304022615,88.72473696474752,89.62553599576776,221585500
2010-10-22,89.58765411376953,89.72390933378111,89.32271501242461,89.55737453429593,108212400
2010-10-25,89.85260772705078,90.65500227459638,89.78448299366191,90.18567737981462,151145700
2010-10-26,89.86775207519531,89.95858505473339,89.22432677742597,89.39842717170082,158982900
2010-10-27,89.61038208007812,89.7087921788397,88.76257676915094,89.23946725654748,190024000
2010-10-28,89.62552642822266,90.16297609789609,89.19405242438677,90.12512517070813,168576000
2010-10-29,89.6936264038086,89.86773253546826,89.37569949407082,89.53466294893971,144305500
2010-11-01,89.72394561767578,90.64745295174474,89.2092041089443,90.13271144301326,174074800
2010-11-02,90.43548583984375,90.6474371697303,90.1554039966419,90.39763491297518,158345900
2010-11-03,90.79882049560547,90.85180832292349,89.66336210287056,90.5944405260188,226702800
2010-11-04,92.54742431640625,92.59284080107912,90.81395725676956,91.8055890070581,215039400
2010-11-05,92.89561462402344,93.04700672999705,92.48684900760828,92.60796153733945,180654100
2010-11-08,92.72149658203125,92.87289444377633,92.30516545651759,92.60794962953193,156107100
2010-11-09,92.0553970336914,93.06973709034061,91.68448224322535,92.97133277559166,186621600
2010-11-10,92.42630004882812,92.47172230582075,91.33626406007289,92.03267706474082,221387400
2010-11-11,92.07809448242188,92.21434970430616,91.3514018907855,91.63148367333633,158017600
2010-11-12,90.98808288574219,91.85860232677392,90.57175151846006,91.45740786683753,239068800
2010-11-15,90.8593521118164,91.63146681888638,90.82150697534485,91.27568903967162,163940800
2010-11-16,89.44383239746094,90.45060097207154,89.0123527258917,90.29920885152175,299566200
2010-11-17,89.4892349243164,89.86014960449326,89.21672452962858,89.48166358689777,172308900
2010-11-18,90.80640411376953,91.13190246137572,90.34465050960166,90.35222185031087,197723700
2010-11-19,91.05615997314453,91.09400510692113,90.268908422594,90.7609413635928,156852900
2010-11-22,90.98050689697266,91.01835204862208,89.90560179084636,90.60202072903482,181361000
2010-11-23,89.66338348388672,90.09485754500514,89.31517685344392,89.90561443442265,222309000
2010-11-24,90.98808288574219,91.01079690962267,90.21597355580212,90.23111046314786,140046100
2010-11-26,89.92831420898438,90.69285209641625,89.92831420898438,90.20082470706085,76007800
2010-11-29,90.20079803466797,90.44302887519262,89.1258932655534,89.70119367751403,223642300
2010-11-30,89.6936264038086,90.20836768515316,89.17888512246402,89.30757477422945,233930700
2010-12-01,91.60120391845703,91.77530428344143,90.98048697000095,90.98805253352943,221037200
2010-12-02,92.77449798583984,92.84262847741905,91.69202766048875,91.74501547605536,191213600
2010-12-03,93.0243148803711,93.13029052827082,92.43387747771837,92.45658572009123,151288900
2010-12-06,92.92589569091797,93.13784695277646,92.72908132980419,92.8274856227417,103050500
2010-12-07,92.97888946533203,93.87211682272394,92.92590164647146,93.81912900386337,206581000
2010-12-08,93.31951904296875,93.3952150974984,92.66095701579826,93.09243087937985,138019200
2010-12-09,93.68289947509766,93.87970812755047,93.2211458804556,93.84186297526679,123705100
2010-12-10,94.22791290283203,94.31874588119152,93.66018368712433,93.97053932191962,117571700
2010-12-13,94.2884521484375,94.77291387779414,94.25817256844779,94.65937267188194,133812700
2010-12-14,94.3717269897461,94.79563536778308,94.08407962002514,94.43228615449992,147249600
2010-12-15,93.94023132324219,94.56851951797776,93.78126788395461,94.19760482630673,160823100
2010-12-16,94.48526763916016,94.55339813874609,93.67530763446166,94.00080590412027,185035200
2010-12-17,94.58647918701172,94.70822867250517,94.22121911930769,94.41906856454787,141075300
2010-12-20,94.81475067138672,95.04303891297108,94.3429634870087,94.8451894906387,119085500
2010-12-21,95.41592407226562,95.47680172339182,95.02023095117009,95.11154162224703,94965500
2010-12-22,95.71269989013672,95.74313871713908,95.43115090018703,95.48441739603801,78878100
2010-12-23,95.57572937011719,95.71270119068265,95.3398357146594,95.60616819753315,70053700
2010-12-27,95.6137466430664,95.70505728846109,95.1495648436077,95.21804782765372,58126000
2010-12-28,95.75074768066406,95.84205835396564,95.49963171785974,95.80401417529414,55309100
2010-12-29,95.81924438476562,96.03231039374766,95.80402787224405,95.864905533557,58033100
2010-12-30,95.66704559326172,95.97903341360806,95.52246261483069,95.72792324792876,76616900
2010-12-31,95.68988037109375,95.78119685987815,95.37028136876806,95.52246971112893,91218900
2011-01-03,96.67909240722656,97.09761312336184,95.65180109123236,96.42036533770737,138725200
2011-01-04,96.62583923339844,96.92261051493138,96.02468551281292,96.8921716904649,137409700
2011-01-05,97.12806701660156,97.18894466659597,96.23014199882678,96.3214584738184,133975300
2011-01-06,96.93783569335938,97.27265698682098,96.64867554348695,97.16612399446731,122519000
2011-01-07,96.74759674072266,97.22699520315814,95.99425464100617,97.06719571567965,156034600
2011-01-10,96.62583923339844,96.7628110406915,96.03229086472042,96.32145679434585,122401700
2011-01-11,96.96825408935547,97.20414769334832,96.60299404566551,96.97586524595211,110287000
2011-01-12,97.84335327148438,97.94988624351811,96.99108368960302,97.56180433351449,107929200
2011-01-13,97.68356323242188,97.92707384143625,97.4400642346324,97.8814185050523,129048400
2011-01-14,98.39127349853516,98.41410117083798,97.47813177274074,97.54661478964924,117677900
2011-01-18,98.55866241455078,98.64997308360697,98.18579116386398,98.2999295001842,114401300
2011-01-19,97.59222412109375,98.57384840097664,97.33350288282652,98.47493240471066,151958400
2011-01-20,97.46288299560547,97.70638197114135,96.73997400378933,97.37156652557057,175745700
2011-01-21,97.68356323242188,98.29232814373292,97.57703024378431,98.07165681413544,151462900
2011-01-24,98.23904418945312,98.35318250338211,97.59983479778431,97.62266246057011,113715500
2011-01-25,98.29232788085938,98.3760332010811,97.48571931030003,97.98033426810343,167552200
2011-01-26,98.67279815673828,98.96196408277986,98.3379768973689,98.53583215675488,141281500
2011-01-27,98.91632843017578,99.08373909316906,98.52062944389837,98.69564546021807,123302700
2011-01-28,97.18893432617188,99.19024476611996,97.02913486614759,99.03043950048405,295637300
2011-01-31,97.91947937011719,97.99557935572068,97.2117982711606,97.4553089361097,149249200
2011-02-01,99.48702239990234,99.66203837922137,98.45212561620134,98.51300326362187,167194300
2011-02-02,99.29679870605469,99.56312539005192,99.1750433933113,99.22830408562047,118323600
2011-02-03,99.51747131347656,99.66965965072424,98.59672432583129,99.12177234765191,145886700
2011-02-04,99.79899597167969,99.83704594951567,99.0989205021452,99.55549701373087,134634800
2011-02-07,100.42301177978516,100.75021613794067,100.01209047974528,100.01970744422186,112439100
2011-02-08,100.87957763671875,100.93283832622902,100.24036808401993,100.5143117176837,99072800
2011-02-09,100.65129089355469,100.9252345314464,100.14905895554897,100.60563555577694,146436700
2011-02-10,100.6893310546875,100.80346938799558,99.91315555452022,100.1414438323605,162708500
2011-02-11,101.29047393798828,101.41983457972898,100.27079950693313,100.29362717246246,137710300
2011-02-14,101.53396606445312,101.61767136949382,101.1154511504724,101.22958947042663,101690700
2011-02-15,101.21440887451172,101.37421419953677,100.6893607750924,101.22202583979664,119575400
2011-02-16,101.85363006591797,101.9753738007223,101.35139797195265,101.55685866698008,130183500
2011-02-17,102.1579818725586,102.29494789497687,101.46551157373005,101.55683386656828,109810500
2011-02-18,102.37102508544922,102.49278037465005,102.0133761804364,102.24926979624837,130002400
2011-02-22,100.31649017333984,102.39388974681403,100.0425464792708,101.29811497053781,233116400
2011-02-23,99.70008087158203,100.4990839685287,99.08371070317901,100.25557339713716,227584000
2011-02-24,99.6316146850586,100.01970831750991,98.69564533314777,99.59357630724892,260431400
2011-02-25,100.69694519042969,100.75782284391248,99.98925262851427,100.05013028199706,141686900
2011-02-28,101.32090759277344,101.45027984655212,100.73498202553421,101.06980327037013,141585500
2011-03-01,99.6316146850586,101.73185332309691,99.60118166056557,101.6405426383914,258565500
2011-03-02,99.84467315673828,100.30885506703099,99.19025294896862,99.49462958044205,200277400
2011-03-03,101.56442260742188,101.67856094076828,100.74259177365536,100.75019712547041,176480100
2011-03-04,100.80348205566406,101.68619064825425,100.14145641683423,101.48833536402421,277202300
2011-03-07,100.01207733154297,101.32853477802466,99.48702935687014,101.10024648703984,216790400
2011-03-08,100.88716125488281,101.206760156768,99.73812627825588,100.17186349823486,174615000
2011-03-09,100.74261474609375,101.05460841001698,100.14146670134875,100.68935404879505,153806000
2011-03-10,98.87831115722656,99.82188617587211,98.77938347511812,99.68492010331916,301291800
2011-03-11,99.56310272216797,99.92075161490841,98.53582298424756,98.55865064878647,225621800
2011-03-14,98.96195983886719,99.28916412116725,98.20861203759287,98.91630450749729,234974100
2011-03-15,97.82814025878906,98.41407746629285,96.26057854502174,96.32906154543505,359585400
2011-03-16,96.0171127319336,97.83579693563104,95.33225342174002,97.51618624818326,468670300
2011-03-17,97.2878646850586,97.69878010646367,96.71714978959801,97.40200882527314,254303700
2011-03-18,97.64171600341797,98.49768804690777,97.45065128368803,98.46711116121857,230435400
2011-03-21,99.15492248535156,99.3612639266115,98.74221627950838,98.85686207520334,153992600
2011-03-22,98.81102752685547,99.26958752909444,98.71932019107379,99.13966491618196,129538600
2011-03-23,99.09379577636719,99.35364096162142,98.06969181448508,98.53587847303116,148603100
2011-03-24,100.04147338867188,100.18668442818314,99.10143831928839,99.65934398434285,159129800
2011-03-25,100.34720611572266,100.78282766899447,100.03385713603016,100.30135244292211,155642800
2011-03-28,100.10262298583984,100.8210281856201,100.07205776233774,100.56118297002527,109762400
2011-03-29,100.7751693725586,100.80573459449963,99.68992323785659,100.01854893579561,129798800
2011-03-30,101.47064971923828,101.7687102011565,101.15730079521377,101.30251184106241,135835000
2011-03-31,101.33306884765625,101.61585252620489,101.22607308491618,101.34071889892137,132537100
2011-04-01,101.76106262207031,102.2349110455643,101.51650585074916,101.95977738928754,153850100
2011-04-04,101.84513092041016,102.15847985007137,101.55472048515324,101.97505352648963,100768900
2011-04-05,101.82986450195312,102.28077447393697,101.60058448956048,101.64643815970582,120791500
2011-04-06,102.1508560180664,102.41070126725805,101.7381496466055,102.31899392322954,120411600
2011-04-07,101.89102935791016,102.39543150375653,101.38661555039532,101.96744827132035,170731500
2011-04-08,101.53941345214844,102.40302953277268,101.11906882610734,102.34188743610646,147945400
2011-04-11,101.2337417602539,101.99035062823005,100.98917330804682,101.6464364462713,121385400
2011-04-12,100.47708129882812,100.86684899525712,100.11024042797371,100.66814595305702,161187400
2011-04-13,100.469482421875,101.01973811372179,100.08735296313948,100.94331921897405,162059000
2011-04-14,100.54591369628906,100.69876316626966,99.56002470249719,99.88865047987213,161220400
2011-04-15,100.91273498535156,101.16494180915636,100.43125983232855,100.72932032197699,170006700
2011-04-18,99.78165435791016,100.90511603417188,98.97918006605649,99.8045811952488,210759300
2011-04-19,100.35482788085938,100.38540476543822,99.68992641207684,99.93448318038466,124258800
2011-04-20,101.7228775024414,101.94450748117241,101.48594741678616,101.5547395896109,156133800
2011-04-21,102.2425765991211,102.28843027707187,101.72288603345513,102.25021499155694,135935400
2011-04-25,102.13558959960938,102.30372754103239,101.79931371676336,102.166154833655,65757100
2011-04-26,103.01445007324219,103.22080323764916,102.34191018375279,102.44890596128508,146600000
2011-04-27,103.68698120117188,103.8398306158734,102.79279988042202,103.21314451709833,143031000
2011-04-28,104.0232925415039,104.16085356335506,103.48831357597139,103.5035903595103,124791100
2011-04-29,104.26783752441406,104.37484496704447,103.92392334714586,104.06149601505244,115094100
2011-05-02,104.10734558105469,104.8410275754246,103.90099241815969,104.7569702938113,126278700
2011-05-03,103.73284912109375,104.08441331873848,103.20550865545887,103.90863705074833,138375000
2011-05-04,103.04500579833984,103.73283398956029,102.58644589641774,103.68698033170062,182678500
2011-05-05,102.11264038085938,103.13674459115524,101.66173039207234,102.47184302593821,226900000
2011-05-06,102.56352233886719,103.6564184199202,102.16610452196944,103.12907801438847,222787200
2011-05-09,102.96096801757812,103.2590285454925,102.39541218901428,102.55591170173722,114104500
2011-05-10,103.83982849121094,104.02325478209738,103.1749271369493,103.30484971987039,114806900
2011-05-11,102.74696350097656,103.70228708059489,102.2731267372186,103.68699863805486,193564200
2011-05-12,103.23613739013672,103.45012903994966,101.94453743554912,102.47187816604185,171550700
2011-05-13,102.44127655029297,103.43481563423684,102.07443547650372,103.289604550827,157444900
2011-05-16,101.79163360595703,102.87687972567237,101.62349573344271,102.07440563624746,141675400
2011-05-17,101.77635192871094,101.9139245888498,100.97387778595133,101.40951093778206,192686200
2011-05-18,102.68583679199219,102.79283258248871,101.60822883377728,101.82987046801999,135217900
2011-05-19,102.93038177490234,103.19787705124332,102.36483765939829,103.02210077169465,119489500
2011-05-20,102.11264038085938,102.9303914061455,101.92157564035644,102.66290776644115,182594900
2011-05-23,100.92803955078125,101.4324532789693,100.56883689540491,100.86689743266756,168700000
2011-05-24,100.84396362304688,101.44008465635231,100.65289889027807,101.21845469747345,147199600
2011-05-25,101.18024444580078,101.60058921111047,100.40834708526218,100.43891231289088,151050100
2011-05-26,101.64643096923828,101.82985729851,100.71403420335417,100.90509892322116,164850000
2011-05-27,102.03622436523438,102.31135809724552,101.61589120554252,101.92922856176715,120921900
2011-05-31,103.09852600097656,103.11381444499256,102.28841339311752,102.99918026903738,164731200
2011-06-01,100.78282928466797,103.1138215366193,100.69876032929704,102.80047255190343,233094300
2011-06-02,100.67584228515625,101.06562186758448,100.08737120783178,100.85163026461781,200466800
2011-06-03,99.67465209960938,100.43891105911719,99.41480685217662,99.46829891527572,234690200
2011-06-06,98.61998748779297,99.62881508056562,98.49006484236041,99.42246186174063,179951200
2011-06-07,98.55883026123047,99.40715808419837,98.47476131799347,99.12437436876571,161660500
2011-06-08,98.14612579345703,98.73460840725545,97.96269946065011,98.40597101868455,198696400
2011-06-09,98.89507293701172,99.30012912253999,98.17667954157501,98.41359787707316,160964400
2011-06-10,97.51942443847656,98.53588423944367,97.25957923801593,98.47475379599989,238629400
2011-06-13,97.59585571289062,98.00856203468705,97.0990921102943,97.74106676457214,207599800
2011-06-14,98.83399200439453,99.17790626565085,98.4518624559612,98.49006608146986,160570400
2011-06-15,97.07617950439453,98.81869499211933,96.81633423278225,98.00858228552383,300958000
2011-06-16,97.29014587402344,97.80219786168534,96.54116969753163,97.10671956702637,308032800
2011-06-17,97.58048248291016,98.26404460621062,97.25022167032475,98.2563624869207,233284900
2011-06-20,98.07970428466797,98.28708047755308,97.21949447637374,97.25021709234707,159479000
2011-06-21,99.42381286621094,99.61582486932045,98.11813358896275,98.58664334532926,193157300
2011-06-22,98.82475280761719,99.70032721879357,98.76330755005408,99.11661485117084,176703000
2011-06-23,98.54053497314453,98.80166841217599,96.91995364818676,97.66496095090778,334286500
2011-06-24,97.39613342285156,98.59428603921697,97.2502083347938,98.51748829580914,226129300
2011-06-27,98.26402282714844,98.64035869284263,97.26555849140014,97.4575704129103,168904700
2011-06-28,99.54669189453125,99.56205613446541,98.51751048908694,98.65575349005054,165556300
2011-06-29,100.39920806884766,100.56049154187542,99.56203879023515,99.99981993650401,244295500
2011-06-30,101.35929107666016,101.52057458671544,100.39155485788272,100.72180985812672,223322700
2011-07-01,102.85696411132812,102.9952188150244,101.21334222192479,101.4514351743952,202385700
2011-07-05,102.77247619628906,102.9798523876849,102.4498975204953,102.74943569940947,165936000
2011-07-06,102.89540100097656,103.02596776669782,102.23487919119148,102.52674120838223,143331600
2011-07-07,103.96295166015625,104.22408510195125,103.59429199412335,103.80934444259917,170464200
2011-07-08,103.22566223144531,103.96299358029864,102.44993785233142,102.78788089891069,194100500
2011-07-11,101.35929107666016,102.28862255321617,101.12119808216204,101.95836755297218,195918600
2011-07-12,100.92146301269531,101.98137258809315,100.89074626128976,101.14420340842742,214675700
2011-07-13,101.25944519042969,102.31935517734705,101.0136759253297,101.45145718982879,204062600
2011-07-14,100.56050109863281,101.98139433327722,100.36848913284196,101.51288466796834,226111800
2011-07-15,101.14421081542969,101.28245378609523,100.43760828657777,101.12117032031877,220012800
2011-07-18,100.31471252441406,100.82930308712405,99.56202904517178,100.67569588802046,196872100
2011-07-19,101.94300079345703,102.06589127773653,100.8523741143102,100.87541461517739,166554900
2011-07-20,101.88152313232422,102.26554698388892,101.70487544205827,102.20411348077911,137145400
2011-07-21,103.29476165771484,103.54821885968614,101.89690891705132,102.4575805774531,245246300
2011-07-22,103.36385345458984,103.47137965609427,102.73404876043745,103.31777247101323,126019400
2011-07-25,102.78785705566406,103.29477150794625,102.27326634300724,102.38079258565969,136653800
2011-07-26,102.4038314819336,102.88770542602964,102.17341476000779,102.71873394458281,131278200
2011-07-27,100.30706787109375,101.86620428623122,100.17648940526097,101.83547580504171,249020100
2011-07-28,100.01520538330078,101.20568205441953,99.85391015658902,100.30706735569268,207939900
2011-07-29,99.3316421508789,100.26866158150432,98.28709647671361,99.00906342025925,307038400
2011-08-01,98.90921783447266,100.58356852343972,97.94915786036923,100.49139479667795,325790900
2011-08-02,96.38230895996094,98.69413429108612,96.38230895996094,98.16417947697464,346653800
2011-08-03,96.90458679199219,97.01211301218636,94.87694112584552,96.51288664403033,370830800
2011-08-04,92.3654556274414,95.71414543084629,92.21184250909086,95.56053231249575,520721800
2011-08-05,92.22718811035156,93.75560170564188,89.75407307230243,93.51750874499719,655619200
2011-08-08,86.22105407714844,92.25791070261988,86.03671837243502,89.79247778454416,702263900
2011-08-09,90.23025512695312,90.35313972380915,84.69262551621236,87.61120940322134,717828700
2011-08-10,86.24411010742188,89.3086199683683,85.98297074191808,88.52521359133928,662607400
2011-08-11,90.11505126953125,91.33624447903699,86.26713008721542,86.98909690626296,487979700
2011-08-12,90.7218017578125,91.55897098726983,90.07663860488475,90.93685418887533,313731600
2011-08-15,92.64192962646484,92.73409161410267,91.3976900556961,91.54362101577571,258810600
2011-08-16,91.8508529663086,92.69571041233264,90.8677525124707,91.75869096109938,294095200
2011-08-17,91.91231536865234,93.08742803237828,91.18267201240508,92.35778467613102,238201100
2011-08-18,87.94916534423828,91.94301202015052,87.08894959969611,89.47757900147612,512956300
2011-08-19,86.51292419433594,89.0013980144438,86.40539794567172,86.75869931410287,428281300
2011-08-22,86.58202362060547,88.50214295535045,86.33624858014768,88.45605610669392,275090600
2011-08-23,89.43150329589844,89.53134741779596,86.4668378023492,86.90462489027017,331136600
2011-08-24,90.69110107421875,90.81398569608027,89.0321147310332,89.23949095380173,246869700
2011-08-25,89.30860900878906,91.70492056990041,88.99371241638039,91.19032988246401,312365400
2011-08-26,90.60659790039062,91.02134440639,87.44223892484328,88.85544989266407,314495900
2011-08-29,93.21028900146484,93.26405211741545,90.67572871295884,91.82780050596335,190977200
2011-08-30,93.45606231689453,94.03209820251155,91.5973879323079,92.80322281847658,241315700
2011-08-31,93.87084197998047,94.86162475600769,93.16423911730345,94.0551718876914,301828400
2011-09-01,92.8876724243164,94.77706869114152,92.76478200383781,93.92453544321903,254585900
2011-09-02,90.51447296142578,92.83398164706298,90.19189414599036,90.95226017087167,255517200
2011-09-06,89.85391998291016,89.98449257611976,87.84931454415322,87.85699666369267,285130500
2011-09-07,92.38847351074219,92.42687238612262,90.90614097509217,91.21336127683506,209803200
2011-09-08,91.42839813232422,92.88768992184085,91.221021973637,91.83546247229836,250568200
2011-09-09,89.03213500976562,91.44380559297527,88.54058469087843,90.3839013165764,380195100
2011-09-12,89.60816192626953,89.67728929578243,87.59587984525837,87.91845861034149,305793500
2011-09-13,90.42996978759766,90.76791278237225,89.2625394070673,89.90002065275893,272514700
2011-09-14,91.68189239501953,92.78020127570458,89.64656401140496,90.89079802830243,319389500
2011-09-15,93.26403045654297,93.29475306705649,91.70489459634962,92.66495420087644,326777200
2011-09-16,93.8160400390625,94.16345321088254,92.88961669432102,93.6384784115141,284528300
2011-09-19,92.88192749023438,93.3605830576882,91.65441583232938,92.27975151540868,241517000
2011-09-20,92.77383422851562,94.17891330446093,92.65031383538523,93.27564944636553,218932200
2011-09-21,90.04084777832031,93.1057734750634,89.89416772730526,92.82012934568034,316251300
2011-09-22,87.13037109375,88.17259922940517,85.9260191049981,87.43145909093798,513911300
2011-09-23,87.65530395507812,88.13395930796177,86.48182821576836,86.55131319943867,307242500
2011-09-26,89.73978424072266,89.86331051721355,87.22299820281975,88.4813912217712,260673700
2011-09-27,90.74339294433594,92.30287352711854,90.20297444887434,91.50769245485452,311753900
2011-09-28,88.89056396484375,91.47683507153582,88.75932171027848,90.92870045830104,286696800
2011-09-29,89.59310150146484,90.81289105043996,87.95641372668558,90.36512303653974,298108900
2011-09-30,87.354248046875,89.12989425034277,87.29248490326111,88.35787262534177,288392300
2011-10-03,84.86830139160156,87.97182441306855,84.77565671556707,86.84467402656342,365136800
2011-10-04,86.7289047241211,86.91419415111453,82.93828168692318,83.648540153559,459177500
2011-10-05,88.33470153808594,88.56631035176912,86.14216323279419,86.94506632615726,284108000
2011-10-06,89.93280029296875,90.06404844981586,87.63217907609753,88.2883963001021,257800800
2011-10-07,89.33059692382812,90.51951060575522,88.82878182774665,90.45774747914852,312657900
2011-10-10,92.31832122802734,92.35691876432931,90.8437575139839,90.85147937726666,230666300
2011-10-11,92.41097259521484,92.67346297202445,91.6775545151166,91.77019921694175,209088000
2011-10-12,93.22160339355469,94.29471289102126,92.89735575188645,93.10579898151401,281544900
2011-10-13,93.03631591796875,93.31424413904261,91.96320646606678,92.67346485767472,212538800
2011-10-14,94.62665557861328,94.64981527644612,93.5921498083768,94.11712455612445,211397600
2011-10-17,92.82013702392578,94.61122646546684,92.58852824413488,94.17889046919422,202311600
2011-10-18,94.6343994140625,95.34465779944067,92.02496290465201,92.75066501887483,318857900
2011-10-19,93.51496124267578,95.02040668670755,93.1907136295206,94.47998810805902,226601300
2011-10-20,93.92412567138672,94.26381107969004,92.50360324283969,93.74655815904741,262075600
2011-10-21,95.70750427246094,95.82330867302211,94.74247741787866,95.02812159719886,278999400
2011-10-24,96.88094329833984,97.12027388684052,95.77695269478002,95.86187550198113,203215600
2011-10-25,94.99723815917969,96.46407414624906,94.78878907718999,96.41775474583179,268596800
2011-10-26,95.96229553222656,96.32514076794733,94.34876718590277,96.000893081529,289053800
2011-10-27,99.30508422851562,99.91497575336516,97.7455982081159,98.53305718897182,393220200
2011-10-28,99.28197479248047,99.47498017755129,98.66435520423104,98.81875715626494,225906500
2011-10-31,96.88868713378906,99.29739016779806,96.74972304413039,98.17024550398077,228146700
2011-11-01,94.18661499023438,95.35236900531282,93.81604211012352,94.20977469085578,416565800
2011-11-02,95.7229232788086,96.03945485206701,94.79650003668871,95.59940292855177,244717600
2011-11-03,97.46771240234375,97.6607177734375,95.4218542907387,96.71112875603139,291174800
2011-11-04,96.87327575683594,97.04311556609186,95.73840302965738,96.68027035126292,249401600
2011-11-07,97.47540283203125,97.57576347221485,95.88503508185036,96.80374223680525,196617200
2011-11-08,98.72607421875,98.83416261138416,97.05078953871283,97.98493453389561,224426300
2011-11-09,95.08216094970703,97.1202970280588,94.85055216759869,96.41775470837123,337982000
2011-11-10,95.97770690917969,96.45636233099766,94.97407666312971,96.34055793490631,231866500
2011-11-11,97.78425598144531,98.0390186259626,97.11259508758266,97.1434766575363,189924400
2011-11-14,96.8578109741211,98.39413201935015,96.4409186818871,97.42138922752711,159258300
2011-11-15,97.33645629882812,97.85370920606735,96.28650675843036,96.63391402089118,184709400
2011-11-16,95.79244232177734,97.53720691114594,95.65347819704327,96.35601479593512,235782500
2011-11-17,94.2715072631836,95.85415304663593,93.59213074158409,95.6148224743242,331219600
2011-11-18,94.1711654663086,94.76561930535733,93.77743293443946,94.57261397072321,215580400
2011-11-21,92.38008880615234,92.91277959721582,91.60034549858199,92.79697520261726,229611600
2011-11-22,92.01724243164062,92.71977891825004,91.49998356165486,92.1793662362428,216494900
2011-11-23,89.98683166503906,92.01725214912416,89.98683166503906,91.152585876543,224329100
2011-11-25,89.81700134277344,90.86695132120863,89.70891877646906,89.84788291744013,99557000
2011-11-28,92.41869354248047,92.78154459179092,91.7315948750845,92.28745130040633,210686000
2011-11-29,92.68119812011719,93.4146163053344,92.3415067214612,92.68119812011719,199241500
2011-11-30,96.49495697021484,96.6725244908936,92.64257168038775,95.33692482420999,324439500
2011-12-01,96.4795150756836,96.99676799886538,96.06262281384794,96.38687038747929,176954800
2011-12-02,96.39461517333984,97.66073009626871,96.332852033183,97.36736401560961,221109700
2011-12-05,97.44454956054688,98.18568945486048,96.84237376454558,97.92319909580108,225263900
2011-12-06,97.47540283203125,98.13161970411849,97.08939221432645,97.43679941423893,178842100
2011-12-07,97.83829498291016,98.24746546768782,96.47953538680977,97.15119037500816,237802500
2011-12-08,95.6920394897461,97.41364961114903,95.46043662963858,97.19748458569326,240862800
2011-12-09,97.31330871582031,97.56035535078637,96.03947211144119,96.12439494440356,209111400
2011-12-12,95.89279174804688,96.47952974913208,95.08217269068251,96.46408602038797,215826100
2011-12-13,94.99723815917969,96.94272954743279,94.53402059478304,96.39459504562316,245159800
2011-12-14,93.98587799072266,94.98178624423147,93.77743481675824,94.61893526542723,238618800
2011-12-15,94.32556915283203,95.11302834133181,94.17888321093231,94.98178612492443,199109200
2011-12-16,94.46538543701172,95.52199359328154,94.24008460327738,94.96261803473527,220481400
2011-12-19,93.4554214477539,95.0325632717933,93.25342120638888,94.83056303042828,183903000
2011-12-20,96.283447265625,96.44659933312974,93.51762110283511,94.92384077567161,225418100
2011-12-21,96.46986389160156,96.61748014296522,95.36664224301867,96.2834053138973,194230900
2011-12-22,97.32449340820312,97.42549651907868,96.51650408567438,96.82726647399501,119465400
2011-12-23,98.19463348388672,98.22571090502919,97.43325741183845,97.63525175814644,92187200
2011-12-27,98.2723159790039,98.52870023675355,97.93824113850297,98.02370255775286,86075700
2011-12-28,96.98265075683594,98.30340865077713,96.90496016202982,98.28787290278088,119107100
2011-12-29,97.98487091064453,98.08586808648897,97.00595286452179,97.30117948212165,123507200
2011-12-30,97.50316619873047,98.14800927824103,97.50316619873047,97.90716077332557,95599000
2012-01-03,99.05701446533203,99.74070588812671,99.00263045919266,99.25901474274066,193697900
2012-01-04,99.21240234375,99.29786377736836,98.44325536859725,98.82394343727108,127186500
2012-01-05,99.47652435302734,99.6241405938955,98.22569246942616,98.6763061002999,173895000
2012-01-06,99.22016143798828,99.61639113537505,98.8938574177459,99.60084946160438,148050000
2012-01-09,99.46099853515625,99.58529634657029,98.98707830559981,99.44545686317115,99530200
2012-01-10,100.32339477539062,100.72738347766638,100.18354341319956,100.5253891265285,115282000
2012-01-11,100.37779235839844,100.50986698151577,99.84949386592908,100.0126399895572,111540700
2012-01-12,100.61862182617188,100.76623810760795,99.86501059818514,100.6652468530662,118983700
2012-01-13,100.09806823730469,100.26122616164862,99.22792425366417,99.94268707662926,179836200
2012-01-17,100.48651885986328,101.24790663819032,100.14467322140162,101.0614421477144,132209200
2012-01-18,101.59751892089844,101.65189698895286,100.28452626656313,100.46321399705897,163395200
2012-01-19,102.13359069824219,102.21905210658258,101.62082224819989,101.94712621054822,126328900
2012-01-20,102.51429748535156,102.51429748535156,101.71407312981933,101.96269250678922,138230200
2012-01-23,102.2501449584961,102.7473718414185,101.76068298529196,102.17244844201721,129295800
2012-01-24,102.13359069824219,102.1646621854471,101.46544110253234,101.62082224819989,103083300
2012-01-25,102.98822784423828,103.22907047990218,101.58200843872288,101.9782322727352,198613200
2012-01-26,102.45992279052734,103.64082930567083,102.05592221701784,103.44659985655615,184880500
2012-01-27,102.41331481933594,102.59200260224301,101.89276943703314,101.96270105193189,135259100
2012-01-30,102.06368255615234,102.11807248978441,101.04592218514541,101.39553280692901,147311800
2012-01-31,102.02487182617188,102.69300988870584,101.52763295294753,102.56871202522699,157212000
2012-02-01,102.91830444335938,103.43883795957127,102.6541552300265,102.77845307141395,166234500
2012-02-02,103.08142852783203,103.34558953956359,102.71628813729467,103.12027678145337,113090400
2012-02-03,104.5265121459961,104.58866699052366,103.92829399521406,104.10698176396555,160598500
2012-02-06,104.45658111572266,104.50319428038048,103.97489594116085,104.09142885280542,107694500
2012-02-07,104.72071838378906,104.8994179677657,103.82726788319314,104.23903326397092,135528100
2012-02-08,105.031494140625,105.05480072066084,104.34780284671514,104.7751099054088,139361400
2012-02-09,105.1635971069336,105.34228488706192,104.5420604769098,105.2024453690898,148602900
2012-02-10,104.38665771484375,104.47211913199939,103.9826572105787,104.2312765531488,167907500
2012-02-13,105.1635971069336,105.28790680390338,104.68191184970712,105.13252561010374,115841900
2012-02-14,105.031494140625,105.0936489723279,104.30118968664345,104.88387789718337,165329500
2012-02-15,104.54208374023438,105.52877291540513,104.33231256177147,105.37339168702913,195195100
2012-02-16,105.69969940185547,105.79292577107196,104.36339945388721,104.54986404714845,186567800
2012-02-17,105.97933197021484,106.15025478948624,105.62972142345852,106.06479337985054,129869400
2012-02-21,106.0259780883789,106.47659185609751,105.69967401964999,106.22797245811812,134042300
2012-02-22,105.6841049194336,106.08810540890269,105.49764041933503,105.86279265609745,124455300
2012-02-23,106.15032196044922,106.22800665620785,105.27240072908933,105.62978826503249,137704300
2012-02-24,106.38336944580078,106.59314061213077,106.15030354413094,106.38336944580078,105539100
2012-02-27,106.56204986572266,106.84950566242077,105.50544116793701,105.67636403484535,145728900
2012-02-28,106.872802734375,106.99711241830117,106.3833407631807,106.5931118729531,129355900
2012-02-29,106.4532699584961,107.36226227382268,106.08034091516441,107.028181487691,185934700
2012-03-01,107.0049057006836,107.20691195433221,106.38336897107425,106.67860158497479,145023500
2012-03-02,106.67857360839844,107.07480924521003,106.43773100435749,106.93495788668125,120638300
2012-03-05,106.2435302734375,106.59314098198246,105.87837788645157,106.51545629943202,140765000
2012-03-06,104.68968200683594,105.21798046319599,104.38668451455278,105.15583746642193,202129900
2012-03-07,105.41997528076172,105.59089814044901,104.8295101819058,104.93051328667315,143692200
2012-03-08,106.4687728881836,106.68632070259589,105.84724834924793,106.06478430883955,116968900
2012-03-09,106.88058471679688,107.16026373704877,106.53873899672298,106.67081359678345,122836800
2012-03-12,106.88835906982422,107.02819859230416,106.50766505614175,106.86505248274423,104003500
2012-03-13,108.8150863647461,108.86947629166181,107.28455761488097,107.46325721347024,184090500
2012-03-14,108.69855499267578,109.11808532197331,108.36447422718555,108.84617124802102,145163600
2012-03-15,109.327880859375,109.37449403362805,108.58203450684931,108.86172540719325,165118500
2012-03-16,109.47923278808594,109.61968510186625,109.24513369167741,109.5260502260127,152893500
2012-03-19,109.90845489501953,110.24398793416302,109.33101182194139,109.40904885311762,125291100
2012-03-20,109.5885009765625,109.72115438143017,108.96424055435557,109.28417565791848,121729700
2012-03-21,109.40902709960938,109.752359010895,109.1827268982605,109.65092517866881,122388400
2012-03-22,108.62086486816406,108.89398244364173,108.26192326774773,108.60525508782352,135216700
2012-03-23,108.97200775146484,109.09686218089338,108.1136603393845,108.71451186258236,120521000
2012-03-26,110.50145721435547,110.50145721435547,109.71333586485449,109.7523424600255,120164000
2012-03-27,110.15811157226562,110.6731272129242,110.08788541402352,110.60290105468209,119868500
2012-03-28,109.61187744140625,110.27515617731667,108.96420848582073,110.10348431406395,148562100
2012-03-29,109.42464447021484,109.62753598436407,108.5350771043931,108.9642569534253,164963700
2012-03-30,109.87723541259766,110.0645171435112,109.28419445820701,109.96307138425229,135486800
2012-04-02,110.68093872070312,110.969666137559,109.52606477360831,109.74455411747013,151741100
2012-04-03,110.2283706665039,110.71217879476286,109.58070145338536,110.52489707671633,155806700
2012-04-04,109.13590240478516,109.51045386086129,108.73013138174994,109.41681897353628,146896000
2012-04-05,109.08128356933594,109.40121867112448,108.66771357210767,108.76136037432452,137439400
2012-04-09,107.8561782836914,109.12029693971058,107.55965191972578,107.7079151017086,127555900
2012-04-10,106.04581451416016,107.94980316711447,105.93656984915994,107.64547789270131,235360300
2012-04-11,106.90418243408203,107.32555134484058,106.70910180920231,107.13047071996087,154133000
2012-04-12,108.30095672607422,108.38679267908104,106.92759338474166,107.00563039903028,154321500
2012-04-13,107.01345825195312,108.32440662419484,106.91201248732338,108.05128890716702,169246700
2012-04-16,106.94320678710938,107.71571848353014,106.57645423974266,107.55965635644958,147825300
2012-04-17,108.52722930908203,108.74571860536437,107.45038070113785,107.55962534927902,147877600
2012-04-18,108.1605453491211,108.52729802296969,107.98107443642321,108.04350169014012,123884200
2012-04-19,107.46601104736328,108.5818664592935,106.95880620680882,108.17610734956028,198666700
2012-04-20,107.64546203613281,108.33214949028293,107.58303482150338,107.94198832892923,143199600
2012-04-23,106.7403335571289,106.83398037481139,106.07706642693147,106.54525288822747,171844900
2012-04-24,107.14608764648438,107.41920530223327,106.74812743164021,106.83396338858039,137484200
2012-04-25,108.61306762695312,108.65988506193189,108.09805202863888,108.19168689859642,150252200
2012-04-26,109.3700180053711,109.49487247846325,108.3165777371701,108.37900497371618,136291600
2012-04-27,109.54946899414062,109.86159321346724,109.08908160326233,109.69773216569227,130725000
2012-04-30,109.14371490478516,109.40903362980004,108.8472004224872,109.33099660948197,115092200
2012-05-01,109.82257080078125,110.5404659272703,108.95641252409163,109.08125504977849,138832200
2012-05-02,109.49486541748047,109.60411009769678,108.82378755135822,109.18272925487877,121081000
2012-05-03,108.65992736816406,109.59631215263813,108.45704776867456,109.51047618616593,143759700
2012-05-04,106.90418243408203,108.69892656433066,106.84175520530735,108.09027596724808,193927300
2012-05-07,106.98222351074219,107.3411652063614,106.48281756834996,106.52182416938652,127765900
2012-05-08,106.55301666259766,106.72468852793249,105.28108745310065,106.34232629936422,213377700
2012-05-09,105.92097473144531,106.59985145971199,104.94557165898136,105.4215688346148,220752500
2012-05-10,106.13946533203125,106.78713440867888,105.89756727226154,106.65446911128008,150600000
2012-05-11,105.81954193115234,106.80274406188789,105.42938065449545,105.47619810260991,153032400
2012-05-14,104.64904022216797,105.81952385216458,104.49297811952346,104.80510232481247,163910000
2012-05-15,104.04818725585938,105.19526215070545,103.88432621760997,104.57881268599925,207629300
2012-05-16,103.65023803710938,104.99239367583885,103.6268293148924,104.51639647946647,207265500
2012-05-17,102.11302185058594,103.79852162223176,102.05839355015566,103.67366714134423,247992900
2012-05-18,101.239013671875,102.69041354275754,101.09075053830954,102.51093085119267,319615900
2012-05-21,102.97914123535156,103.01815973411293,101.40288675823078,101.56675969031885,177861100
2012-05-22,103.15865325927734,103.96238464644647,102.48757529548013,103.24448922813903,197531200
2012-05-23,103.21324157714844,103.36150473018134,101.43410755430205,102.41730943847266,204958400
2012-05-24,103.41614532470703,103.65804340714212,102.5499868286084,103.49418234145638,167357600
2012-05-25,103.08062744140625,103.66586943239051,102.83091847666581,103.37714195356203,135465600
2012-05-29,104.32907104492188,104.50854180891703,102.35485692066119,103.90770231493947,152883500
2012-05-30,102.81529998779297,104.32132877531977,102.60462146175037,103.43956044003033,162370400
2012-05-31,102.58900451660156,103.35371726616624,101.70723624284895,102.7762862112361,196186000
2012-06-01,100.00613403320312,102.61240831451583,100.00613403320312,100.98153715406355,253240900
2012-06-04,99.95932006835938,100.45872600735463,99.21020520647812,100.18560836129514,202545800
2012-06-05,100.71625518798828,100.86450649720882,99.70963225134685,99.76425460144317,164149400
2012-06-06,102.97914123535156,103.02595867115555,101.38727697737141,101.41849653909014,184202800
2012-06-07,103.04159545898438,104.19646950301095,102.83090503587084,104.14965205493623,184772700
2012-06-08,103.8609390258789,103.88434775048091,102.44854516981815,102.77629112780137,143915400
2012-06-11,102.54219055175781,104.75830376635811,102.44074480870543,104.69587653269338,169756100
2012-06-12,103.7204360961914,103.7906622438115,102.3470731689372,102.83866810905099,181931800
2012-06-13,103.0572280883789,104.06383916545036,102.70607333642432,103.41616987436909,172223900
2012-06-14,104.149658203125,104.56322822790209,102.98697324459857,103.26788985640734,230615500
2012-06-15,105.21478271484375,105.30890274048241,104.39904789955192,104.61866927168691,169444500
2012-06-18,105.41870880126953,105.67755082888625,104.54022335127338,104.77553537351282,131360900
2012-06-19,106.4384536743164,106.8698573269457,105.39524555740344,105.95215063052021,137382600
2012-06-20,106.26585388183594,106.75216871868646,105.31677815686922,106.44626659688737,206451800
2012-06-21,103.88140106201172,106.50117977483353,103.79512035142314,106.39136904940003,205272200
2012-06-22,104.68144226074219,104.87753366826993,104.02256603541197,104.42260016658919,130029200
2012-06-25,103.00289154052734,103.6146957225611,102.63423876821615,103.57547505069357,146375700
2012-06-26,103.52056884765625,103.83432226967986,102.69698257148953,103.30094743647436,141634000
2012-06-27,104.45393371582031,104.65786440108671,103.51269767606414,103.8656596949145,108088000
2012-06-28,104.15592956542969,104.3128123005834,102.97154151324192,103.76374666449001,169242100
2012-06-29,106.75215148925781,106.88549219072952,105.77169459449412,106.04621534394718,212250900
2012-07-02,107.07376861572266,107.18357934648793,106.29725415119394,107.05023859973524,129524500
2012-07-03,107.77970886230469,107.8581382622487,106.9404317004438,107.05024243514337,80450000
2012-07-05,107.29338836669922,108.08560545388544,106.90120548186543,107.37966908010152,126177500
2012-07-06,106.27371215820312,106.49333359498243,105.77171859292605,106.25802149315585,151192100
2012-07-09,106.14038848876953,106.33647994373536,105.65407354189291,106.18744852300571,103780500
2012-07-10,105.21478271484375,106.85410365987538,104.85396933578359,106.68154230055971,167884800
2012-07-11,105.23048400878906,105.57560676229497,104.61867984338075,105.2697046795908,141733400
2012-07-12,104.72066497802734,105.28540926474186,104.006901255169,104.61870557103119,143583200
2012-07-13,106.4776611328125,106.58747186997483,104.97951952915494,104.99521019688461,129642600
2012-07-16,106.22665405273438,106.54040755235157,105.81094113815479,106.23450537051995,97525200
2012-07-17,106.95610809326172,107.17572953334981,105.53640808109556,106.65020594681968,138860300
2012-07-18,107.7483139038086,107.96009599697727,106.6423673471964,106.70510607182993,113349700
2012-07-19,108.03069305419922,108.38365525342157,107.62283147523955,107.96794235701964,129847300
2012-07-20,107.04238891601562,107.58360316841795,106.92473884743724,107.41888110393735,142904500
2012-07-23,105.95994567871094,106.9717840016842,104.97948868197595,105.47364283824052,145210900
2012-07-24,105.05003356933594,106.08540145781656,104.34410962243665,106.03834145715182,173301200
2012-07-25,105.07362365722656,105.54423584785775,104.5167188012397,105.26971506210694,129122300
2012-07-26,106.80707550048828,107.03454825491123,106.09329984394427,106.58745406285486,156526500
2012-07-27,108.77584075927734,109.08175490358659,106.78355694175544,107.37183127747873,236768900
2012-07-30,108.77584075927734,109.29352504714713,108.45425988512065,108.65035133036176,106782000
2012-07-31,108.01499938964844,108.92485445150304,108.01499938964844,108.62680364178776,120575900
2012-08-01,107.92086029052734,108.81503659793418,107.77182891121466,108.79150658735526,138293800
2012-08-02,107.17576599121094,107.90523256915816,106.3443399754135,107.10517592612811,199556600
2012-08-03,109.30138397216797,109.52884479835127,107.2071166589764,108.68172825973366,157825000
2012-08-06,109.51316833496094,109.94457199416706,109.46610829367926,109.59160971608001,86326200
2012-08-07,110.06220245361328,110.5328146997346,109.83472969478768,109.95237976420027,109545100
2012-08-08,110.19548797607422,110.32097733108213,109.66211333554703,109.69349465064774,89754700
2012-08-09,110.28963470458984,110.50925608964309,109.92882130430645,110.03863199683308,90291700
2012-08-10,110.47004699707031,110.50926767032587,109.66215139557605,109.84255213038868,99792700
2012-08-13,110.4151382446289,110.47003760774527,109.84254279439713,110.28179754166848,79426900
2012-08-14,110.43087768554688,110.8936626956546,110.10144542022464,110.82306066356973,102379400
2012-08-15,110.55635833740234,110.74461044013161,110.24261680132598,110.31320685167229,71085900
2012-08-16,111.37211608886719,111.50545685282388,110.43871877269684,110.71323965079347,112014200
2012-08-17,111.52111053466797,111.61524255811734,111.27011973190167,111.56033121373264,90813700
2012-08-20,111.5289535522461,111.55248356423976,111.05832937543286,111.36423149982048,78255700
2012-08-21,111.19168090820312,112.23488875905294,110.94852944831916,111.80348521645021,105581100
2012-08-22,111.23873138427734,111.41913211502022,110.6504572041225,110.90928731113806,133243500
2012-08-23,110.32889556884766,110.97206929697721,110.15633413651412,110.96422994767921,111466400
2012-08-24,110.99559783935547,111.24660063522454,109.9837712436294,110.05436129179056,99481200
2012-08-27,111.01909637451172,111.4426604803157,110.8622256558123,111.29362910858721,68785900
2012-08-28,110.90933227539062,111.25445518262099,110.57206068689877,110.73677082177545,75689600
2012-08-29,110.99559783935547,111.29366066733198,110.68969566218507,111.00344915702142,65421300
2012-08-30,110.19548797607422,110.5484499759348,109.96017598667885,110.51706866083411,96589900
2012-08-31,110.72106170654297,111.23874592518239,110.0935667719925,110.82302110587226,151970400
2012-09-04,110.61908721923828,110.95637067404166,109.91316291807037,110.62692656712856,120226200
2012-09-05,110.52494812011719,110.96419089566477,110.30532673234339,110.66612816862833,100660300
2012-09-06,112.76826477050781,112.77610411918718,111.1838426388736,111.19168198755297,158272500
2012-09-07,113.20751190185547,113.25457193263503,112.85454970253701,112.95650911306883,107272100
2012-09-10,112.56431579589844,113.29378211076668,112.52510708619839,113.097690688384,86458500
2012-09-11,112.8780517578125,113.23885321673242,112.60351902163838,112.63490034669935,88760000
2012-09-12,113.25457000732422,113.38007139958403,112.87022648170534,113.2545700073242,87640900
2012-09-13,114.98014068603516,115.3331027824248,112.94079747996815,113.23884824414677,225470200
2012-09-14,115.4899673461914,116.17236142339073,115.11346333187024,115.20759531968369,169777000
2012-09-17,115.09783172607422,115.4507939114848,114.80760826691647,115.25470247864878,119427800
2012-09-18,115.00367736816406,115.15270874313569,114.71346593383126,114.90171798144841,98326600
2012-09-19,115.06639099121094,115.43504365210262,114.83893031267556,115.13698099815656,128318300
2012-09-20,115.07426452636719,115.13700323234656,114.22714837403727,114.5408897778036,154009800
2012-09-21,115.02619934082031,115.6570440215981,114.97888809542525,115.63338839890056,108737500
2012-09-24,114.85271453857422,115.1129384155918,114.37169683239527,114.45843812473447,95682000
2012-09-25,113.6304702758789,115.3179728902866,113.59892142381807,115.09717905530702,133165200
2012-09-26,112.99173736572266,113.6383565056306,112.72363227313932,113.6068196845346,146502200
2012-09-27,114.05630493164062,114.31652886436741,113.16523619524564,113.4648901842699,111830300
2012-09-28,113.52793884277344,113.99318207120703,113.1257812773688,113.6225613211369,150696100
2012-10-01,113.82763671875,114.8842949099834,113.55951953918256,113.96168929235144,135911200
2012-10-02,113.94586944580078,114.45842390718055,113.41754056076572,114.27706014840368,113422200
2012-10-03,114.41116333007812,114.67926848913709,113.65415911245697,114.25345512077081,121283100
2012-10-04,115.23121643066406,115.39680576892559,114.68711311165623,114.84482125412053,124311600
2012-10-05,115.23906707763672,116.04339403305292,114.89210203677652,115.84625589914207,124842100
2012-10-08,114.84480285644531,115.22330474419716,114.58457904850403,114.81326604594852,78415400
2012-10-09,113.70931243896484,114.85271160340724,113.66988239211629,114.75808911685947,148872900
2012-10-10,112.98385620117188,113.80395793824994,112.83402922810788,113.69354898347679,124247500
2012-10-11,113.04693603515625,113.93800459795519,113.02328041245907,113.77240320671339,123601500
2012-10-12,112.67631530761719,113.51217939640986,112.43186585135082,113.1257962038707,124181900
2012-10-15,113.61466217041016,113.73294024967252,112.58166017032543,112.9443876349687,107689100
2012-10-16,114.7659683227539,114.84482841508324,114.07205004617083,114.15089810613942,108815500
2012-10-17,115.28640747070312,115.38104198092438,114.67133729988427,114.84481986420342,128834100
2012-10-18,114.98677825927734,115.53876282810768,114.60038304491552,114.98677825927734,148108500
2012-10-19,113.07056427001953,114.78172208068948,112.80245925615056,114.7738408858199,185645200
2012-10-22,113.08638763427734,113.29140708084333,112.19531890167035,112.88135615534756,125578600
2012-10-23,111.5171127319336,112.02178593945642,111.05186956282128,111.86407781817273,192056300
2012-10-24,111.20169830322266,112.05333661087603,111.02821575727333,111.91927207162182,120179400
2012-10-25,111.52500915527344,112.19528380270224,110.84686534438973,111.99026442027414,134457400
2012-10-26,111.46192169189453,111.8483047889968,110.70490585500525,111.42249165299306,146023500
2012-10-31,111.46192169189453,111.99813171740728,110.93358082886016,111.85619801619221,103438500
2012-11-01,112.62899780273438,112.77093153111906,111.59599556050964,111.69849924244497,100995600
2012-11-02,111.62755584716797,113.33083314005151,111.50927771531357,113.29928428331476,137702200
2012-11-05,111.8562240600586,112.10855470953366,111.13074486595957,111.4619476439602,98378500
2012-11-06,112.73151397705078,113.17310162141958,112.07701370687526,112.19529181434517,107068100
2012-11-07,110.17658996582031,111.72214660048957,109.65614226884885,111.70638420896432,264304500
2012-11-08,108.85182189941406,110.72070019478471,108.76508061117018,110.16082241932685,181517300
2012-11-09,108.94640350341797,109.95574962238744,108.46538605356885,108.52057846526702,201055300
2012-11-12,109.03317260742188,109.45898572201288,108.78872322382723,109.28550318545709,97677500
2012-11-13,108.65467071533203,109.80596294602393,108.31559883149794,108.45753254128172,123018300
2012-11-14,107.1879653930664,109.15934719194449,106.94351597518306,108.98587666341406,191505000
2012-11-15,107.00663757324219,107.62960116902224,106.59658665230526,107.22743144627815,178128400
2012-11-16,107.53494262695312,107.74785525427387,106.21806088085987,107.16432184443072,239483900
2012-11-19,109.71135711669922,109.72711950971583,107.56649249505438,108.74142848992909,151495800
2012-11-20,109.7586898803711,109.94005369450996,108.88339560189095,109.53789601123768,119807400
2012-11-21,109.96368408203125,110.05831859877024,109.63249335434642,109.85328717280298,81710800
2012-11-23,111.46192169189453,111.50133969843748,110.42890761505348,110.49988649801953,65409200
2012-11-26,111.22537231445312,111.46982175171055,110.54721644059674,110.90994398221727,100124400
2012-11-27,110.6575698852539,111.49343358074151,110.58660305051006,111.11493176308512,128646200
2012-11-28,111.54869079589844,111.6117644350474,109.60884550212535,110.20814133293285,177086500
2012-11-29,112.06915283203125,112.376688032598,111.47773805922101,111.96664912008524,151085900
2012-11-30,112.09274291992188,112.30565548270597,111.70635986164989,112.08486172587703,136568300
2012-12-03,111.540771484375,112.69994485855469,111.45403021037657,112.60532238959593,124656300
2012-12-04,111.38309478759766,111.87199372498203,111.08344084153,111.53292176063148,127512200
2012-12-05,111.58021545410156,112.10066316306735,110.68914698563226,111.4776997450252,147300500
2012-12-06,111.95872497558594,112.0060362191691,111.3121179260141,111.47770727855523,103220600
2012-12-07,112.29780578613281,112.51859960489037,111.71427238949602,112.39242827064014,108726400
2012-12-10,112.34508514404297,112.61319012896406,112.09274254715915,112.14006580834283,98840700
2012-12-11,113.11003875732422,113.63836779780718,112.75519233101338,112.81038478150634,152570400
2012-12-12,113.16521453857422,113.98531623610741,113.00750637592908,113.55160976456212,145880100
2012-12-13,112.47124481201172,113.41750538776017,112.18736543605158,113.09419598106967,135715000
2012-12-14,112.05333709716797,112.43183900253703,111.87985455046578,112.22681964387017,137701700
2012-12-17,113.37020111083984,113.43328675740293,112.31353157135418,112.3450804108141,143238200
2012-12-18,114.6319580078125,114.73447375912252,113.38604269080555,113.55164413273981,177762800
2012-12-19,113.78026580810547,114.79750554728041,113.74084779829334,114.75807550510875,150895400
2012-12-20,114.43480682373047,114.4505812526978,113.53585689041326,113.85128530794094,168487000
2012-12-21,113.3960189819336,114.42841044957866,112.72100264679071,112.90365270010027,245883800
2012-12-24,113.0466079711914,113.21337172729727,112.91954179283606,113.1498386381196,53874600
2012-12-26,112.57015228271484,113.33253748181507,112.25249885174904,113.27694146666015,106947700
2012-12-27,112.41926574707031,112.83222491282052,111.11686725604457,112.60191586900326,167920600
2012-12-28,111.2042007446289,112.3080625778708,111.07713454798392,111.68863001635086,148806700
2012-12-31,113.09426879882812,113.21338578226305,110.81506286827958,110.91036857272675,243935200
2013-01-02,115.99288177490234,116.06435195671537,114.93666687877351,115.23844602558113,192059000
2013-01-03,115.73086547851562,116.23911831212041,115.42114909737683,115.93735114441043,144761800
2013-01-04,116.23907470703125,116.42967399227177,115.68317527220329,115.92142134932922,116817700
2013-01-07,115.92141723632812,116.03259711934896,115.4925718891775,115.8261236559384,110002500
2013-01-08,115.58787536621094,115.87376821958505,115.13520663266104,115.71494154942125,121265100
2013-01-09,115.88165283203125,116.19931814619444,115.65929317096337,115.84194315304926,90745600
2013-01-10,116.80294799804688,116.81088509246958,115.9214458090707,116.52499216313402,130735400
2013-01-11,116.79497528076172,116.85849625217203,116.42966304781498,116.77113976936072,113917300
2013-01-14,116.71554565429688,116.79496503814146,116.28670036985075,116.65201257076053,89567200
2013-01-15,116.79497528076172,116.90615515727634,116.10406051027299,116.17553069138287,93172600
2013-01-16,116.7791519165039,116.96180207256666,116.42972579693745,116.55679204363511,104849500
2013-01-17,117.53351593017578,117.86705553477293,116.85848751187646,117.29526989326445,133833500
2013-01-18,117.79560089111328,117.92266707658005,117.08086268613644,117.50970803266222,169906000
2013-01-22,118.4309310913086,118.4309310913086,117.51765642783904,117.79561222056881,111797300
2013-01-23,118.62150573730469,118.72474852673052,118.21649590737753,118.43091857860875,104596100
2013-01-24,118.65325927734375,119.23298198805948,118.33559386772829,118.44677373166961,146426400
2013-01-25,119.32034301757812,119.32034301757812,118.62149120743283,119.0265131054474,147211600
2013-01-28,119.17740631103516,119.38387975321258,118.73267470698833,119.3521071512178,113357700
2013-01-29,119.64592742919922,119.79681696698822,118.85971926173318,118.93913863457841,105694400
2013-01-30,119.17740631103516,119.86830893320713,119.06621432175056,119.63006288903492,137447700
2013-01-31,118.88357543945312,119.4236006648168,118.80416816240144,119.03446501885912,108975800
2013-02-01,120.10661315917969,120.24955358430762,119.43158439331187,119.63805793550878,131173000
2013-02-04,118.75651550292969,120.13039597465743,118.66915901118804,119.37596015563348,159073600
2013-02-05,119.95569610595703,120.29717289974516,119.35213769059153,119.39979660577849,113912400
2013-02-06,120.04302215576172,120.12242942552942,119.44741310286653,119.53476958199904,138762800
2013-02-07,119.88420867919922,120.19392493604857,119.01064379182998,120.08274505199236,162490000
2013-02-08,120.55130767822266,120.62277787585676,120.09070176396871,120.09070176396871,103133700
2013-02-11,120.52745819091797,120.63068885925617,120.22567904262654,120.50363479686315,73775000
2013-02-12,120.72598266601562,120.94834240043134,120.40038015572951,120.53538341464643,65392700
2013-02-13,120.82926940917969,121.19458178111252,120.48779255771629,120.97222194348464,82322600
2013-02-14,120.94039154052734,121.08334400652707,120.32890833807939,120.46391159515348,80834300
2013-02-15,120.79743957519531,121.17862591837522,120.35272015520287,121.05155976475012,215226500
2013-02-19,121.70280456542969,121.72662796232345,120.83718883109142,121.00395260934776,95105400
2013-02-20,120.18595123291016,121.65512493925343,120.12241815244005,121.6154152492476,160574800
2013-02-21,119.45535278320312,120.24949820427297,119.07416637404488,119.88419809649142,183257000
2013-02-22,120.6227798461914,120.6227798461914,119.51098080583171,120.03510771474373,106356600
2013-02-25,118.32767486572266,121.3930768603748,118.32767486572266,121.21042679548388,245824800
2013-02-26,119.13773345947266,119.2806738595605,118.11327878803951,118.89948734162535,186596200
2013-02-27,120.6386489868164,120.97218865146681,118.93122884628113,119.03447164166066,150781900
2013-02-28,120.40043640136719,121.40105567368197,120.24160967654456,120.63073333470467,126866000
2013-03-01,120.79743957519531,120.98008959747177,119.44739501659102,119.98740799295459,170634800
2013-03-04,121.44075012207031,121.44075012207031,120.32895107033642,120.51953826909032,99010200
2013-03-05,122.52871704101562,122.85431963928143,122.01252725757955,122.02841356224373,121431900
2013-03-06,122.69546508789062,123.0290047039088,122.42545855840409,122.96547161737716,94469900
2013-03-07,122.9178695678711,123.07669628315658,122.71139604977014,122.85433645821658,86101400
2013-03-08,123.44195556640625,123.60871930456851,122.82252316069646,123.45784186641575,123477800
2013-03-11,123.91056060791016,123.91849770305038,123.1958342788097,123.34672391039152,83746800
2013-03-12,123.63256072998047,123.96611249035293,123.25932350803643,123.82316000480785,105755800
2013-03-13,123.80729675292969,123.98200975795831,123.27522064405177,123.69611685133879,92550900
2013-03-14,124.46643829345703,124.52203430275642,123.81524519325205,124.13289859076174,126329900
2013-03-15,124.30206298828125,124.46956841579463,123.88726735797835,124.31801994333648,138601100
2013-03-18,123.6161117553711,124.15055434345808,123.00189653018641,123.11357091916585,126704300
2013-03-19,123.32893371582031,124.04683868423108,122.51529915911902,123.87933320501251,167567300
2013-03-20,124.19038391113281,124.39777563258193,123.84737633427045,124.05478022730954,113759300
2013-03-21,123.1295166015625,124.15054297058445,122.9221248043405,123.44858277753396,128605000
2013-03-22,124.11868286132812,124.11868286132812,123.4246948297977,123.52042445198033,111163600
2013-03-25,123.60012817382812,124.65306833308689,123.12152896910469,124.4456643899398,151322300
2013-03-26,124.58929443359375,124.62119618929823,123.97507913480887,124.11068289684763,86856600
2013-03-27,124.58929443359375,124.6291807569221,123.64005592772537,123.84744776879697,99950600
2013-03-28,124.97216796875,125.11575628877137,124.2383059208524,124.50951342671966,102932800
2013-04-01,124.4775619506836,125.16356500841603,124.17444064073932,124.90830239549638,99194100
2013-04-02,125.0918197631836,125.40291357187594,124.73285506949624,124.92430209468979,101504300
2013-04-03,123.82345581054688,125.25927752331293,123.49641733642055,125.16356013299215,154167400
2013-04-04,124.32605743408203,124.57333559475973,123.71184214454284,123.98304966453793,131885000
2013-04-05,123.76761627197266,123.91917691069187,122.65884528063569,122.80242135631285,159666000
2013-04-08,124.60525512695312,124.61322752321864,123.44064017752981,123.85543604368574,86571200
2013-04-09,125.03598022460938,125.49066235870124,124.42176498388025,124.83656079841383,101922200
2013-04-10,126.5675277709961,126.72706088748234,125.33910938529581,125.37101113995443,135711100
2013-04-11,126.9822769165039,127.3970726041144,126.46377926409275,126.59141057898708,110142500
2013-04-12,126.67120361328125,126.86263844489021,125.96924343979755,126.5754740258827,116359900
2013-04-15,123.73575592041016,126.13677349004105,123.71981113060454,126.03307149832814,217259000
2013-04-16,125.56240844726562,125.62622410290197,124.36589229016553,124.66900143994849,147507800
2013-04-17,123.72775268554688,124.69294777839777,123.06567892578161,124.66900625646636,226834800
2013-04-18,122.95401763916016,123.96707154039468,122.48339080366456,123.93515762215465,167583200
2013-04-19,124.02294158935547,124.07878487801638,122.9380992887762,123.2412207492843,149687600
2013-04-22,124.57332611083984,124.86846296768321,123.44062522686175,124.26223229180076,106553500
2013-04-23,125.85755920410156,125.97720596448367,124.57329789909673,125.19548539626994,166141300
2013-04-24,125.93734741210938,126.27237055423669,125.66612776902043,125.8974610965144,96781200
2013-04-25,126.44784545898438,127.04610360646232,126.1128223569879,126.30425717436123,131060600
2013-04-26,126.22454833984375,126.51171285492372,125.81772484338157,126.29633642571422,95918800
2013-04-29,127.07006072998047,127.34924062352944,126.36810045528209,126.56751988135814,88572800
2013-04-30,127.37313079833984,127.4050447127883,126.51962224652092,127.0460922905917,116010700
2013-05-01,126.2564468383789,127.15782668747066,126.11287067034544,127.09401100003429,138874200
2013-05-02,127.42897033691406,127.54064469103423,126.45580289175615,126.57544963845928,96407600
2013-05-03,128.72119140625,129.12801464877657,127.45288732781073,128.53772902189735,144202300
2013-05-06,129.04823303222656,129.2316954037671,128.7610687164463,128.8169119699876,66882100
2013-05-07,129.70237731933594,129.74225146042832,128.96053085247405,129.3274678889551,90359200
2013-05-08,130.2926788330078,130.33256515423605,129.4870286992215,129.5588167744745,97419200
2013-05-09,129.92576599121094,130.5798554682116,129.59871516691186,130.23685985121318,106738600
2013-05-10,130.3485107421875,130.46018512892348,129.63059353751743,130.01348758197958,103203000
2013-05-13,130.45223999023438,130.66761643389017,129.87792309315046,130.18103242213385,81843200
2013-05-14,131.80027770996094,131.89600730683068,130.5559024950117,130.5559024950117,119000900
2013-05-15,132.51022338867188,132.77345850567798,131.54504013124594,131.58492645290076,120718500
2013-05-16,131.8880157470703,132.70165033354684,131.68859634059237,132.23899584992665,109913600
2013-05-17,133.16433715820312,133.2440976372086,132.19914164093547,132.37463173498412,129801000
2013-05-20,133.15631103515625,133.67480875906975,132.90106054175993,133.03666426818828,85071200
2013-05-21,133.3477783203125,133.850319161218,132.81333572722684,133.27599024921045,95804200
2013-05-22,132.35867309570312,134.86339310241303,131.75244234222276,133.48340172834725,244031800
2013-05-23,131.97572326660156,132.3426602257428,130.77123477555244,130.9467247771081,211064400
2013-05-24,131.86407470703125,131.919917978262,130.80316209798883,131.19402848182347,151573900
2013-05-28,132.65380859375,133.83436822308104,132.2629421252759,133.24408232261743,143679800
2013-05-29,131.79232788085938,132.2549824682283,131.09036751773445,131.95186100749757,160363400
2013-05-30,132.27890014648438,132.88513084280945,131.79231624167204,131.8960182420473,107793800
2013-05-31,130.38035583496094,132.6617134625412,130.12510542117047,131.91189483247362,176850100
2013-06-03,131.0983123779297,131.18605739674368,129.75023534869374,130.68351663702776,168390700
2013-06-04,130.46815490722656,131.6965853082807,129.80608099500037,131.17011513640037,157631500
2013-06-05,128.6414794921875,130.3564815906289,128.52980510677637,130.09324650253228,211737800
2013-06-06,129.80612182617188,129.81410639503002,127.82788403357515,128.58567560756674,200225500
2013-06-07,131.45729064941406,131.5769374387384,130.13314271344305,130.69949924996908,188337800
2013-06-10,131.45729064941406,131.9358899783075,131.11428290069085,131.8641019047129,105667100
2013-06-11,130.10122680664062,131.2498723739831,129.81406237190632,130.2607598989164,159505400
2013-06-12,129.0243377685547,131.13020591667697,128.904691010204,130.99460220001524,177361500
2013-06-13,130.98666381835938,131.21798500176598,128.6654187308837,128.9525831970827,163587800
2013-06-14,130.16497802734375,131.3535216048868,129.94961391648704,130.8430086116878,141197500
2013-06-17,131.17010498046875,131.79229252757403,130.1969373459514,131.05044603889058,136295600
2013-06-18,132.20709228515625,132.4065116888961,131.23392462117815,131.24189701555372,114695600
2013-06-19,130.38035583496094,132.32669044792186,130.32452475165272,132.09536938006207,206149500
2013-06-20,127.14981842041016,130.39637244838724,126.81479525251105,129.11211088564284,321255900
2013-06-21,127.55799865722656,128.11129833699835,126.27495617903132,128.01507443373367,271956800
2013-06-24,125.94615936279297,127.04475624320597,124.87963303418833,126.22682869410939,222329000
2013-06-25,127.1570053100586,128.3839085951524,126.23481502495171,127.08482517164462,162262200
2013-06-26,128.41603088378906,128.70471484578036,127.70234167719953,128.19951485329543,134848000
2013-06-27,129.16978454589844,129.76319371543048,129.06553384741375,129.1858259385878,129483700
2013-06-28,128.64056396484375,129.4264211180211,128.1915027344567,128.8089680442393,160402900
2013-07-01,129.39431762695312,130.29243985914096,129.16978706890617,129.31412289793735,131954800
2013-07-02,129.27403259277344,130.1480988184549,128.70467940595506,129.20185244515054,154863700
2013-07-03,129.3302001953125,129.72313489897923,128.480189670157,128.68867889308154,75216400
2013-07-05,130.72544860839844,130.77356054286673,129.34618271899498,130.28440214911322,122416900
2013-07-08,131.47125244140625,131.82408972793098,130.77360468414122,131.39908451534427,108092500
2013-07-09,132.41749572753906,132.57787297126393,131.72786256712266,132.29720361774588,119298000
2013-07-10,132.465576171875,132.91463724190118,132.01651510184882,132.28915757493667,121410100
2013-07-11,134.26988220214844,134.4062034741626,132.45758382313733,134.00525423788577,135592200
2013-07-12,134.32603454589844,134.662830500773,134.02132138825115,134.22981062622057,104212700
2013-07-15,134.83920288085938,135.03166289013652,134.46230967685693,134.69486705089986,69450600
2013-07-16,134.33404541015625,135.00763723991193,133.97319351821577,134.92744249236935,88702100
2013-07-17,134.67881774902344,135.10382287138808,134.50239914321205,134.84722177675144,92873900
2013-07-18,135.41659545898438,135.73736219982524,134.87932493357596,134.9675342578072,103620100
2013-07-19,135.65716552734375,135.705277478786,134.96753233933856,135.13593640538627,103831700
2013-07-22,135.92178344726562,136.11424347480545,135.52884881287142,135.8496155254378,79428600
2013-07-23,135.63311767578125,136.18642962250908,135.5609497442952,136.16237364534706,80829700
2013-07-24,135.1359405517578,136.2104816202709,134.86328575855282,136.1543428511992,112914000
2013-07-25,135.46469116210938,135.58498326399567,134.67081957525326,134.8953501489094,111088600
2013-07-26,135.60902404785156,135.64912141065577,134.3340086682596,134.89533503952677,107814600
2013-07-29,135.1920166015625,135.56890974001837,134.80710888594643,135.26418450399132,79695000
2013-07-30,135.1920166015625,135.74532832550815,134.87126221121505,135.60099252065052,85209600
2013-07-31,135.28826904296875,136.20243262543573,135.11185043617712,135.4727022278883,142388700
2013-08-01,136.85198974609375,136.9722696168495,136.24253910493374,136.31471926338625,110438400
2013-08-02,137.08447265625,137.1005140437325,136.36276928745286,136.5472024175244,91116700
2013-08-05,136.8841094970703,137.0926109959831,136.60345228576966,136.77987098361737,54072700
2013-08-06,136.10623168945312,136.9161570216227,135.80151857386485,136.61944625023372,87495000
2013-08-07,135.66510009765625,135.8655746011007,135.15991266945122,135.67312690882932,84854700
2013-08-08,136.162353515625,136.4670665932966,135.46469357306378,136.3066893572591,102181300
2013-08-09,135.76942443847656,136.40293106532772,135.29630729022017,135.98594044578007,91757700
2013-08-12,135.60902404785156,135.76940126307116,135.0236417061013,135.0877950393886,68593300
2013-08-13,136.00994873046875,136.24249381529376,135.04767337630443,135.8495715441072,80806000
2013-08-14,135.31231689453125,136.16232709298225,135.28023411195022,135.94581113654777,79829200
2013-08-15,133.41983032226562,134.26181366802288,133.1872729853264,134.2457845134722,152931800
2013-08-16,132.97885131835938,133.62037266973894,132.71422330206522,133.1632845772303,130868200
2013-08-19,132.12876892089844,133.28350427862458,132.12074210791718,132.82641643452655,96437600
2013-08-20,132.7783203125,133.27549333672852,132.20095256488122,132.34528838378748,89294400
2013-08-21,131.96038818359375,133.13917971611838,131.66368971486224,132.4094492938893,159530500
2013-08-22,133.16323852539062,133.35569853504668,132.2250189208133,132.23303349938314,101471400
2013-08-23,133.6123504638672,133.7807545658674,132.93074394625322,133.55622392053544,90888900
2013-08-26,133.1151580810547,134.15762863370887,133.0269487519224,133.74865254591336,89702100
2013-08-27,130.97409057617188,133.11515821896404,130.87786666647358,131.80004509708417,158619400
2013-08-28,131.4391632080078,131.90426572542398,130.74953012852836,130.91792193207687,108113000
2013-08-29,131.6476287841797,132.3452763172794,131.0301637311628,131.15045580528064,119200500
2013-08-30,131.23065185546875,131.93632627474508,130.8457440976803,131.92028488267144,134928900
2013-09-03,131.82406616210938,132.7783271338926,131.2707543558823,132.4976578236043,142375100
2013-09-04,132.91464233398438,133.13917287759944,131.61557101221197,131.8561307118017,97389400
2013-09-05,133.0830535888672,133.4358785794302,132.89860816116658,132.99484428222704,63090500
2013-09-06,133.14720153808594,133.9009879725176,131.896242023922,133.52409475530177,159756500
2013-09-09,134.42227172851562,134.50245425019241,133.47602497911356,133.47602497911356,87559300
2013-09-10,135.41659545898438,135.44065143504744,134.9274368857021,135.2321622305009,105847200
2013-09-11,135.8416290283203,135.8416290283203,134.99964521842784,135.23219044755947,94545900
2013-09-12,135.48074340820312,135.9699019619923,135.29631018706937,135.79348332056017,83209000
2013-09-13,135.7854461669922,135.88969686577974,135.3123290872599,135.625068947625,72727800
2013-09-16,136.5713348388672,137.3171068243979,136.3548188126163,137.2529534745458,106299200
2013-09-17,137.1807861328125,137.21285668987593,136.69162754459236,136.69162754459236,82523300
2013-09-18,138.76844787597656,139.14534090542816,136.7877588866431,137.13256914474147,203460600
2013-09-19,138.53599548339844,139.20959959583092,138.39967419193033,139.1454462405516,146616900
2013-09-20,137.56739807128906,138.86474807876078,137.4545855617542,138.86474807876078,132867100
2013-09-23,136.93081665039062,137.51099883946577,136.49568615640555,137.38207902739327,104616500
2013-09-24,136.60845947265625,137.4142664711598,136.3506076268674,136.90660412749807,106333100
2013-09-25,136.213623046875,136.97108366745204,136.09275690343833,136.69711221190212,117306500
2013-09-26,136.73744201660156,137.12422607587607,136.22172583902102,136.439297251707,77146900
2013-09-27,136.10890197753906,136.29423419739675,135.75434482953827,136.05248956961051,99141800
2013-09-30,135.38363647460938,135.81071322250722,134.69064192781744,134.95655972671153,143937000
2013-10-01,136.4553985595703,136.58433067222114,135.35144654714986,135.48843230597524,127160000
2013-10-02,136.32643127441406,136.45536335380012,135.2385991306487,135.6576222408335,113350000
2013-10-03,135.0693817138672,136.13305298420312,134.44085316162887,136.01217454222467,176698000
2013-10-04,136.0927734375,136.22975918191753,134.99687518651817,135.17415374885655,96878000
2013-10-07,134.9163055419922,135.73823240156005,134.771266135056,134.90825189571012,96295000
2013-10-08,133.344970703125,135.06939760235707,133.24827777468045,134.89211903644744,178015000
2013-10-09,133.4416961669922,133.92517317818826,132.57947643877793,133.6028551707242,168973000
2013-10-10,136.31837463378906,136.39089431598467,134.75510701860603,134.8034534734031,195955000
2013-10-11,137.1967315673828,137.24509032847007,135.9960866900252,136.1088992079442,105040000
2013-10-14,137.7447052001953,137.85751773313032,136.24590309369086,136.35066197986046,112106000
2013-10-15,136.7454833984375,137.91390141363706,136.56015117977225,137.3981852823111,155485000
2013-10-16,138.6552276611328,138.7277473460735,137.50291716374628,137.56738320446246,161676000
2013-10-17,139.5819091796875,139.66249480929125,138.06698787175057,138.09116110150356,129389000
2013-10-18,140.524658203125,140.62135109198235,139.8155442298059,140.09758154982245,138316000
2013-10-21,140.53273010253906,140.8147674591963,140.21846587728828,140.57302291000988,104104000
2013-10-22,141.34666442871094,141.76567538069563,140.55696440517178,140.943760770203,126663000
2013-10-23,140.66973876953125,140.9275906247398,140.17819599066178,140.86312458702778,105484000
2013-10-24,141.1371307373047,141.3144093107033,140.62141460441123,140.95179851807615,70350000
2013-10-25,141.78175354003906,141.82204635324476,141.15322500007932,141.42719645685352,93625000
2013-10-28,142.00733947753906,142.20073755034454,141.5802628254426,141.73336809612564,84979000
2013-10-29,142.76487731933594,142.82128973202904,142.12829496485455,142.32974678908383,87401000
2013-10-30,142.0557098388672,143.03879535711312,141.5480597926929,142.9340488087236,140002000
2013-10-31,141.65281677246094,142.53920945111736,141.44331136461483,141.94290780405396,133795000
2013-11-01,141.99127197265625,142.31358988866052,141.19351853143115,141.8381666590801,142805000
2013-11-04,142.49087524414062,142.5472753490999,141.80593427033165,142.37806273858112,85677000
2013-11-05,142.0396270751953,142.42641105706866,141.4755645400381,141.93486821308,85825000
2013-11-06,142.76487731933594,143.03079520279582,142.25721478767218,142.65206478959328,87348000
2013-11-07,140.95977783203125,143.14351967336341,140.82279215130356,143.03070721302083,157000000
2013-11-08,142.8615264892578,142.8776460730375,140.89536761552864,140.91147490366853,136713000
2013-11-11,142.88572692871094,143.05493954132263,142.55534305275714,142.72455566536883,62614000
2013-11-12,142.5956573486328,142.91797533258756,142.1202217231816,142.5795377607422,83990000
2013-11-13,143.7398681640625,143.78014868079342,141.89456309997814,141.89456309997814,103844000
2013-11-14,144.45706176757812,144.57792793064394,143.63513497180398,143.86881365227862,103435000
2013-11-15,145.0856170654297,145.14201718667618,144.5054347848243,144.69076703412634,102818000
2013-11-18,144.57791137695312,145.44818453831022,144.25559344858715,145.32731838908316,104796000
2013-11-19,144.26364135742188,144.94051635746246,144.01384312852406,144.50538594190505,93891000
2013-11-20,143.8123779296875,144.988849277677,143.41752806871065,144.55371890274753,124909000
2013-11-21,144.97276306152344,145.08557556739376,144.12666311967556,144.21530239540516,92841000
2013-11-22,145.69796752929688,145.71408711272045,144.8599336258643,145.02914621707342,81296000
2013-11-25,145.5529327392578,145.98806314025146,145.34341503508614,145.95583626803113,79486000
2013-11-26,145.59323120117188,146.0283739514403,145.3756721216791,145.62547037300584,86994000
2013-11-27,145.9477996826172,146.0445049100082,145.5690693057453,145.74634787771268,58800000
2013-11-29,145.85110473632812,146.45546014269414,145.68994575375896,146.10896894495255,55870900
2013-12-02,145.4723663330078,146.1975878623499,145.24674131073954,145.92361637754436,99726000
2013-12-03,144.84381103515625,145.35952703324722,144.37644149069266,144.99691633540252,116563000
2013-12-04,144.8276824951172,145.43203771936143,143.7156772435419,144.32003246778618,123033000
2013-12-05,144.1910858154297,144.83573378186966,144.05410012060224,144.56981603462677,106934000
2013-12-06,145.802734375,145.93972010251483,145.16613989906853,145.58516302158694,127728000
2013-12-09,146.17337036132812,146.3909416724942,145.97998456974747,146.22978274763105,70124000
2013-12-10,145.6495819091797,146.14112455848564,145.56094266764464,145.83491403397616,80976000
2013-12-11,144.0138397216797,145.73021270570257,143.83656118362848,145.70603947739014,130591000
2013-12-12,143.5383758544922,144.12661140290868,143.2402189636757,143.9493329150621,115565000
2013-12-13,143.52230834960938,143.96550473003217,143.24833687649019,143.83657263833808,107808000
2013-12-16,144.41673278808594,144.8921559712951,144.15886864392147,144.19916145340207,96195000
2013-12-17,143.95745849609375,144.56987986765552,143.63514051837691,144.54570663410888,89886000
2013-12-18,146.41519165039062,146.43936488701033,142.88576385182665,144.17504822223995,234906000
2013-12-19,146.24591064453125,146.41512322178596,145.61738219487955,145.99610015680534,136531200
2013-12-20,147.09661865234375,147.44500328563038,146.2945465112687,146.3917643799095,197087000
2013-12-23,147.8825225830078,147.9716430993791,147.5098457781072,147.8177065381563,85598000
2013-12-24,148.20652770996094,148.27134372737623,147.88245998527572,147.8905573515559,45368800
2013-12-26,148.9600067138672,149.04102982820234,148.5225140386754,148.5387087716292,63365000
2013-12-27,148.95191955566406,149.21926865403114,148.79798304531232,149.15446499299165,61814000
2013-12-30,148.92762756347656,149.08966145442898,148.7331794768976,148.96812676441957,56857000
2013-12-31,149.63250732421875,149.63250732421875,149.01676112616758,149.1301984678259,86119900
2014-01-02,148.19845581054688,149.1301723133106,147.84197383469942,149.05724655469206,119636900
2014-01-03,148.17417907714844,148.74941371172457,147.96353621672114,148.44963797826006,81390600
2014-01-06,147.74478149414062,148.71699736559427,147.51793153621463,148.66029105731053,108028200
2014-01-07,148.6521453857422,148.90329975255247,148.22275004331314,148.33617499485302,86144200
2014-01-08,148.6846160888672,148.9357705511326,148.17419743174892,148.62789741034416,96582300
2014-01-09,148.78182983398438,149.17882348538907,148.10127988505937,149.16261638306318,90683400
2014-01-10,149.1868896484375,149.25170568178598,148.27138017568237,149.03295311453414,102026400
2014-01-13,147.20196533203125,149.21931054218263,146.9183966952136,148.8061221845073,149892000
2014-01-14,148.80615234375,148.88717550280379,147.41263807233395,147.68809703327938,105016100
2014-01-15,149.60818481445312,149.83503474562457,148.83851452209328,149.15448495211024,98525800
2014-01-16,149.4137725830078,149.60822072599845,148.93576813918583,149.30034759019586,72290600
2014-01-17,148.78182983398438,149.43807531061898,148.52257800875446,149.15451901309868,107848700
2014-01-21,149.21925354003906,149.69727011913346,148.3037566624733,149.64055146847826,88621200
2014-01-22,149.31655883789062,149.53531145952826,149.00058832325732,149.47049541006535,61270900
2014-01-23,148.09312438964844,148.58733577749584,147.30725942444167,148.56303131271588,132496900
2014-01-24,144.93338012695312,147.17758653057334,144.88477121088167,147.12897761450188,208677100
2014-01-27,144.22047424316406,145.44385681285388,143.49941285328634,145.0711677028252,180843100
2014-01-28,145.07928466796875,145.26562305107743,144.30960194174656,144.32580904187628,110463200
2014-01-29,143.685791015625,144.65800699978388,143.30500446444992,143.87212942500952,216597300
2014-01-30,145.20892333984375,145.67883040579392,144.42304577328534,144.88485546931108,118938100
2014-01-31,144.35818481445312,145.2574870921497,143.33736021371362,143.41027360753938,194677900
2014-02-03,141.109375,144.51213638599648,140.83391613081236,144.18806858252796,254837100
2014-02-04,142.0978240966797,142.46240353346562,141.06079209931698,141.7413420296369,165012400
2014-02-05,141.91954040527344,142.2355108038337,140.73668193369616,141.60357000671317,164230500
2014-02-06,143.79112243652344,143.79112243652344,141.96011525452423,142.25178131879295,132877600
2014-02-07,145.5734405517578,145.72737705129146,143.9935887241074,144.46349558917115,170787200
2014-02-10,145.84083557128906,145.88945686843468,145.1926999580803,145.58968116681152,92218800
2014-02-11,147.43695068359375,147.80963992844954,145.8651952654438,145.96242553415348,117814100
2014-02-12,147.50979614257812,148.12552981788477,147.21813022008712,147.65562292262746,94717700
2014-02-13,148.27134704589844,148.4252835454062,146.50515689076894,146.51325425723036,100542200
2014-02-14,149.0896759033203,149.3651347808746,147.99592539920312,148.1336548379803,96498400
2014-02-18,149.26792907714844,149.4704745675776,148.78991232431488,149.2193077750331,80460900
2014-02-19,148.2794952392578,149.84314037694602,148.15796053646054,148.87902193510337,126524300
2014-02-20,149.1544647216797,149.49473957228398,147.93919209992475,148.4820123874882,104998100
2014-02-21,148.98431396484375,149.7944956737966,148.91140057801204,149.43801374387465,118116400
2014-02-24,149.81076049804688,150.81537829234057,149.23552582357502,149.30034186875469,114063900
2014-02-25,149.75401306152344,150.3616494606869,149.2598016290414,149.93225406093626,117085000
2014-02-26,149.76214599609375,150.36978248940375,149.34084789926126,149.97278886331196,98677200
2014-02-27,150.54803466796875,150.58853388060575,149.37326080396693,149.54340447415106,93880800
2014-02-28,150.9287567138672,151.6255135315786,149.924139229534,150.52366582827665,150842000
2014-03-03,149.86744689941406,150.24823338775485,148.87092660726864,149.6000853844687,167748500
2014-03-04,151.973876953125,152.2979446715008,151.30142469322374,151.3338265201049,167545900
2014-03-05,152.11163330078125,152.37089741132786,151.86857628774212,152.10353593322412,88376900
2014-03-06,152.4600830078125,152.80846778807745,152.13601506736097,152.4843998476259,82516500
2014-03-07,152.5248260498047,153.09196321768718,151.85237365101298,153.09196321768718,114513500
2014-03-10,152.44384765625,152.50055396764373,151.56884961523474,152.28991109870154,74939200
2014-03-11,151.69039916992188,152.88947764246902,151.34202678238884,152.67072500239104,99009100
2014-03-12,151.73086547851562,151.78758414555313,150.61281049881393,150.95309777624945,104824400
2014-03-13,150.02947998046875,152.30610152925843,149.60819428869675,152.18456682546682,155014300
2014-03-14,149.60818481445312,150.53179163776375,149.42994381676212,149.7621213454039,153919600
2014-03-17,150.9612579345703,151.31774009737947,150.29690256526234,150.36171862780947,98359500
2014-03-18,152.03872680664062,152.24127226630128,151.1070102747654,151.26905653240894,101804600
2014-03-19,151.2285919189453,152.26562400537685,150.26447325365405,152.054968749997,176267300
2014-03-20,152.11163330078125,152.22505825854708,150.628999119875,150.89636059797874,117241000
2014-03-21,151.521728515625,153.81653190550435,151.383391153513,152.75051097272984,163128000
2014-03-24,150.8950653076172,152.22963968747018,150.23592364051524,152.0424664998827,121411000
2014-03-25,151.6112060546875,152.12387741615595,150.7649034490005,151.660029533502,103852000
2014-03-26,150.520751953125,152.44935359020155,150.48006158765565,152.20522381434162,119843000
2014-03-27,150.203369140625,150.8218204046986,149.65000755322882,150.34170643323534,142383000
2014-03-28,150.94390869140625,151.70069733435002,150.54516297881761,150.63467681564543,101642000
2014-03-31,152.1808319091797,152.416828609481,150.96834081210383,151.90415725506446,99745000
2014-04-01,153.1898651123047,153.27937894317867,152.1726681328073,152.67719386121232,89193000
2014-04-02,153.7025909423828,153.9060304105226,153.10040564658362,153.38522586876317,78774000
2014-04-03,153.49911499023438,153.97922904085934,153.02713404629642,153.9385386735108,77435000
2014-04-04,151.6843719482422,154.36977380834713,151.4402546657391,154.3372289763308,169381000
2014-04-07,150.0081024169922,151.57051582531005,149.6988829118913,151.31825290656013,140803000
2014-04-08,150.6265106201172,150.8706279242422,149.3977289102387,149.9429449177069,112660000
2014-04-09,152.24594116210938,152.29476464254302,150.59401385032615,151.0334500081458,100254000
2014-04-10,149.04786682128906,152.31103080501325,148.8606936056731,152.23779559035867,172959000
2014-04-11,147.70513916015625,149.25941917363315,147.54239012172462,148.21781042732383,167251000
2014-04-14,148.86880493164062,149.21871471035846,147.6481686333057,148.86065940946747,132382000
2014-04-15,149.89414978027344,149.99994224335333,147.70513981533435,149.1780515246067,157093000
2014-04-16,151.46475219726562,151.47288530563895,150.26038164220893,150.9276690376019,105197000
2014-04-17,151.67626953125,152.09942693478808,151.00084927345333,151.26125765007822,105255000
2014-04-21,152.2051544189453,152.25399028541636,151.52974681131093,151.7169075067897,68329000
2014-04-22,152.8969268798828,153.31193881811336,152.2784755258018,152.35984384196806,85790000
2014-04-23,152.5388641357422,152.9213312123795,152.41680545892427,152.83996290015287,73869000
2014-04-24,152.84808349609375,153.30378574152382,152.11569424426264,153.2875071136285,88170000
2014-04-25,151.59487915039062,152.4411939035435,151.25310249056298,152.35168008190143,100380000
2014-04-28,152.0750274658203,152.7341691489963,150.51261433093316,152.21336477070057,135121000
2014-04-29,152.78298950195312,153.01897374265013,152.23777339962396,152.56327147305893,84098000
2014-04-30,153.23876953125,153.39338554052463,152.31921900259252,152.5308040329523,101508000
2014-05-01,153.25497436523438,153.66998628214427,152.76671482549432,153.16546053018055,93019000
2014-05-02,153.03530883789062,153.91416886079074,152.8074576190232,153.23874831309084,98122000
2014-05-05,153.3282012939453,153.43399375246767,151.86343517075403,152.2865925878882,75883000
2014-05-06,151.99368286132812,153.09226087235527,151.96113801236797,152.98646838355685,85454000
2014-05-07,152.88876342773438,152.96199862283513,151.3670284556791,152.5062964084917,106500000
2014-05-08,152.7260284423828,153.84088485656233,152.23778130687074,152.75045259526684,93618000
2014-05-09,152.9539337158203,153.0190234180733,152.03438335526212,152.75049424964087,83679000
2014-05-12,154.44309997558594,154.5163476204394,152.98647885842803,153.63748763483454,86940000
2014-05-13,154.58140563964844,154.95572719784522,154.4267897024539,154.64649532345615,66454000
2014-05-14,153.8490753173828,154.51636279338862,153.62935719516616,154.4431151413425,72367000
2014-05-15,152.49807739257812,153.5722427375283,151.74942234168014,153.53968549964907,154956000
2014-05-16,153.02711486816406,153.09221696437143,151.9448158005078,152.58767882300322,97458000
2014-05-19,153.58860778808594,153.71066645645118,152.59582256219832,152.734159858664,63839000
2014-05-20,152.62025451660156,153.5316591396947,152.2296543091269,153.51538050943756,111644000
2014-05-21,153.906005859375,153.97924107615248,153.0352791144948,153.05969085342065,89093000
2014-05-22,154.2802734375,154.59763834935004,153.6862339700789,153.94662989974776,61549000
2014-05-23,154.89871215820312,155.0044921671841,154.28024864284632,154.41858589839944,61092800
2014-05-27,155.85084533691406,155.89966880191193,155.38699758552542,155.47651141033967,72010000
2014-05-28,155.73696899414062,156.09502440654688,155.47656054258755,155.85089458745549,66723000
2014-05-29,156.54254150390625,156.56695323792064,155.69623908517897,156.09498476900586,64377000
2014-05-30,156.79483032226562,156.89248969144475,156.265892775121,156.3960969893883,76316000
2014-06-02,156.97384643554688,157.0470940612684,156.2170577777276,157.0145368016241,64656000
2014-06-03,156.89247131347656,156.9738396251444,156.44490213995806,156.59137255113365,65047000
2014-06-04,157.20980834960938,157.2993221684052,156.4611529637503,156.62390197511903,55529000
2014-06-05,158.23513793945312,158.39788695045462,156.81106236352113,157.38883563207312,92103000
2014-06-06,158.99200439453125,159.03268235133714,158.50374474327307,158.5769799658742,78696000
2014-06-09,159.1547393798828,159.5372065088782,158.82109572829833,158.96757857748858,65119000
2014-06-10,159.17098999023438,159.20353483045977,158.61762837075932,158.95940506942534,57129000
2014-06-11,158.6175994873047,158.7803484927067,158.2595442252483,158.60132086167852,68772000
2014-06-12,157.49464416503906,158.51998671213835,157.14473434890292,158.43047287734328,106350000
2014-06-13,157.9747314453125,158.1293473413623,157.29931129869922,157.8038369241646,82017000
2014-06-16,158.10501098632812,158.43865469286104,157.59235197212553,157.77951280534364,87424000
2014-06-17,158.54440307617188,158.65832864951395,157.71436680356177,157.885261372053,84834000
2014-06-18,159.70806884765625,159.79758268411314,158.19447915108483,158.54440139067302,105267000
2014-06-19,159.88706970214844,159.98472904541995,159.33372056374375,159.84637934386478,85929000
2014-06-20,160.21173095703125,160.3425590847571,160.01548876544248,160.28531710020567,100587000
2014-06-23,160.16265869140625,160.30165888556718,159.86830166951967,160.2526014613287,70611000
2014-06-24,159.19784545898438,160.66963083212752,159.0179598869081,159.87650239427978,96237000
2014-06-25,159.91734313964844,160.08087202961417,158.8298579305172,158.86255871792852,82782000
2014-06-26,159.80287170410156,159.95822851636223,158.73174312666816,159.94187188442567,84312000
2014-06-27,160.1136016845703,160.16265910893665,159.35317417752432,159.42676031407385,71445100
2014-06-30,160.03179931640625,160.39974240277934,159.8764425190268,160.0154426860365,70201200
2014-07-01,161.10302734375,161.5936267463789,160.36714071626773,160.4243702432465,90470000
2014-07-02,161.26646423339844,161.4708784550265,161.045705857087,161.11929198252415,52475000
2014-07-03,162.05960083007812,162.13318695933793,161.60171494607775,161.72435849484407,52938800
2014-07-07,161.49542236328125,161.8797221342282,161.25830733351543,161.748906502179,61696000
2014-07-08,160.45704650878906,161.25834703686934,160.06456208664272,161.20110504663452,108143000
2014-07-09,161.17657470703125,161.32375948296877,160.51427440645756,160.85768891503434,72992000
2014-07-10,160.53875732421875,160.96394241773632,159.49215746052516,159.6229855626005,99040000
2014-07-11,160.75955200195312,160.8740234891133,160.08089515791195,160.44066625368862,64243000
2014-07-14,161.5690155029297,161.7816018147117,161.43818739885396,161.5771875807639,58658000
2014-07-15,161.26646423339844,161.97783420865275,160.55510673459807,161.66712059931285,111307000
2014-07-16,161.86338806152344,162.10867518468064,161.4218462869287,161.98603162310204,79986400
2014-07-17,160.0236358642578,161.97783533758397,159.794680456101,161.3645926684257,145398000
2014-07-18,161.658935546875,161.82246441576146,160.45697902205734,160.54692177141285,124330000
2014-07-21,161.3564453125,161.48727343976287,160.61237437470638,161.15203104232307,67592000
2014-07-22,162.05960083007812,162.3539578235719,161.78977254633764,161.90424401733773,67678000
2014-07-23,162.41937255859375,162.59108600404383,161.97784330472226,162.30490108711192,65612000
2014-07-24,162.42755126953125,162.76279361986664,162.2640223716583,162.5747360111355,56888000
2014-07-25,161.66712951660156,162.10865877003243,161.34824381233076,161.96965858883283,76837000
2014-07-28,161.7325439453125,161.9696589663929,160.76770227600386,161.69983068115712,69259000
2014-07-29,161.03753662109375,162.2640220675247,161.01300791028154,162.03507911564066,80466000
2014-07-30,161.0620574951172,161.82248492266098,160.39158530478142,161.60988613735938,104222000
2014-07-31,157.8813934326172,160.0808928465753,157.78327858116978,159.94189264820605,183479000
2014-08-01,157.39894104003906,158.42918416259616,156.638526170725,157.44799845400084,189261000
2014-08-04,158.53549194335938,158.87073425846435,157.03100627870552,157.70147843246164,91340000
2014-08-05,156.9983367919922,158.29842107562465,156.42597931176957,157.88959252168598,152690000
2014-08-06,157.04737854003906,157.71785076052473,156.23789365685684,156.26242236757858,94818000
2014-08-07,156.19703674316406,157.91412166494467,155.80456482372696,157.7587648177936,135733000
2014-08-08,158.0040283203125,158.11031523633244,156.13158697949297,156.54859999522847,117014000
2014-08-11,158.46188354492188,159.16506886184726,158.3882974304238,158.60088369779115,74544000
2014-08-12,158.24114990234375,158.74809322325737,157.75873529202562,158.3065639560834,73632000
2014-08-13,159.312255859375,159.4921413624585,158.59272632349422,158.86254210166624,69047000
2014-08-14,160.06454467773438,160.06454467773438,159.42677315668448,159.57395791809583,57371000
2014-08-15,160.03179931640625,160.79221419648042,158.8789001661777,160.6450419525125,139951000
2014-08-18,161.37274169921875,161.4463278146595,160.82491315685053,160.91485590120664,75424000
2014-08-19,162.21499633789062,162.33763991591258,161.4382245653506,161.76528242438084,59135000
2014-08-20,162.64834594726562,162.84458813930624,161.9615169898089,161.99421778358717,72763000
2014-08-21,163.1226043701172,163.3351907414305,162.65653379750262,162.7873619382146,67791000
2014-08-22,162.86915588378906,163.27798452450284,162.50121260243864,162.9917994854192,76107000
2014-08-25,163.69488525390625,164.01377089981412,162.83634313755357,163.6458278432208,63855000
2014-08-26,163.8011932373047,164.20184957304812,163.76030790076712,163.8011932373047,47298000
2014-08-27,163.73580932617188,163.99746554700212,163.48233766002713,163.88298159304742,47874000
2014-08-28,163.64585876464844,163.75215815885414,163.0326160623012,163.19614495430284,58330000
2014-08-29,164.1119384765625,164.12828263316752,163.38422426106558,163.899339676143,65907000
2014-09-02,164.03012084960938,164.34900648253233,163.4168782881074,164.32447777818842,72426000
2014-09-03,163.94020080566406,164.6842715443179,163.71125788245573,164.659742836578,57462000
2014-09-04,163.70309448242188,164.82328045009893,163.25338068926362,164.21820984871746,85236000
2014-09-05,164.43902587890625,164.50443994646744,163.049011253489,163.67042618063405,102177000
2014-09-08,164.01376342773438,164.52071909344397,163.53134894270184,164.28359165066405,64146000
2014-09-09,162.97543334960938,163.98114817676054,162.64019091507288,163.86667667185276,88591000
2014-09-10,163.58868408203125,163.6949710353968,162.52572721316358,163.06537148994718,67251000
2014-09-11,163.7766571044922,163.8011858100119,162.81181560705713,162.93447161110825,66774400
2014-09-12,162.82003784179688,163.6295102641915,162.353967376153,163.61316610769742,117409300
2014-09-15,162.69740295410156,162.97541584455217,162.20681618995812,162.84458771686445,76401000
2014-09-16,163.9238739013672,164.21823092407925,162.30491651467878,162.39485928485348,116201000
2014-09-17,164.14468383789062,164.9050990495353,163.32702663321868,164.16104047539253,151266000
2014-09-18,165.01951599121094,165.04404469926882,164.43080204491403,164.64338834023368,94990000
2014-09-19,164.87086486816406,165.8566373529881,164.53405540429287,165.54448379590644,121649000
2014-09-22,163.59754943847656,164.60797770517428,163.25252973818064,164.58333433620854,125553000
2014-09-23,162.66104125976562,163.68788994021284,162.611754528668,163.00606091222303,111393000
2014-09-24,163.93435668945312,164.0411529767406,162.25854494810054,162.6857050276994,107276000
2014-09-25,161.2891845703125,163.51539818553277,161.2316875581392,163.50717537324027,150300000
2014-09-26,162.57073974609375,162.97326909404813,161.3549539569697,161.584967145864,103547000
2014-09-29,162.27493286132812,162.56245548398402,161.0509373492041,161.17415416761492,95112000
2014-09-30,161.84786987304688,162.89936246962003,161.51106032115598,162.3982595497859,131302000
2014-10-01,159.65447998046875,161.6424580462418,159.29302714400507,161.5849484882693,177798000
2014-10-02,159.67910766601562,160.2377074240187,158.01150613551536,159.5148018221079,157285000
2014-10-03,161.43707275390625,161.78209246427897,160.25414086989917,160.74702079838477,121569000
2014-10-06,161.24815368652344,162.32430201467963,160.6649104485573,162.11070939110465,104778000
2014-10-07,158.75897216796875,160.77981532496287,158.72611853462232,160.41836268429964,147913000
2014-10-08,161.53561401367188,161.76562710804325,158.01968524568244,158.84937444075254,186461000
2014-10-09,158.33187866210938,161.50278833760757,158.2004390040593,161.280985481495,210705000
2014-10-10,156.524658203125,159.0794592931816,156.48359426650035,158.2908461952564,221909000
2014-10-13,153.953369140625,157.0256923137955,153.86300595701567,156.45888238181726,230939000
2014-10-14,154.19161987304688,155.93316403572277,153.64944067519184,154.78308580983855,215847000
2014-10-15,153.14834594726562,154.18341765817033,149.44347963772088,152.10507649247734,380715000
2014-10-16,153.01695251464844,154.09308839063436,150.24034847325868,150.37999844989707,270391000
2014-10-17,154.82418823242188,155.8756806219776,154.12592588766123,154.78311176482805,214625000
2014-10-20,156.32752990722656,156.450746801407,154.49563438332038,154.54492114099256,130011000
2014-10-21,159.42442321777344,159.53120695586858,157.2967832458834,157.461076526223,154949000
2014-10-22,158.29083251953125,160.11451738624524,158.2251126779189,159.7037777772516,151822000
2014-10-23,160.1309051513672,161.17418705428872,159.58051569220675,159.8762486515083,154944000
2014-10-24,161.3631591796875,161.41245846271576,159.76950000223232,160.39381970469586,117927000
2014-10-27,161.141357421875,161.37958086650323,160.21308194619033,160.7881148597562,82954000
2014-10-28,162.98968505859375,162.9978953377704,161.6095935354976,161.6835361871969,106736000
2014-10-29,162.7432098388672,163.57289914004178,161.66707432369984,163.1046626147532,142557000
2014-10-30,163.78643798828125,164.25467435999357,162.15990103028008,162.3077737240852,113330000
2014-10-31,165.65945434570312,165.79089399103194,164.92833855387656,165.7580278123125,146903000
2014-11-03,165.74986267089844,166.30846251349826,165.3719767213684,165.87307953771372,93600000
2014-11-04,165.17478942871094,165.61017229825384,164.34508761202454,165.30621654298392,93343000
2014-11-05,166.21804809570312,166.4234178336492,165.486932330006,166.38234137910518,91709000
2014-11-06,166.88345336914062,166.97381656027878,165.64302459513033,166.25913384340643,107089000
2014-11-07,167.03952026367188,167.25311280471678,166.4398441629601,166.8998703517129,89540000
2014-11-10,167.56524658203125,167.6145333057819,166.86699710427698,167.0723668097527,66319000
2014-11-11,167.72958374023438,167.8363800261612,167.29420085345245,167.63101026693292,54499400
2014-11-12,167.54885864257812,167.77887175469928,167.0148897835455,167.0477559622911,90120300
2014-11-13,167.73779296875,168.26353900840627,166.9327470875082,167.71314960242034,85357900
2014-11-14,167.77890014648438,167.98426992668655,167.3517274939264,167.66389357096222,80417500
2014-11-17,167.8856964111328,168.0582125546518,167.29423039732146,167.4585362615405,80441000
2014-11-18,168.85504150390625,169.1589847777636,167.94319914755718,167.94319914755718,76068100
2014-11-19,168.58392333984375,168.85501291716375,167.82816415524326,168.65785344235604,82373000
2014-11-20,168.87962341308594,168.98641967466628,167.72954550272698,167.79526531487085,72840300
2014-11-21,169.7832794189453,170.7361980993706,169.2082466065422,170.57190480079473,142327300
2014-11-24,170.25975036621094,170.36654665821467,169.97224020779666,170.18582025702807,65880800
2014-11-25,170.13653564453125,170.69513541170875,169.8818791309782,170.4897656382271,79108300
2014-11-26,170.5718994140625,170.67047288313998,170.07079672162726,170.28437674955342,62167800
2014-11-28,170.21051025390625,170.76089988655596,169.9722867696887,170.44874627290326,57890100
2014-12-01,169.0275421142578,169.6682948360523,168.71538856695847,169.5532882586732,103968400
2014-12-02,170.12008666992188,170.3254564242295,169.04395116291388,169.0685945306488,74507200
2014-12-03,170.77723693847656,170.99081692609974,170.1282741648857,170.29256742727065,68952000
2014-12-04,170.5883026123047,171.08940521693367,169.79967739354814,170.48971662572725,91316600
2014-12-05,170.86761474609375,171.25371083988844,170.4979517403766,170.76081847574991,91025500
2014-12-08,169.72579956054688,170.96622850516556,169.16718724719559,170.4733485596189,108588200
2014-12-09,169.6107635498047,169.7175598267876,167.50777939699023,167.88565270285022,125180100
2014-12-10,166.89170837402344,169.20827307631345,166.70275914306686,169.1507760534663,159856400
2014-12-11,167.73779296875,169.38075090952267,167.34348657270138,167.48313649349413,159012800
2014-12-12,165.02688598632812,167.433825539449,164.99403234756608,166.46447397653924,202330200
2014-12-15,163.8932647705078,166.37413476931656,163.29358863222393,165.92231882892145,189965800
2014-12-16,162.5789031982422,166.2673356886068,162.53782674348534,163.12929259461615,259543800
2014-12-17,165.76629638671875,166.21811249219832,162.89111894156747,163.0143483529413,253910100
2014-12-18,169.86544799804688,174.95040565365042,167.51601726093492,168.18963614241468,257633900
2014-12-19,170.5882110595703,171.2572795838031,169.83653619241267,170.5138603093546,245084600
2014-12-22,171.3729705810547,171.3729705810547,170.5387017330833,170.77824003067204,148318900
2014-12-23,171.60418701171875,172.00066969086888,171.31507744328104,171.95111093146977,122167900
2014-12-24,171.6207275390625,172.0915484032343,171.57942436754888,171.82723079267222,42963400
2014-12-26,172.17416381835938,172.5128321970742,172.01721932071302,172.06677808755734,57326700
2014-12-29,172.4054412841797,172.61194454246333,171.92635221248656,171.99243476761237,79643900
2014-12-30,171.48031616210938,172.1163371429564,171.40596540775925,171.98418463246966,73540800
2014-12-31,169.77870178222656,171.9676437341075,169.65480487723386,171.80244365946461,130333800
2015-01-02,169.68783569335938,170.88556456408185,168.65531949719002,170.47255808561408,121465900
2015-01-05,166.62332153320312,168.81225065477216,166.31770079651972,168.6470505972124,169632600
2015-01-06,165.05392456054688,167.44935723130908,164.26094653071848,166.9289650053605,209151400
2015-01-07,167.11070251464844,167.44937089898684,165.92950987204858,166.37555138501293,125346700
2015-01-08,170.0760955810547,170.29086705779733,168.4984201081495,168.5149312956221,147217800
2015-01-09,168.71315002441406,170.5055966664213,168.10189588592164,170.4890728778248,158567300
2015-01-12,167.39154052734375,169.0022760675028,166.78855452639888,168.84533157044453,144396100
2015-01-13,166.92068481445312,169.72912357347792,165.62383853897953,168.60574554907672,214553300
2015-01-14,165.91299438476562,166.11124206931527,164.0214299016989,164.91351297227266,192991100
2015-01-15,164.3931427001953,166.86291398308043,164.277501361906,166.54903755284403,176613900
2015-01-16,166.54896545410156,166.7059099032591,164.004844509121,164.18656833404498,211879600
2015-01-20,166.90419006347656,167.44936168573867,165.3430259480595,167.18503146744484,130991100
2015-01-21,167.7467498779297,168.22583901130292,165.9790822636024,166.44164760507718,122942700
2015-01-22,170.24127197265625,170.3734244640465,167.12719965980176,168.49838416512793,174356000
2015-01-23,169.30792236328125,170.2413212891238,169.17575722964745,169.98524661622298,117516800
2015-01-26,169.70437622070312,169.79523815908667,168.3827629216211,169.09313463881273,92009700
2015-01-27,167.4658966064453,168.60578608771726,166.63988352531175,167.6558760859974,134044600
2015-01-28,165.31825256347656,168.74620170511815,165.12827308965936,168.64708417164115,168514300
2015-01-29,166.84642028808594,167.10248237800533,164.11230585336608,165.5165384563441,173585400
2015-01-30,164.748291015625,166.99504739330268,164.48397340858196,165.67343415017112,197729700
2015-02-02,166.78851318359375,166.8793751012651,163.43490302874275,165.24387318713673,163107000
2015-02-03,169.20046997070312,169.20873816577404,167.3089060809817,167.6806093444516,124212900
2015-02-04,168.5562286376953,169.64657196321926,168.101918918727,168.4405873095906,134306700
2015-02-05,170.25778198242188,170.40647086465165,169.14267208350574,169.21701022264207,97953200
2015-02-06,169.7869873046875,171.18295139519486,169.26659504269838,170.62125595934074,125672000
2015-02-09,169.02703857421875,169.86130713891177,168.622287680321,169.1426798861956,87219000
2015-02-10,170.82772827148438,171.08379025750745,169.068316736097,170.05954231341522,96164200
2015-02-11,170.92681884765625,171.35634902319828,170.01821235026344,170.66250131159907,91087800
2015-02-12,172.5706024169922,172.62842936615894,170.95987988674725,171.7198101932229,97545900
2015-02-13,173.28097534179688,173.33053409635758,172.43843870239692,172.69451327422047,93670400
2015-02-17,173.55357360839844,173.72704186582325,172.7193051039149,172.96709889458353,76968200
2015-02-18,173.5701141357422,173.64445228011232,172.91755681349412,173.18188702097638,80652900
2015-02-19,173.44619750976562,173.80964522816615,172.83495598696246,172.9753766774431,91462500
2015-02-20,174.48703002929688,174.56136819112083,172.41372886493664,173.03323875472503,140896400
2015-02-23,174.4622344970703,174.4622344970703,173.85923585195994,174.23920742827661,74411100
2015-02-24,174.95785522460938,175.15610293156425,174.09053883712855,174.3879040955802,72472300
2015-02-25,174.80914306640625,175.31301152317158,174.4704746962613,174.83392244920137,73061700
2015-02-26,174.60264587402344,174.87523169819997,173.99964726116664,174.71828719907174,72697900
2015-02-27,174.00790405273438,174.76783451094943,173.95834528867053,174.50350429733115,108076000
2015-03-02,175.10655212402344,175.1643664970403,174.05751177508782,174.10707055309138,87491400
2015-03-03,174.3878631591797,175.15606181483415,173.52881517195365,174.67697275512717,110325800
2015-03-04,173.6527099609375,173.86748140808916,172.68627626062957,173.7931306588669,114497200
2015-03-05,173.84268188476562,174.12352324808586,173.338813507535,173.9748343708267,76873000
2015-03-06,171.39768981933594,173.41316346565193,171.06728967572505,172.98363319579175,188128000
2015-03-09,172.10809326171875,172.46327285150772,171.43902465475077,171.59596916334027,89818900
2015-03-10,169.3161163330078,170.8277214133803,169.27481316828494,170.74512768789077,157121300
2015-03-11,168.91966247558594,169.74567549502646,168.83705613205854,169.57220721520224,110145700
2015-03-12,171.0673370361328,171.13340699998056,169.497904409586,169.54746318445234,93993500
2015-03-13,170.0182647705078,171.75288458432593,168.98574847515465,170.7947190412468,162410900
2015-03-16,172.28982543945312,172.38068739069163,170.04306864879194,170.74518487235875,136099200
2015-03-17,171.77767944335938,172.1576383881858,170.96817757941653,171.55465239072544,94510400
2015-03-18,173.84268188476562,174.51175032254008,170.67078274412282,171.30681621137117,228808500
2015-03-19,173.04971313476562,173.85094670509045,172.6614860397028,173.4296846377479,117917300
2015-03-20,174.57720947265625,175.08332706439776,173.813886863184,173.9964219067773,177715100
2015-03-23,174.23699951171875,175.15796701554652,174.23699951171875,174.5854719915161,71784500
2015-03-24,173.2579345703125,174.56884923633177,173.19155706085837,174.1125244316846,77805300
2015-03-25,170.71910095214844,173.69773415857858,170.6776260721813,173.46541912579568,159521700
2015-03-26,170.3125457763672,171.22520830472868,169.35838305008411,170.05534076691788,153067200
2015-03-27,170.70249938964844,170.87672931710654,170.0055416991604,170.19638183333447,118939000
2015-03-30,172.7851104736328,173.08380312779929,171.71480251466664,171.73138740751446,96180400
2015-03-31,171.27496337890625,172.66057350740502,171.2168909627428,171.96361589192352,126768700
2015-04-01,170.6693115234375,171.26669662045506,169.6819663586385,171.24180662976426,137303600
2015-04-02,171.2833251953125,171.73135776912642,170.42042982765565,170.60296489926685,86900900
2015-04-06,172.4365997314453,172.95100982101852,170.26278918753715,170.39553160211617,114368200
2015-04-07,171.980224609375,173.20817713321736,171.94704217801407,172.46145215552548,81236300
2015-04-08,172.56101989746094,173.0007599290921,171.81429488606952,172.20425493830373,89351900
2015-04-09,173.32435607910156,173.5566711080269,171.90557591389464,172.3950959634002,85548900
2015-04-10,174.2701873779297,174.3116749111512,173.37412249347702,173.57324239659198,72722900
2015-04-13,173.48196411132812,174.75970915796123,173.4321841386416,174.1291290766868,74436600
2015-04-14,173.8138885498047,173.99642359516923,172.6606058505757,173.28288096153133,75099900
2015-04-15,174.59376525878906,175.09988276617088,174.19551280288417,174.27848786713062,99529300
2015-04-16,174.5440216064453,175.05013921914878,174.0627939861519,174.2619265856519,68934900
2015-04-17,172.53610229492188,173.5981172194862,171.75618231527255,173.35750980416844,191113200
2015-04-20,174.1125946044922,174.4444696253035,173.37416192199962,173.4571243470922,92189500
2015-04-21,173.9051513671875,174.95056896762836,173.60645881560166,174.79292391814982,72559800
2015-04-22,174.75973510742188,174.94227014118775,173.3243448273341,174.24531243943684,78264600
2015-04-23,175.19949340820312,175.84665853711883,174.24533060310532,174.36148812213582,102585900
2015-04-24,175.60604858398438,175.87155873444283,175.1580160303617,175.6143536888242,61327400
2015-04-27,174.87591552734375,176.2946957863419,174.685075365081,176.17024581984043,79358100
2015-04-28,175.4318389892578,175.48161898319196,173.6811707946478,174.8510512929891,86863500
2015-04-29,174.70994567871094,175.30731806756097,173.9051356170558,174.54399554046685,125684900
2015-04-30,172.95925903320312,174.52739144939122,172.2623014458399,174.1374314558223,161304900
2015-05-01,174.83441162109375,174.87589915945125,173.63964141362536,173.73920137750798,103399700
2015-05-04,175.33221435546875,175.91300183759805,175.14967933819705,175.25753173188116,70927200
2015-05-05,173.32435607910156,175.44839909533542,173.183308572984,175.09162144791608,113326200
2015-05-06,172.61077880859375,174.17891126928984,171.54876384368936,173.8719263269991,135060200
2015-05-07,173.2994384765625,173.7225935877157,172.1793510498914,172.51122599256044,88244900
2015-05-08,175.5811309814453,175.78026356297747,174.884185936411,174.96716101043745,155877300
2015-05-11,174.74314880371094,175.80516398110535,174.66847882878935,175.53966651686653,75708100
2015-05-12,174.2204132080078,174.75972583742453,173.09202063195485,173.91342824033026,119727600
2015-05-13,174.2535858154297,175.24922321636745,174.02127084388474,174.6269482582543,94667900
2015-05-14,176.07069396972656,176.1619615027784,174.9920811228103,175.26588372196588,95934000
2015-05-15,176.26148986816406,176.40253736481634,175.7802622947641,176.26148986816406,76510100
2015-05-18,176.8091278076172,177.05802775369216,176.02920754932617,176.0955850883532,74549700
2015-05-19,176.75103759765625,177.19908280806544,176.46894256012197,176.92528021508664,72114600
2015-05-20,176.62660217285156,177.37332737139639,176.3113120106909,176.85061213628197,76857500
2015-05-21,177.14100646972656,177.34843153585038,176.31959865019664,176.48554883127272,64764600
2015-05-22,176.7178497314453,177.1741747121736,176.65147219637822,176.7593246131695,57433500
2015-05-26,174.81781005859375,176.65145286603982,174.4029600049852,176.22829770881899,124308600
2015-05-27,176.4772186279297,176.70953365613138,174.86759831808982,175.27415594755252,93214000
2015-05-28,176.2781524658203,176.38600490881416,175.58949961493994,176.1702873626031,74974600
2015-05-29,175.18292236328125,176.25323018911732,174.91742484828134,176.21175530193312,124919600
2015-06-01,175.5396728515625,176.17853287368334,174.75144755376922,175.84665786635355,93338800
2015-06-02,175.36541748046875,176.0540700977669,174.46104739012816,175.0833224787473,91531000
2015-06-03,175.83006286621094,176.45233800913786,175.34054279222792,175.89644040068288,87820900
2015-06-04,174.34486389160156,175.78024133719322,174.02957384242922,175.12478391204863,151882800
2015-06-05,174.0462188720703,174.7182740253216,173.3907486078771,174.19555883491697,121704700
2015-06-08,172.9758758544922,174.08768362665737,172.90120588284333,173.93833102314068,89063300
2015-06-09,172.95098876953125,173.49030144767775,172.32042123131572,172.95098876953125,105034700
2015-06-10,175.02523803710938,175.40690566336218,173.65623790120128,173.71431032637201,134551300
2015-06-11,175.58944702148438,175.971102001252,175.23266937321156,175.46498440269264,73876400
2015-06-12,174.2453155517578,175.46497572633368,173.97151299621842,174.7680306723529,135382400
2015-06-15,173.4985809326172,173.78067591599498,172.40337077095992,173.1086208896227,124384200
2015-06-16,174.44448852539062,174.5274636196936,173.17504807593085,173.34927804965645,85308200
2015-06-17,174.72654724121094,175.33223745113244,173.7060196267391,174.72654724121094,126708600
2015-06-18,176.5435791015625,177.00820911307417,174.75972902303343,175.32391899123522,165867900
2015-06-19,175.7598876953125,176.3768569276957,175.38470903205058,176.30182373940372,130478700
2015-06-22,176.6603240966797,177.24393676409846,176.45189009247287,176.6770023791208,70696000
2015-06-23,176.78538513183594,177.1188871824413,176.39354089530357,176.8687638249379,68476800
2015-06-24,175.50143432617188,176.89377196974425,175.47642326301445,176.51859330058082,92307300
2015-06-25,174.96783447265625,176.12672698393885,174.89280128717357,176.00167167480106,97107400
2015-06-26,174.93446350097656,175.56809817200963,174.384194782506,175.3263076494394,104174800
2015-06-29,171.26608276367188,174.94286233194813,171.1910495614959,173.45881296493582,202621300
2015-06-30,171.62451171875,172.8501043067933,171.14927622788505,172.80006947475638,182925100
2015-07-01,173.0001983642578,173.44207737125143,172.21648458678231,173.19195405817197,135979900
2015-07-02,172.84181213378906,173.6422043099479,172.4249441241193,173.47545965044043,104373700
2015-07-06,172.34991455078125,173.12528295856598,171.35776663146783,171.55786786015534,117975400
2015-07-07,173.43374633789062,173.55880163478903,170.17383589953536,172.54998831500768,173820200
2015-07-08,170.5239715576172,172.38319871395632,170.2905265658705,172.09973161280647,164020100
2015-07-09,170.83251953125,172.87518312654962,170.72414249051633,172.61671425266942,144113100
2015-07-10,172.98353576660156,173.4004037522597,170.87418477691543,172.82512389656327,129456900
2015-07-13,174.89279174804688,175.0011687694546,174.20078939102447,174.24247873239707,106069400
2015-07-14,175.65151977539062,175.96001079082825,174.79277258894697,174.85114022385267,81709600
2015-07-15,175.59312438964844,176.1517259350618,175.11788880399487,175.69316863008046,97914100
2015-07-16,177.0021514892578,177.0021514892578,176.401860564588,176.6436384017293,106683300
2015-07-17,177.15223693847656,177.21060456995625,176.58530251623148,176.99382504937782,89030000
2015-07-20,177.24392700195312,177.7358281715561,176.92711598383323,177.3773278105306,70446800
2015-07-21,176.54359436035156,177.36899756318357,176.24344889766735,177.11052872219872,77965000
2015-07-22,176.22674560546875,176.56024758434305,175.82655595261932,175.85989978960689,88667900
2015-07-23,175.23464965820312,176.4602427588005,174.87614923703148,176.36019849648346,90509100
2015-07-24,173.41708374023438,175.39303394072115,173.08359443714681,175.3346790374915,117755000
2015-07-27,172.40826416015625,173.04191167062774,171.96638509196006,172.53333219491864,132361100
2015-07-28,174.5259246826172,174.66765824861352,172.41657402795545,173.24196436651047,123544800
2015-07-29,175.72654724121094,175.95164681042806,174.50928703541234,174.65102063440906,105791300
2015-07-30,175.76821899414062,175.9349636396938,174.6009810316665,175.21795021419427,91304400
2015-07-31,175.50143432617188,176.29348101036186,175.21796712918638,176.26846994720444,103266900
2015-08-03,174.9094696044922,175.52643882350162,173.9590110746571,175.4680839189179,113965700
2015-08-04,174.5676727294922,175.29301908230389,174.0841042536832,174.83446167232952,81820800
2015-08-05,175.14291381835938,176.1767382349005,174.85943393213935,175.4597248225571,85786800
2015-08-06,173.7088623046875,175.43468882799883,173.1252370562084,175.32629910097288,116030800
2015-08-07,173.3753662109375,173.70052268121708,172.47492997282495,173.55045633576466,117858000
2015-08-10,175.5597686767578,175.64313463087947,174.48424227765,174.48424227765,80270700
2015-08-11,173.9756622314453,174.64265347090495,173.2169595375375,174.22578553646764,126081400
2015-08-12,174.18409729003906,174.36752020008473,171.21599961373644,172.6750373934088,172123700
2015-08-13,173.96734619140625,174.7093706772288,173.42541019141387,174.02570109250638,89383300
2015-08-14,174.60093688964844,174.6759700529076,173.63380037942687,173.7755339284045,72786500
2015-08-17,175.57647705078125,175.57647705078125,173.55050449419164,174.00906187998444,79072600
2015-08-18,175.06784057617188,175.65145309465998,174.83439556877664,175.30128558356714,71692700
2015-08-19,173.6838836669922,175.09288677233275,172.87515875699717,174.3258512052676,172946000
2015-08-20,170.05712890625,173.65886172552786,169.99876128116887,172.1748126984539,194327900
2015-08-21,164.93798828125,170.0321155609395,164.67953216633668,168.18955347177467,346588500
2015-08-24,157.99298095703125,164.64619105211446,152.07344993271698,156.31717608187415,507244300
2015-08-25,156.13372802734375,162.95368169086757,155.84191536900306,162.93700341049941,369833100
2015-08-26,162.12832641601562,162.4034481318135,157.05086393563715,160.1440304415734,339257000
2015-08-27,166.13861083984375,166.26366617713524,162.75364401124043,164.26270444964496,274143900
2015-08-28,166.14694213867188,166.61383235613175,165.01306044406743,165.49662894695211,160414400
2015-08-31,164.8045654296875,166.02182537926092,164.2542967104913,165.17141124248494,163298800
2015-09-01,159.88560485839844,162.38681361831334,159.01851203075014,161.01114116727678,256000400
2015-09-02,162.9203338623047,162.96202320130396,160.42745896303018,162.26167538279665,160269300
2015-09-03,163.03707885742188,165.12141887676555,162.54517766608922,163.62902429870644,152087800
2015-09-04,160.56922912597656,161.62807751318965,159.75217132697426,160.78600864944872,207081000
2015-09-08,164.60450744628906,164.75458655536866,162.72026849359887,163.36224883448918,116025700
2015-09-09,162.4034423828125,166.30533377944414,162.0366092008,166.18027845850835,149347700
2015-09-10,163.28721618652344,164.42943054395593,161.95323337119268,162.2116895202348,158611100
2015-09-11,164.0291748046875,164.09587519080304,162.18661321341497,162.89529368431928,119691200
2015-09-14,163.42059326171875,164.25432928458272,162.9370248418414,164.20430715869924,79452000
2015-09-15,165.46327209472656,165.90515121022568,163.37893184357856,163.92085522015572,113806200
2015-09-16,166.89724731445312,167.0890157322511,165.42154392267057,165.76337869686665,99581600
2015-09-17,166.5221405029297,169.15675015129406,166.14696172836398,166.7639311437827,276046600
2015-09-18,163.80087280273438,166.50783687324343,163.39022645170527,164.01877931187536,223657500
2015-09-21,164.6473388671875,165.66977312973452,163.5997507243054,164.63057387627785,105726200
2015-09-22,162.51025390625,162.97119523935484,161.37885361480554,162.4851128142571,153890900
2015-09-23,162.25039672851562,163.14712519772604,161.67212624126188,162.67780792921184,92790600
2015-09-24,161.6637725830078,162.12471385357648,159.70269094597663,161.03521979257943,159378800
2015-09-25,161.62185668945312,163.4237026548314,160.75025644738236,163.121996846105,155054800
2015-09-28,157.56564331054688,160.8341262073183,157.25556129169289,160.7251729410433,178515900
2015-09-29,157.6577911376953,159.01547380900044,156.6604853688763,157.78350936374622,159045600
2015-09-30,160.59945678710938,160.76706833242253,158.76408031426854,159.54347975454826,163452000
2015-10-01,161.01844787597656,161.3201536899569,159.08250756457684,160.97654180415807,131079000
2015-10-02,163.42379760742188,163.44893870709512,158.49593746434803,159.0406911291397,211003300
2015-10-05,166.33181762695312,166.5581001942391,164.53834765158405,164.64730088545105,126320800
2015-10-06,165.76199340820312,166.75929955888773,165.09992320074306,166.1977937404232,110274500
2015-10-07,167.11962890625,167.4716169552266,165.50214631315984,166.69220479911124,124307300
2015-10-08,168.62814331054688,168.91308416476795,166.4323902644095,166.73409610650796,153055200
2015-10-09,168.7286834716797,169.20637686021877,168.1001307897503,168.77058954139574,107069200
2015-10-12,168.88795471191406,169.08908342854323,168.3767312439153,168.80414255469205,56395600
2015-10-13,167.8235626220703,169.42427982155294,167.65595113459193,168.15878559702708,88038700
2015-10-14,167.01907348632812,168.34322648356653,166.72575646799194,167.7649557607535,99106200
2015-10-15,169.5835723876953,169.59194848911545,167.31239568460623,167.68114875415054,134142200
2015-10-16,170.35459899902344,170.37135120218616,169.22319867641423,169.98584592238217,114580100
2015-10-19,170.43833923339844,170.43833923339844,169.39914032851217,169.7092222226557,76523900
2015-10-20,170.2205047607422,170.8322926630684,169.7511873130431,170.00261102800798,78448500
2015-10-21,169.16453552246094,170.79038155042025,168.9969111921257,170.63953499864772,102038000
2015-10-22,172.02235412597656,172.23187176059804,169.1645433085749,170.1115543212638,174911700
2015-10-23,173.90797424316406,174.2767272443333,172.8939162778874,173.69008055517259,144442300
2015-10-26,173.48057556152344,173.7906575223188,173.1118225335832,173.7319992431136,69033000
2015-10-27,173.14537048339844,173.48059356835412,172.46652263626052,172.81013461050176,77905800
2015-10-28,175.1147918701172,175.13993295683485,172.81848736364915,173.48055729377796,135906700
2015-10-29,175.01425170898438,175.3830047490535,174.49465212776337,174.61198147797265,90525500
2015-10-30,174.25994873046875,175.5254430487926,174.10072611772168,175.20697224742298,131076900
2015-11-02,176.32156372070312,176.51431625859186,174.46104711900242,174.58676530383516,86270800
2015-11-03,176.83287048339844,177.38600006681244,175.7433763067183,175.9696589159223,95246100
2015-11-04,176.29644775390625,177.25184727022832,175.7600833375138,177.126141855424,96224500
2015-11-05,176.12049865722656,176.8160986601643,175.23214603282946,176.3551573584658,78408700
2015-11-06,176.02833557128906,176.26300709402958,174.70419533404373,175.77692463253484,110471500
2015-11-09,174.38572692871094,175.567409509571,173.43870308601487,175.41655015621294,131008700
2015-11-10,174.78793334960938,174.8214633216322,173.6397811726082,173.90795700910348,75874600
2015-11-11,174.10073852539062,175.10642038441057,174.03369136306415,175.05613820965038,67846000
2015-11-12,171.6703643798828,173.53088198042622,171.65361217659247,173.06156452946777,121315200
2015-11-13,169.7427978515625,171.5278921550629,169.65899847215078,171.2597162378276,153577100
2015-11-16,172.32408142089844,172.38275250408688,169.4411163645909,169.5584585309678,117645200
2015-11-17,172.19830322265625,173.5140669260381,171.7038448214845,172.6341033533533,121123700
2015-11-18,174.93040466308594,175.07287507507408,172.63410029724014,172.67599358057856,121342500
2015-11-19,174.7796173095703,175.1986525882852,174.48628749929313,174.81313450517308,88220500
2015-11-20,175.4165496826172,176.09538480104044,175.0394204821534,175.53387905138243,94011500
2015-11-23,175.21539306640625,175.97802744813458,174.75445176671988,175.4751928567913,64931200
2015-11-24,175.45005798339844,175.85232822831483,173.82419922577145,174.20970448066703,98874400
2015-11-25,175.42486572265625,175.7768536827793,175.16505321090983,175.5757122250218,51980100
2015-11-27,175.6260528564453,175.8271943811606,175.03940606095202,175.5170995987319,37317800
2015-11-30,174.89691162109375,175.9025935308499,174.78795837832422,175.78526418784404,112822700
2015-12-01,176.56463623046875,176.6819783432832,175.24887257205668,175.52543729239645,97858400
2015-12-02,174.76284790039062,176.83288314795413,174.51142418192845,176.51441225203928,108441300
2015-12-03,172.31564331054688,175.2824066907532,171.59490230582782,175.014230831383,166224200
2015-12-04,175.6763153076172,175.9696450663858,172.31565756611263,172.31565756611263,192913900
2015-12-07,174.61204528808594,175.76857422337835,173.64825625607335,175.34953884979325,102027100
2015-12-08,173.4386749267578,174.56168624677528,172.45813404692703,173.05316968576795,103372400
2015-12-09,172.0893096923828,174.88846073170043,171.11714531616187,172.80167438604735,162401500
2015-12-10,172.53353881835938,173.84092651795578,171.92175104363824,172.1564097185433,116128900
2015-12-11,169.18963623046875,171.08367050452372,168.87954152371802,170.42160059431686,211173300
2015-12-14,170.0444793701172,170.17019760312135,167.5721742429756,169.34889219017325,182385200
2015-12-15,171.82957458496094,172.7346921593939,170.01933943609507,171.55300981600035,154069600
2015-12-16,174.3437957763672,174.645501651764,171.6368317866301,172.95259575159645,197017000
2015-12-17,171.68711853027344,174.72092956664895,171.67035354010022,174.65388239389682,173092500
2015-12-18,168.6284942626953,171.08178369521318,168.46831115642496,170.94690416829022,251393500
2015-12-21,170.01953125,170.19657911718517,168.6874978631349,169.800340767622,99094300
2015-12-22,171.5623779296875,171.85745350417912,169.918416684498,170.9047934316117,111026200
2015-12-23,173.68687438964844,173.72902987741492,172.4728683806468,172.56560530811353,110987200
2015-12-24,173.40013122558594,173.94812654275768,173.18094081714233,173.4338607432184,48539600
2015-12-28,173.00399780273438,173.04614042610552,171.93331016970558,172.7089222548446,65899900
2015-12-29,174.8502655029297,175.17905768630865,174.0662275518134,174.09994421962654,92640700
2015-12-30,173.61093139648438,174.6900574939759,173.46761307717205,174.6057465465948,63317700
2015-12-31,171.87428283691406,173.57726411896667,171.87428283691406,172.9365444743356,114877900
2016-01-04,169.4715576171875,169.47998356786456,167.42291956654066,169.0247378144135,222353500
2016-01-05,169.75816345214844,170.21340912285035,168.65375950399786,169.7918801127749,110845800
2016-01-06,167.6168212890625,168.6622051229766,166.58828935540473,167.21214413008352,152112600
2016-01-07,163.59544372558594,166.45341046435007,163.2076312994672,164.67455717559412,213436100
2016-01-08,161.79969787597656,165.11292267031985,161.51306122906905,164.55650127523245,209817200
2016-01-11,161.95989990234375,163.0558780579135,160.02930242058451,162.71864708325168,187941300
2016-01-12,163.2666778564453,164.01699924906333,161.14216728137274,163.40157027544498,172330500
2016-01-13,159.19467163085938,164.2783112341863,158.81529803706786,163.93265430613445,221168900
2016-01-14,161.80813598632812,162.92940481013775,158.20828713856892,159.80166644313084,240795600
2016-01-15,158.334716796875,159.13561930320137,156.40411968734966,157.45794215989585,324846400
2016-01-19,158.5454864501953,160.27375793421498,156.97739804546177,160.14730437901238,195244400
2016-01-20,156.5137481689453,158.07341096946286,152.61039748829143,155.99105620650136,286547800
2016-01-21,157.39047241210938,159.2283323543087,155.6622012430965,156.98580824517373,195772900
2016-01-22,160.61944580078125,160.82177152815098,159.23683091955206,159.99557812528212,168319600
2016-01-25,158.19140625,160.3074772476961,157.99750650746512,160.11357750516123,130371700
2016-01-26,160.34962463378906,160.6278353098517,158.5117644188856,158.84898246402852,141036800
2016-01-27,158.6045379638672,161.4962213181551,157.70245954537472,159.82696974006484,185681700
2016-01-28,159.4307403564453,160.3496707280536,157.7867794017223,160.14734498842466,143798800
2016-01-29,163.31724548339844,163.45213789098824,160.07990488553142,160.19793252616049,210529300
2016-02-01,163.2582550048828,164.04230601094588,161.73232134987288,162.31403370765022,136061600
2016-02-02,160.31597900390625,161.84191255992488,159.79327407909,161.83348660747848,182564900
2016-02-03,161.27703857421875,161.6817029141604,157.7361966556225,161.369775492127,205054900
2016-02-04,161.52992248535156,162.49943406698162,160.1473078410555,160.77960135882586,139531800
2016-02-05,158.45274353027344,161.58892022049545,157.82045005021325,161.01564697331523,180788300
2016-02-08,156.3197784423828,156.90991633980562,154.11097108458256,156.61485382311488,191526700
2016-02-09,156.3282928466797,157.60131910006854,154.44827645822463,154.58316887226096,184513100
2016-02-10,156.19338989257812,158.7815717708362,156.06692344935064,157.1544756864922,148214100
2016-02-11,154.16165161132812,155.20704860463027,152.66943471812618,153.72325766393695,219058900
2016-02-12,157.33999633789062,157.35684824409887,155.08903191023703,155.9320903264691,127632400
2016-02-16,159.99562072753906,160.0209114501945,158.18305032896677,159.14413638202305,120250700
2016-02-17,162.60911560058594,162.98006337146887,161.03258757433346,161.15905405843492,136009500
2016-02-18,161.9430389404297,162.93785425898483,161.63111153758322,162.8788340130157,102343000
2016-02-19,161.86717224121094,162.01891654044448,160.56042947582927,161.16743240085756,114793000
2016-02-22,164.21087646484375,164.3541948162909,163.37624420918957,163.44369040940836,103640300
2016-02-23,162.13693237304688,163.8230484940775,162.01889189509143,163.55326373997096,111455300
2016-02-24,162.8788299560547,163.15704068573677,159.6077731227988,160.71217722714357,150812200
2016-02-25,164.85159301757812,164.86003183247877,162.5669125237012,163.32565975002663,110728300
2016-02-26,164.4722442626953,165.81270390168882,164.3120611239384,165.71997983614435,129833700
2016-02-29,163.18235778808594,165.43332184054452,162.9884579866063,164.48910068824537,125918100
2016-03-01,167.01821899414062,167.10252993879897,163.93262366187955,164.40473407826056,141799700
2016-03-02,167.7686004638672,167.81918190324672,166.29324844973772,166.7063516447515,102415000
2016-03-03,168.42613220214844,168.44299696468073,167.0182268357516,167.5915001214029,95172200
2016-03-04,168.97412109375,169.7497458306991,167.79384495325377,168.62003825160113,129293600
2016-03-07,169.10899353027344,169.51367061419285,167.97929894842989,168.05517107764842,100219000
2016-03-08,167.26275634765625,168.54420852554634,167.1025860814623,168.038381279782,123974900
2016-03-09,168.08897399902344,168.43461813774294,167.2880582940595,168.07210923048493,94801200
2016-03-10,168.2238311767578,169.51372208535355,166.40283520236756,168.57792694871588,156838700
2016-03-11,170.9384765625,170.98063204544795,168.20697621851687,169.67388925834564,137964500
2016-03-14,170.7192840576172,171.17452982159008,170.10385517875008,170.43264735941028,73612000
2016-03-15,170.44105529785156,170.74455672977479,169.49683433811077,169.75818029203575,93169100
2016-03-16,171.42739868164062,171.83207575554053,169.9183306270241,169.9604860968941,129303200
2016-03-17,172.51498413085938,173.02081127539734,170.94689554110465,171.34313387955126,134278500
2016-03-18,173.19287109375,173.53182837771635,172.70137398072472,173.01491011491316,138372400
2016-03-21,173.4386749267578,173.66747828660118,172.70143545996896,172.9302388198123,72926700
2016-03-22,173.34542846679688,173.913189128969,172.5065045158591,172.667500849292,97471900
2016-03-23,172.20140075683594,173.1504914593035,172.03190919106012,172.96406108126294,81052500
2016-03-24,172.12518310546875,172.15908660234746,170.955771071062,171.17609207919185,84360900
2016-03-28,172.2268524169922,172.75224015887895,171.7777281349806,172.54038859451902,62408200
2016-03-29,173.81997680664062,173.930143763803,171.515030627081,171.82009741350487,92922900
2016-03-30,174.5826873779297,175.30297513077699,174.21829586616255,174.8199601589143,86365300
2016-03-31,174.158935546875,174.91312658967516,173.9979262910424,174.48942346607075,94584100
2016-04-01,175.34532165527344,175.5317520880499,172.85394489943778,173.16749404386812,114423500
2016-04-04,174.777587890625,175.47246741634427,174.47252103818187,175.26908520458323,63497000
2016-04-05,173.03192138671875,174.78604597682616,172.7776968710869,173.43867285349214,99662200
2016-04-06,174.921630859375,174.98095551509184,172.8539571352317,173.03191817198646,91839800
2016-04-07,172.82852172851562,174.1928464631695,172.09975175353787,173.83693734939823,113859000
2016-04-08,173.2946014404297,174.4386052040037,172.7607312933758,174.00641968290486,95040600
2016-04-11,172.88783264160156,174.6250180994244,172.79461743370686,173.93013874413782,83757500
2016-04-12,174.49790954589844,174.7775551858431,172.61666646292107,173.05732137408188,115350600
2016-04-13,176.26048278808594,176.34522857696777,175.2774885307814,175.41307662083554,96336400
2016-04-14,176.26901245117188,176.76899208786213,175.92158563093162,176.31986770012065,65212900
2016-04-15,176.07408142089844,176.40456936338802,175.75206288653632,176.26898125098356,75761600
2016-04-18,177.31129455566406,177.34518511746666,175.41309983487633,176.07407569837335,82531000
2016-04-19,177.87059020996094,178.12481470463754,177.0570873434698,177.73501501914237,88316100
2016-04-20,178.04006958007812,178.7349360253094,177.4384054150759,177.91295087628632,81100300
2016-04-21,177.08245849609375,178.16713729872484,176.81128233024035,178.056970365048,85695000
2016-04-22,177.08245849609375,177.35362173155588,176.18421007488905,176.7265494762046,99251700
2016-04-25,176.7774658203125,176.81983873027448,175.87073468263387,176.48086838097544,66166500
2016-04-26,177.04014587402344,177.5485948928953,176.56560035262072,177.14183050563952,75864200
2016-04-27,177.4044952392578,177.79429485484587,176.30286458015692,176.65877363671703,77329400
2016-04-28,175.79446411132812,177.75197092687552,175.37924322948243,176.65035289468423,97216200
2016-04-29,174.8453826904297,175.5233104687304,173.74375166699065,175.1758707044217,142424100
2016-05-02,176.2351531982422,176.413101344796,174.9132009593907,175.34537367427717,62188000
2016-05-03,174.7013397216797,175.24367940351192,173.95561781026115,175.00640660086017,106422100
2016-05-04,173.7267608642578,174.4385919831778,173.22679425067844,173.70982204814575,92243800
2016-05-05,173.69287109375,174.54874680549554,173.26916794192456,174.19283770960945,67619200
2016-05-06,174.3284149169922,174.37078781560305,172.76919051910093,172.92171743762816,89315000
2016-05-09,174.47250366210938,174.90467627236418,174.02337930329685,174.20134033716386,74374900
2016-05-10,176.641845703125,176.65879745012035,175.10804232510174,175.1758363826888,77472200
2016-05-11,174.98944091796875,176.71814447543505,174.98944091796875,176.18428717716878,81727000
2016-05-12,175.04025268554688,175.82834731079288,174.03183706537783,175.65885569735008,89586300
2016-05-13,173.51492309570312,175.29448163900955,173.1929174688306,174.74367267247877,96474600
2016-05-16,175.2266845703125,175.70123005894357,173.62508708098525,173.68441173226154,77486800
2016-05-17,173.5912322998047,175.2436724420577,173.06583146017744,174.95555732605408,114924900
2016-05-18,173.64202880859375,174.81992305361686,172.557349774201,173.24374681139082,120062100
2016-05-19,173.04037475585938,173.32848981268344,171.83705928583413,172.9217383836145,115430500
2016-05-20,174.13356018066406,174.650478644596,173.59968996682053,173.65053228615866,104990400
2016-05-23,173.89630126953125,174.4301585955466,173.70987079682823,174.15051288649207,58682600
2016-05-24,176.1503448486328,176.4638939748023,174.68433555844706,174.70975671321835,93537800
2016-05-25,177.34519958496094,177.76043335068047,176.1503535302454,176.82828119514468,76621400
2016-05-26,177.39602661132812,177.70957572593335,177.0824904271165,177.48077241103627,55280700
2016-05-27,178.1587677001953,178.1672371112262,177.50626099965686,177.55710332663935,64211200
2016-05-31,177.81979370117188,178.54009446656318,177.26050225489618,178.42992747340026,109879400
2016-06-01,178.18411254882812,178.36206061705306,177.01468780749235,177.20958762091732,69936200
2016-06-02,178.7264404296875,178.74337924339594,177.31127366150585,177.78581905318447,63044700
2016-06-03,178.192626953125,178.5400667002992,176.98931134792298,178.16720579410213,101757100
2016-06-06,179.09934997558594,179.45525911623767,178.3875187638868,178.54852805069498,64887000
2016-06-07,179.3790283203125,179.93831979656628,179.22650133427908,179.251922498618,60974800
2016-06-08,179.9636688232422,180.0907875243807,179.38743875534112,179.51454452608584,66170900
2016-06-09,179.7179718017578,179.83660819436378,178.9637805351063,179.23494389089262,73786900
2016-06-10,178.01467895507812,178.6841243604403,177.47232641451623,178.34516695298538,113829200
2016-06-13,176.641845703125,178.26886429403115,176.55711282893694,177.41298856148404,117751200
2016-06-14,176.29441833496094,176.8876131477305,175.34532732316208,176.26052776899468,125059300
2016-06-15,176.04869079589844,177.41301570387913,175.86226034161066,176.29443297815249,109124500
2016-06-16,176.57403564453125,176.74352723833687,174.21824731103703,176.0486479088348,149533100
2016-06-17,175.91650390625,176.49573076917162,175.26060396047285,176.47017740743334,117055700
2016-06-20,177.0493621826172,178.54854859459653,176.96417567156655,177.87562194878873,82789600
2016-06-21,177.5519256591797,177.96079231018012,176.98972589053128,177.43267234440304,72461700
2016-06-22,177.2622833251953,178.4548162778792,177.1174636831375,177.7307700581276,95560500
2016-06-23,179.5707244873047,179.62183119566257,178.2589379814508,178.71891135430852,102731400
2016-06-24,173.1225128173828,179.60481154104718,172.67956633100692,173.45471943275535,333444400
2016-06-27,170.02191162109375,171.72553793794785,169.2126787224782,171.71701148787568,230775800
2016-06-28,173.08847045898438,173.11402381972314,171.31669712780246,171.6233504543078,159382400
2016-06-29,176.03567504882812,176.26565519706816,174.38315577408886,174.48536917330665,137328600
2016-06-30,178.43780517578125,178.48891188233904,175.950512474756,176.5041987902838,165021900
2016-07-01,178.81268310546875,179.29822302506847,178.27603645699372,178.4378830968603,106055300
2016-07-05,177.5264129638672,178.09712631512292,176.93014625342386,177.98638642688363,109803700
2016-07-06,178.59112548828125,178.71037879424458,176.37640638023626,177.03230606185224,96021500
2016-07-07,178.4804229736328,179.43444962093204,177.71379627457281,178.77003634904318,85593800
2016-07-08,181.13807678222656,181.38510989572447,179.54519021349057,179.77518342317939,133971000
2016-07-11,181.7769775390625,182.34770396496492,181.393664101889,181.5981040006141,73633900
2016-07-12,183.0972137451172,183.3953535137022,181.8024542609601,182.7394538213966,101275600
2016-07-13,183.0717315673828,183.52319162266443,182.58620469558443,183.51467816794545,87324100
2016-07-14,184.09388732910156,184.56238724640937,183.70206048745473,184.33239401470564,91230900
2016-07-15,183.84686279296875,184.8519962300285,183.4039162455943,184.65608281389027,107155400
2016-07-18,184.3408966064453,184.50274319307965,183.7105501631425,183.96609672111055,58725900
2016-07-19,184.153564453125,184.18763127449685,183.67655096806322,183.92357116652641,54345700
2016-07-20,184.92007446289062,185.15858105458318,184.15344798925523,184.15344798925523,58159500
2016-07-21,184.22166442871094,185.03088445714766,183.77871787722287,184.8094176802233,67777300
2016-07-22,185.0479278564453,185.0990345753437,184.07686120445751,184.3409212505255,62787500
2016-07-25,184.5453338623047,184.89458041130248,183.96610709603976,184.84347369635424,55873100
2016-07-26,184.63047790527344,184.98823782523522,183.78717830974068,184.44307799515505,70080500
2016-07-27,184.43460083007812,185.07346074090879,183.6679611384984,185.00531412403691,84083900
2016-07-28,184.64755249023438,184.93716586113342,183.77869937989922,184.23867279264252,65035700
2016-07-29,184.94570922851562,185.30346927354668,184.10242233581388,184.3835222992612,79519400
2016-08-01,184.79238891601562,185.39716911154125,184.34092888353362,185.00534225200298,73311400
2016-08-02,183.60833740234375,184.69865725581784,182.77356410776096,184.5453241214279,92295500
2016-08-03,184.14492797851562,184.20456112734067,183.2505347272191,183.54866147843964,53993600
2016-08-04,184.3408966064453,184.65606332927777,182.50097698624077,184.25571008791,46585500
2016-08-05,185.84860229492188,185.89119555549402,184.34090225224605,184.34090225224605,71892200
2016-08-08,185.73788452148438,186.13823779474342,185.4738244896835,186.03601136483033,39906500
2016-08-09,185.84860229492188,186.34265552275468,185.52492210937768,185.806022031988,51251700
2016-08-10,185.38861083984375,186.0359841455934,185.03936433382066,185.95932408260404,57941100
2016-08-11,186.2489776611328,186.49601080319758,185.65271093524512,185.9167709854497,72504300
2016-08-12,186.08709716796875,186.30005044482607,185.68674396766605,185.9422775017856,61313500
2016-08-15,186.6237335205078,186.97298001947587,186.44486004381267,186.45337349587163,49813500
2016-08-16,185.66122436523438,186.2745179562473,185.66122436523438,186.20638433318723,53213600
2016-08-17,186.01046752929688,186.14676077773237,184.86052736442625,185.6953007652244,75134300
2016-08-18,186.42784118652344,186.46190799624154,185.87416779454654,185.984894674359,52989300
2016-08-19,186.1552276611328,186.33411412965725,185.47378758471052,185.95931428904322,75443000
2016-08-22,186.14669799804688,186.37669115250952,185.5504314842874,185.91670484358423,61368800
2016-08-23,186.5215606689453,187.05820721101114,186.46192749865375,186.76006735483244,53399200
2016-08-24,185.56753540039062,186.47045543237448,185.15014219795066,186.37675544805694,71728900
2016-08-25,185.43972778320312,185.85712092302123,185.03086109372353,185.18418122816422,69224800
2016-08-26,185.09048461914062,186.64930433578445,184.20460460957435,185.627131094704,122506300
2016-08-29,186.00193786621094,186.26599788851843,185.18419144450021,185.21827125245898,70502200
2016-08-30,185.69528198242188,186.1978486628494,185.14160858841032,185.91674874049886,58114500
2016-08-31,185.16714477539062,185.4823114783603,184.3919916975407,185.36305815850932,85269500
2016-09-01,185.17567443847656,185.46528781237726,184.01720794523555,185.1586345348241,97844200
2016-09-02,186.01046752929688,186.43637418242812,185.43975417381776,186.0275074347612,79293900
2016-09-06,186.57264709472656,186.64930716450087,185.57602719474625,186.29154717458266,56702100
2016-09-07,186.55564880371094,186.73453533739107,185.95086856596222,186.4108420848466,76554900
2016-09-08,186.12965393066406,186.4959402793945,185.82300073079193,186.2233538805593,74102900
2016-09-09,181.6747283935547,184.86902807179513,181.64917503593986,184.81792135656548,221589100
2016-09-12,184.28126525878906,184.68161850409962,180.8484590897426,180.91660570571437,168110900
2016-09-13,181.6321258544922,183.26760564649985,181.010305854894,183.0035456328748,182828800
2016-09-14,181.56399536132812,182.88430854433517,181.01032192860217,181.68324870057552,134185500
2016-09-15,183.37841796875,183.76173146246668,181.2233307509822,181.40221731345966,134427900
2016-09-16,182.6694793701172,182.9434427794408,181.98459697339692,182.76365265916039,155236400
2016-09-19,182.7037353515625,183.96222703135763,182.3784070616497,183.32013997282112,80250500
2016-09-20,182.7122802734375,183.7139344539165,182.67804138032696,183.55983983997842,69665300
2016-09-21,184.76698303222656,184.94676009783961,182.7294225333122,183.41431802619306,110284400
2016-09-22,185.93124389648438,186.23088968519738,185.52888144386645,185.77714930568925,76678700
2016-09-23,184.9125213623047,185.67446416968156,184.81834806866058,185.53748245832742,73630900
2016-09-26,183.41432189941406,184.2618684960777,183.21740578661957,184.08209142666828,89827300
2016-09-27,184.55296325683594,184.6471234918225,182.8835263269881,183.2516630614715,78494800
2016-09-28,185.46902465820312,185.62313237676642,183.81672655913044,184.7755725829116,87411000
2016-09-29,183.79095458984375,185.66585049534166,183.24304093802039,185.26347497848633,128070600
2016-09-30,185.17791748046875,185.87992589879707,184.37316624574723,184.62143417016583,117202900
2016-10-03,184.7327117919922,184.95529725204656,184.09918124112315,184.76696374787355,83512100
2016-10-04,183.79095458984375,185.0665719797992,183.2002455937824,184.84398654925255,119948100
2016-10-05,184.6042938232422,185.0323518152725,184.34745641536537,184.4159472616854,72816000
2016-10-06,184.7327117919922,184.95529725204656,183.84235688848102,184.3817010923231,62927400
2016-10-07,184.09918212890625,185.1778966683796,183.37149135408836,185.00667607802794,89788300
2016-10-10,185.0580291748047,185.52032604567063,184.91249102910072,185.0580291748047,51855000
2016-10-11,182.7208709716797,184.69851033087284,181.99318005289527,184.6300194685232,130367400
2016-10-12,182.96055603027344,183.48278731258375,182.36126437989276,182.85781322727746,73866100
2016-10-13,182.3612823486328,182.85783124494432,180.82028384808063,181.63359151521533,101357000
2016-10-14,182.45542907714844,183.79953740371388,182.3783817759969,183.33722747021903,93346200
2016-10-17,181.8218994140625,182.6865717721407,181.6421093268266,182.42973438892884,58275700
2016-10-18,182.96055603027344,183.47421779207957,182.5838629003062,183.41429646501757,76869700
2016-10-19,183.44854736328125,183.75674966585316,182.8663947158089,183.22596189159376,66519200
2016-10-20,183.10609436035156,183.6625645353384,182.44688138226903,183.09752483983908,73639800
2016-10-21,183.19174194335938,183.27735878920382,182.14727912788103,183.10613816081155,89089100
2016-10-24,183.97079467773438,184.33893140659717,183.6197839291966,184.06496797457876,60146600
2016-10-25,183.35433959960938,184.04779138418704,183.19167548949028,183.79095400311965,66542300
2016-10-26,182.98622131347656,183.56837386828238,182.29275644560417,182.53248092126256,75705500
2016-10-27,182.4982452392578,183.73961082038784,182.42119793483377,183.70537192840828,77220200
2016-10-28,181.95889282226562,183.1488935654366,181.24832802261642,182.4725676586778,140623200
2016-10-31,181.9674530029297,182.51536670410897,181.8047888776386,182.2927681902188,61272500
2016-11-01,180.64901733398438,182.34413627764692,179.44190380314225,182.2927583487816,122781800
2016-11-02,179.561767578125,180.72608581549633,179.12514007455266,180.34082317980477,103330800
2016-11-03,178.73992919921875,179.98986452919675,178.465978823447,179.77583549116116,88939300
2016-11-04,178.54298400878906,179.69017624675064,178.39744586486492,178.85118627336155,109122100
2016-11-07,182.48110961914062,182.51536157260367,178.54298408491587,178.54298408491587,109794900
2016-11-08,183.3030242919922,183.8680640704405,181.82194705147958,182.08734096045808,106772100
2016-11-09,185.24642944335938,185.86283415876895,181.78771264430597,181.81339508550664,258429000
2016-11-10,185.70867919921875,186.89867990417122,184.2532846271845,186.03400745605103,172113300
2016-11-11,185.28060913085938,185.52032054765516,184.3388894401023,184.9895328480777,100552700
2016-11-14,185.4261932373047,186.00835901047284,184.68137636929268,185.80288643230247,94580000
2016-11-15,186.87301635742188,186.87301635742188,185.60596822040515,185.81142771850293,91652600
2016-11-16,186.52198791503906,186.75314289173917,186.13673832940114,186.25659404633944,65617700
2016-11-17,187.48085021972656,187.54077154766955,186.5647998162659,186.676099078109,69797200
2016-11-18,187.06134033203125,187.72055328977922,186.88155022962977,187.54933270762592,86265800
2016-11-21,188.47393798828125,188.49962042400998,187.48940978323023,187.63494794012425,72402600
2016-11-22,188.84210205078125,189.02187912694623,188.11439809751522,188.7821676498624,67429000
2016-11-23,188.94479370117188,188.9961585697166,188.13148613486294,188.3283891520488,56620200
2016-11-25,189.6468048095703,189.68104369898273,189.21017732398442,189.28723768592408,37872300
2016-11-28,188.7564697265625,189.61258580686132,188.65373997718095,189.33863545407894,76572500
2016-11-29,189.12461853027344,189.57835903678915,188.4910878875461,188.79073376013366,69886700
2016-11-30,188.67088317871094,189.90369253700135,188.61094877723767,189.74102837676915,113291800
2016-12-01,187.97738647460938,188.97047105412133,187.6178062778789,188.97047105412133,79040500
2016-12-02,188.07154846191406,188.55954083115392,187.71198132508658,188.06299200507038,74840300
2016-12-05,189.20166015625,189.54410137465365,188.70511124525808,188.90201429267543,67837800
2016-12-06,189.8009490966797,189.83520105835166,188.91059404264573,189.39001699968676,59877400
2016-12-07,192.28366088867188,192.34358221640227,189.5269662940269,189.6468220127813,110738100
2016-12-08,192.75450134277344,193.2253677289716,191.99255866812283,192.25796558637467,99714400
2016-12-09,193.91880798339844,193.93593395913584,192.94283637903837,192.97708833051314,88005800
2016-12-12,193.69627380371094,194.30412200195045,193.27677219854309,193.82468599748915,102016100
2016-12-13,194.98899841308594,195.48554731913939,194.33835487927195,194.35548085901033,110477500
2016-12-14,193.3795623779297,195.3914279318601,192.94293468555736,194.68941932844947,142501800
2016-12-15,194.17567443847656,195.0317904674374,193.3880492594279,193.6192042449696,124972600
2016-12-16,193.79583740234375,194.6914529946019,193.4772117548618,194.63116536384277,156420200
2016-12-19,194.2178955078125,194.63986968501598,193.830375174617,193.97677116092234,90341100
2016-12-20,194.9670867919922,195.11349590689724,194.51929197797907,194.75179627515462,89838800
2016-12-21,194.4246368408203,195.01022095979673,194.4246368408203,194.8379911095269,67909000
2016-12-22,194.08868408203125,194.39870290898173,193.69254380414898,194.27814076185035,56219100
2016-12-23,194.3728485107422,194.38145539880819,193.9422675822742,194.131711101736,36697800
2016-12-27,194.8551483154297,195.25127551528226,194.6226308736002,194.6398577945518,42672500
2016-12-28,193.2447509765625,195.13069789250957,193.13280884997076,195.11348411321208,64095000
2016-12-29,193.20169067382812,193.66671234975908,192.7624896651442,193.3136327930532,48696100
2016-12-30,192.49557495117188,193.61508837779465,191.80664260092001,193.5289669064038,108998300
2017-01-03,193.9681396484375,194.4762220905839,192.79695876636885,193.7958967308444,91366500
2017-01-04,195.1221160888672,195.26851207345445,194.28678777541126,194.29539466616654,78744400
2017-01-05,194.9670867919922,195.12210279706622,194.17481926686474,194.85514465863406,78379000
2017-01-06,195.6646270751953,196.12964878124782,194.53649379847863,195.07903007244784,71559900
2017-01-09,195.018798828125,195.5441082990617,194.98434498134318,195.4063191925194,46939700
2017-01-10,195.018798828125,195.87134100173415,194.63126532343816,195.03601261122344,63771900
2017-01-11,195.5699005126953,195.5699005126953,194.2695374492885,194.9326358857143,74650000
2017-01-12,195.07904052734375,195.26849723189008,193.7270229252161,195.05320671675017,72113200
2017-01-13,195.52682495117188,195.8282237519275,195.2168061210621,195.25124681761267,62717900
2017-01-17,194.8379364013672,195.29435128955922,194.45041606199737,194.88960402791093,61240800
2017-01-18,195.26853942871094,195.31160016910223,194.53654626293812,195.08768957518473,54793300
2017-01-19,194.54507446289062,195.4837377149898,194.11449354281353,195.34594866689628,66608800
2017-01-20,195.25994873046875,195.75080441881764,194.59685006626987,195.22549487918107,129168600
2017-01-23,194.7517852783203,195.32015536434764,193.9939716372401,195.25988085598757,75061600
2017-01-24,196.00045776367188,196.41381180496955,194.8551108360682,194.9670529499956,95555300
2017-01-25,197.69696044921875,197.69696044921875,196.78411771999484,196.94774059731128,84437700
2017-01-26,197.49024963378906,197.81749534333207,197.21467153306085,197.55052413064394,59970700
2017-01-27,197.18023681640625,197.71415297738932,196.99938703978657,197.56775703454838,59711100
2017-01-30,195.95742797851562,196.5171780573932,194.97570376275382,196.4913442470013,79737300
2017-01-31,195.94020080566406,196.0004884566942,194.89820208042732,195.4665590486064,75880800
2017-02-01,196.01766967773438,196.8529977813524,195.43208588648642,195.9401682595318,79117700
2017-02-02,196.14695739746094,196.43114255741526,195.32885577108664,196.01777515732078,69657600
2017-02-03,197.4989471435547,197.6797969976758,196.7411332994059,197.05115223483276,80563200
2017-02-06,197.14581298828125,197.49028567706006,196.80996032940286,197.0941453700368,57790100
2017-02-07,197.15447998046875,197.77451782767443,196.9650232415841,197.53339345823807,57931200
2017-02-08,197.4127960205078,197.54196507382068,196.61190846909716,197.1544447735918,51566200
2017-02-09,198.58396911621094,198.88536794214565,197.41278823132038,197.41278823132038,65955200
2017-02-10,199.36761474609375,199.59152528133336,198.60118107303498,198.92842684589928,66015900
2017-02-13,200.45272827148438,200.71107955863835,199.83269043843177,199.85852425311793,55182100
2017-02-14,201.2535858154297,201.26220584645884,199.92740192577156,200.27186151936579,71109000
2017-02-15,202.30419921875,202.49365593222012,200.98662225525658,201.03828987887738,86785800
2017-02-16,202.1319580078125,202.51087141334727,201.38275122705335,202.3300216006002,84722400
2017-02-17,202.45059204101562,202.45059204101562,201.4516408656272,201.46886778666237,77204100
2017-02-21,203.65625,203.828479809059,202.8123015971143,202.82092162875713,88946100
2017-02-22,203.47540283203125,203.6993002727197,203.08788247148524,203.2515053913428,62115200
2017-02-23,203.61309814453125,204.00922521406838,202.85527155545324,203.99201143907027,74615900
2017-02-24,203.87156677246094,203.91461437504424,202.72621934145738,202.7692800843345,82381600
2017-02-27,204.1901397705078,204.36236955714747,203.535661325161,203.78539254474492,56515400
2017-02-28,203.6389923095703,204.05234641691743,203.25147201266427,203.81122209260744,96961900
2017-03-01,206.48947143554688,206.9545063824952,205.2752295788725,205.29245650216862,149158200
2017-03-02,205.1891326904297,206.3086462418714,205.1374650579512,206.30002620959627,70246000
2017-03-03,205.31826782226562,205.4818907249212,204.7240638664285,205.10297729567483,81974300
2017-03-06,204.70680236816406,205.0598687628521,204.10397852199534,204.52595258625587,55391500
2017-03-07,204.0954132080078,204.75851168969493,203.88872957805205,204.40543208279615,65103700
2017-03-08,203.7165069580078,204.64656361509844,203.5787178665223,204.38821235363588,78168800
2017-03-09,203.974853515625,204.30209931528373,203.01035617805067,203.83706442731702,90683900
2017-03-10,204.6896209716797,204.97380604057082,203.74233740870923,204.93074530765566,81991700
2017-03-13,204.7928924560547,204.83595317556288,204.30203704646416,204.62926960609562,57256800
2017-03-14,204.00924682617188,204.3020518558803,203.39782924181011,204.25037110455224,59880800
2017-03-15,205.77467346191406,206.19664760561835,204.34514127577168,204.57765871334672,96081800
2017-03-16,205.36990356445312,205.98994123600284,205.04267095023275,205.91243981213134,78344000
2017-03-17,205.00926208496094,205.82227819204954,205.00926208496094,205.63199726496683,89002100
2017-03-20,204.78440856933594,205.2947014651116,204.3952023470911,205.00928004947667,52537000
2017-03-21,202.15501403808594,205.5108624781259,202.02528307157033,205.3897758435602,131809300
2017-03-22,202.63076782226562,202.91618921870486,201.56693403368797,202.18966922638143,97569200
2017-03-23,202.41452026367188,203.54754820347628,202.04261597089257,202.63074737271714,100410300
2017-03-24,202.2675018310547,203.28808752371825,201.4890894619878,202.71725794521547,112504900
2017-03-27,202.05987548828125,202.3193506211948,200.3214145334316,200.5981783304068,87454500
2017-03-28,203.53030395507812,203.95410073492422,201.64479629003603,201.75723863446456,93483900
2017-03-29,203.72056579589844,203.9540948131394,203.01999194163344,203.24487662396098,61950400
2017-03-30,204.3691864013672,204.56812482226906,203.48698939436136,203.65996842333578,56737900
2017-03-31,203.8935089111328,204.55947887025005,203.84160332179414,204.03188422367182,73733100
2017-04-03,203.53887939453125,204.14431258756326,202.31071114653665,203.94538736645,85546500
2017-04-04,203.6686553955078,203.75515152683073,202.8729411376724,203.25350299956253,56466200
2017-04-05,203.0631866455078,205.32059802569498,202.85560388501835,204.34324734155686,108800600
2017-04-06,203.634033203125,204.15297031801492,202.76046728392677,203.20157900865607,69135800
2017-04-07,203.42649841308594,204.11842792690598,202.94215171264923,203.38325034394884,74412300
2017-04-10,203.5475616455078,204.3432758756478,203.01996693669741,203.56486351066155,67615300
2017-04-11,203.30540466308594,203.40918946743707,201.81776087925203,203.1670161256462,88045300
2017-04-12,202.41452026367188,203.21889197199712,202.1896488213487,203.02861106024082,81864400
2017-04-13,201.099853515625,202.81238170244328,201.099853515625,202.07720426085868,92880400
2017-04-17,202.881591796875,202.881591796875,201.41989433024537,201.61881958860167,68405400
2017-04-18,202.2761688232422,202.81242112623795,201.59289684029733,202.1464378130178,83225800
2017-04-19,201.90426635742188,203.21027359661804,201.67938167431168,202.83836923217876,68699900
2017-04-20,203.5475616455078,203.98867342346213,202.19830650755497,202.51831842688946,92572200
2017-04-21,202.8988494873047,203.52158456378126,202.50099903133335,203.4696921736506,110389800
2017-04-24,205.13038635253906,205.33796918308076,202.87297421055138,205.1390306880979,119209900
2017-04-25,206.3239288330078,206.669886959925,205.68389178100873,205.77038791146632,76698300
2017-04-26,206.19422912597656,207.17158018170386,206.15099424887595,206.28936961102488,84702500
2017-04-27,206.3671875,206.66989757723962,205.83093521903572,206.5142203713662,57410300
2017-04-28,205.9174041748047,206.65256843460105,205.7876599895779,206.6266222370468,63532800
2017-05-01,206.4363555908203,206.8601655092565,206.02120320380425,206.4363555908203,66882500
2017-05-02,206.51417541503906,206.6957987823536,206.1076674249198,206.5747121383258,57375700
2017-05-03,206.26336669921875,206.60933800312412,205.58873915342298,206.51419754423213,73137700
2017-05-04,206.5054931640625,206.64388165422895,205.65788675733535,206.56604307755512,61462700
2017-05-05,207.31857299804688,207.33587486401794,206.43636259791836,206.87747439671105,62001300
2017-05-08,207.2840118408203,207.5088833404866,206.86020184793435,207.3618504525365,48385700
2017-05-09,207.0937042236328,207.7423856326874,206.74773288699615,207.54346036253196,51363200
2017-05-10,207.46556091308594,207.46556091308594,206.8428258476256,207.05040860193037,54293800
2017-05-11,207.0417938232422,207.20612854417598,205.9606582354735,207.0158476249322,62358300
2017-05-12,206.69581604003906,207.08502219994918,206.4276965342667,206.7909564966798,53912700
2017-05-15,207.83749389648438,207.95858054618077,207.10231646782097,207.11961833133617,61918900
2017-05-16,207.64723205566406,208.1575248978483,207.258025874294,208.13157869892072,51241800
2017-05-17,203.96270751953125,207.64721259393744,203.9021575960711,207.64721259393744,172174100
2017-05-18,204.78440856933594,205.63201528405148,203.6254210398754,203.88489625385785,107047700
2017-05-19,206.11634826660156,206.78233152544618,205.21684920841886,205.26874160827177,115011400
2017-05-22,207.1628875732422,207.32722229980186,206.55745426285634,206.6266353290807,61010600
2017-05-23,207.6212615966797,207.7855963023231,207.15420367564522,207.53476547872376,48341700
2017-05-24,208.10565185546875,208.20943666083193,207.5175071643434,207.85483417668863,46927700
2017-05-25,209.1002960205078,209.37707310415792,208.40837970629798,208.61594932157783,64071700
2017-05-26,209.05706787109375,209.22138942265474,208.83218318403254,208.91002179226535,46629900
2017-05-30,208.87539672851562,209.12621437940422,208.58133101438253,208.7370082051156,35201900
2017-05-31,208.82350158691406,209.20406342253426,208.13157217646426,209.16945969341108,91796000
2017-06-01,210.484130859375,210.5014327244796,208.9964871993291,209.28190858500193,68962000
2017-06-02,211.18472290039062,211.34041330489234,210.24197573118028,210.53604147612447,88666100
2017-06-05,211.0290069580078,211.29712645256342,210.83006852224628,211.01170509458183,44698800
2017-06-06,210.35438537597656,211.0203553658864,210.27653358709625,210.466814497772,50375400
2017-06-07,210.74362182617188,210.96849329954466,210.02574614132465,210.69172942442873,54144300
2017-06-08,210.84735107421875,211.32305329395197,210.31975646641533,210.83870674202495,65950700
2017-06-09,210.52732849121094,211.91117382658288,209.26455659019913,211.11545978931707,132256400
2017-06-12,210.484130859375,210.53602325723256,209.63652423363692,210.28520560176892,86108100
2017-06-13,211.5133514404297,211.56524383273413,210.6743892382955,211.02034731862815,60067000
2017-06-14,211.24526977539062,211.79015318961186,210.42359609192093,211.78150885516482,78602300
2017-06-15,210.83876037597656,210.9598470447608,209.61923615628442,209.89600002888105,66464900
2017-06-16,210.88485717773438,211.04999333756032,210.00704417138684,210.99784786852436,84553100
2017-06-19,212.6404571533203,212.7012891020136,211.61488115848746,211.71048558799038,65123800
2017-06-20,211.20632934570312,212.2927369735783,211.18895637216167,212.28405048680756,56906400
2017-06-21,211.15420532226562,211.71044555369375,210.68488301460977,211.59746816696568,55977600
2017-06-22,211.0586395263672,211.65833882940308,210.8848169088331,211.16294370634014,44148100
2017-06-23,211.31069946289062,211.64095846683273,210.7370728734632,211.11949059974816,66986800
2017-06-26,211.44976806640625,212.3971259753546,211.24118620608652,211.97993573108084,56700500
2017-06-27,209.74623107910156,211.5279424723989,209.72884484149196,211.23242948028994,82247700
2017-06-28,211.62355041503906,211.82344573453494,210.52844287820562,210.76311067350048,70042600
2017-06-29,209.76365661621094,211.82348188810502,208.55557148137194,211.77133642732028,106949700
2017-06-30,210.15475463867188,210.94566280210128,209.96354578022047,210.57193157446784,86820700
2017-07-03,210.5111083984375,211.52798468158704,210.5111083984375,211.09342148732742,39153800
2017-07-05,210.99778747558594,211.2063692920283,210.06781600456577,210.8761103287231,54427600
2017-07-06,209.0682830810547,210.3545859777431,208.88576076741222,210.23290885591868,65400800
2017-07-07,210.42416381835938,210.5719136942868,209.07701543431983,209.64195547243426,57972300
2017-07-10,210.65017700195312,211.02390827791277,210.1200093280225,210.42420889538926,36663300
2017-07-11,210.49374389648438,210.80662995913784,209.32911759842563,210.6501802969023,50354600
2017-07-12,212.07553100585938,212.24066714602068,211.4584586799916,211.4584586799916,59610400
2017-07-13,212.43186950683594,212.54486018070784,211.85824290969333,212.08422425743714,39471600
2017-07-14,213.4226531982422,213.77899816590127,212.3362453176828,212.4318497416446,60262700
2017-07-17,213.39659118652344,213.72686344258008,213.2227685692678,213.3444457275283,33531900
2017-07-18,213.50958251953125,213.56172797868854,212.64914265798896,212.988101404327,42742500
2017-07-19,214.66552734375,214.6742138332142,213.81377395088398,213.82247370216416,51034300
2017-07-20,214.76107788085938,215.03919135389674,214.21352416025633,214.91751422285301,47135200
2017-07-21,214.5699462890625,214.5960190221116,213.9615471530706,214.18752852191926,82340800
2017-07-24,214.5177764892578,214.65682662914074,214.04844082397815,214.49169049735036,46622300
2017-07-25,215.03921508789062,215.36948730652418,214.81324703724425,215.265183138537,54915600
2017-07-26,215.0478973388672,215.36078331303545,214.78717007857182,215.32602409893403,47575400
2017-07-27,214.84799194335938,215.54329554910623,213.52691641862165,215.50853633663485,70766600
2017-07-28,214.595947265625,214.72631088727954,213.91802990939547,214.36996597233983,50088400
2017-07-31,214.47430419921875,215.09137645548512,214.26570910962465,214.9957720304814,65838700
2017-08-01,214.9523468017578,215.10878318749505,214.430865659001,215.07402396682556,55050400
2017-08-02,215.056640625,215.19570403318554,214.1266690023028,215.08271335630772,47211200
2017-08-03,214.6395263671875,214.9697854808396,214.36139946956425,214.94371274191496,40856000
2017-08-04,215.03053283691406,215.3607918002414,214.64811515765828,215.12613725672801,60191800
2017-08-07,215.4303436279297,215.4303436279297,214.9957804539439,215.1000846337351,31995000
2017-08-08,214.90016174316406,216.3342280791,214.52644380404467,215.11744331571666,61719400
2017-08-09,214.89154052734375,214.9436859987051,213.85727780594803,214.21362287600886,62632600
2017-08-10,211.8582305908203,214.18749606416483,211.8060851326242,214.05711915685916,120479500
2017-08-11,212.1710968017578,212.7621095503957,211.84952433168104,212.08419213347946,74869900
2017-08-14,214.2743682861328,214.491649836917,213.41394183258802,213.4487010455156,73291900
2017-08-15,214.24830627441406,214.67418290949976,213.9441200451935,214.65679667125985,55242700
2017-08-16,214.62203979492188,215.16959358002424,214.19616315519622,214.76978966703544,56715500
2017-08-17,211.2759552001953,214.32659766663252,211.2759552001953,214.01371159986505,128490400
2017-08-18,210.9456329345703,212.2319360405409,210.50237007009596,211.11075577820276,136748000
2017-08-21,211.11082458496094,211.37156519107882,210.18086611271622,210.88485646596178,65469700
2017-08-22,213.31832885742188,213.47476520203688,211.67568092989995,211.69306716657258,63140100
2017-08-23,212.55355834960938,212.97943507606757,212.2059130811083,212.3536629833121,50203800
2017-08-24,212.05812072753906,213.09236983592203,211.84952565110638,212.9359334749582,50741700
2017-08-25,212.55355834960938,213.46614375669583,212.40580844740558,212.84905815401697,64445900
2017-08-28,212.56219482421875,213.1097352960207,212.14500471202982,213.08366257173552,40565600
2017-08-29,212.8055877685547,213.0663150587926,211.1368535401398,211.24984420711982,51135700
2017-08-30,213.8137664794922,214.0832067852587,212.6056813953853,212.7882037622832,62030800
2017-08-31,215.10009765625,215.34345198746985,213.84855351750988,214.43086661448717,103803900
2017-09-01,215.4042510986328,215.83012774424623,215.25650122447658,215.47378279149711,62007000
2017-09-05,213.85720825195312,215.12613844359225,212.89247756007697,214.90015712543195,91398800
2017-09-06,214.58726501464844,214.91753723218903,214.0049520207523,214.53511956173446,57916900
2017-09-07,214.5612030029297,214.90886147607426,214.15271258561899,214.89147523696337,58034700
2017-09-08,214.30918884277344,214.769824772838,214.06583451224182,214.274416360231,63832800
2017-09-11,216.59494018554688,216.67315835856238,215.56067791407645,215.57805088909348,71364800
2017-09-12,217.3250274658203,217.3597866815819,216.7774736694203,216.95999602215846,56896000
2017-09-13,217.42933654785156,217.46410902833395,216.9252416753817,217.03823234422606,59228000
2017-09-14,217.3597869873047,217.55969557911206,216.93392360000743,217.10774620268882,95446300
2017-09-15,217.6524658203125,217.73980180370256,217.11093740933967,217.2157459204612,95432400
2017-09-18,218.11534118652344,218.46471170061017,217.73102562444956,218.01926229600497,46235200
2017-09-19,218.333740234375,218.42108954237278,218.010571784523,218.3599423612477,47108100
2017-09-20,218.4123077392578,218.525859153917,217.41658711242658,218.42105066508134,59574100
2017-09-21,217.82711791992188,218.34244412458347,217.65243265212848,218.25510815450258,48211400
2017-09-22,217.8707733154297,218.0367289698389,217.50393028719216,217.5301324086641,51214000
2017-09-25,217.42530822753906,217.9668498298664,216.68289258120123,217.61746600132773,57064400
2017-09-26,217.55636596679688,218.09789432564105,217.3205335118415,217.85333227147706,54082000
2017-09-27,218.403564453125,218.78787999161077,217.37289884285593,218.25508132737005,81001400
2017-09-28,218.66558837890625,218.7441947367933,218.03671086055107,218.12404681566025,44778800
2017-09-29,219.43418884277344,219.5128085221101,218.47341344631633,218.65682826696917,85578000
2017-10-02,220.38626098632812,220.38626098632812,219.4866060401173,219.6613046021802,59023000
2017-10-03,220.85794067382812,220.8841427959599,220.30766945379898,220.38628914782512,66810200
2017-10-04,221.11993408203125,221.36449606151285,220.59586508164023,220.7094164748382,55953600
2017-10-05,222.43014526367188,222.44760446083976,221.15491750595024,221.4518837893815,63522800
2017-10-06,222.1768341064453,222.4650707832565,221.7226550953771,221.9846763219045,80646000
2017-10-09,221.80996704101562,222.46504669165515,221.5479325152339,222.4039128546295,35803100
2017-10-10,222.3952178955078,222.77080390658108,221.83621700616936,222.37775869695182,43057400
2017-10-11,222.7445831298828,222.7445831298828,222.13317804080668,222.29912037898842,47674300
2017-10-12,222.41270446777344,222.77954757510355,222.1768719960493,222.43017699506535,47065100
2017-10-13,222.68341064453125,222.96291769784074,222.41264651640637,222.84936629148,54800400
2017-10-16,222.9803924560547,223.1725502367093,222.56988810025342,222.91052901548102,38221700
2017-10-17,223.1375732421875,223.18124787940764,222.70958312163512,222.9279429801077,31561000
2017-10-18,223.35597229003906,223.55685966334508,223.1638145146575,223.51318501846194,40888300
2017-10-19,223.4171600341797,223.4521050895695,222.15941792045254,222.57866529169493,61903800
2017-10-20,224.5699920654297,224.59622083655938,223.39959979190442,224.21190536689664,89176400
2017-10-23,223.6965789794922,224.91941561151043,223.617972622621,224.89321349255337,63915300
2017-10-24,224.08966064453125,224.32547973958586,223.73154721149646,224.1246056918486,66935900
2017-10-25,222.9803924560547,223.87130459112328,221.85366122188066,223.75775317683716,103715300
2017-10-26,223.26861572265625,223.86254822529017,223.1463347175475,223.59179742215292,69798000
2017-10-27,225.0941162109375,225.2513555999806,223.27737353607554,224.01105961565028,85562500
2017-10-30,224.255615234375,224.99804421858872,223.95864897174172,224.01105321483814,54285700
2017-10-31,224.60501098632812,224.85831595994026,224.308044690315,224.63121311082153,60304800
2017-11-01,224.90200805664062,225.72304361013138,224.53517826353823,225.38241594510774,54202700
2017-11-02,224.9893341064453,225.12908766017168,223.76652383042074,224.83212135422747,56449500
2017-11-03,225.7404327392578,225.78409404892494,224.73595606435163,225.14647366519628,59589700
2017-11-06,226.08987426757812,226.22088489302695,225.53960298542842,225.60946643391293,49652600
2017-11-07,225.93264770507812,226.52658027431363,225.4260377772938,226.1946689399576,57502200
2017-11-08,226.31689453125,226.4129867363392,225.47840008035098,225.75790711573666,50469600
2017-11-09,225.49586486816406,225.68802260513684,223.91491500860073,225.1115493942185,95085500
2017-11-10,225.42599487304688,225.60069343322567,224.79711737376437,225.11156945103457,59984700
2017-11-13,225.6356201171875,225.8627229227184,224.7097763557661,224.7447214001383,50228600
2017-11-14,225.1116180419922,225.2164265386195,224.05473683871833,224.83211094747693,61315200
2017-11-15,223.98484802246094,224.6661298286348,223.27736409509808,224.14206074959475,80811500
2017-11-16,225.8889923095703,226.2558487465771,224.88454189064078,224.92820321766374,67777000
2017-11-17,225.22512817382812,225.86274869389405,225.1465218064658,225.5395802985394,75756800
2017-11-20,225.6094512939453,225.80160908346332,225.22513571490924,225.46972440635292,48075500
2017-11-21,227.0855712890625,227.26901281156458,225.57453771922826,226.37808728873543,69176800
2017-11-22,226.8846435546875,227.22527108469816,226.718687924212,227.09426049623252,45033400
2017-11-24,227.40870666503906,227.51354180063734,227.2340347495609,227.37378827509912,27856500
2017-11-27,227.29518127441406,227.749360239689,227.09428058415776,227.4523939944793,52274900
2017-11-28,229.6010284423828,229.62723056018447,227.66199175928952,227.75808396140033,98971700
2017-11-29,229.46131896972656,230.26489516197006,229.01588288160568,229.73208312406396,77512100
2017-11-30,231.47019958496094,232.37855743063676,230.29979390840188,230.37840026108975,127894400
2017-12-01,230.98980712890625,231.73223604917192,227.75809691018895,231.25185497707815,164390900
2017-12-04,230.7103729248047,233.03369904773825,230.65794202046783,232.60572212855533,94040600
2017-12-05,229.88059997558594,231.59253434794377,229.749589349815,229.88059997558594,77994500
2017-12-06,229.9242706298828,230.35227423179,229.46134862986273,229.97667488231787,75898600
2017-12-07,230.6492156982422,230.9636411789777,229.66222462493982,230.6492156982422,77218600
2017-12-08,231.9069366455078,231.91565291517546,230.61423655354508,231.60122748092607,76563900
2017-12-11,232.60568237304688,232.66682953826898,231.8807392812659,232.60568237304688,83077500
2017-12-12,233.01625061035156,233.4879155290524,232.64067792289777,233.39182329780536,85195800
2017-12-13,232.99000549316406,233.69748941303737,232.90265620503862,233.2607696276706,102905400
2017-12-14,232.0379638671875,233.40052749040524,231.9855596243915,233.28697607926028,100666700
2017-12-15,233.97024536132812,234.43553349269078,232.98699699252464,233.0396690986028,144610300
2017-12-18,235.45384216308594,235.80499837293848,235.2607022289418,235.36604641274744,83653600
2017-12-19,234.54966735839844,235.74360416189214,234.4794200220112,235.6997196702818,82382900
2017-12-20,234.42674255371094,235.5680072245659,234.1282583596644,235.51533511923463,76751500
2017-12-21,234.90956115722656,235.6206881078484,234.66374908730396,235.05002902454035,67032300
2017-12-22,234.8480987548828,234.96223055721842,234.312563403501,234.92710689692217,78720900
2017-12-26,234.56716918945312,234.78664518691386,234.30380870910167,234.44424977095338,45244400
2017-12-27,234.68136596679688,235.04130991726413,234.40921779792106,234.73403807744953,57751000
2017-12-28,235.1641845703125,235.20809585350116,234.7954798239778,235.18175980019154,45116100
2017-12-29,234.27757263183594,235.76123332076588,234.08445936942474,235.74368487641524,96007400
2018-01-02,235.95431518554688,235.98943885710432,234.75159065194177,235.13787066453907,86655700
2018-01-03,237.4466552734375,237.59591071612948,236.12101188725913,236.12101188725913,90070400
2018-01-04,238.44754028320312,238.9304036547057,237.50820317682505,238.08762314772258,80636400
2018-01-05,240.03660583496094,240.15949850554858,238.74608544046873,239.23770970584548,83524000
2018-01-08,240.4755401611328,240.6335564936815,239.65030803580805,239.94000464548068,57319200
2018-01-09,241.01974487304688,241.6430491421475,240.61588978805125,240.8968254667871,57254000
2018-01-10,240.65110778808594,240.91449513696924,239.5976387670871,240.26482777626626,69574300
2018-01-11,242.406982421875,242.406982421875,241.0374535668433,241.20425756252834,62361500
2018-01-12,243.987060546875,244.1538376375551,242.37169381507297,242.67020471376503,90816100
2018-01-16,243.15304565429688,245.89210155142328,242.45949406768443,245.2424612349641,106555100
2018-01-17,245.47076416015625,245.85704412576092,243.1531111580364,244.08368740476362,113258800
2018-01-18,245.05812072753906,245.77798160283706,244.56646986883223,245.35660485466306,100728000
2018-01-19,246.17311096191406,246.17311096191406,245.0581823135061,245.63757548785358,140920100
2018-01-22,248.17477416992188,248.17477416992188,245.9097660228466,245.96246493019794,91322400
2018-01-23,248.701416015625,248.99111252913826,247.89373259817526,248.21855277109995,97084700
2018-01-24,248.6049041748047,249.9393357013387,247.42851576534068,249.3423404855951,134816100
2018-01-25,248.71026611328125,249.56183431704545,247.92015763767293,249.46527770838205,84587300
2018-01-26,251.5896759033203,251.63358717113158,249.2895720813974,249.54417170190402,107743100
2018-01-29,249.92173767089844,251.45806987609902,249.76372135975387,251.0191178174703,90118300
2018-01-30,247.35829162597656,249.97442894951632,246.88421586467027,248.0957279260588,131796400
2018-01-31,247.48118591308594,248.71024642133222,246.41014172914782,248.2098613943564,108364800
2018-02-01,247.20030212402344,248.49961024396785,246.41019354482717,246.75258911100426,90102500
2018-02-02,241.81871032714844,246.01509111839752,241.78358665930918,245.88338406187754,173174800
2018-02-05,231.7052001953125,242.1698278399502,231.16090399277928,240.06286356273918,294681800
2018-02-06,236.2703399658203,236.7707517438932,227.11380642946904,228.20239896435808,355026800
2018-02-07,234.98858642578125,239.1059317295895,234.90955148557242,235.7172349914964,167376100
2018-02-08,226.17442321777344,235.42753934624014,226.13929955438024,235.28707148417266,246449500
2018-02-09,229.5719451904297,231.42431016741446,222.0395256489663,228.95740154214974,283565300
2018-02-12,232.94308471679688,234.4091964404118,229.71240386406902,231.61744087262778,143736000
2018-02-13,233.52247619628906,234.06677241807566,231.16091216963022,231.74033205487234,81223600
2018-02-14,236.6741180419922,237.03406186944082,232.02999873559634,232.03878634820543,120735700
2018-02-15,239.69410705566406,239.70289466817567,235.95422776992558,238.41237482954068,111200300
2018-02-16,239.76446533203125,241.7046534066777,239.02702882792119,239.07094012420586,160420100
2018-02-20,238.26316833496094,240.25602779649859,237.47306000010119,238.81625220681488,86369700
2018-02-21,237.0780029296875,241.17782706280644,236.98144633395106,238.70213095136867,98883700
2018-02-22,237.3852996826172,239.71174054605476,236.71811068253444,237.99984336345477,110511300
2018-02-23,241.1690216064453,241.1690216064453,238.13148100019365,238.60555670362223,92766400
2018-02-26,243.9695281982422,244.0661115745576,241.65187545623988,242.24005616182345,86491400
2018-02-27,240.92323303222656,244.8650409424878,240.86177331085185,244.15391392223984,99099200
2018-02-28,238.48269653320312,242.46838953671312,238.16666384672425,242.02064977268844,121907800
2018-03-01,235.0150146484375,239.81715270742393,233.52256647690365,238.27203241609624,176855100
2018-03-02,236.2263946533203,236.78826606877433,232.48654186128144,233.3468706278778,139083200
2018-03-05,238.956787109375,239.57133087082536,234.9359701841439,235.04134121098951,97307400
2018-03-06,239.5625,240.01023971083006,238.0700521582396,239.93120475708733,79213200
2018-03-07,239.47476196289062,239.82591836576424,237.2097803915671,237.402920431875,87063500
2018-03-08,240.63356018066406,240.75645284402566,239.15868747125592,240.15069676846312,66901200
2018-03-09,244.8211212158203,244.8211212158203,241.72212069884188,242.0381801182192,113625300
2018-03-12,244.51380920410156,245.73410860789863,244.12752930588547,245.11080427775596,71924800
2018-03-13,242.93359375,246.17306162396162,242.32783785216952,245.67264991853583,91968900
2018-03-14,241.68698120117188,244.07488135752644,241.13392413862624,243.89052900334457,105895100
2018-03-15,241.4236297607422,242.83704251505435,240.92321798909455,242.1961896626177,83433000
2018-03-16,241.68544006347656,242.73433229879393,241.63255700109175,241.9498553754007,100343700
2018-03-19,238.41534423828125,241.86170049075108,236.7670927477109,240.93622002883185,109208400
2018-03-20,238.82080078125,239.45542436621005,238.14209004943496,238.81197797211732,59757300
2018-03-21,238.36253356933594,240.86576450067292,238.15100126209626,238.77680227022591,78709600
2018-03-22,232.40411376953125,236.98748341572107,232.1308487161802,236.14132741776228,148785900
2018-03-23,227.45045471191406,233.17088967006566,227.2565412065732,232.8447685244487,183534800
2018-03-26,233.67330932617188,233.955370261597,228.6492300456166,231.04669419910772,141956100
2018-03-27,229.69815063476562,235.1364991793472,228.1468421973337,234.60766848369053,129941400
2018-03-28,229.0194549560547,231.49627107303166,227.91767943556277,229.83037357461598,146452300
2018-03-29,231.94570922851562,233.80551974952124,229.0282106570557,230.1564273834921,111601600
2018-04-02,226.93922424316406,231.9280650176336,224.47124538181424,231.41682631878385,186286300
2018-04-03,229.84791564941406,230.32389004720667,226.38394102387377,228.17322279650818,119956900
2018-04-04,232.30711364746094,233.01223907187764,226.17243637884116,226.30464403356794,123715300
2018-04-05,234.1404571533203,235.02187728674107,232.97697612149102,234.0611056703616,82652600
2018-04-06,228.92245483398438,233.67329571244264,227.40641101791257,232.18372032516052,179521200
2018-04-09,230.05068969726562,233.43534029483922,229.11638636610888,230.37681089226027,105442900
2018-04-10,233.70855712890625,234.4930340065151,231.79589038705828,232.93290306078362,103529000
2018-04-11,232.48333740234375,234.14041123198658,232.15721632074857,232.2277180821195,91140200
2018-04-12,234.3960418701172,235.3391678373889,233.6292106832202,233.80550546359493,68890500
2018-04-13,233.70855712890625,235.81516428659432,232.70375210342695,235.7005753585113,85079200
2018-04-16,235.63002014160156,236.3968782126774,234.5194491226073,235.33916334821905,63405300
2018-04-17,238.15093994140625,238.7502992568039,236.88169262714564,237.39290453761745,64682000
2018-04-18,238.32728576660156,239.12935469632373,237.86892992239788,238.59170113916744,57303900
2018-04-19,237.0050048828125,237.8776019580098,235.9737317858338,237.67486570166693,77655900
2018-04-20,234.99546813964844,237.15495877080377,234.1140477838813,236.934603681862,99953100
2018-04-23,234.9602508544922,236.1237322796586,233.88491685222934,235.56843310406478,65558000
2018-04-24,231.7958984375,236.2029995241592,230.2974733085117,235.98264446982625,112885500
2018-04-25,232.3688201904297,232.80953030666575,229.91847302010967,231.73419654709733,103840900
2018-04-26,234.73101806640625,235.559555230159,232.95055889473045,233.3912690074155,67731900
2018-04-27,234.95140075683594,235.6389075375341,234.01709735995928,235.33922785351837,57053600
2018-04-30,233.14443969726562,236.1236439446799,233.07391102580115,235.56834497682607,82182300
2018-05-01,233.5587921142578,233.66455826063844,231.02909291884416,232.58040146260402,74203400
2018-05-02,231.9897918701172,234.17569660455436,231.60196485617357,233.36480513816895,86368900
2018-05-03,231.47857666015625,232.1308190231915,228.3318999811481,231.1612782885642,136311500
2018-05-04,234.4754180908203,235.15412893581123,230.18290554153174,230.50902674812139,91222100
2018-05-07,235.26866149902344,236.23820207584941,234.55468648152564,235.24221997236103,55304900
2018-05-08,235.26866149902344,235.6300200638076,233.70853072952212,234.89845322694333,67499200
2018-05-09,237.54270935058594,237.86883047334368,235.41848374968689,235.93851836419324,59666100
2018-05-10,239.76394653320312,240.09009464765438,238.17740071163087,238.28316684656053,72063900
2018-05-11,240.49554443359375,240.75995977528183,239.3761233898816,239.8873622488972,59871500
2018-05-14,240.61009216308594,241.57963284906248,240.06358905252702,240.9273905187562,54790600
2018-05-15,238.9530029296875,239.40250890537564,238.00987693366224,239.3848901863238,87036100
2018-05-16,239.95785522460938,240.41621099844787,238.96184597615334,238.98831440816372,53942600
2018-05-17,239.75509643554688,240.83043006232478,238.97944242294543,239.69339057117915,56536400
2018-05-18,239.15577697753906,239.77278199560305,238.80321420956608,239.41139641631585,64368000
2018-05-21,240.95384216308594,241.49152248673255,240.24871674390172,240.6365437940962,58025900
2018-05-22,240.28390502929688,241.72944681135456,239.9577839171706,241.47382746719947,52966400
2018-05-23,240.94505310058594,240.97152153385284,238.85609118238685,239.0147672879168,64694200
2018-05-24,240.45152282714844,240.82173130524862,238.6710629438433,240.54849307807856,76043800
2018-05-25,239.87844848632812,240.50424915692255,239.37603262880125,239.87844848632812,56374800
2018-05-29,237.11965942382812,239.01473442804837,236.0090882306861,238.25669904659816,115908600
2018-05-30,240.28390502929688,240.7246150508308,238.35361988187896,238.42412164985015,69678400
2018-05-31,238.8119659423828,240.17815634870945,238.21260672533674,239.87847674018641,93519900
2018-06-01,241.1565704345703,241.45625007264385,240.03714957306167,240.10767825190814,71258400
2018-06-04,242.30238342285156,242.55800278701213,241.7382885385191,241.9762622852021,45385200
2018-06-05,242.4787139892578,242.8577182376583,241.66779553102288,242.43462683786473,51135000
2018-06-06,244.50596618652344,244.61173231021175,242.46988760909116,243.08689252902062,62732200
2018-06-07,244.47950744628906,245.28160302621228,243.57164575012257,244.9907462065433,72969400
2018-06-08,245.20228576660156,245.25516882630356,243.85371394658182,244.0211859352413,72139700
2018-06-11,245.52845764160156,246.24240599383455,245.30810254773175,245.4226915003545,58892500
2018-06-12,245.84576416015625,246.20712281550618,245.20231765169822,245.9427074826128,72329000
2018-06-13,245.06121826171875,246.33928810853234,244.8584819643025,246.0836687594085,79070600
2018-06-14,245.67832946777344,246.20716021388853,245.08776593618862,245.9251261155662,77097600
2018-06-15,245.36485290527344,245.70130092797672,243.7888808670294,244.895603562976,120041600
2018-06-18,244.86019897460938,244.98416489512724,243.43475300624846,243.912837792134,52917600
2018-06-19,243.921630859375,244.14297535198787,242.177435176802,242.59356390369783,97531500
2018-06-20,244.3378448486328,245.00187855818777,244.00139677932216,244.60344752461447,53785500
2018-06-21,242.80612182617188,244.34669834937597,242.3103121693889,244.328973491891,71061400
2018-06-22,243.24876403808594,244.17842722996417,243.02741951900938,244.06332375690923,54898500
2018-06-25,239.93748474121094,242.25717122996454,238.25527161742454,242.09780964362213,137854200
2018-06-26,240.46871948242188,241.31867497111477,239.7515653170251,240.50414217516678,68547400
2018-06-27,238.47659301757812,242.47849224175374,238.326066854242,241.05304649180533,105110700
2018-06-28,239.8400115966797,240.60142355554945,237.71508320443863,238.42340167504793,76650500
2018-06-29,240.18539428710938,242.29259870231078,240.070290799281,240.9291087243102,97592500
2018-07-02,240.69891357421875,240.85830219113393,238.3792269257358,238.61829634130885,63554800
2018-07-03,239.84890747070312,241.69050893899274,239.42394330078528,241.59310330365744,42187100
2018-07-05,241.80569458007812,241.86767755604518,239.90213632382063,240.97346369831652,56925900
2018-07-06,243.85086059570312,244.22270428564602,241.4514663685335,241.83219950579445,66493700
2018-07-09,246.04656982421875,246.09969034891844,244.8070458819004,244.85130397928495,50550400
2018-07-10,246.93202209472656,247.0294277656621,246.2060053463111,246.4981953395141,51966800
2018-07-11,245.12574768066406,246.1705142878191,244.82472239371876,245.38251487407948,77054700
2018-07-12,247.3480987548828,247.40121928431503,245.7809890974369,246.3830397774005,60124700
2018-07-13,247.54283142089844,247.84385669811354,246.71943636678722,247.170987792406,48216000
2018-07-16,247.32151794433594,247.7287843093492,246.87882888944463,247.58714758902812,48201000
2018-07-17,248.32199096679688,248.71155948323252,246.4981142851185,246.55123480830568,52315500
2018-07-18,248.84432983398438,248.9505708671419,247.9589518648833,248.40164084943382,44593500
2018-07-19,247.9058837890625,248.56105497851968,247.42777201912497,248.18034885597547,61412100
2018-07-20,247.6226348876953,248.33095384937974,247.46327325366843,247.70231570470875,82337700
2018-07-23,248.08291625976562,248.28653589889728,247.0735724116495,247.41888278692855,47047600
2018-07-24,249.3313751220703,250.17249533187447,248.46372166311653,249.49076375418193,68026900
2018-07-25,251.45628356933594,251.77500676757114,249.03919123765357,249.08344934198635,78882900
2018-07-26,250.86302185058594,251.54475324487566,250.6416773306691,250.73908296962176,57919500
2018-07-27,249.16311645507812,251.2880184882975,248.24231566683144,251.1906128472391,76768700
2018-07-30,247.86154174804688,249.40209057216975,247.33914503544705,249.24272904269247,63742500
2018-07-31,249.08340454101562,249.69431758068527,248.24231157277697,248.6230176642827,68570500
2018-08-01,248.66729736328125,249.79174492044822,248.0209885982045,249.28707288390544,53853300
2018-08-02,250.0218505859375,250.19004751037198,247.16207055717103,247.3657171787715,63426400
2018-08-03,251.09332275390625,251.1464432969958,249.9688748794322,250.14596136946736,53935400
2018-08-06,252.01406860351562,252.3239293637216,250.73912180973468,251.128690386701,39400900
2018-08-07,252.84634399414062,253.22707722961223,252.54531858952848,252.67814696122522,43196600
2018-08-08,252.7400360107422,253.13846698115805,252.27964910548545,252.6780800759013,42114600
2018-08-09,252.39474487304688,253.19157976992932,252.26194356016575,252.80201123908088,35717000
2018-08-10,250.7036895751953,251.5005245360856,249.99537081693893,250.9604568137881,77076000
2018-08-13,249.76515197753906,251.58902858924932,249.47296209162405,250.9781155764383,65732900
2018-08-14,251.3588409423828,251.59791032549649,250.1016191525683,250.49118768395763,43842000
2018-08-15,249.48193359375,250.1548298486285,248.0476248564399,250.0131660570959,102925400
2018-08-16,251.5005340576172,252.36821443698148,250.88075849812859,250.91618119228193,69967900
2018-08-17,252.3859405517578,252.82862970967778,250.88964903642022,251.29691549621805,65618500
2018-08-20,252.9259796142578,253.19158224261395,252.38588491047236,252.83743639827378,39807500
2018-08-21,253.51910400390625,254.37792164552263,252.96131160517953,253.43942323545804,67272000
2018-08-22,253.36871337890625,253.89108331990417,252.84631641830762,253.11194611312737,44993300
2018-08-23,253.03216552734375,254.05034474029873,252.71341542317927,253.19152706963095,49204900
2018-08-24,254.55506896972656,254.69673270963204,253.5545873826161,253.60770790763118,57487400
2018-08-27,256.5648193359375,256.671060366002,255.5908981943619,255.75025973945864,57072400
2018-08-28,256.6888122558594,257.13150127415275,256.22839838429445,257.02523321330386,46943500
2018-08-29,258.0700378417969,258.3002177918885,256.6622897986318,256.9013321766645,61485500
2018-08-30,257.0252685546875,257.96376724094705,256.4320803195823,257.5919235454238,61229500
2018-08-31,257.0340576171875,257.4767465699944,256.13098188051356,256.61792892076545,66140800
2018-09-04,256.59136962890625,256.9455153885651,255.5908882686675,256.61792988539094,57594400
2018-09-05,255.90084838867188,256.44094311621893,254.89153133691732,256.23729641245575,72452400
2018-09-06,255.13055419921875,256.3080951728007,254.1035123702836,256.007069863912,65909900
2018-09-07,254.63479614257812,255.6087176445946,253.84679651198275,254.08586593769624,73524800
2018-09-10,255.07745361328125,255.90971124627146,254.88266933705808,255.64408158618681,50210900
2018-09-11,255.91847229003906,256.36116124194683,254.08576056402885,254.43104389633044,50530500
2018-09-12,255.98046875,256.582519271696,255.19249642416656,255.92734823453216,59810800
2018-09-13,257.4945068359375,257.68045569530796,256.75965488471724,257.0429823679138,51034200
2018-09-14,257.5387878417969,257.8840712530081,256.75965078524433,257.69814941620206,55079900
2018-09-17,256.1753845214844,257.52114997034784,255.90091937743722,257.4857542882548,68244000
2018-09-18,257.5653076171875,258.15849572409456,256.36117953190404,256.38773979012984,61930400
2018-09-19,257.83990478515625,258.25603372371484,257.4945942316351,257.6185601799571,49080600
2018-09-20,259.9292907714844,260.2480409377501,257.85750925934076,259.0970602153132,100360600
2018-09-21,259.6917724609375,260.78572685618775,259.5316895177993,260.67010234995365,105479700
2018-09-24,258.8290100097656,259.255924905908,258.2509147479603,259.1136199405272,53409600
2018-09-25,258.5889892578125,259.38943125963567,258.3488647998379,259.28270927831363,44370000
2018-09-26,257.8152770996094,259.91421551245395,257.3972644981479,258.7313438038446,79739700
2018-09-27,258.5357360839844,259.620788583103,258.01100136238296,258.28670897641217,59249500
2018-09-28,258.5622863769531,259.0603403412746,257.87746896148747,257.913024857578,70091400
2018-10-01,259.4605407714844,260.5277874939204,258.7935013917487,259.7984845913529,62078900
2018-10-02,259.3093566894531,260.02085456876165,258.93582980248266,259.3093566894531,47258200
2018-10-03,259.4516296386719,260.776805810469,259.0958807429701,260.3587933939966,64694600
2018-10-04,257.42388916015625,259.02477312297555,255.840783146468,258.97141213367536,111545900
2018-10-05,255.98309326171875,258.16207274661025,254.56007018759942,257.6462407924696,105951700
2018-10-08,255.98309326171875,256.3388422447717,253.9197111613411,255.29824864888656,87742200
2018-10-09,255.60955810546875,256.90805420357475,255.049240523284,255.60068270102317,74339000
2018-10-10,247.51608276367188,255.17370940377114,247.1425558886837,255.10254333298064,214731000
2018-10-11,242.06430053710938,248.04985344310182,240.45448623503748,246.4311637338242,274840500
2018-10-12,245.42613220214844,246.44001835410387,242.2421144137428,246.15540825667637,183186500
2018-10-15,244.04751586914062,246.39550796513305,243.95857183970327,245.0703043529026,102263700
2018-10-16,249.38377380371094,249.75732778351343,245.53274521806253,246.0041186081105,118255800
2018-10-17,249.42831420898438,250.0508681229723,246.85797564445298,249.41941166358663,110626000
2018-10-18,245.82635498046875,249.0904144724787,244.55453915232613,248.49451374033328,134557500
2018-10-19,245.69284057617188,248.4054565565416,244.9991207002211,246.475504465327,139901600
2018-10-22,244.59010314941406,246.68013896830266,244.05646601062688,246.35997297017775,82415800
2018-10-23,243.3449249267578,244.46556013102136,238.89799429639206,240.97918171628453,146352700
2018-10-24,235.9719696044922,243.47839182892562,235.42055446462632,243.0959351083187,177806700
2018-10-25,240.2053985595703,241.74404636445752,236.7812836082861,237.8040722486143,138061500
2018-10-26,235.98086547851562,241.02369796509979,233.2771505490579,236.50562730362188,201574600
2018-10-29,234.67344665527344,240.356637911911,231.10702619215752,239.06701697199145,160749100
2018-10-30,238.15087890625,238.462169433922,234.01523944405503,234.50441802808442,157116000
2018-10-31,240.6946563720703,243.00706654226548,240.24106060268522,240.71243432976223,128296300
2018-11-01,243.25592041015625,243.4515863730925,240.47213849552253,241.55719026418708,99495000
2018-11-02,241.815185546875,244.78573168928202,239.76958135193883,244.3588166152821,122634100
2018-11-05,243.14927673339844,243.7006917677633,241.33492150588376,242.30434908918804,65622500
2018-11-06,244.68789672851562,244.8479797106511,243.02474908298626,243.08701262334208,60085900
2018-11-07,249.92642211914062,250.00646361926934,246.43111376204413,246.85802890464325,102752100
2018-11-08,249.4727783203125,250.11313733964522,248.33436530171073,249.12590474479975,65584900
2018-11-09,247.035888671875,248.35216271227114,245.6306434523214,248.165399233387,98812600
2018-11-12,242.41993713378906,246.7690203554735,241.90407807858057,246.52889591785222,99673600
2018-11-13,241.96633911132812,244.8746213934451,241.24593866399726,242.88240555311336,98176600
2018-11-14,240.31204223632812,244.23420953718542,238.75561716262624,243.83400223194454,125335900
2018-11-15,242.82009887695312,243.2825968590688,237.47490872977272,239.04911180868868,135101400
2018-11-16,243.45162963867188,244.3587935506492,241.21035963910745,241.72621869757143,126668000
2018-11-19,239.3337860107422,243.1403571320243,238.41771948586543,242.84684454276717,103061700
2018-11-20,234.90460205078125,237.46603781258796,234.04189663297697,236.00743189304094,136021300
2018-11-21,235.70506286621094,237.59945934806558,235.6961874628989,236.4521438330722,75563700
2018-11-23,234.1309051513672,235.52724792786714,233.97082215763012,234.06864160649894,42807900
2018-11-26,237.91075134277344,238.1330978393555,235.98967435527595,236.38100636061282,79981400
2018-11-27,238.71119689941406,238.71119689941406,236.27428794556133,236.8790639113208,75502400
2018-11-28,244.20755004882812,244.20755004882812,238.6488885933492,239.77842597191955,127629600
2018-11-29,243.6739501953125,245.07026538200046,242.2953858130194,243.43379863982963,82346400
2018-11-30,245.15921020507812,245.71952764718066,243.20257757168687,243.52274345751525,98204200
2018-12-03,248.40553283691406,249.3838629987836,246.81355122186906,249.277141006927,103176300
2018-12-04,240.3565216064453,248.00524520620561,240.0452311362065,247.57833023485793,177986000
2018-12-06,239.9918975830078,240.10752209732985,233.41044708855944,236.50551991524597,204185400
2018-12-07,234.4154815673828,241.2192792431404,233.57945653094646,239.65395115076464,161018900
2018-12-10,234.86016845703125,235.82959594381217,230.01300388121976,234.23758739782187,151445900
2018-12-11,234.9135284423828,238.23982339583532,233.44604697126593,238.05305993563306,121504400
2018-12-12,236.09640502929688,239.24483913662817,236.01636354460717,237.88407961308872,97976700
2018-12-13,236.01634216308594,237.90183601004946,234.90460973993248,237.03913056400617,96662700
2018-12-14,231.6584014892578,234.82461387404103,231.10698644297347,233.87296422091924,116961100
2018-12-17,227.11361694335938,231.81846306627645,225.4860388815235,230.70673052985472,165492300
2018-12-18,226.8646240234375,229.41717153878733,225.26372621629173,228.75013191672292,134515100
2018-12-19,223.46710205078125,230.70670291867975,221.76838525235763,226.9446042655469,214992800
2018-12-20,219.82957458496094,223.78734026559914,217.58831767161695,222.2220255163343,252053400
2018-12-21,215.3252716064453,223.38544121407978,214.6811733082712,220.72853914666143,255345600
2018-12-24,209.63583374023438,215.45060262563953,209.57322025034426,213.84035620425558,147311600
2018-12-26,220.22763061523438,220.22763061523438,209.1169520452067,211.093979247737,218485400
2018-12-27,221.91845703125,222.11525206408402,213.76883305691481,216.998267255641,186267300
2018-12-28,221.6321563720703,224.89736734289866,220.46919984471873,223.26923912477056,153100200
2018-12-31,223.5733642578125,223.81490460672552,221.38164665156634,223.25131500932955,144299400
2019-01-02,223.80596923828125,224.7273989963419,220.02190048222155,220.04873678437622,126925200
2019-01-03,218.4652862548828,222.36565378784775,217.98220563532138,222.06148635507896,144140700
2019-01-04,225.78302001953125,226.42711863841959,221.1133118576938,221.48903377701097,142628800
2019-01-07,227.5631866455078,228.96766966524018,225.15676508760038,226.0513447804907,103139100
2019-01-08,229.70126342773438,230.18434420172517,227.2232870155942,229.74600880148805,102512600
2019-01-09,230.77474975585938,231.61565694335764,229.18239882003667,230.40796876553281,95006600
2019-01-10,231.58880615234375,231.83928738611394,228.56512228014213,229.2450116148356,96823900
2019-01-11,231.6782684326172,231.70510473251588,229.93382703798264,230.51529840272522,73858100
2019-01-14,230.26480102539062,231.06991726630778,229.37917589042223,229.78172036067835,70908200
2019-01-15,232.90386962890625,233.2169780367859,230.63162916363206,230.6405836982719,85208300
2019-01-16,233.4674072265625,234.35303234522823,233.12746259100066,233.33319843854275,77636700
2019-01-17,235.2387237548828,236.09754011844694,232.55498404467215,232.5997294200896,96118400
2019-01-18,238.36968994140625,238.83488883956215,235.27445194397527,237.04572950918973,127900300
2019-01-22,235.14920043945312,237.11728664606434,233.53896794342953,236.9025962600359,115531200
2019-01-23,235.64117431640625,236.87569831559895,233.18108084857667,236.17792744219412,86030300
2019-01-24,235.7664794921875,236.34797816335373,234.4514461827318,235.46232565671974,59204100
2019-01-25,237.7613983154297,238.5844236749442,235.86489366572147,237.60930774993875,96883400
2019-01-28,235.9542999267578,236.0168997440564,234.19197720278268,235.6233098766366,85613700
2019-01-29,235.64117431640625,236.66098068504496,234.80922198665394,236.09741856838565,66136300
2019-01-30,239.37159729003906,240.21250429784018,236.39265923503496,237.15305735490657,92473700
2019-01-31,241.47389221191406,241.9569728947139,239.09430693048517,239.3090246230662,104012100
2019-02-01,241.59017944335938,242.61001335424547,240.80294497890085,241.67068833626018,85782500
2019-02-04,243.2898712158203,243.3524983427084,240.963958692069,241.63489342197394,60744800
2019-02-05,244.3097686767578,244.61392255740444,243.2183801401264,243.71934268476923,79552800
2019-02-06,243.98764038085938,244.52439362076777,243.25410583006848,244.03238574275397,58347800
2019-02-07,241.66183471679688,242.92316839019685,240.00685639085472,242.3774877386251,95482000
2019-02-08,241.9569091796875,242.05529981672302,239.59520628605011,240.41823140666887,75788900
2019-02-11,242.0911865234375,242.86946659878197,241.5633877056799,242.61005810727352,68021400
2019-02-12,245.2042999267578,245.58000811053353,243.62983092699662,243.70141259084346,72270200
2019-02-13,246.00042724609375,246.84133422602136,245.61576458304654,246.03621807301033,65277200
2019-02-14,245.454833984375,246.58201337914272,244.1040096176557,244.91808059160886,83234400
2019-02-15,248.1295166015625,248.16530742640353,247.02024673509356,247.22598255202874,97088700
2019-02-19,248.55899047851562,249.21201622764568,247.32446604809505,247.33342058177877,59120800
2019-02-20,249.05990600585938,249.51615033119904,248.02219040925297,248.5231527937661,76610800
2019-02-21,248.17437744140625,248.78268524476772,247.21717035939122,248.42485873104997,64214700
2019-02-22,249.71299743652344,249.90977876755096,248.15641015139627,248.79155411176745,78114600
2019-02-25,250.0528564453125,251.6541614228157,249.97234756493305,251.13531731579243,69030700
2019-02-26,249.8739776611328,250.7506481871813,249.49824222111025,249.70400535498007,56844100
2019-02-27,249.76670837402344,250.1155803239667,248.2280299194689,249.1583733195915,56921600
2019-02-28,249.30148315429688,249.99032704780788,248.97944754206418,249.55196439728053,69268300
2019-03-01,250.85812377929688,251.26962291577038,249.42679038672932,250.87600555030397,78880500
2019-03-04,249.94557189941406,252.1551849315805,247.65544996733956,251.9136582318563,106494600
2019-03-05,249.60562133789062,250.26762888884477,249.05994081793222,250.0708202602486,59114600
2019-03-06,248.09375,249.73084596641513,247.77171444618895,249.72189143423049,75039800
2019-03-07,246.01837158203125,247.78962191252373,245.17746448154068,247.64648588473747,94885100
2019-03-08,245.52627563476562,245.6962479194424,243.7013531578135,244.16652465775047,85795800
2019-03-11,249.08677673339844,249.24779452916363,246.21518350729428,246.2420198065885,65098900
2019-03-12,250.02613830566406,250.54500995828857,249.45362134116922,249.6414754841614,79667500
2019-03-13,251.6810302734375,252.6114007343966,250.7506598124784,250.91170489447018,80639200
2019-03-14,251.5200653076172,252.12837303273284,251.08172993222647,251.7079194255833,67518400
2019-03-15,252.76268005371094,253.57134263691682,251.88212050895183,252.07082946753658,81309000
2019-03-18,253.67913818359375,253.97566513758062,252.75366368534984,252.97829368415324,62199800
2019-03-19,253.74203491210938,255.50312638155242,252.85250891337472,254.7394063409619,90268100
2019-03-20,252.97836303710938,254.73048847637557,251.87320068923955,253.52647464319236,84609200
2019-03-21,255.8356475830078,256.239965190846,252.11576106694608,252.1607035260337,79550400
2019-03-22,250.9116973876953,254.99995221393374,250.84879440990014,254.4788227052167,122659300
2019-03-25,250.72300720214844,251.75629963033535,249.46508479302298,250.57024675002336,85575200
2019-03-26,252.59193420410156,253.54436319608845,251.19024521888866,252.47512221855817,68125900
2019-03-27,251.2711181640625,253.1670096654195,249.72566263249684,252.58294971576728,72224700
2019-03-28,252.22360229492188,252.6728624031701,250.75004339861144,251.90014817890042,56238500
2019-03-29,253.81399536132812,254.1374494706387,252.60998158668255,253.73313183400046,82186800
2019-04-01,256.823974609375,257.12050158234626,255.53909751491526,255.80866998313059,77617900
2019-04-02,256.94976806640625,257.18339204335194,256.1590660711943,257.01267104799234,40070400
2019-04-03,257.3541259765625,258.55813955865335,256.75210547518907,258.16278854117206,68243200
2019-04-04,258.0369567871094,258.28854128030713,256.9857037843611,257.6775542854916,48997500
2019-04-05,259.2859802246094,259.33988924285876,258.41441453536396,258.7019475798009,58621700
2019-04-08,259.483642578125,259.59146060914446,258.2077318961907,258.8636614791043,53566300
2019-04-09,258.15380859375,258.8456592016085,257.60572449284734,258.522205126451,66142300
2019-04-10,259.03436279296875,259.1242202855344,258.1538032388763,258.56711479989013,52601500
2019-04-11,258.96240234375,259.5284742454136,258.3963304420864,259.5194802721649,55093100
2019-04-12,260.7146911621094,260.99323030165215,259.00750782987916,260.5709246028829,69727800
2019-04-15,260.54388427734375,260.8853263154702,259.74418819639936,260.78647484201645,49596700
2019-04-16,260.7146911621094,261.4784390114582,260.1216643880503,261.4245299793317,52153200
2019-04-17,260.07666015625,261.8557124477344,259.6633211574548,261.8287579409137,58268300
2019-04-18,260.5887756347656,260.8583481027852,259.36680152584245,260.6606725944999,68708500
2019-04-22,260.8134460449219,260.96620654252615,259.73523826780877,259.8250957710666,40160100
2019-04-23,263.1585998535156,263.39222387949684,260.9482478452623,261.1818444505832,52246600
2019-04-24,262.5745544433594,263.410171605521,262.43078792825753,263.0777235358863,50392900
2019-04-25,262.41278076171875,263.06871029746924,261.22675508512435,262.47568374884355,57770900
2019-04-26,263.6347961425781,263.7066656882998,261.68499538422964,262.4577369591944,50916400
2019-04-29,264.0480041503906,264.56916097991075,263.63469272813677,263.72455019053484,57197700
2019-04-30,264.1830139160156,264.47054708568515,262.2961426141559,263.7067991002945,81111700
2019-05-01,262.1971435546875,265.0185097807534,262.1881495792361,264.8118402899683,71671900
2019-05-02,261.63104248046875,262.9968104059952,260.13949601586444,262.0803024726753,65030200
2019-05-03,264.1919250488281,264.4704641506386,261.7389547366939,263.1047231539981,56543700
2019-05-06,263.10467529296875,263.54494138916215,259.58246426144535,259.8969517961515,107198100
2019-05-07,258.7109069824219,261.29864946948265,256.806048601852,260.70562286447625,144729900
2019-05-08,258.3515625,260.0587457295105,257.75853576162285,258.3515625,91568300
2019-05-09,257.5697937011719,258.1717868559465,254.5507516890629,256.2849164466201,103471100
2019-05-10,258.86376953125,259.6185234840864,253.65233401785065,256.6354287509685,112429300
2019-05-13,252.3583984375,254.7215112151304,251.52278113899095,253.76011533329586,127290500
2019-05-14,254.64068603515625,256.1681817443647,253.24799032785907,253.3737689301306,77003200
2019-05-15,256.1321716308594,256.7701133090534,252.8076358497461,253.0143053717125,73956400
2019-05-16,258.5042419433594,259.8609886388919,256.76111076781007,256.83298031022184,76749600
2019-05-17,256.8329772949219,259.312901499198,256.1860417381828,256.2040296890674,100353000
2019-05-20,255.134765625,256.9407721836039,254.3889786675139,255.23358966334033,62877600
2019-05-21,257.43499755859375,257.8123606375981,256.57239853669876,256.82398306292055,46847100
2019-05-22,256.6443786621094,257.5968080643364,256.16816396099586,256.48265157584416,49482500
2019-05-23,253.508544921875,254.46994085746962,252.0978613902415,254.42502580819826,98733800
2019-05-24,254.08355712890625,255.3594679586929,253.46357595804218,254.94612889767544,55268100
2019-05-28,251.72039794921875,255.31447831235778,251.7024374188396,254.3620492097785,70029400
2019-05-29,250.03109741210938,251.01048071357127,248.62940870353563,250.6061632518568,104972900
2019-05-30,250.71409606933594,251.62161026679743,249.6179003033244,250.78596562189657,62523800
2019-05-31,247.33560180664062,248.997869366568,247.30864730223772,248.17124628444185,86862800
2019-06-03,246.70660400390625,248.48565577361603,245.37678474256816,247.37149992425032,96428000
2019-06-04,252.0618896484375,252.19666220448534,248.5486721105906,248.99793224452503,77231900
2019-06-05,254.24520874023438,254.27216324311325,251.87313022493018,253.6791367591237,71169700
2019-06-06,255.8985137939453,256.5724038696885,253.89483151795633,254.54176708749608,69430400
2019-06-07,258.4593200683594,259.53755523499956,256.74314326213107,256.9138642871934,74272200
2019-06-10,259.64532470703125,261.3075921861058,259.5554672231737,260.0047272218072,60799100
2019-06-11,259.5823974609375,261.8286972441243,258.93546202655364,261.4603007892035,58641300
2019-06-12,259.1242370605469,259.9059451972257,258.61207399835774,259.3488670961745,47096300
2019-06-13,260.1935119628906,260.55294204090757,259.33094010111313,260.03178488018204,48945200
2019-06-14,259.9058837890625,260.5078767867424,259.14213636424796,259.9058837890625,52324700
2019-06-17,260.00482177734375,260.76856953690236,259.83410072212484,260.13959434181544,39205700
2019-06-18,262.7273254394531,263.7786062363526,261.4604085491026,261.81983859907155,85434800
2019-06-19,263.32037353515625,263.85049725511794,261.89172945851396,262.8621193786363,78674400
2019-06-20,265.836181640625,266.2405267117123,263.38323896605675,265.9979361214567,116570000
2019-06-21,265.4496765136719,266.8220594796023,265.23299171747703,265.5670566296167,83309500
2019-06-24,265.1247253417969,265.97341688825486,264.9712218644644,265.6574273212025,47582700
2019-06-25,262.5243835449219,265.2059687471691,262.41604112123906,265.1788831412484,82028700
2019-06-26,262.26251220703125,263.92382683504434,262.15416979385975,263.418210537563,51584900
2019-06-27,263.19244384765625,263.6980600603321,262.6416941550696,263.020892537568,40355200
2019-06-28,264.5467834472656,265.04336195090093,263.65293111911507,264.167557504222,59350900
2019-07-01,266.94854736328125,268.0861979498704,265.7476878432094,267.8694855427903,78705600
2019-07-02,267.64373779296875,267.69790900113674,266.06367992868246,266.9033612093092,61504500
2019-07-03,269.7835693359375,269.80164477374774,268.1764259500246,268.3208916824014,40898900
2019-07-05,269.4766845703125,269.6392257975495,267.26461942981217,268.55574620144637,51677300
2019-07-08,267.99591064453125,269.2960749060107,267.45417094324387,268.1674620091727,45841800
2019-07-09,268.32989501953125,268.6278366109929,266.7859607557403,266.8401319541879,41101300
2019-07-10,269.6119689941406,270.5600200241594,268.8625824197976,269.39528421197224,58448500
2019-07-11,270.244140625,270.48791112906963,269.241945443128,270.25317834686444,50826100
2019-07-12,271.45391845703125,271.52616509938144,270.4246380127178,270.73161735765416,40326000
2019-07-15,271.54425048828125,271.88735320178154,271.03863413807807,271.88735320178154,33900000
2019-07-16,270.6683654785156,271.66154999805445,270.3613861822975,271.45387537678204,36650100
2019-07-17,268.8265380859375,270.80386996621183,268.8265380859375,270.64135633183906,36036300
2019-07-18,269.81072998046875,270.18995607768375,267.8875965462523,268.33000403131257,51392600
2019-07-19,268.31195068359375,270.93032731709434,268.1403993042997,270.90324170741786,58678600
2019-07-22,268.97100830078125,269.51274797837686,268.1945358876464,268.70916240503885,43638100
2019-07-23,270.89422607421875,270.89422607421875,269.2599965310851,270.0906678856096,44564500
2019-07-24,272.1672058105469,272.1672058105469,270.04540847226593,270.1357029970052,47213200
2019-07-25,270.86712646484375,271.77001688639325,270.0635407637308,271.7158456654226,55394100
2019-07-26,272.6819152832031,272.8805522564363,271.42688450822385,271.55330237938404,45084100
2019-07-29,272.185302734375,272.68190893290586,271.6345528760698,272.5645287849981,38126500
2019-07-30,271.51715087890625,271.9234625037329,270.4065859773304,270.7858119974368,45849000
2019-07-31,268.54669189453125,271.9506064237515,266.53326388586026,271.76097959602436,104245200
2019-08-01,266.2082214355469,271.652649838183,265.41367341757837,268.7002079366244,142646600
2019-08-02,264.2037048339844,265.55804002591907,262.6507327117384,265.31426961081803,116749700
2019-08-05,256.25836181640625,260.22203637331984,254.36228645172406,260.1136939331715,178745400
2019-08-06,259.851806640625,260.0685190404571,256.6736428346704,258.14535837183905,120711700
2019-08-07,260.00531005859375,260.7727722927134,254.6511774136103,256.7819852077057,140572300
2019-08-08,265.1066589355469,265.1066589355469,260.9443476671785,261.49509755220527,87713900
2019-08-09,263.30078125,264.7634586627928,261.5220868217728,264.1675479475779,93730000
2019-08-12,260.095703125,263.291916026931,259.14765145758554,261.80215203989064,65527600
2019-08-13,264.14056396484375,265.5851940525705,259.4545607891331,259.79766353479624,94299800
2019-08-14,256.3305969238281,260.7005834580758,256.2042065871093,260.0956622781489,135622100
2019-08-15,257.0076904296875,257.9015704661981,254.96717731036955,257.215365095548,99556600
2019-08-16,260.79986572265625,261.23323542718947,257.06188669690755,258.6600201444486,83018300
2019-08-19,263.94183349609375,264.6190010266753,263.1382756878927,263.81544321847423,53571800
2019-08-20,261.9194030761719,263.9689538188934,261.79301278192634,263.4362519312439,51596400
2019-08-21,264.05023193359375,264.42039264271136,263.3911122132719,264.07731753557846,49524700
2019-08-22,263.96905517578125,265.38659988353163,262.1993974986972,264.7545930615888,51666400
2019-08-23,257.18829345703125,264.33015864750445,255.94230050225514,262.6688438924776,149161500
2019-08-26,260.03240966796875,260.03240966796875,257.84740299073746,259.37328982123614,72423800
2019-08-27,259.0120849609375,261.7930019677156,258.2536605647307,261.42281371111113,66668900
2019-08-28,260.8359680175781,260.99848164367427,257.5494344017355,258.3530199208042,59696700
2019-08-29,264.1676330566406,264.6913248632864,262.3889380553566,263.3911606210267,57899400
2019-08-30,264.05023193359375,265.6663854420489,263.1202561934248,265.6483375587326,62901200
2019-09-03,262.5063171386719,263.2647416845759,261.17906729483354,262.3528412178477,69101400
2019-09-04,265.4858093261719,265.5038572084943,263.92379955368773,264.6732137573608,46887300
2019-09-05,268.8987731933594,269.8106735830968,265.44972592383255,267.96879736456265,83258100
2019-09-06,269.1064147949219,269.7474866798832,268.53761711069353,269.21478476498777,49584300
2019-09-09,269.24188232421875,270.18086834097136,268.3028687534425,270.0906013596085,51260300
2019-09-10,269.1786193847656,269.24182830225595,267.22837353862485,268.48337640040836,57947100
2019-09-11,271.09283447265625,271.17409129973674,268.8356085403277,269.48569071099945,68821100
2019-09-12,272.03173828125,273.08810416057753,271.2371906654044,271.995614965798,72908700
2019-09-13,271.8511962890625,272.82633309685326,271.4810080151809,272.47419270681183,62104800
2019-09-16,271.0116271972656,271.8964698439727,270.37058263040365,270.72269561213284,58191200
2019-09-17,271.6976623535156,271.7879293074554,270.6412689630707,270.8128202619807,41475500
2019-09-18,271.8602600097656,271.9686024312111,269.27797956454594,271.30948262871954,73375800
2019-09-19,271.8422546386719,273.2417514204653,271.50818956843375,272.24856637784467,76560500
2019-09-20,270.5577697753906,272.7256557739762,269.7686322549902,272.44444179650503,89565000
2019-09-23,270.49432373046875,271.2109087987867,269.6416852140578,269.89566087758845,43476800
2019-09-24,268.37176513671875,271.97279346935863,267.4102840114436,271.5827644184251,94869400
2019-09-25,269.9590759277344,270.40352627736024,266.97484206860895,268.4533536576858,71854000
2019-09-26,269.396728515625,270.17678656371356,267.9907970655747,269.9681805505696,56179700
2019-09-27,267.9454650878906,270.2584842358922,266.394400547626,270.1496138053091,84746600
2019-09-30,269.1881103515625,269.8956158448682,268.4171317139182,268.4624736286267,51662400
2019-10-01,265.9862365722656,270.72109036382295,265.76855105398255,270.06800612770223,88242400
2019-10-02,261.28765869140625,264.4170262525811,259.99964920337914,264.4079467960568,122539500
2019-10-03,263.4283752441406,263.455585936669,258.3488337490657,261.0609342690708,85278800
2019-10-04,266.9930419921875,267.2470176140269,264.0269389043035,264.0813879558739,65091200
2019-10-07,265.8410339355469,267.818445039267,265.5598476544299,266.19480049123445,59610500
2019-10-08,261.7139587402344,264.7254038708757,261.67766859806807,263.9906876592985,95708100
2019-10-09,264.1992492675781,265.13351958206624,263.10171486269707,263.7275882237998,62359400
2019-10-10,265.9862365722656,266.8660857836884,263.9544312515663,264.1176953902786,55296300
2019-10-11,268.74365234375,270.9750115009524,268.61667837739276,268.7345728885581,98720400
2019-10-14,268.4443664550781,269.0974506367518,268.0996792923519,268.42620754255415,40394800
2019-10-15,271.1021728515625,271.8459689025464,269.3696844465408,269.48760670843853,46754500
2019-10-16,270.66668701171875,271.3560614405588,270.2313159461551,270.639476320121,48928200
2019-10-17,271.46484375,272.3356133684746,270.77546947468795,271.8276621175921,45736600
2019-10-18,270.2765808105469,271.57366954233504,269.42394247522446,270.92966490395844,64304000
2019-10-21,272.1087951660156,272.3083493813206,271.1563936773508,271.59179224199676,39048600
2019-10-22,271.2199401855469,272.9342686902184,271.1292286758053,272.6440029315517,48594700
2019-10-23,272.00909423828125,272.0635156111766,270.7573472991516,270.9659810160959,34352200
2019-10-24,272.4535217285156,273.0884746005034,271.62809406743776,272.94334172458434,35453100
2019-10-25,273.5692138671875,274.1134552290327,271.82764704553614,271.8820684135941,45205400
2019-10-28,275.1112365722656,275.61013608971376,274.75749763127527,274.7847083190437,42147000
2019-10-29,275.0295715332031,275.9547901689378,274.7120950931229,274.8390967416614,44284900
2019-10-30,275.8731689453125,276.24503908773704,273.9229683145181,275.22913658461215,49643900
2019-10-31,275.1384582519531,275.8641227568858,273.68718460462867,275.8641227568858,69053800
2019-11-01,277.6872863769531,277.73262829214644,276.41738057633785,276.5806723698209,71141500
2019-11-04,278.8029479980469,279.37440006354313,278.4310501827038,279.2383466387265,60606900
2019-11-05,278.49462890625,279.30192558808307,278.2043630646061,279.00258028848964,42933200
2019-11-06,278.55810546875,278.8302123707764,277.61475540627197,278.4946046311865,46487100
2019-11-07,279.5376892089844,280.87106825413883,279.06602806695554,279.89145582645773,54272300
2019-11-08,280.2270812988281,280.2815026770793,278.4945936077772,279.1930197495144,49032100
2019-11-11,279.69189453125,279.864238107545,278.7122544469131,278.84833556176477,35797300
2019-11-12,280.2815856933594,281.1795663817463,279.5105790314099,280.05482065639063,46484600
2019-11-13,280.3722229003906,280.77133147412957,279.0660544192944,279.2928193961337,53917700
2019-11-14,280.7804260253906,280.8620857890122,279.45612610965475,280.09107921404535,51219900
2019-11-15,282.8121337890625,282.85747569869864,281.42433364278145,282.1136801480739,62023600
2019-11-18,283.02081298828125,283.2566574144179,282.122832567639,282.57636250635056,49228000
2019-11-19,282.93914794921875,283.62852223373176,282.2951432620522,283.619442778009,67804700
2019-11-20,281.8869323730469,282.86657234836355,280.3358680402715,282.3495416770167,79406200
2019-11-21,281.4334411621094,282.10468425402297,280.6352517705745,281.9958415043259,54664700
2019-11-22,282.059326171875,282.31330182529547,281.052503014795,282.1772483826184,44850200
2019-11-25,284.24530029296875,284.24530029296875,282.984501675249,282.984501675249,48647200
2019-11-26,284.8893737792969,285.0707968398084,283.9641826057425,284.2816591210013,37569000
2019-11-27,286.1592712402344,286.1592712402344,285.15242034281846,285.37010586387197,44444600
2019-11-29,285.0980224609375,285.84181829420453,284.87125746405906,285.59689438156045,36592700
2019-12-02,282.6761779785156,285.41548908041284,282.24985869193915,285.3519882399865,75767800
2019-12-03,280.7804260253906,280.8620857890122,278.5853562166905,279.96407752065693,73941700
2019-12-04,282.5128479003906,283.11151071206064,281.4788140847929,281.82350125041523,49080000
2019-12-05,283.02081298828125,283.229446725346,281.7146445502904,283.211315493055,40709000
2019-12-06,285.60589599609375,286.00500449632267,284.9165217354681,284.9256011908763,48927000
2019-12-09,284.7078857421875,285.887052207936,284.63530546909504,285.21583692878045,34838500
2019-12-10,284.39044189453125,285.3156328729228,283.73735776823526,284.6534969724014,52649800
2019-12-11,285.1977844238281,285.4517600872291,284.3088557612892,284.8440177776958,53429100
2019-12-12,287.65582275390625,288.4358807429049,284.97093401980595,285.20675069859516,96389600
2019-12-13,287.82830810546875,289.0528447364349,286.64911340549975,287.42012000138783,81503900
2019-12-16,289.8055725097656,290.3951557751756,287.76468819631657,289.55159690245364,82749700
2019-12-17,289.869140625,290.4859347171941,289.787508555263,290.18661712815833,61097700
2019-12-18,289.8872375488281,290.4859003373177,289.8328161754444,290.25913538779594,48133000
2019-12-19,291.0754699707031,291.1480502526444,289.8237230792523,290.07769870351285,85310500
2019-12-20,292.3515625,293.48183740439526,291.13013011229833,292.10543451333706,147142100
2019-12-23,292.7983093261719,293.19025605431125,292.65246286090326,293.13556710700664,52990000
2019-12-24,292.8074035644531,293.0717241770153,292.5065865675843,293.0261593313642,20270000
2019-12-26,294.3660583496094,294.3751824445798,293.1810943326841,293.1901906102919,30911200
2019-12-27,294.2930603027344,295.1498905317027,293.7643914337797,295.0952016079266,42528800
2019-12-30,292.6705627441406,294.51184926989555,292.1874586969327,294.37512695792304,49729100
2019-12-31,293.381591796875,293.6277198137139,291.82290156546304,292.1692833540794,57077300
2020-01-02,296.125244140625,296.1434923281095,293.99229250686125,294.91293581934144,59151200
2020-01-03,293.8829345703125,295.00411329960116,292.68884653822107,292.74353546966336,77709700
2020-01-06,295.004150390625,295.0861837981025,292.01434006994486,292.1328420420894,55653900
2020-01-07,294.1746520996094,294.9129805533922,293.7279886988713,294.43897268463854,40496400
2020-01-08,295.742431640625,296.9547400028766,294.1199284891358,294.3660286722624,68296000
2020-01-09,297.747802734375,297.8207398631898,296.7177813744384,297.3011671355,48473300
2020-01-10,296.8909912109375,298.48615024274386,296.4261352089056,298.33120751452185,53029300
2020-01-13,298.9328308105469,298.94192708972656,297.0824473403548,297.51086261756024,47086800
2020-01-14,298.4770202636719,299.54348231822837,297.9209789989077,298.49524063629786,62832800
2020-01-15,299.1514892578125,299.9080379561586,298.3037830757557,298.3858164658878,72056600
2020-01-16,301.6399230957031,301.6399230957031,300.29998886032536,300.5278686430947,54050300
2020-01-17,302.5788879394531,302.7885196066415,301.57621099627295,302.3510080804288,95846000
2020-01-21,301.986328125,302.78846954692693,301.5488166711206,301.6217259743135,77742400
2020-01-22,302.02276611328125,303.4903264792452,301.8678234281699,302.8431278236257,48914900
2020-01-23,302.3691711425781,302.77936593801815,300.2635638696882,301.37561848363805,51963000
2020-01-24,299.6802978515625,303.107620551751,298.39505183899183,303.025587123379,87578400
2020-01-27,294.87640380859375,296.3530601744167,294.1107311676986,294.44798875528124,84062500
2020-01-28,297.9666442871094,298.8416952816207,294.9677371260553,296.2985479035743,63834000
2020-01-29,297.7204284667969,299.55259115613137,297.5198931086739,299.32471133178075,53888900
2020-01-30,298.68670654296875,298.8963660446492,294.91303023429634,295.6604550917531,75491800
2020-01-31,293.26312255859375,298.22178991387807,292.3516032332454,298.0668193889295,113845600
2020-02-03,295.4416198730469,297.30112696346464,294.6212580975968,294.73976005288546,69083000
2020-02-04,299.944580078125,300.8105346597248,298.7231473854342,299.0421847479902,62573200
2020-02-05,303.4083251953125,303.6179846653886,301.41212336008243,302.870532103236,65951100
2020-02-06,304.4292297363281,304.6206410029242,303.35361580732535,304.3654167083422,50359700
2020-02-07,302.8067626953125,304.4383624299263,302.2598454793981,303.37190028539015,64139400
2020-02-10,305.0673522949219,305.13116533874893,301.88615800893024,301.9226265793127,42070000
2020-02-11,305.5959777832031,307.2002328793031,305.0672809970112,306.41633961218275,54864500
2020-02-12,307.56494140625,307.7745731014097,306.6625181282939,307.02712038790895,43992700
2020-02-13,307.2366943359375,308.20290257264736,305.8694153801374,306.1428600443528,54501900
2020-02-14,307.7289123535156,307.84741430987003,306.4527909338537,307.64687895696886,64582200
2020-02-18,306.9359436035156,307.7927740817303,305.5504162851949,306.73540821888315,57226200
2020-02-19,308.4034729003906,309.077988360176,307.6195795625174,307.9021483533661,48814700
2020-02-20,307.1365051269531,308.6769752996938,304.1558185736376,307.8565854998732,74163400
2020-02-21,303.9735107421875,306.0973387829116,303.1531209980254,305.7874255135602,113788200
2020-02-24,293.8921203613281,304.04643281297626,292.81650624331786,294.5484154937722,161088400
2020-02-25,284.98651123046875,295.8882745622072,284.1114604678439,295.27757219253857,218913200
2020-02-26,283.9382629394531,289.9633921811157,283.2090586238566,286.38112799579915,194773800
2020-02-27,271.1861267089844,283.9929622601153,271.1861267089844,278.43268874388383,284353500
2020-02-28,270.04669189453125,271.5324726677233,260.2752047841163,263.15560884540804,384975800
2020-03-02,281.7415466308594,281.80535966924487,268.40601247661044,271.82421045255126,238703600
2020-03-03,273.6745300292969,286.07119736155244,271.24078921564694,282.11520716459734,300139100
2020-03-04,285.17791748046875,285.3967010302959,276.4911395839047,279.0342862432625,176613400
2020-03-05,275.69818115234375,281.17642226819964,273.4649750598973,277.99522810355086,186366800
2020-03-06,271.14056396484375,272.3437762979566,264.55029623787203,267.2119174164198,228667200
2020-03-09,249.96595764160156,259.04468244351574,249.25497367188592,250.94126219037892,309417300
2020-03-10,262.90045166015625,262.9915813511426,249.30056924454237,259.4549092564181,276444100
2020-03-11,250.0844268798828,256.9937588920719,246.91235745450595,255.8634838386491,255316300
2020-03-12,226.15707397460938,243.06576125881952,225.76511340861424,233.3489613279396,392220700
2020-03-13,245.4904327392578,247.45931815181189,226.53082479595767,239.8116563713259,329566100
2020-03-16,218.62791442871094,234.16930770515287,216.3582263151674,219.84022288446778,297240000
2020-03-17,230.43209838867188,233.50392810842425,216.09390266325667,223.35869921057358,262070500
2020-03-18,218.76461791992188,226.3940295191016,207.84462130318278,215.3464207649231,327597100
2020-03-19,219.22950744628906,225.49165465544974,211.6730183757266,218.08099810602204,289322000
2020-03-20,209.78196716308594,224.1494627814303,209.50690060052804,222.37071486608463,347158800
2020-03-23,204.41819763183594,210.5887902110001,200.1180323073944,209.2226492719146,326025200
2020-03-24,222.939208984375,223.81025556170377,214.3663954320049,214.9348561536564,235494500
2020-03-25,226.27664184570312,235.04201992086357,219.82181757105965,224.5162352253458,299430300
2020-03-26,239.48890686035156,240.9558914934752,228.34881392408727,228.77974835482536,257632800
2020-03-27,232.3555908203125,239.13132946268587,230.1825909794387,232.21806449765097,224341200
2020-03-30,239.90145874023438,240.61662346155654,232.45640344110245,234.44602980585432,171369500
2020-03-31,236.32568359375,241.44185872909284,234.922859122693,238.90211266816877,194881100
2020-04-01,225.68984985351562,236.24314028710725,223.62687128450554,227.36774076850008,189554600
2020-04-02,230.89773559570312,231.67707467324524,224.25952385795503,224.8096570813122,177660400
2020-04-03,227.5602569580078,232.26385185645358,224.83712454211462,229.91662928983567,135561200
2020-04-06,242.8446044921875,244.80673935456574,227.54190283658446,236.40812276656246,188061200
2020-04-07,243.09225463867188,252.16935565660157,242.87221252313967,251.41750778727922,201427200
2020-04-08,251.25250244140625,253.0587562775526,243.20230109645226,245.68703684697715,153774500
2020-04-09,255.0758514404297,257.8264895451894,252.57276069196072,254.50736272812495,189999200
2020-04-13,252.74696350097656,254.44319588474661,248.8502262862596,254.10395500418002,114839100
2020-04-14,260.201171875,261.2188944182337,252.60941275513804,257.6247434043118,134143400
2020-04-15,254.67239379882812,260.338700945521,252.56355469912342,254.49818449986756,121775000
2020-04-16,255.90109252929688,256.75378381045863,252.8387181358221,255.94692531523054,131798300
2020-04-17,262.8142395019531,263.4193550866855,258.9266530783905,261.658962878332,146684800
2020-04-20,258.18408203125,262.95186638326464,257.96403991624453,259.11928900096365,100109300
2020-04-21,250.34469604492188,254.92909188820968,249.4094613850949,253.72798241574282,126385700
2020-04-22,255.90109252929688,257.6431581089337,253.8931240407909,255.2134328546289,92951600
2020-04-23,255.8826904296875,260.33873886010645,255.58013253954968,257.17549374033564,104709700
2020-04-24,259.4493408203125,260.1186727932332,255.35088916404356,257.39554010912246,85063200
2020-04-27,263.19024658203125,264.30884067979105,260.9622361353189,261.42067588061485,77896600
2020-04-28,261.97991943359375,267.1786091367333,261.6773336103177,266.83019054311086,105270000
2020-04-29,268.83819580078125,270.36939668055743,266.2709447231819,267.29784515422165,118745600
2020-04-30,266.3350524902344,268.93898579069054,264.6021375509596,267.46279588157535,122901700
2020-05-01,259.2843933105469,266.5002313799912,258.11993829550914,261.5949198596324,125180000
2020-05-04,259.9994812011719,260.30203907180845,255.92853469244014,257.4046969992286,80873200
2020-05-05,262.4016418457031,265.20728975991784,260.12777151810104,262.814248648765,79569900
2020-05-06,260.6229553222656,264.4830095523587,260.192020908388,264.09793589455825,73632600
2020-05-07,263.7677917480469,265.6932435927499,263.26351939914133,263.8319800050877,75250400
2020-05-08,268.13214111328125,268.59975843411314,265.7665772347648,266.89434866344646,76452400
2020-05-11,268.1872253417969,269.56254444611375,265.7850057832069,266.20676247386785,79514200
2020-05-12,262.8418273925781,269.7825831185984,262.7042730991444,269.37000418111256,95870800
2020-05-13,258.1932678222656,263.3186207708161,255.77269255804435,262.2825424788248,144721100
2020-05-14,261.2831726074219,261.41152119733994,250.29894526780333,255.76356766017756,121977900
2020-05-15,262.4842834472656,262.5301162336093,257.9548961111286,258.899280953549,111146300
2020-05-18,270.4794616699219,272.0840008493197,268.37064994080464,268.6915353919301,119703800
2020-05-19,267.7012023925781,271.58876097438247,267.68287488299757,269.8833792126806,95189300
2020-05-20,272.24896240234375,273.1108311782877,271.00201999174817,271.2312398155431,85861700
2020-05-21,270.3694152832031,272.92751677002803,269.278326504917,272.1206583812847,78293900
2020-05-22,270.8826904296875,271.05689965014176,268.8472182578359,270.08501030493466,63958200
2020-05-26,274.2203063964844,277.0718161691973,270.90120710948116,276.83341854716673,88951400
2020-05-27,278.3003845214844,278.3370675296901,272.19396476879547,277.007581296367,104817400
2020-05-28,277.7869567871094,281.3352756373356,277.1176247426951,279.32730748503195,90405200
2020-05-29,279.02471923828125,279.61150744849493,274.5778489741923,277.3193091660714,119090800
2020-06-01,280.15240478515625,280.75754836392883,277.8693847232331,278.3828347935377,55758300
2020-06-02,282.47216796875,282.51802872321025,279.739885508997,281.06934373149255,74267200
2020-06-03,286.23138427734375,287.18494662104723,284.1775835194625,284.45263612777273,92567600
2020-06-04,285.4795227050781,286.98321817364206,283.3890390401753,285.2503028822557,75794400
2020-06-05,292.7962646484375,294.565835177491,290.7974742690629,290.8616625425781,150524700
2020-06-08,296.3354187011719,296.52795553104175,293.0621526886974,293.60310815038525,73641200
2020-06-09,294.12567138671875,296.4086915242657,292.81451293214826,293.6763815746221,77479200
2020-06-10,292.4845275878906,295.5927621739855,291.7693627776029,294.70338803982554,95000800
2020-06-11,275.62310791015625,286.2039042091924,275.07300264511355,285.57125517345406,209243600
2020-06-12,278.92388916015625,283.3890875968667,273.78020888553783,282.61891221793167,194678900
2020-06-15,281.52783203125,282.65560386034076,272.07480686820895,273.24841147874247,135782700
2020-06-16,286.9466247558594,289.403883289215,282.0963519368916,289.25717919909346,137627500
2020-06-17,285.75457763671875,288.2576679504427,285.0210574809537,287.96425988813667,83398900
2020-06-18,285.86468505859375,286.34145231822947,283.7833786982742,284.2418184413267,80828700
2020-06-19,284.23089599609375,289.5169330939847,282.2877529407937,289.3235490329569,135549600
2020-06-22,286.05438232421875,286.45036871018254,282.4904486423991,283.6323733290194,74649400
2020-06-23,287.3712158203125,289.6274664668477,286.96601139314646,288.69733429029844,68471200
2020-06-24,280.040771484375,285.95305250280444,278.20816137818287,285.3360276763805,132813500
2020-06-25,283.0429992675781,283.31007226818923,277.4530430466422,279.469847494696,89468000
2020-06-26,276.3202819824219,282.1589024781775,275.7401296700566,281.94708210428337,127961000
2020-06-29,280.3815002441406,280.51963173893165,275.2888463730119,277.5727234684733,79773300
2020-06-30,283.9730529785156,285.667559621828,279.7921232790596,279.9486629348006,113394800
2020-07-01,285.9622802734375,287.22395639224413,284.62697148514405,285.08742860608777,72396500
2020-07-02,287.53704833984375,290.7326217108491,286.8739889973159,289.38806675534465,69344200
2020-07-06,291.97576904296875,292.55594935283244,290.6036161923204,291.34955427526955,61713800
2020-07-07,288.96441650390625,292.4086261412663,288.58683836174674,290.43788464051073,82910000
2020-07-08,291.1745910644531,291.2850962513282,287.96982822881216,289.7287492933504,54638600
2020-07-09,289.51702880859375,292.0219167134949,286.10963481375455,291.78247001320926,83354200
2020-07-10,292.4731140136719,292.74018697945144,288.02511114921197,289.45251680342045,57550400
2020-07-13,289.940673828125,297.18826534712787,289.2868325014448,294.8123186633165,102997500
2020-07-14,293.69793701171875,294.47150148289853,287.3251990766644,288.5223761645233,93657000
2020-07-15,296.3962707519531,297.4921610086868,294.0202961383002,296.91198050758385,87196500
2020-07-16,295.4200134277344,295.87125229977755,293.8544483675677,294.4990994168282,54622500
2020-07-17,296.27655029296875,297.059333070297,294.45312985797676,296.42389995374253,62774900
2020-07-20,298.6708068847656,299.41674490566004,295.2634141664596,296.00935218735395,56308800
2020-07-21,299.3063049316406,301.0744442907489,298.3209200855165,300.632423503006,57292200
2020-07-22,301.01007080078125,301.3232064320172,298.83672628141903,298.94723151405407,57792900
2020-07-23,297.4184875488281,301.35080976950474,296.0555523114501,300.6509058773969,75738000
2020-07-24,295.5029296875,296.5251308789289,294.00183516323403,295.5674004213925,73766600
2020-07-27,297.6578063964844,297.8327822943415,295.40155598984086,296.1935565965724,48293000
2020-07-28,295.7699890136719,298.0446479275418,295.4752897615271,296.9303216498821,57495000
2020-07-29,299.4076232910156,299.9693955729184,296.60803622504216,296.64488066256155,48454200
2020-07-30,298.3393249511719,298.7537475391664,294.36099738513786,296.4422441472383,61861700
2020-07-31,300.6968078613281,300.7981230082648,295.9172622915835,300.1258457184252,84986800
2020-08-03,302.78741455078125,303.55176103880365,301.81124766050027,302.35458371421714,53077900
2020-08-04,303.95684814453125,303.95684814453125,301.93082626585755,301.93082626585755,41917900
2020-08-05,305.8447570800781,306.1026399985558,304.988313743364,305.2553866917395,42697700
2020-08-06,307.8891906738281,308.00891400036295,304.9422824929676,305.2646080403921,43679400
2020-08-07,308.1101989746094,308.3956800618827,306.0197062402385,306.92221206378724,57308300
2020-08-10,309.0312194824219,309.2153854806249,306.6276185368531,308.56154419446693,44282100
2020-08-11,306.480224609375,310.84537688701096,305.7527226498275,310.2099438612299,69601100
2020-08-12,310.7532653808594,311.526829875344,308.8838108265044,308.91143712616207,53774400
2020-08-13,310.19146728515625,311.49917760274417,309.2705532345938,309.98886506986986,41816100
2020-08-14,310.2006530761719,310.73479890808306,309.07713692746546,309.8046668206931,47260400
2020-08-17,311.18609619140625,311.5820825212489,310.2099294645962,311.2137224910681,35481000
2020-08-18,311.8583679199219,312.281980541681,309.98888529540005,311.58207682428633,38733900
2020-08-19,310.55987548828125,312.7516274630557,309.9981032669653,312.23591780968894,68054200
2020-08-20,311.52685546875,312.0057207368476,308.7088602558769,308.8377736301808,42207800
2020-08-21,312.6318664550781,312.85287680171285,310.85448123734926,311.19524299382766,55106600
2020-08-24,315.7998962402344,315.87355700727335,312.604322979584,315.0631480494956,48588700
2020-08-25,316.90496826171875,316.9878471615432,315.2012714878101,316.36163229349035,38463400
2020-08-26,320.0821228027344,320.34916765874164,316.9510204608459,317.4943564112972,50790200
2020-08-27,320.78204345703125,322.22788555251475,319.1244090738759,320.94782937860447,58034100
2020-08-28,322.8539733886719,322.98291482090434,320.61615942116055,321.80414618704947,48588900
2020-08-31,321.6845703125,323.5171807672397,321.4543417386252,322.6423290489599,66099200
2020-09-01,324.71435546875,324.81564254170917,321.620069114732,322.51335702094957,54908700
2020-09-02,329.4109802246094,330.3779287745175,325.47865908576307,326.6206116646277,69540000
2020-09-03,318.0745849609375,328.19542353260755,315.49600820932886,327.7257482737778,148011100
2020-09-04,315.4775390625,320.3215279500711,308.386489496312,318.7559908966991,139156300
2020-09-08,306.85772705078125,315.54196689159204,306.5538378154059,310.0809258509965,114465300
2020-09-09,312.9174499511719,315.37627517454166,309.98892137932586,310.8545829924272,91462300
2020-09-10,307.4840087890625,315.4406916483202,306.52625029812896,314.78685053527204,90569500
2020-09-11,307.64056396484375,310.32042738546795,304.8225690491499,309.26138178450964,84680200
2020-09-14,311.69268798828125,313.46085604764716,307.78801982494883,310.79939987309496,65605700
2020-09-15,313.2673645019531,314.97103311859536,311.70179927663685,314.1422160421619,52920900
2020-09-16,312.0240783691406,315.92874461250403,311.7477873154288,314.5013391992171,82096000
2020-09-17,309.27978515625,310.99269998077335,306.6551743743273,307.1801021515254,91523300
2020-09-18,305.7191467285156,310.19420971929947,303.24122418442806,310.08326217502207,105877900
2020-09-21,302.3166809082031,302.46462040076045,297.4717824473857,301.1424482202814,99450800
2020-09-22,305.3955078125,305.9502737084909,301.29027968535905,303.7959671425477,63612100
2020-09-23,298.3131103515625,306.2276881483939,297.8138181951708,305.95029107636867,93112200
2020-09-24,299.1081848144531,302.1593543930149,295.6871525577717,297.00009734535064,76681300
2020-09-25,303.9439392089844,304.7298270780176,297.38852490576954,298.25762343564503,71069400
2020-09-28,308.9923095703125,309.7042419499173,307.1061162454565,308.09544576444915,64584600
2020-09-29,307.3094482421875,309.5284836874694,306.6159979020015,308.788814611231,51304000
2020-09-30,309.6394348144531,312.7830704632652,307.7809790212787,307.9751372004484,104081100
2020-10-01,311.6273498535156,313.1991537202758,309.75041203082435,312.22833451482296,88698700
2020-10-02,308.6686096191406,311.59960544931795,306.21842407966096,306.68997933659404,89431100
2020-10-05,314.1423034667969,314.3272066536649,310.675051276602,310.7212700191764,45713100
2020-10-06,309.67645263671875,316.37057974539914,309.16793362544905,314.28097349200937,90128900
2020-10-07,315.0669250488281,315.87132309591203,312.5982289095894,312.6259658002967,56999600
2020-10-08,317.8591613769531,317.9238901844621,316.083915987055,316.99928967685366,45242500
2020-10-09,320.6977233886719,321.1600236881462,318.8855141153723,319.50498071538817,59528600
2020-10-12,325.8569641113281,327.32707559553944,322.7410647815939,323.2311019429976,80388500
2020-10-13,323.7303771972656,325.8939389787219,322.7687847777624,325.718262626604,73255500
2020-10-14,321.6962585449219,325.39466069842285,320.96584443553525,324.30363883511666,57727900
2020-10-15,321.29864501953125,321.77942707857534,317.2581457104829,317.7944015372411,60357700
2020-10-16,321.1045227050781,324.30363260576735,320.92884634883575,322.648589773227,89501900
2020-10-19,316.2226867675781,322.99074228284945,315.325822981665,322.3620205940744,68425600
2020-10-20,317.4893493652344,320.7254513716909,316.8051539703146,317.5633049958053,60051900
2020-10-21,316.8882751464844,319.60660232157625,316.58314124219487,317.4430127605339,63575000
2020-10-22,318.62652587890625,319.2090286374741,314.9651162463488,317.1009408833877,55399300
2020-10-23,319.70843505859375,319.9025933086826,317.25824879984316,319.84711952294293,49143900
2020-10-26,313.8001708984375,317.1194832403807,310.31440902526583,316.333567187947,91473000
2020-10-27,312.71844482421875,314.4751804824875,312.5057765086921,314.142337779827,65994100
2020-10-28,302.030029296875,312.7461466489848,301.5399921174108,307.05985871686283,127094300
2020-10-29,305.0997009277344,308.2618190207296,300.57839067530114,302.26117045534187,90597700
2020-10-30,301.9190673828125,304.8315534323046,298.27613900813606,303.5278632885841,120287300
2020-11-02,305.3031005859375,307.30021286282704,302.56626275236454,305.3031005859375,86068300
2020-11-03,310.6934814453125,312.74609552911073,305.38628400502864,308.5299198245358,93294200
2020-11-04,317.6372985839844,321.70553558783416,313.9851149209246,315.15934752702685,126959700
2020-11-05,323.83209228515625,325.63507467035436,322.55613899305547,322.907491721787,82039700
2020-11-06,323.7580871582031,325.00630337123437,321.43733106964845,323.5454189031764,74973000
2020-11-09,327.8263244628906,336.90590740925865,327.3640242503452,336.5268178489835,172304200
2020-11-10,327.3455810546875,328.39961099114294,324.0817422973662,326.83703383089585,85552000
2020-11-11,329.77728271484375,330.60016251209254,328.2886611922482,329.5276225136965,58649000
2020-11-12,326.578125,329.82348168786507,324.7751710085161,328.76942360523407,67546200
2020-11-13,331.0994567871094,331.8391259274995,327.96504743366876,328.48282147525566,62892200
2020-11-16,335.2323913574219,335.42654955095253,332.47707186315154,333.7622800304141,74541100
2020-11-17,333.42950439453125,334.63150225060855,331.3214158989001,332.8285195747798,66111000
2020-11-18,329.4166564941406,334.2430721080145,329.379664574458,333.697561213107,70591300
2020-11-19,330.8036193847656,331.1734540014024,327.44731451105605,328.7879967400085,59940900
2020-11-20,328.5382995605469,330.7481084092092,328.46434393216515,330.5446951604477,70417300
2020-11-23,330.5076904296875,331.7651617960009,328.1129784945893,330.34126910985094,63230600
2020-11-24,335.8334045410156,336.37891546594994,332.1997312419318,333.0503479254816,62415900
2020-11-25,335.31561279296875,335.77791303204526,334.22459100072433,335.75017614636334,45330900
2020-11-27,336.2495422363281,336.721069396595,335.2417026629686,336.4067085508926,28514100
2020-11-30,334.7608947753906,335.74096916518056,332.08881368370197,335.47282708749947,83872700
2020-12-01,338.4223327636719,339.9571732876584,337.41452140242126,338.0062793851227,74231400
2020-12-02,339.1342468261719,339.2914131198718,336.73953476512753,337.3127825968703,45927000
2020-12-03,339.0417785644531,340.4286793920205,337.94150165059074,339.03252352963375,62882000
2020-12-04,341.9635009765625,341.9635009765625,339.5317971440086,339.6242628374325,50749900
2020-12-07,341.2608642578125,341.75090149337296,339.99416583098116,341.1961354377298,48944300
2020-12-08,342.2593994140625,342.8233922079248,339.9478980295718,339.99411677063375,42458900
2020-12-09,339.18963623046875,343.0729406811119,338.35750157794257,342.9157744265064,74098300
2020-12-10,339.0787658691406,340.1235407764272,336.952167699225,337.82129446332254,57735400
2020-12-11,338.6811828613281,339.08800937588853,335.8704174000004,337.38674768616795,57698600
2020-12-14,337.16485595703125,341.9172883370529,336.98917958686485,340.84477647871296,69216200
2020-12-15,341.72308349609375,341.72308349609375,338.32981558066564,339.6982062143582,63865300
2020-12-16,342.2593994140625,343.17474493301853,341.05740176418556,341.93578357691985,58420500
2020-12-17,344.17327880859375,344.3766920459077,343.0730019635639,343.8959099470601,64119500
2020-12-18,342.7990417480469,344.6282701572163,340.79338813671035,344.46113944048307,136542300
2020-12-21,341.5733337402344,351.41588135786776,336.15994813580005,338.8898629814059,96386700
2020-12-22,340.9976806640625,342.0097878229692,339.87415302334546,341.8983673411588,47949000
2020-12-23,341.30419921875,343.20769903686835,340.97920384235437,341.9634561227385,46201400
2020-12-24,342.6319274902344,342.659782611028,341.19269902115246,341.7776565578183,26457900
2020-12-28,345.575439453125,345.9654111690172,344.5540377310399,345.1761449139129,39000400
2020-12-29,344.9161682128906,347.27467258670123,344.33118227864804,347.09824735774396,53680500
2020-12-30,345.4082946777344,346.4389909289521,345.0183229457008,345.7332900123292,49455300
2020-12-31,347.1631774902344,347.8874388872676,344.70254763729105,345.2132342407314,78520700
2021-01-04,342.4369201660156,348.62101162593734,338.75060828235917,348.49100217915696,110210800
2021-01-05,344.7955017089844,345.8819083591605,341.7498849648262,341.79632906873184,66426200
2021-01-06,346.85675048828125,350.0416701451585,342.743317442046,343.29115366008426,107997700
2021-01-07,352.01025390625,352.7530761209453,349.0482028609267,349.2246280958658,68766800
2021-01-08,354.0158996582031,354.2294461631156,350.15316189053533,353.39376410680273,71677200
2021-01-11,351.62957763671875,353.3845073084547,350.7288907494389,350.8496057451857,51034700
2021-01-12,351.7038269042969,352.71593423715626,349.46603738716954,351.815275742109,52547700
2021-01-13,352.65087890625,353.6443970420134,350.84950564563337,351.6294773146356,45303600
2021-01-14,351.4158935546875,353.8951124303812,351.0816321351394,353.3936919642144,49989100
2021-01-15,348.8531799316406,350.59881478443,346.9960962553196,349.800282405299,107160000
2021-01-19,351.5923156738281,352.13088573862603,349.82809207789774,351.3044700083426,51233300
2021-01-20,356.4579772949219,357.2936593696755,353.4866317659634,353.876603510318,61836100
2021-01-21,356.7828674316406,357.4421524664681,355.86362018115483,357.01500286554875,47840100
2021-01-22,355.52008056640625,356.68075778914084,354.55438918277406,354.9350947122526,52860500
2021-01-25,356.9222412109375,357.2750633365752,351.4159661050598,356.25368989697324,70402000
2021-01-26,356.36505126953125,358.2778450349725,356.1329158287073,357.86928439217473,42665300
2021-01-27,347.6553649902344,353.1430508430368,345.4268701693278,353.05019098865546,123351100
2021-01-28,350.64520263671875,354.6379205656578,349.02954916525357,349.46593655582046,94198100
2021-01-29,343.62542724609375,349.75380801800657,341.9540352154757,348.7881167338835,126765100
2021-02-01,349.3452453613281,350.3759130211794,343.9132708831619,347.01459668411917,75817600
2021-02-02,354.2850341796875,355.8357111112943,349.4287797742082,352.5208108168436,64450700
2021-02-03,354.5636901855469,356.2814981741382,353.2915924599428,355.11152644432576,52427100
2021-02-04,358.5935974121094,358.64001317221204,354.6751494739212,355.59439688401244,47142600
2021-02-05,360.0050048828125,360.7107058588383,358.5472155031286,360.4600097242856,48669800
2021-02-08,362.6048583984375,362.6512741525483,360.59920475972706,361.4534473259199,38365200
2021-02-09,362.3634033203125,362.95768361802595,361.3605907389764,361.76912302259905,35551100
2021-02-10,362.20562744140625,364.24843104388964,359.81000170472225,364.09986093308623,59154400
2021-02-11,362.7905578613281,363.7005390243798,360.3670773709089,363.2826838806573,42913300
2021-02-12,364.58270263671875,364.8241042599518,361.9177635996305,361.9920628197405,50593300
2021-02-16,364.2669372558594,366.0033342269587,363.55197027023985,365.8083200461877,50972400
2021-02-17,364.3505554199219,364.6012515218009,361.5091912477151,362.5213268153556,52290600
2021-02-18,362.7998352050781,363.54265727343494,360.0327705772848,361.7505784893111,59712800
2021-02-19,362.1591491699219,364.34122801938736,361.71343891444184,364.05338233465426,83241000
2021-02-22,359.3735046386719,361.77842431901905,359.1042196026477,359.4013597570989,67414200
2021-02-23,359.8099670410156,361.15636405887625,353.0316228676275,357.1729115862207,107284100
2021-02-24,363.7747802734375,364.2019298681405,357.7392590796617,358.7235110381606,72433900
2021-02-25,355.00933837890625,363.8769286831077,353.5701100677541,362.5119712403062,146670500
2021-02-26,353.1800842285156,358.027072717846,351.20231434028005,356.88498463738966,152701600
2021-03-01,361.74127197265625,362.9855428178806,353.3751303176071,358.03639956573255,105348800
2021-03-02,358.91851806640625,362.19626914684636,358.41709761211445,361.9641337209318,79595300
2021-03-03,354.1644287109375,359.18781495345684,354.06227437694446,358.22215187611573,119940200
2021-03-04,349.7816467285156,356.5599893581393,345.30606922791776,353.9786447353223,183433000
2021-03-05,356.2165222167969,357.265779064072,346.01185613057277,353.2730320198999,152039600
2021-03-08,354.44293212890625,359.97703262153334,354.1643809589317,357.17284694203045,123149200
2021-03-09,359.5035400390625,362.04773549523804,357.7764375613555,358.2778580660894,113633600
2021-03-10,361.74127197265625,363.4312247093334,360.4320530796693,361.84342629734385,109899400
2021-03-11,365.4090881347656,367.37759240388004,363.7469902205475,364.2019950148293,86245000
2021-03-12,365.9011535644531,366.04042915723414,363.2455378059453,364.0533645809201,64653600
2021-03-15,368.0832824707031,368.34327305827475,364.01626458616573,366.15189953144346,73427200
2021-03-16,367.6190185546875,369.40180309295295,366.8483129268186,368.6961305342788,73722500
2021-03-17,368.8724670410156,369.6709992628649,365.1954216836132,366.33753812086064,97959300
2021-03-18,363.50555419921875,368.37110416522074,362.8277084837041,366.2911796002453,115349100
2021-03-19,362.83294677734375,364.77995178052817,360.66234252833834,363.205574280837,113624500
2021-03-22,365.730224609375,367.1089779028957,363.2894813107104,363.34537402520954,73778600
2021-03-23,362.8515625,366.5406230570263,362.0690362260645,365.09668084256,90686600
2021-03-24,361.0069885253906,365.8791772373448,360.9604207531097,364.2489071923662,97588600
2021-03-25,363.03778076171875,363.8296032938065,357.6345841749051,359.5722920645373,116128600
2021-03-26,368.88824462890625,369.28881849367565,363.5875351124933,364.18373344592686,114409100
2021-03-29,368.70196533203125,369.60560209374427,365.9351623341809,367.4163760803508,108107600
2021-03-30,367.7237548828125,368.39449575639236,366.1307275395253,367.4349664373488,76262200
2021-03-31,369.2142639160156,370.77001997622074,368.26405952663214,368.2920058783888,112734200
2021-04-01,373.2014465332031,373.25736766767085,370.93770669938243,371.14265609357545,99682900
2021-04-05,378.5580749511719,379.09840904135075,375.7819756542243,375.8564897892532,91684800
2021-04-06,378.3344421386719,379.3778104361055,377.66370131465686,377.9990859414913,62021000
2021-04-07,378.7723083496094,379.1169894924743,377.7103185696919,378.16678511784755,55836300
2021-04-08,380.57025146484375,380.62614416673193,379.08903800549706,380.02062094317336,57863100
2021-04-09,383.33697509765625,383.50468159848873,380.3279810227095,380.44909132844714,61104600
2021-04-12,383.4768371582031,383.7469757570129,382.135355372954,382.74087863290447,56704900
2021-04-13,384.6133728027344,385.2375459689583,382.992427357714,383.3743798281407,56551000
2021-04-14,383.2998046875,385.6380584899132,382.7594706720506,384.58536523914717,61659900
2021-04-15,387.41748046875,387.687647542853,385.38663602263046,385.43320380831716,60229800
2021-04-16,388.7123107910156,389.31783402254797,387.28699001478793,388.70298586402646,82037300
2021-04-19,386.8026123046875,388.227933315343,385.4797802188034,387.78079162080644,78498500
2021-04-20,383.9705505371094,386.6907567846418,382.4986335803177,385.5914957452918,81851800
2021-04-21,387.6037292480469,387.80867863656937,383.2159530341772,383.3557132219947,66793000
2021-04-22,384.063720703125,388.2651692129653,383.00173084573123,387.43607511013636,97582800
2021-04-23,388.2279357910156,389.6346353832558,384.5481995678462,384.6227137075241,73209200
2021-04-26,389.0383605957031,389.60664100563645,388.2931055721406,388.8800074072831,52182400
2021-04-27,388.9544982910156,389.53210359386003,387.8179659687333,389.33645070740164,51303100
2021-04-28,388.8426513671875,390.34251444446187,388.37685997158,389.22460372314373,51238900
2021-04-29,391.3207092285156,391.93555735176267,387.94838369193803,391.56292987909427,78544300
2021-04-30,388.7496337890625,389.90481621732505,387.8553219330377,389.05707214653626,85527000
2021-05-03,389.5880432128906,391.1158246327663,389.0943053331574,390.73387217038277,68128300
2021-05-04,387.1845397949219,388.09750141176715,383.5048038327527,387.60376353614816,101591200
2021-05-05,387.3056335449219,389.0570141395226,386.7466780571217,388.8241183887439,60162200
2021-05-06,390.3985595703125,390.5289664285822,385.3773127188648,387.3802108160868,74321400
2021-05-07,393.2397766113281,393.89189602548134,390.48229913565626,391.16236490015007,67733800
2021-05-10,389.3457336425781,393.8173198937431,389.22462332487686,393.59374911008047,81852400
2021-05-11,385.87103271484375,386.85850853881635,382.00496848744234,384.836989107153,116888000
2021-05-12,377.673095703125,384.3618553205323,376.3595601632733,383.0949159919616,134811000
2021-05-13,382.20989990234375,384.13828367571983,379.17293000396353,379.21952621514686,106394000
2021-05-14,388.078857421875,388.9266014154042,384.9114807136324,384.9394270681594,82201600
2021-05-17,387.0913391113281,387.9018401628468,385.07911651757036,386.97025720812496,65129200
2021-05-18,383.75634765625,387.59446551118776,383.5979660188922,387.352244805697,59810200
2021-05-19,382.7502136230469,382.92721668401646,377.5985602871788,379.0798024141684,106467100
2021-05-20,386.8677673339844,388.12541000565056,383.50476652206805,383.6258484249689,78022200
2021-05-21,386.5511169433594,389.5880871287696,386.0946502945075,388.3490656109407,76578700
2021-05-24,390.49163818359375,391.56295289159766,388.544604797389,388.7868254622032,51376700
2021-05-25,389.6252746582031,391.9262858634761,389.0476977323679,391.57227976579446,57451400
2021-05-26,390.3985595703125,390.901594004632,389.1781879116937,390.2122315674567,43088600
2021-05-27,390.6034240722656,391.9355808710809,390.3239321287522,391.4232216191229,56707700
2021-05-28,391.3021240234375,392.42933147222897,391.0692282777566,392.1684893742527,58520200
2021-06-01,390.9573974609375,393.7987138563774,390.51955237272466,393.65898211112926,54216600
2021-06-02,391.5722961425781,392.410743642536,390.60347022695476,391.6095674253817,49097100
2021-06-03,390.1190185546875,391.2555509981351,387.7993858877597,389.26197808041053,58138800
2021-06-04,393.6870422363281,393.98515566544813,390.1842805183219,391.96360773445116,55938800
2021-06-07,393.3050537109375,393.85468430384935,392.3734706525122,393.67768124837585,51555000
2021-06-08,393.3888244628906,394.2551897336642,391.5629299457471,394.1620257580678,47134300
2021-06-09,392.802001953125,394.30186550282065,392.5784311103021,394.22732293544,48436300
2021-06-10,394.6278381347656,395.5780709347275,392.7087795402519,394.0223149057569,51020100
2021-06-11,395.280029296875,395.39181472194224,393.89197955285624,395.1775688004502,45570800
2021-06-14,396.1650695800781,396.2675300829562,394.15284651314926,395.39183962522804,42358500
2021-06-15,395.43829345703125,396.3512264436359,394.5626033146111,396.31398359945143,51508500
2021-06-16,393.2304992675781,395.8016775286566,391.19035858653814,395.5781066988787,80386100
2021-06-17,393.10009765625,394.07824847919915,390.63140827908353,392.82063411530976,90949700
2021-06-18,387.7969970703125,390.5167474088944,387.5913771677302,389.82512979232945,118676300
2021-06-21,393.3486633300781,393.53560087943845,388.7409408172673,389.5540649639203,72822000
2021-06-22,395.4515380859375,396.28337300789326,392.6196085187923,393.339292332768,57700300
2021-06-23,394.9750061035156,396.33020373335535,394.8908927490569,395.5264348867474,49445400
2021-06-24,397.3115234375,397.73209014648296,396.8628904252522,397.1152589733079,45110300
2021-06-25,398.7228088378906,399.1714418641056,397.73210252899935,398.05922899461444,58129500
2021-06-28,399.52655029296875,399.6947769582962,398.04984647065635,399.24617251742296,53159600
2021-06-29,399.7416076660156,400.5453764693619,399.2088612604478,399.9098343658785,35970500
2021-06-30,400.0780334472656,400.7509687229313,399.2555538300446,399.2835916114196,64827900
2021-07-01,402.29315185546875,402.452051650708,400.7696989990123,400.83513000426785,53441000
2021-07-02,405.3680725097656,405.72323677808726,402.37724253484845,403.45209077508554,57697700
2021-07-06,404.62969970703125,405.6391169295271,401.9005937821132,405.4241415803903,68710400
2021-07-07,406.0596618652344,406.34006819983387,403.3025183056718,405.3119686849688,63549500
2021-07-08,402.7510681152344,403.5081166897468,399.57330096190816,400.75094475455643,97595200
2021-07-09,407.05035400390625,407.3494426746745,402.55478259875076,404.2558173257462,76238600
2021-07-12,408.50836181640625,408.76073035250516,406.536304788165,406.9662269112006,52889600
2021-07-13,407.11578369140625,409.2187027689948,406.85408823599073,407.72328794262097,52911300
2021-07-14,407.7232666015625,409.2934677745335,406.48022038406873,408.80744158086895,64130400
2021-07-15,406.3307189941406,407.05972983900836,404.43341971053184,406.38679455738685,55126400
2021-07-16,403.1436462402344,407.55510476141916,402.75111727654803,407.50838463044124,75874700
2021-07-19,397.19000244140625,403.20902632092094,394.38611039278754,398.3302530154178,147987000
2021-07-20,402.8819274902344,404.1530401378472,397.0591676686946,397.85360950811923,99608200
2021-07-21,406.143798828125,406.28401626491234,402.83522636423976,404.0782727663207,64724400
2021-07-22,406.9942626953125,407.23727579624176,405.33997668113454,406.3213274734552,47878500
2021-07-23,411.1814880371094,411.51794144372303,408.23740663856285,408.9196688873081,63766600
2021-07-26,412.19085693359375,412.20021236866125,410.5459261537889,410.5926462837905,43719200
2021-07-27,410.3122863769531,411.18148619614936,407.4896830394306,411.15344841239045,67397100
2021-07-28,410.1439514160156,411.51785959844165,408.72332311063053,410.93839316496434,52472400
2021-07-29,411.84503173828125,412.91985138960683,411.05994533585215,411.0693007705477,47435300
2021-07-30,409.844970703125,411.29363706752343,409.15332449973266,409.2841865056366,68951200
2021-08-02,408.9849853515625,412.10664801469085,408.6298211733792,411.55521940428144,58783300
2021-08-03,412.31231689453125,412.43382344600275,407.59244339115173,409.7794757496443,58053900
2021-08-04,410.2841796875,412.28427447929056,410.0505220211944,411.03187281061224,46732200
2021-08-05,412.8825378417969,412.9666511964766,411.12542726136564,411.4431983310459,38969700
2021-08-06,413.56475830078125,413.9853535543252,412.9198607907698,413.2002671340216,46930000
2021-08-09,413.2283630371094,413.8545497653774,412.46195885616,413.53677868313116,41222600
2021-08-10,413.74224853515625,414.45257688642795,412.99455549788365,413.6768175506631,43339300
2021-08-11,414.7704162597656,414.8638850355054,413.6862412110491,414.80780947459465,44034300
2021-08-12,416.01348876953125,416.15370620330873,413.72366049428854,414.62089804805976,38909400
2021-08-13,416.77056884765625,416.7892511950456,415.9761269822574,416.46212471839107,39470300
2021-08-16,417.75189208984375,417.8827255582406,413.9199004513762,415.4713908619817,73740000
2021-08-17,415.0133972167969,415.8732414325838,412.0319231944984,415.2003062311289,92673900
2021-08-18,410.47113037109375,415.5648794226537,410.2281457688839,414.004033503329,89351900
2021-08-19,411.1065979003906,412.30295243814317,407.61108861871384,407.7512775027748,92812200
2021-08-20,414.3779296875,414.7050561972092,410.9665327094938,411.452559017406,72008700
2021-08-23,418.0230407714844,418.92963391859547,414.4527437572799,416.0603101050644,54973000
2021-08-24,418.6865539550781,419.2193003480419,418.17251843232447,418.6865539550781,38744700
2021-08-25,419.5650939941406,420.0791294982954,418.49960124676494,418.87347636542324,40529700
2021-08-26,417.0882568359375,419.5182735553926,416.9947880722672,419.28461590754796,57829600
2021-08-27,420.8175048828125,421.19135148689224,417.83603043980827,417.8921060042868,77235100
2021-08-30,422.66802978515625,423.45311610967644,421.2473729404078,421.49038603704406,48357400
2021-08-31,422.0418395996094,422.9110393113264,421.44369077915854,422.57458594782264,59300200
2021-09-01,422.2661437988281,423.4905077483613,422.03248612109024,422.9764722664043,48721400
2021-09-02,423.56524658203125,424.36901521225076,422.36892054735074,423.6867531244278,42501000
2021-09-03,423.46246337890625,423.9765273755303,422.0324795543075,422.43439243098885,47170500
2021-09-07,421.9483947753906,423.2101520054819,421.27545948751975,423.1166832249812,51671500
2021-09-08,421.4344177246094,422.144746327745,419.518407287907,421.41573537498465,56181900
2021-09-09,419.6305236816406,422.9858446456514,419.38751055980504,421.23808970978325,57970400
2021-09-10,416.32196044921875,421.9764655786585,416.2004538773262,421.5558988174952,89948200
2021-09-13,417.38739013671875,419.57445120398825,415.07885103030503,419.31275573342043,83738600
2021-09-14,415.13494873046875,419.03234294728094,414.2470381175579,418.82672304337876,78197100
2021-09-15,418.6023254394531,419.09767847838106,414.452563613368,415.55542079095693,78792200
2021-09-16,417.9388427734375,419.0510271190857,414.99473310868217,418.07903168064803,77786700
2021-09-17,413.8677062988281,417.59007902636665,413.5114041887088,417.1681649070518,118425000
2021-09-20,406.9667663574219,409.3295710757895,402.10984707082173,407.75436793021106,166445500
2021-09-21,406.5823669433594,410.59540113058426,406.0572991890718,409.30147394535885,92526100
2021-09-22,410.5484924316406,412.5831513891095,406.6948671942367,408.85139337293356,102350100
2021-09-23,415.5366516113281,417.14001100580157,412.17996661282217,412.4143728690153,76396000
2021-09-24,416.22113037109375,416.9337345501658,413.6895313452658,413.9051954031547,62094800
2021-09-27,415.0303955078125,416.3524217423701,414.3365334637065,415.1897757538297,61371100
2021-09-28,406.6667785644531,412.5925763413833,405.9354320967594,412.2644018182025,130436300
2021-09-29,407.3511962890625,409.77964162679973,406.7886155612909,408.045029638689,82329200
2021-09-30,402.3724365234375,409.5264917761639,402.0348766187246,408.8232729732289,140506000
2021-10-01,407.1543273925781,408.8326843876151,400.58159468725086,404.0976889255961,129240100
2021-10-04,401.903564453125,406.8917073430287,399.7657521393978,405.9915954205408,128570000
2021-10-05,406.08544921875,408.3263583984505,402.6068680010138,403.40382646967265,90682500
2021-10-06,407.7731018066406,407.97938044868795,400.8721956255004,402.49426854273986,113032200
2021-10-07,411.2986145019531,414.1302318975777,410.867314983928,411.04546603542565,72437500
2021-10-08,410.5484924316406,412.45189876084635,409.9202996692927,412.0674690550003,74557400
2021-10-11,407.5762634277344,412.79884218436496,407.5106228023292,409.89219860577384,65233300
2021-10-12,406.5728759765625,408.89819586614095,405.785274549618,408.4950240548549,71181200
2021-10-13,408.0356750488281,408.85140428938456,404.62273464026305,407.5949901170963,72974000
2021-10-14,414.8990783691406,415.04910180856405,411.2235756383798,411.6923881563111,70236800
2021-10-15,418.0588684082031,418.42455590539737,416.38989699593026,417.0087329506892,66260200
2021-10-18,419.2966003417969,419.6341316668689,415.6210971002892,416.27744616221713,62213200
2021-10-19,422.53125,422.59686198877097,420.3090552071767,420.9185342132046,46996800
2021-10-20,424.19097900390625,424.491025906163,422.87830957409244,422.99082000892685,49571600
2021-10-21,425.2972717285156,425.52229254631413,423.15948811730703,423.5907875561012,41305400
2021-10-22,424.8565673828125,426.30990306849355,422.91567707626706,424.86595278780356,58845100
2021-10-25,427.1351013183594,427.46327582498486,424.1722311934104,425.9443277467125,45214500
2021-10-26,427.5194396972656,429.89162954029996,427.14439546156063,428.68211402620443,56075100
2021-10-27,425.62548828125,428.6446418796485,425.55046225853243,427.9789361517596,72438000
2021-10-28,429.7322692871094,429.8072666921166,427.04129028806375,427.05064707991323,51437900
2021-10-29,430.604248046875,430.8949094853391,427.1444097745334,427.4350712129975,70162400
2021-11-01,431.34503173828125,431.9638676988326,429.6198050970678,431.5887947913139,48433600
2021-11-02,433.0890197753906,433.3984520764042,431.38253525829714,431.51381650455664,48908400
2021-11-03,435.73309326171875,436.1362651463071,432.08571825925554,432.5264031559585,52509800
2021-11-04,437.7864685058594,437.87085131761023,435.9862160130472,436.33313266603705,52847100
2021-11-05,439.3053894042969,441.29314959663833,437.7958270632598,440.00860807313694,66390600
2021-11-08,439.6805114746094,440.8994412181432,438.9960634954237,440.40250108208477,50405200
2021-11-09,438.22723388671875,440.28063519202976,436.8207962043988,440.0462289116431,51149100
2021-11-10,434.7016906738281,438.2271697715408,433.220255788708,436.53942763125457,69429700
2021-11-11,434.84234619140625,436.2675545379645,434.8236039920207,436.19252851233256,34848500
2021-11-12,438.1239929199219,438.67718819768925,435.161094692695,436.1081050332003,53466700
2021-11-15,438.2740478515625,439.56797493267015,437.14891501750157,439.40859470618256,46980500
2021-11-16,440.0086669921875,441.1431852512349,437.9365237158013,438.01152112700873,48857500
2021-11-17,438.9397888183594,439.9242836397509,438.3209528739824,439.7461325975495,47858300
2021-11-18,440.43060302734375,440.69313688366196,437.25204053194824,439.97114731825366,50625600
2021-11-19,439.6430358886719,441.5651558500262,439.2773483740664,440.31809847431913,57315600
2021-11-22,438.4053039550781,444.00292604113224,438.1990253218852,441.518225650883,72762000
2021-11-23,438.9866943359375,439.83993660377723,435.47998564656854,438.0771968516729,73206500
2021-11-24,440.1585998535156,440.2804956589333,436.1736943498332,436.9894233688114,61858800
2021-11-26,430.3417053222656,434.96418925297854,429.2165439866492,433.50149668510204,112669600
2021-11-29,435.6205749511719,437.4583119148909,432.92959581507233,435.1236348523177,86268800
2021-11-30,427.1444091796875,435.0860934508205,426.9006175423312,433.18271599479897,148559600
2021-12-01,422.40008544921875,435.68624501124225,422.2031922004538,432.8452422514508,131939200
2021-12-02,428.86968994140625,430.43553635703284,422.22193180478286,422.61574691393747,127637800
2021-12-03,425.137939453125,431.5887754076615,420.91862695944747,430.5292831950463,137331600
2021-12-06,430.1729431152344,432.04819294676213,425.2691545047344,427.6788574056175,98977500
2021-12-07,439.071044921875,439.63362565886325,430.0417113660508,435.442440658666,95484700
2021-12-08,440.23370361328125,440.68377393878586,437.71148993714627,439.4648728181905,72238800
2021-12-09,437.261474609375,440.3368838174408,437.0645813487315,438.9491883572712,61272600
2021-12-10,441.37750244140625,441.5275258475931,437.4113677313655,439.96170840846366,77159800
2021-12-13,437.46771240234375,441.2088270752524,437.18640772794674,440.86191039613635,87724700
2021-12-14,434.4578857421875,436.6894377150197,431.5418858646757,434.2047373052017,97264100
2021-12-15,441.2462463378906,441.4900093337228,432.00125072662127,434.5141069927306,116899300
2021-12-16,437.3552551269531,443.3747924623618,435.8081507648726,443.09351636782804,116568600
2021-12-17,432.700439453125,437.2827106378424,430.99737826772844,434.28117656754216,135511600
2021-12-20,428.099365234375,428.4945351603184,424.4862394814665,427.62890570329984,107134800
2021-12-21,435.7020568847656,435.8431890265247,429.3508520744213,431.5149548202637,69806300
2021-12-22,440.0584716796875,440.1713773813337,435.2503599777173,435.44797367017134,58890200
2021-12-23,442.7965087890625,444.2925666264492,440.9523154989883,441.0558028110541,56439700
2021-12-27,449.0630798339844,449.11011430535285,444.1232543282057,444.17028879957417,56808600
2021-12-28,448.69598388671875,450.52136881993414,447.93384188738884,449.4957706815095,47274600
2021-12-29,449.27001953125,450.28619942831625,447.802188171838,448.7995600259367,54503000
2021-12-30,448.0281066894531,450.7003138729297,447.56706545265257,449.69352339929355,55329000
2021-12-31,446.89892578125,448.68666632067624,446.6260799179109,447.5387725895835,65237400
2022-01-03,449.48651123046875,449.61825370387953,445.85457683489585,448.15981168840295,72668200
2022-01-04,449.33587646484375,451.62233155714586,447.4822648058163,450.9072238974489,71178700
2022-01-05,440.7076721191406,449.74050080120287,440.61357447061033,448.96894028365364,104538900
2022-01-06,440.2936706542969,443.0035221624816,437.9319546066855,440.2466361867598,86858900
2022-01-07,438.5530090332031,441.4792825603523,437.1980831419466,440.30313360714865,85111600
2022-01-10,438.0072326660156,438.22362566846715,429.62364055153137,435.36325245373706,119362000
2022-01-11,441.9967346191406,442.0908322693714,434.75164626994354,437.7437907456816,74303100
2022-01-12,443.19171142578125,445.2429369205549,441.2346123000405,443.72804221308974,67605400
2022-01-13,437.08514404296875,444.9418241930247,436.05954567988096,444.29258772329274,91173100
2022-01-14,437.26397705078125,437.6121125646515,432.7287395605385,433.9425333832712,95890900
2022-01-18,429.5201110839844,432.7851012078921,428.40983354006795,432.5780978764357,109709100
2022-01-19,425.06024169921875,432.45585270815616,424.78736709556773,431.06331069209193,109357600
2022-01-20,420.35565185546875,431.6372638548228,418.2385836592185,426.9420862438029,122379700
2022-01-21,412.10369873046875,421.58814926561837,412.0754723100945,419.2358518525332,202271200
2022-01-24,413.85382080078125,414.3619251147175,395.901098425589,406.50524550753806,251783900
2022-01-25,408.8011779785156,413.74100392359156,401.91364234074007,407.47447842180327,167997300
2022-01-26,407.7755126953125,417.80571346524874,403.5225401054795,414.6818552495206,186391100
2022-01-27,405.761962890625,415.50048178403745,404.07773829561154,412.36723366568094,149878300
2022-01-28,415.83917236328125,415.88620682845203,402.54398201671927,407.1168346707988,164457400
2022-01-31,423.3288269042969,423.6769623039199,413.825540245353,415.17104738454265,152251400
2022-02-01,426.18927001953125,426.82908804425705,420.53433767425685,424.05336552481776,123155400
2022-02-02,430.329345703125,431.05384305532795,426.2833764423959,428.5886396673794,117361000
2022-02-03,420.2145080566406,426.208158589354,419.37707621036856,424.30751219871513,118024400
2022-02-04,422.1903381347656,426.02927475983387,417.60803879549576,419.9791728919079,118454400
2022-02-07,420.83551025390625,424.3451203230606,419.5088108002381,422.95257835164983,84472900
2022-02-08,424.298095703125,425.2202068332441,418.9160368655322,420.3368340105605,81012000
2022-02-09,430.50811767578125,430.82802671260504,428.1275935863995,428.32517855026134,92589900
2022-02-10,422.77386474609375,430.66816270376813,420.7791204339637,424.674511385758,140103700
2022-02-11,414.4372863769531,424.92853031107984,413.0070994488103,422.85852518202387,153214600
2022-02-14,413.0823059082031,415.50989334254666,409.61973040303707,413.9291560964369,123006300
2022-02-15,419.7440490722656,419.91340763201026,416.99655245102997,417.51407522523783,88482700
2022-02-16,420.2145080566406,421.5882420080019,415.8298212683436,417.7022412323989,84863600
2022-02-17,411.23809814453125,420.186247943638,410.63592485416507,417.0341632264874,102259100
2022-02-18,408.57525634765625,412.7435205102697,406.30763817495443,411.4920821949047,132642900
2022-02-22,404.1906433105469,409.7702869392554,400.6998126141375,406.37358261467153,124391800
2022-02-23,397.0207824707031,407.66257403498787,396.4562253293039,407.09801689358864,132578000
2022-02-24,402.99566650390625,403.42850999389174,386.3790593344902,386.73658449661104,213942900
2022-02-25,411.8873596191406,411.97203889724267,402.5816554040874,404.2282639234101,121804500
2022-02-28,410.83349609375,412.3107459178309,405.25385292778066,406.5052626502716,145615000
2022-03-01,404.576416015625,411.3416268267393,401.8759540045587,409.3374644946176,137785900
2022-03-02,412.0190734863281,413.740942784039,406.0724579549326,406.8251817399771,117726500
2022-03-03,409.96783447265625,415.04879163986294,408.17067562721684,414.4466183746847,105501700
2022-03-04,406.6370544433594,407.7661402300269,402.60050312317946,406.2418557535522,113978200
2022-03-07,394.6496887207031,406.7593128666358,394.5838174926232,406.0536235461076,137896600
2022-03-08,391.6575622558594,401.9700272063481,390.5943191141427,394.82845492231417,164772700
2022-03-09,402.15826416015625,404.13420015154503,397.8394486342406,400.02238799071915,116990800
2022-03-10,400.3422546386719,401.2361105228519,395.6000145047704,397.55711352812676,93972700
2022-03-11,395.25189208984375,403.4378710075181,394.7437877372273,402.82627933719436,95636300
2022-03-14,392.3633117675781,399.46724033893065,391.2248075600843,396.02350128864606,95729200
2022-03-15,400.991455078125,401.6218547157255,393.6993329697204,394.96955062340055,106219100
2022-03-16,409.88323974609375,409.93969260401786,399.70248655331574,404.4917908123016,144954800
2022-03-17,415.01123046875,415.01123046875,407.5967827207491,407.9731446506093,102676900
2022-03-18,419.55670166015625,419.8776045343294,412.6666654946888,413.40286121868064,106345500
2022-03-21,419.4339294433594,421.3876603492006,415.9322551414661,419.38672006455863,88349800
2022-03-22,424.34197998046875,425.27637447242336,420.8214384644653,420.8214384644653,74650400
2022-03-23,418.8771667480469,423.3037890750717,418.79222440449075,421.8125310374547,79426100
2022-03-24,425.1914978027344,425.2009454427064,419.78329999434203,420.897026967389,64736900
2022-03-25,427.2678527832031,427.5415750381884,423.2470765001447,425.8237756229709,77101300
2022-03-28,430.30712890625,430.30712890625,424.7856459155993,426.6733304386402,68529800
2022-03-29,435.63037109375,436.1211874892994,431.50578514438973,434.18629362949696,86581500
2022-03-30,432.9403991699219,435.30000450918726,430.83562083793777,434.4882852945164,79666900
2022-03-31,426.2768859863281,432.9970375414447,425.823831381212,432.17589947274035,121699900
2022-04-01,427.4850158691406,427.99466991123313,423.91729355560483,427.8530993439852,89048800
2022-04-04,431.1471252441406,431.2509628688752,426.8621021980193,427.6832403411355,59601000
2022-04-05,425.7011413574219,432.11925672118474,424.5591003737765,429.65584243367965,74214500
2022-04-06,421.44439697265625,423.71906006741074,418.5656898647818,421.7936427720497,106898000
2022-04-07,423.56805419921875,425.38024389891154,418.6223302828864,420.56664291276263,78097200
2022-04-08,422.4354553222656,425.32361011547357,420.89698794603316,422.8129864370016,79272700
2022-04-11,415.215087890625,420.00979376147524,414.7148526591951,419.1697603481383,89770500
2022-04-12,413.67657470703125,420.71762892299597,412.12865978994853,418.1975577653763,84363600
2022-04-13,418.41473388671875,419.16979621635505,413.25191527733693,413.4312476212873,74070400
2022-04-14,413.2046813964844,419.7549485147844,413.1008437773758,418.64119283709516,97869500
2022-04-18,413.3745422363281,415.0545800894282,411.14705981320014,412.27968190004844,66002500
2022-04-19,420.0474853515625,420.7647857423862,413.10079269782085,413.27067735850744,77821000
2022-04-20,419.7360534667969,422.4354571159878,418.5751460041488,421.8219654514646,65224400
2022-04-21,413.4595642089844,424.7384914494255,412.5534836472507,423.35104208749806,85417300
2022-04-22,402.114501953125,413.47834025677906,401.5481909244776,412.3740611145033,132471800
2022-04-25,404.4458312988281,404.61571598232445,395.31886452951045,399.87763849644267,119647700
2022-04-26,392.732666015625,402.1144578967915,392.70435190748356,401.91623033602906,103996300
2022-04-27,393.8370056152344,399.169736833569,391.70394193167726,393.80869150273776,122030000
2022-04-28,403.7851257324219,405.51237307337215,394.1485050200903,398.5751272035263,105449100
2022-04-29,388.86297607421875,401.9540624319965,388.11733269096055,399.8021034252902,145491100
2022-05-02,391.20367431640625,392.5628092111438,382.2749075321882,388.92901145512707,158312500
2022-05-03,392.99700927734375,395.4037953011167,390.1465874755705,391.7039501067172,100028200
2022-05-04,404.9649658203125,405.5312769483244,390.4769810805958,393.65772495141096,144247900
2022-05-05,390.5713195800781,401.1329155913623,386.4467339742489,400.7081751004019,172929100
2022-05-06,388.2400207519531,391.50570647733946,382.9450801949944,388.01350785652954,151770800
2022-05-09,375.80963134765625,383.5868812355381,374.23340232623997,382.35045035687074,155586100
2022-05-10,376.67791748046875,383.27536414376215,372.6477223262594,381.77465875186067,132497200
2022-05-11,370.6940612792969,381.3500488525497,369.94841780135306,375.71530920049423,142361000
2022-05-12,370.3070983886719,373.57278480387015,363.52086969331447,367.5038855005772,125090800
2022-05-13,379.16033935546875,380.5383410827449,373.3934477808123,374.43168009743755,104174400
2022-05-16,377.62176513671875,381.28387692656054,375.2716076319463,377.51795633625795,78622400
2022-05-17,385.38958740234375,385.625547911558,379.971914524219,383.70010209131334,83029700
2022-05-18,369.8539123535156,381.12338813962504,368.61748163761905,380.8402470610884,117674500
2022-05-19,367.5887756347656,372.005979027499,365.3707407010665,366.79595164216687,98510700
2022-05-20,367.7492370605469,374.7336635050742,359.1697150107811,371.1659411793916,131432200
2022-05-23,374.6298828125,375.39439273940906,368.45714636210454,370.7695426186861,76414900
2022-05-24,371.76995849609375,372.9591798912348,365.2291112058376,370.5146324408455,91448800
2022-05-25,375.0545349121094,377.0177426324369,369.88229858000193,370.2786961363731,91472900
2022-05-26,382.5487060546875,384.1815635422074,376.07396194375553,376.2816083941698,82168300
2022-05-27,391.9398193359375,392.0530757619011,384.8043764625249,385.00257520796123,84768700
2022-05-31,389.74072265625,393.07248421298215,387.00358624823434,390.3259001664865,95937000
2022-06-01,386.5883483886719,392.86489366619827,384.07772451690533,391.8550043373775,86585800
2022-06-02,393.9501953125,393.99737588729135,384.181425617806,386.42777401025234,79609600
2022-06-03,387.48504638671875,390.7884946113152,386.51288991848884,389.2405793316886,71874300
2022-06-06,388.66473388671875,393.21403077110097,387.49435013390536,391.48681245747764,57508900
2022-06-07,392.3929748535156,392.8460295110228,384.71953261443264,385.18203491181913,59272400
2022-06-08,388.12677001953125,392.4684496696644,387.333946070098,390.6845741806073,64350000
2022-06-09,378.8959045410156,388.61746484353665,378.8959045410156,386.3522499850994,86289800
2022-06-10,367.9096374511719,373.55382355387263,367.862456867888,372.70437142833873,132893900
2022-06-13,353.9408264160156,360.3683895194282,352.3362831480851,358.5184668650851,170004900
2022-06-14,352.87420654296875,356.715650424304,349.77840591220803,355.6868660931428,104011800
2022-06-15,357.90484619140625,362.34088566797607,351.2224296671431,356.1681518151016,125666800
2022-06-16,346.0596923828125,350.1087829653544,343.63401132773026,349.70293778443306,134473300
2022-06-17,346.8057556152344,350.14245020385545,343.30795986691686,346.474006989018,111113900
2022-06-21,355.5361328125,356.9200870230244,352.4459063417937,352.521756092844,76811900
2022-06-22,354.8915100097656,358.99598772773135,350.90074904768903,351.3178358414842,90059400
2022-06-23,358.370361328125,359.1002487608876,353.46963484148904,357.0243321478926,79292100
2022-06-24,369.76434326171875,369.7738317116263,361.5079743602973,361.53641078181903,98050300
2022-06-27,368.3519592285156,370.9776852889989,367.2618578134948,370.683832618729,66009600
2022-06-28,360.825439453125,372.68391795995,360.7116937770823,369.9065216331798,86548900
2022-06-29,360.5316162109375,362.36109348225904,358.7116273894593,361.3752782573753,65676000
2022-06-30,357.60260009765625,360.83500878132185,353.1568557172421,356.64519222936855,112508300
2022-07-01,361.3846740722656,361.820737693378,354.33215354384066,356.9484195577325,74839700
2022-07-05,362.06719970703125,362.08617660456315,353.47905430233544,356.3038638558327,81438000
2022-07-06,363.2900695800781,365.7736135029027,359.8301699411462,362.2094276989218,70426200
2022-07-07,368.7311706542969,369.52741950591667,363.30907034528104,365.06272708039626,64525900
2022-07-08,368.4278259277344,370.2952282014979,365.5745794315864,367.10071569720793,72397800
2022-07-11,364.2191162109375,366.7216086229285,363.52712456879016,365.754741156874,58366900
2022-07-12,360.9960632324219,366.04848886653093,359.2518953418649,363.6692023712076,62219200
2022-07-13,359.1003112792969,362.029407826538,355.1475033861952,355.56459025701633,84224600
2022-07-14,358.2281799316406,359.3087928722651,351.715979081912,354.1521096552973,89704800
2022-07-15,365.0721740722656,365.185919762693,360.72122784420594,362.6265260152687,79060400
2022-07-18,362.0577697753906,368.825898190188,360.8349458407432,368.1528836213448,63203600
2022-07-19,371.84033203125,372.40908945598443,365.3186708693351,365.97270864034476,78506000
2022-07-20,374.2100524902344,375.62247177061846,370.66484393622255,372.02984989964705,71843800
2022-07-21,378.020751953125,378.06813634762244,371.2336461823122,373.63188089355765,64903900
2022-07-22,374.5134582519531,379.3383643459128,372.29533041038957,378.1440056178114,72197300
2022-07-25,374.9684143066406,375.8215358224329,372.7313098957775,375.1390328241593,53631500
2022-07-26,370.5322265625,373.537114847819,369.64118001606494,373.3285714235852,52946400
2022-07-27,380.15350341796875,381.89767117984184,373.5275288987167,373.8213815204988,82342100
2022-07-28,384.9216003417969,385.61356292258694,377.4140666940386,380.95930457713075,73966600
2022-07-29,390.5332946777344,391.51913892921795,385.58515437514285,386.3529667558723,87003700
2022-08-01,389.37677001953125,391.8792906615118,387.13020608259814,387.8411455020427,69997500
2022-08-02,386.80792236328125,391.49064571833276,385.63251176391105,387.8127144423944,63435400
2022-08-03,392.8651428222656,394.0310649800449,388.6468906090099,388.93125481134643,67820600
2022-08-04,392.5997619628906,393.4718315474268,390.95985110646615,392.78932847212786,45656600
2022-08-05,391.9362487792969,392.58082705040783,388.26780520528524,388.32467805695944,56814900
2022-08-08,391.481201171875,395.87007236927724,390.3816112599049,393.6235081493515,53886100
2022-08-09,389.9266052246094,391.25368644325886,388.8554517997777,390.7512903773344,44931800
2022-08-10,398.1166076660156,398.258818700046,395.01692204612334,396.96963344138766,68665700
2022-08-11,398.1166076660156,402.8183081055924,397.3772317875,400.96036549541424,59489700
2022-08-12,404.8563232421875,404.9605804756404,399.10244636975136,400.0503656332881,61694500
2022-08-15,406.5246276855469,407.04600061972724,402.5907686609456,402.64764150057266,54048300
2022-08-16,407.3209228515625,409.2451978170758,404.64778356108576,405.4535207281274,59289000
2022-08-17,404.4297180175781,407.13129350400095,402.4296224053403,403.7282670715911,63563400
2022-08-18,405.60516357421875,406.2876376325339,403.3396227828059,404.62877901944364,49023200
2022-08-19,400.15460205078125,403.11210515684974,399.28250370833194,402.84668895318197,68016900
2022-08-22,391.8224792480469,395.5004110497399,390.921944270961,395.3297635768896,77695600
2022-08-23,390.87451171875,393.7846307828097,390.3247023494631,391.39585573923233,49105200
2022-08-24,392.1257629394531,393.49074002484474,389.9645082393007,390.64698231789686,49177800
2022-08-25,397.6616516113281,397.7090360070508,392.52391605971974,393.614017515164,50942300
2022-08-26,384.2012023925781,398.0882155528186,384.1443295439162,397.5479234905298,103087000
2022-08-29,381.6607360839844,384.70354880710715,380.3052184856568,381.25313774516417,65370800
2022-08-30,377.4709777832031,383.05423695854176,375.3760840001701,382.81725710753153,85652400
2022-08-31,374.5986633300781,380.3430507669573,374.465969698621,379.1012790591029,76029700
2022-09-01,375.774169921875,376.1154069737023,369.7264403478649,372.4280160542996,78740100
2022-09-02,371.8119201660156,380.6465364862651,370.00139052392416,379.43320073318154,99632100
2022-09-06,370.4090270996094,373.59402268267246,368.19089897678896,372.6555916498426,76637400
2022-09-07,377.0633239746094,377.8311362647998,369.8781086762223,370.0961115930664,70964200
2022-09-08,379.5279235839844,379.98290632149366,373.59393967123003,374.79781566335777,80821700
2022-09-09,385.4240417480469,386.2866518911624,381.4996414658426,381.7650577461701,76706900
2022-09-12,389.5664367675781,390.2868647682197,387.18714981782034,387.49049096842776,69256300
2022-09-13,372.62713623046875,382.1063305943667,371.5085982382981,380.90245439610015,122947100
2022-09-14,374.0489807128906,375.5656574561683,370.75021096587693,373.9257465690702,85023700
2022-09-15,369.8022766113281,375.33812191068284,368.53206820723454,372.49436398050875,87633800
2022-09-16,366.98114013671875,367.6378936491365,363.69737257463,365.62958149307445,103084800
2022-09-19,369.8269958496094,369.8269958496094,363.7639505998914,363.84011191988435,73278500
2022-09-20,365.5819396972656,367.5141193905518,362.83121456949,366.5051996914192,77274900
2022-09-21,359.2048034667969,370.5504007332188,359.19527603958755,367.504586823731,106746600
2022-09-22,356.1875305175781,360.07091552367,355.44511739669144,358.4337956869669,89472600
2022-09-23,350.21966552734375,352.7609904104437,345.78421269474035,352.7229097506912,122346900
2022-09-26,346.75506591796875,352.3707580104209,345.53674617910787,348.7538794551558,92581200
2022-09-27,345.86993408203125,352.5516532322038,343.4808733177717,350.2863328489352,108294100
2022-09-28,352.6753845214844,354.36008362291216,345.1275119459914,346.82173847556913,110802200
2022-09-29,345.3083190917969,349.42013004160674,342.3672197883283,349.13459770031216,112952300
2022-09-30,339.9686584472656,348.27799879138144,339.83541969328155,344.3660311283521,153711200
2022-10-03,348.9441833496094,350.79070306991537,341.9007722856018,343.6806581182504,89756500
2022-10-04,359.75689697265625,359.78545021158516,348.90623047409554,354.455289584228,103602800
2022-10-05,358.919189453125,361.1749817964111,353.0750722691506,355.3974984990643,88065700
2022-10-06,355.2166442871094,360.4706419018,354.721682907655,357.5200156173895,82333500
2022-10-07,345.3083190917969,355.30235769557754,343.547458861724,351.19051769873397,107789500
2022-10-10,342.67181396484375,346.6599140174196,340.4350759464563,346.4219606923115,76042800
2022-10-11,340.50164794921875,345.5367479558779,338.56946829764377,340.9775545535183,92482800
2022-10-12,339.3784484863281,342.4813682302242,339.1309678057882,340.91088255478394,76991800
2022-10-13,348.3350830078125,349.8008834901985,331.3356839052994,332.3826842498608,147254500
2022-10-14,340.39691162109375,352.41831529855494,339.7591840858435,350.79069404097305,123737000
2022-10-17,349.1441955566406,350.2483025774225,340.0638876603589,346.4696022478733,93168200
2022-10-18,353.24639892578125,357.35823847132036,349.81033854515664,357.0536513093477,97162900
2022-10-19,350.7431335449219,353.9317132956456,347.9352732315164,351.2095126771094,79746900
2022-10-20,347.8021240234375,354.71229832520663,347.040655905769,350.29587038384494,88283100
2022-10-21,356.2541809082031,356.7395859020458,346.02218871676973,347.5260408349085,131038400
2022-10-24,360.6134338378906,361.7460937798273,355.1309809456278,357.77704931693273,85436900
2022-10-25,366.3719787597656,366.6860643599622,360.4231457883191,360.53735873384517,78846300
2022-10-26,363.6116943359375,368.90377378445976,362.9739957124518,363.230974837986,104087300
2022-10-27,361.66998291015625,366.44807462100994,361.05128110498777,364.6110821532887,81971800
2022-10-28,370.2743225097656,370.7502290607999,361.3843916220893,361.5652384352448,100302000
2022-10-31,367.5997619628906,369.68423516133385,366.69555686556424,367.81868945232327,96631300
2022-11-01,365.9911804199219,371.5783479860967,364.8204688405162,371.34039469961164,85407600
2022-11-02,356.80615234375,369.9031091678092,356.70146685113565,365.4010229977816,126990400
2022-11-03,353.13226318359375,356.1685499468717,351.0192364870028,353.57008917022813,87100100
2022-11-04,358.2148742675781,360.61343287804317,352.170855133582,358.8335469874606,103505200
2022-11-07,361.6414489746094,362.23156853069116,357.43442171013305,359.50936758378657,68286900
2022-11-08,363.5926208496094,366.5622732100706,359.5188617569453,362.745493209243,84641100
2022-11-09,356.1018371582031,362.77405623568103,355.60687575970667,361.62234147920316,78495500
2022-11-10,375.671142578125,376.00428299719744,367.0572450041489,369.35108918360226,141455800
2022-11-11,379.30706787109375,380.10658743180727,374.64316019638335,376.5277606911573,93839900
2022-11-14,376.08038330078125,380.89655521020984,375.8043493716394,377.5461835918774,71903500
2022-11-15,379.28802490234375,382.9239582221826,375.4807721813481,381.8198514474499,93194500
2022-11-16,376.39453125,378.61224316456577,375.76633106956126,377.6604299906343,68508500
2022-11-17,375.2428283691406,375.9186366580597,371.3404174691277,371.6449756187588,74496300
2022-11-18,376.94659423828125,378.6408206344442,374.1006819611119,378.5741867367159,92922500
2022-11-21,375.5759582519531,376.7466989172969,373.73896579052973,375.6235663390515,51243200
2022-11-22,380.63006591796875,380.79188693120494,376.1089535381112,377.5176474312929,60429000
2022-11-23,383.02862548828125,383.5140303982983,380.0684717587064,380.2968975987144,68261600
2022-11-25,382.94305419921875,383.4951222112624,382.1911425629059,382.46714752188933,30545400
2022-11-28,376.8323669433594,381.4962458070925,376.0708989562592,379.8591259436192,67881600
2022-11-29,376.1851806640625,378.1554121174717,374.34815892103285,376.96564549358453,52310000
2022-11-30,388.03515625,388.03515625,374.51942770651925,376.4325522787015,144566700
2022-12-01,387.7496337890625,390.2433795179694,385.24636063389784,389.07263892248426,76398200
2022-12-02,387.30230712890625,388.20651222768515,382.76216868711776,382.86685419503635,85342700
2022-12-05,380.3349914550781,385.41766990087285,378.98343312541476,384.4849116571129,77289800
2022-12-06,374.8525695800781,380.7157422182558,372.7681254520418,380.17323078475664,77972200
2022-12-07,374.21490478515625,376.57541212687585,373.0822446819997,374.005504706076,65927900
2022-12-08,377.14642333984375,378.212449392276,374.3195371968257,376.0994521400108,60737900
2022-12-09,374.3291015625,378.459967446831,374.20536119651905,375.90911499149865,81447700
2022-12-12,379.7258605957031,379.7258605957031,374.4528077117335,375.119059475854,75405800
2022-12-13,382.6003723144531,390.7098107273862,379.8401197057134,390.45283160745686,123782500
2022-12-14,380.1541748046875,385.9602409589763,377.21307559103866,382.257673780074,108111300
2022-12-15,370.85498046875,376.20416598654884,369.1988348015829,375.2999318308924,117705900
2022-12-16,366.4765930175781,369.6415593936089,364.34432159505855,368.302907769073,119858000
2022-12-19,363.3689880371094,367.00250429400353,361.70523742151596,366.6678340994925,79878100
2022-12-20,363.8663024902344,365.4822559399263,361.2941649486737,362.61370366432016,74427200
2022-12-21,369.3069763183594,370.435266494614,365.92207660917404,366.4575373430041,78167400
2022-12-22,364.038330078125,369.28777027212345,358.34902428686854,366.2662256920997,100120900
2022-12-23,366.13232421875,366.2757459455611,361.4661428370809,363.0151558474651,59857300
2022-12-27,364.6885986328125,366.36192075609665,363.0152765095284,366.01770849733794,51638200
2022-12-28,360.1562194824219,366.59134742365524,359.92674469166934,364.6215818081712,70911500
2022-12-29,366.63916015625,367.5092910145083,362.47018314198056,362.9961017998292,66970900
2022-12-30,365.67340087890625,365.8168226274327,361.8486652893112,363.9618527124626,84022200
2023-01-03,364.1340026855469,369.4981809896888,361.2749926451564,367.52844425814527,74850700
2023-01-04,366.9451599121094,368.9722652057651,363.34989894273167,366.3905568832152,85934100
2023-01-05,362.757080078125,365.10928447945327,362.1642506841692,364.9945470716449,76970500
2023-01-06,371.0758361816406,372.19458418736764,362.7857380848977,365.8455090657922,104189600
2023-01-09,370.8655090332031,376.44964922378716,370.6838609207569,373.2655401902277,73978100
2023-01-10,373.4662780761719,373.53321794947027,369.3451279864,370.28219867133123,65358100
2023-01-11,378.18988037109375,378.26639143115705,374.231293835196,375.04405606095594,68881100
2023-01-12,379.5667724609375,381.02973273660194,375.22571833967487,379.289500125456,90157700
2023-01-13,381.039306640625,381.6130228505716,376.10539392375364,376.3731242643396,63903900
2023-01-17,380.3412780761719,382.6935115955875,379.6623956443495,381.0201896884126,62677300
2023-01-18,374.33648681640625,382.58835989011226,374.1356963351264,381.5270095943542,99632300
2023-01-19,371.61138916015625,373.94445143359656,370.2918504811202,372.2998136739957,86958900
2023-01-20,378.5340881347656,378.68708106087394,371.36270886328373,373.00734634342695,91806400
2023-01-23,383.075927734375,385.0074085420892,378.38106168560785,379.337245503758,84178800
2023-01-24,382.664794921875,383.57315208650715,380.21696655885887,381.4026252152029,59524900
2023-01-25,382.8082275390625,383.1428977378186,376.31573073269413,378.6010242444025,84800300
2023-01-26,387.015380859375,387.17794493963646,382.5021922983197,385.46636782103366,72287400
2023-01-27,387.9046630859375,390.2760095744735,385.762820567528,385.97318218490153,68346200
2023-01-30,383.0376892089844,387.37877210654403,382.7412745466371,385.1508473703547,74202000
2023-01-31,388.6696472167969,388.7174447402499,383.20981606709955,383.5540574493801,86811800
2023-02-01,392.8003234863281,395.5445957142965,384.7205872650518,387.4552591361378,101459200
2023-02-02,398.5183410644531,399.9813013244029,394.78922953717114,396.68245506156615,101654500
2023-02-03,394.282470703125,398.70003602985804,393.0776695484089,393.5557615392747,94736800
2023-02-06,391.872802734375,393.2688521236934,390.21862339860974,391.8345763914126,60295300
2023-02-07,396.99798583984375,398.241013206568,389.7118693730586,390.9548967397829,90990700
2023-02-08,392.6568908691406,396.36688886374986,391.96843733219856,395.0282373142556,76227500
2023-02-09,389.25286865234375,396.4051341468822,388.02895452722424,396.25214123369045,78694900
2023-02-10,390.16131591796875,390.5437836705012,387.2640796514173,388.0768126828916,70769700
2023-02-13,394.74139404296875,394.875273798094,390.3525133608386,390.81149214644563,64913500
2023-02-14,394.55975341796875,396.86413102531327,390.61070909281807,393.2210725630297,88389300
2023-02-15,395.841064453125,395.9175463340548,391.52866525765285,392.3701118499811,61555700
2023-02-16,390.3907470703125,394.8178830322616,390.25689650308516,390.87841017898984,76431500
2023-02-17,389.4154357910156,389.65448174842203,386.34606468801917,388.26800352329917,89257800
2023-02-21,381.6034240722656,386.4512833840668,381.3452649276504,385.39947527197734,82655900
2023-02-22,381.0775451660156,383.55405800104023,379.624126941612,382.01458672604707,83742300
2023-02-23,383.1046447753906,384.577176151522,378.88787027584414,383.965204449082,96242400
2023-02-24,379.01214599609375,379.8440212478962,376.3922116756281,378.0942177024235,108194400
2023-02-27,380.3030700683594,383.7070827492521,379.36599925020045,382.3492886397092,80444700
2023-02-28,378.89739990234375,381.78506445797404,378.79220451109035,379.82489935060727,96438600
2023-03-01,377.4440612792969,379.30863174384257,376.1436650512144,378.0847173960627,99706800
2023-03-02,380.3794860839844,381.22093252105213,375.13958820432623,375.47425838003477,85127800
2023-03-03,386.47998046875,386.7285976253681,381.54606794616154,382.1962660076362,90120000
2023-03-06,386.74774169921875,389.5971805098177,386.30790523195174,387.3023155770407,72795900
2023-03-07,380.8193664550781,386.93896700217493,380.20742390861926,386.699921017692,108310600
2023-03-08,381.4409484863281,382.1963128648765,379.21302334137835,380.9341721144572,74746600
2023-03-09,374.40338134765625,383.88873887527785,373.41851305631604,382.2249589763906,111945300
2023-03-10,369.0009460449219,375.93327957719293,367.4806170891498,373.8583475978051,189253000
2023-03-13,368.47503662109375,373.28466995051247,363.97141834242984,365.08059523708437,157790000
2023-03-14,374.56591796875,376.21055539266825,370.0909552792131,373.38980130348455,149752400
2023-03-15,372.2232666015625,372.4240570496017,366.89731528704147,368.98181836154816,172996900
2023-03-16,378.75396728515625,379.0982086417623,369.3642641428275,369.8710404113854,143254200
2023-03-17,374.3253479003906,378.55821591341066,372.94318572096427,377.4256197444262,140553400
2023-03-20,377.92474365234375,378.3374942216171,374.4021719427654,375.1028314855244,93055800
2023-03-21,382.88702392578125,383.3669404738883,379.6907633119906,381.28408976671983,91524200
2023-03-22,376.3601989746094,386.3232727268631,376.3218267349629,382.71431965042825,111746600
2023-03-23,377.37762451171875,383.25179889041164,374.6708879123496,379.22048781510506,119351300
2023-03-24,379.8540344238281,379.9404159071664,373.7590870150187,376.1010826470393,107682400
2023-03-27,380.5643310546875,382.8967484518619,379.67169303289216,382.12886416554034,74010400
2023-03-28,379.7099609375,380.5641971213973,377.87667629457644,379.8731161528176,62871700
2023-03-29,385.2290344238281,385.46899270747423,382.6662670661032,383.8660584843338,77497900
2023-03-30,387.4846496582031,388.1085353397573,385.6225710265115,387.8589693504225,69840000
2023-03-31,392.9461364746094,393.24368242982905,388.30051790737826,388.4061147934353,112062600
2023-04-03,394.44354248046875,394.8466560999905,392.03435130342865,392.4278865074887,67391100
2023-04-04,392.2550354003906,395.3744932102715,390.8824517022873,395.0865256835199,66601500
2023-04-05,391.2279968261719,392.2838191469049,389.577082640603,391.52554275858984,65200200
2023-04-06,392.754150390625,393.0325102209904,389.3851264771968,390.4313411526847,63743300
2023-04-10,393.1572570800781,393.23406013832266,389.66347951634174,390.27775752337686,63681000
2023-04-11,393.26287841796875,394.66422675434245,392.4950235384784,393.7811965721071,59297900
2023-04-12,391.659912109375,395.61444936283374,391.0744279375137,395.3264818376402,86420400
2023-04-13,396.8622741699219,397.21740780284637,391.602377161458,392.744581127332,85814800
2023-04-14,395.8927917480469,398.4171577397506,393.58919793642514,396.22873922494233,78161500
2023-04-17,397.3133544921875,397.3325406110166,394.577824032139,395.8064093482449,66436400
2023-04-18,397.57257080078125,399.02192855853326,396.20001611580255,398.88753782707477,63560000
2023-04-19,397.5053405761719,398.4075568472331,395.60486027089866,395.6624479202901,55227300
2023-04-20,395.3360595703125,397.0829628319808,393.79071305675006,394.6929585087422,75840400
2023-04-21,395.64324951171875,396.10395069254025,393.6947893230702,395.6336418065236,73457400
2023-04-24,396.05596923828125,396.4782981802782,394.1075090570705,395.44166194381876,64332100
2023-04-25,389.7690734863281,394.6450428024144,389.7114858346393,394.0883231137075,97766700
2023-04-26,388.1181335449219,391.4583635816679,387.56144318468967,390.3833550986097,80447000
2023-04-27,395.8448181152344,396.11357024267807,390.40255091976803,390.65211692803183,92968400
2023-04-28,399.223388671875,399.2329963765921,394.904139565875,394.9617272106124,89433100
2023-05-01,398.8202819824219,400.845515871164,398.5899021077479,398.781880454679,62122300
2023-05-02,394.3379211425781,398.1580683348258,391.43923503572364,398.1100590933305,103998500
2023-05-03,391.631103515625,397.2461331896153,391.3911452329056,394.83694265774216,91531800
2023-05-04,388.8572082519531,390.91123595861524,387.52302611509293,390.58489620304397,94901900
2023-05-05,396.05596923828125,397.1021838881152,392.22624422840113,392.48538864162396,87891800
2023-05-08,396.1615905761719,396.64150723066325,394.76024214675766,396.3823627822816,50046800
2023-05-09,394.42425537109375,395.53766541370464,394.1939047732381,394.61623373049684,49220100
2023-05-10,396.26715087890625,397.88927136463667,392.44700411687967,397.25577792419296,96142900
2023-05-11,395.57611083984375,395.86404911911495,393.5028673537258,395.40334787228096,70157100
2023-05-12,395.0577697753906,397.0254455424627,392.63900049417026,396.8142810526254,70481500
2023-05-15,396.4207763671875,396.8238899658133,393.7524408587719,395.66249982833955,54289400
2023-05-16,393.7716369628906,396.238415734528,393.762029255893,395.31695461644586,57705500
2023-05-17,398.55157470703125,399.1562450551422,394.14594356293253,395.7872502342352,87287000
2023-05-18,402.39093017578125,402.8132591766572,398.0140926137832,398.234835528931,97177200
2023-05-19,401.805419921875,403.8210757531866,400.5864421499419,403.2931791436521,103793300
2023-05-22,401.96856689453125,403.50430592203884,400.58640469895295,401.8245977682805,60745400
2023-05-23,397.4573059082031,401.90133808318683,397.06377080135275,400.3271976557855,86383500
2023-05-24,394.5778503417969,396.238372422446,393.4164603018304,395.85444497777297,89213700
2023-05-25,397.99481201171875,399.4441694496832,395.84479511708275,398.0811934806872,90961600
2023-05-26,403.14910888671875,403.8689837488059,398.57071530888675,398.64748907245814,93830000
2023-05-30,403.30267333984375,405.60626696953454,401.9205113036728,405.0783704702366,72216000
2023-05-31,401.0663146972656,402.3812815149699,399.50178187032054,401.4790359496369,110811800
2023-06-01,404.8768005371094,405.9326227931181,400.0488412722422,401.29661257093727,88865000
2023-06-02,410.7318420410156,411.5188830151562,406.92130300774403,407.44919955900986,91426200
2023-06-05,409.94482421875,412.36359368369943,409.24413533747776,411.0774205267335,65460200
2023-06-06,410.83740234375,411.3652988856477,408.8793344192004,409.53204325524,64022200
2023-06-07,409.4168395996094,412.3635345526036,408.9945106484148,411.2309384070294,85373300
2023-06-08,411.8931579589844,412.3442806603505,408.71611293362423,409.48396765043555,61952800
2023-06-09,412.63226318359375,414.63831094166113,411.6436362158996,412.689850828952,85742800
2023-06-12,416.3756408691406,416.4524439304632,412.89147087099775,413.61134578902306,76104300
2023-06-13,419.1207580566406,419.76382988102273,417.1722978814529,417.8345851160925,95899700
2023-06-14,419.6199035644531,421.42439480568777,416.1741056268984,419.45674831132544,100612100
2023-06-15,424.8221435546875,426.069914890404,418.70801128446885,418.80397116276845,110303100
2023-06-16,423.3752136230469,427.3733126232331,422.90315763573193,426.80491087916494,114165800
2023-06-20,421.1786193847656,422.32506614292663,419.1073181445954,421.4387558395076,76160400
2023-06-21,419.0206298828125,420.995585443212,418.43294139177686,420.19597746428883,76982300
2023-06-22,420.5331115722656,420.6390713007603,417.72961825633774,418.06681362984074,70637200
2023-06-23,417.35394287109375,419.1362363473925,416.6410372408123,417.084192410939,92074500
2023-06-26,415.648681640625,418.70263864501453,415.4078319979814,416.7854848977608,72823600
2023-06-27,420.20556640625,420.82212620155866,416.0725783167209,416.5253768197751,72813700
2023-06-28,420.41748046875,421.4290371213432,418.5099408774898,419.126500621765,75636000
2023-06-29,422.07452392578125,422.2383146152685,419.59861200085055,420.0032229268465,67882300
2023-06-30,427.05535888671875,428.0380149404403,424.9647708481831,425.2827088718478,104964000
2023-07-03,427.5466613769531,427.82602579498047,426.4291155030701,426.70850932168867,32793400
2023-07-05,426.9107971191406,427.6429894132442,425.7258063379871,425.7354497315169,58418400
2023-07-06,423.5678405761719,423.991738320798,421.06299828536083,423.3366343156822,80658300
2023-07-07,422.4984436035156,426.438769743823,422.2575939538954,422.5755319557256,86134200
2023-07-10,423.5678405761719,423.7412452715391,421.57359837767063,422.1420000351028,62443500
2023-07-11,426.2653503417969,426.7566930521444,423.3558970583311,424.32893908451956,64463800
2023-07-12,429.6950378417969,431.1016209821125,428.62567949600117,430.0515200243212,91924500
2023-07-13,433.1054992675781,433.89549322497544,431.0727422071223,431.506253963796,72425200
2023-07-14,432.8357238769531,434.83958003816,432.07463074719146,433.991813962652,69815800
2023-07-17,434.33856201171875,435.3886628143162,432.64297129896573,432.6911588627437,52680200
2023-07-18,437.5660400390625,438.2115006773749,433.5775554716282,434.01109662916457,80668200
2023-07-19,438.5390625,439.724023983291,437.48893213427476,438.35601441060516,65891700
2023-07-20,435.6296081542969,438.442745236727,434.91670253914305,437.5467915202886,70591600
2023-07-21,435.6296081542969,437.5467915202886,435.6199941598992,437.34445662901965,71275600
2023-07-24,437.5756530761719,438.38490436691495,435.74517222742827,436.7760157789645,54023400
2023-07-25,438.7702941894531,440.0227007047043,437.2577512159894,437.3059387900186,55191200
2023-07-26,438.83770751953125,440.263518637083,436.7856637889011,437.83576473919794,71052900
2023-07-27,435.92822265625,442.6238546795818,435.02262562113657,442.2192143317386,92194400
2023-07-28,440.1961669921875,441.0246757996423,435.92828821232376,439.1942240663801,80011800
2023-07-31,441.0342712402344,441.39072403261815,439.35793761574195,440.6681750532694,62040400
2023-08-01,439.7721862792969,440.51399258801536,438.8184017102693,439.5698514127993,55291500
2023-08-02,433.65460205078125,436.9205079074881,432.90315234388123,436.6604008783812,93933400
2023-08-03,432.41180419921875,434.29044314301314,430.995607146359,431.6410971149184,64276100
2023-08-04,430.4561462402344,436.3232404604835,429.9359027397443,434.2230384704291,100128900
2023-08-07,434.2134094238281,434.36755674020003,431.5929638466943,432.28661207007076,58357500
2023-08-08,432.32513427734375,434.2037733620173,428.9724964679823,431.67964426037906,71361300
2023-08-09,429.43487548828125,432.7586120279548,428.6737824515494,432.59482134894097,78789600
2023-08-10,429.58905029296875,435.1671361209915,428.4233462814403,431.7855978075418,93005500
2023-08-11,429.338623046875,430.3502093181606,427.1228178060312,427.720120293532,68690900
2023-08-14,431.7085266113281,431.7085266113281,428.1150686990038,428.4233633029166,47867400
2023-08-15,426.6795959472656,430.29234049304716,426.1111649328765,429.9358583347008,75707500
2023-08-16,423.5485534667969,427.9223617239687,423.44256433778145,426.2653150386881,80107200
2023-08-17,420.3211364746094,425.27298943715965,419.8008930565569,425.0128824284278,95711300
2023-08-18,420.5234680175781,421.5543115245304,417.1612164787308,417.5080258452247,98852000
2023-08-21,423.2595520019531,424.00135836533855,419.3867000805202,421.5350602162778,68719000
2023-08-22,422.113037109375,425.0321333206804,421.5542789285874,425.0321333206804,64994200
2023-08-23,426.81451416015625,427.4311034249485,423.0283644204359,423.17286834168584,68441000
2023-08-24,420.8992004394531,428.92429730681755,420.87027025881116,428.41369725884107,88517300
2023-08-25,423.866455078125,425.14776219480035,419.07836317797603,422.62366273446645,102325100
2023-08-28,426.5543212890625,427.17088102922287,423.86643129217725,426.053335262057,61595400
2023-08-29,432.7200927734375,432.9994865828607,426.26531078000176,426.44835885508,83081900
2023-08-30,434.5024108886719,435.1382574911251,432.35402143192493,433.05731299234867,69053900
2023-08-31,433.86651611328125,436.2557255535454,433.68346804802377,435.1189223908011,66084600
2023-09-01,434.6758117675781,437.06505085275637,433.2210704898494,436.5833515582069,58944100
2023-09-05,432.7972106933594,434.5506033353466,432.72979513066315,434.23269470933957,55166200
2023-09-06,429.8877258300781,432.093916863234,427.56593166865076,431.9879277285903,70758500
2023-09-07,428.5679016113281,429.24226303585164,426.5447585365695,426.89156794336543,70355400
2023-09-08,429.2133483886719,430.74514868706615,428.25959315019446,428.61604594030854,61659700
2023-09-11,432.0361022949219,432.34436749416994,430.12856253408137,431.83376742594476,60180100
2023-09-12,429.6661682128906,432.11320909412444,429.08815252492514,430.59105211482444,67565400
2023-09-13,430.1671447753906,431.3232055262028,428.7894623481302,429.8877509320253,60199300
2023-09-14,433.87615966796875,434.56980780447236,431.33280276784916,432.63339669886733,83430800
2023-09-15,428.648681640625,432.62223173023705,428.2136407942197,432.29352436707654,111848900
2023-09-18,428.9000549316406,430.1955590603149,427.86557530879384,428.3392962837647,55752200
2023-09-19,428.0106201171875,428.57137880593234,425.3326034960519,427.981617392204,66514600
2023-09-20,424.0758361816406,429.68324679400325,423.8727875752747,429.2675311788192,82562600
2023-09-21,417.0665283203125,421.4944451347644,416.9118372759941,421.2334205936458,104095800
2023-09-22,416.12872314453125,419.6865285568745,415.71297806578804,418.09131961695476,100829700
2023-09-25,417.8786315917969,417.91728222441265,414.4851650567311,414.92023546020613,70874500
2023-09-26,411.73944091796875,415.54862280920696,410.90798029741677,414.84285049792544,96168400
2023-09-27,411.9037780761719,413.4700137261174,408.2686420542666,412.90925504168933,104705800
2023-09-28,414.291748046875,415.964317107926,410.762945679416,411.35270706101295,92258300
2023-09-29,413.2863464355469,417.5112441372113,411.76846823252566,417.3372277775056,115111300
2023-10-02,413.1219482421875,414.3691244055631,410.36657139466814,412.454856073705,83798600
2023-10-03,407.59185791015625,413.1799422139496,406.22867088652805,410.94664397430034,103760600
2023-10-04,410.5599060058594,411.30432887204057,406.5960334820363,408.0559059967463,87453000
2023-10-05,410.4052429199219,411.2463514179395,407.1858225474584,410.269877205424,70142700
2023-10-06,415.2779541015625,416.81515765208843,406.63478734252965,407.95929439211045,113273300
2023-10-09,417.9366455078125,418.5070521455923,412.8319589906931,413.3830108074734,80374400
2023-10-10,420.11187744140625,422.70288570856627,418.1686064888882,418.5649967058061,78607300
2023-10-11,421.8327941894531,422.08414129890025,418.79703802262225,421.17537943505704,62451700
2023-10-12,419.2610778808594,422.81888280363904,416.91176888328704,422.4418474172078,81154200
2023-10-13,417.1728515625,421.95850789546967,415.60664534568787,420.75965970754623,95143100
2023-10-16,421.56207275390625,422.6255551040407,419.1740835467255,419.4157827397426,75433200
2023-10-17,421.542724609375,423.59235858221746,418.09128250171426,418.43931518310666,75324700
2023-10-18,415.92572021484375,420.7307023822685,414.84291231868644,419.773582814112,93559800
2023-10-19,412.2711486816406,418.44899434083845,411.5944086302288,416.64108906158174,121323000
2023-10-20,407.2051696777344,412.3775387523352,407.09880668145956,411.8361348739324,123919900
2023-10-23,406.4993591308594,410.3568982821464,403.9276761980999,405.67757598059893,92035100
2023-10-24,409.56414794921875,410.7146385432617,406.7700909338865,408.61667642933105,78564200
2023-10-25,403.6860046386719,407.91093157015536,403.17360349885,407.88192884542195,94223200
2023-10-26,398.85205078125,403.47333880031834,397.93361142540357,402.6225823087564,115156800
2023-10-27,397.0440673828125,400.83392348318415,395.62287503320994,400.4375332899705,107367700
2023-10-30,401.79107666015625,402.8448816266276,398.5329761803426,399.8284803456642,86562700
2023-10-31,404.3144836425781,404.63351364420447,400.4569438698378,402.36153498192397,79665200
2023-11-01,408.6263427734375,409.43844855236455,404.74947812853236,405.28123407598383,98068100
2023-11-02,416.45745849609375,416.61214954670544,412.3968995543654,412.41622487157895,94938900
2023-11-03,420.2569580078125,421.80383898984763,418.63274625361095,418.7584345746445,100167800
2023-11-06,421.2237243652344,421.66844265759465,419.28045324415575,421.01102787683624,67831700
2023-11-07,422.42254638671875,423.0606358569916,420.0829145000172,421.2237277176419,64256100
2023-11-08,422.73193359375,423.5440394282341,420.43095231056213,423.02196085453033,61746000
2023-11-09,419.43511962890625,423.9113935278032,419.0097266771128,423.8727133946502,83174400
2023-11-10,425.9803771972656,426.28975929301595,419.4254952530958,421.50413223667414,89462200
2023-11-13,425.5743103027344,426.6764433760795,423.86309048956497,424.64619358239656,52236100
2023-11-14,433.8307189941406,435.11654569788686,431.27836139592864,431.50073527138204,97176900
2023-11-15,434.7491760253906,436.39274237985995,433.8983901244557,435.16489156652574,77327600
2023-11-16,435.28094482421875,435.59997479434537,433.24098818272,434.30447059030485,66665800
2023-11-17,435.8222961425781,436.43138278914034,434.3721010809706,435.2905402507456,83133200
2023-11-20,439.1771545410156,440.0182630951851,435.5613141930735,435.57099160312566,69936200
2023-11-21,438.219970703125,439.05143128536895,436.95346926763995,438.13296253247677,49244600
2023-11-22,439.9118957519531,441.22675482120695,438.8194400859089,439.8732451207241,59394900
2023-11-24,440.1826171875,440.3759883694041,439.63156537724313,439.96027278304024,29737400
2023-11-27,439.38983154296875,440.36627627306393,439.00308920962266,439.55417048077294,50506000
2023-11-28,439.82489013671875,441.1203943936042,438.4423777026132,439.00310690168646,62115000
2023-11-29,439.5155029296875,443.10234049536746,439.1191421839662,441.97117519611106,63146000
2023-11-30,441.24609375,441.59415597189025,438.2876976332808,440.35665713551293,79752700
2023-12-01,443.8564758300781,444.38820233909854,440.0472935709732,440.6370255353667,89183400
2023-12-04,441.5264892578125,443.87579870037587,439.25451058722007,440.4726841519421,72430900
2023-12-05,441.4394226074219,442.3965419933345,439.7668535301099,440.14391844231596,69793500
2023-12-06,439.6605529785156,443.60507121667763,439.225482586349,443.57606849081975,69124700
2023-12-07,443.0152893066406,443.6630266124851,441.13970123464765,441.73911050428126,66995400
2023-12-08,444.919921875,445.451648340426,442.02917923250493,442.27087844484373,83194400
2023-12-11,446.65045166015625,446.8244975103325,444.2141343049595,444.4268307846884,65002200
2023-12-12,448.6903991699219,448.78708475043413,445.30661038207074,446.30240990232363,68327600
2023-12-13,454.87786865234375,455.12924524748996,448.70970069679584,449.0674107718607,93278000
2023-12-14,456.3377990722656,458.00069086527446,453.66943027540754,456.8115200961749,119026000
2023-12-15,455.58648681640625,456.9163936701103,453.7421308855315,455.7418050538591,141553700
2023-12-18,458.149169921875,459.1296032853033,456.13009218585904,457.1881698520897,70375300
2023-12-19,460.9350891113281,461.0127630324847,458.61509172941334,458.69273602664884,55761800
2023-12-20,454.54779052734375,461.96405036999886,454.1206728290634,460.0808576886502,102921000
2023-12-21,458.8577575683594,459.1295570366737,455.1107760152546,457.5278509164755,86667500
2023-12-22,459.7799072265625,461.45925759296136,457.8870276491879,459.98374941589714,67160400
2023-12-26,461.7214050292969,462.62416447518916,460.1100117084557,460.18768563597195,55387000
2023-12-27,462.5561828613281,462.7017844285322,460.98362668768385,461.5175089754055,68000300
2023-12-28,462.73095703125,463.5657591935007,462.3135559501247,462.9153955785237,77158100
2023-12-29,461.3913269042969,463.06096072132885,459.4401769650659,462.5367654374911,122283100
2024-01-02,458.80926513671875,459.7994151792477,456.71251340562264,458.3336234097308,123623700
2024-01-03,455.062255859375,457.3919698393569,454.4604162904711,456.6542157231931,103585900
2024-01-04,453.596435546875,457.1686653982138,453.3731600721968,454.5865557790852,84232200
2024-01-05,454.21771240234375,456.6639075045455,452.77132456262234,453.80028176128866,86118900
2024-01-08,460.70208740234375,460.8476889622242,454.5865552720958,454.71275316529835,74879100
2024-01-09,460.00323486328125,461.02247554943773,457.54732279548995,458.05208481523704,65931400
2024-01-10,462.604736328125,463.4686883884697,459.99350610212235,460.275022232607,67310600
2024-01-11,462.40087890625,464.119036700077,458.4306513904914,463.60455806414546,77940700
2024-01-12,462.72125244140625,464.5850416325541,461.3137309308125,463.84728742423584,58026400
2024-01-16,461.0224609375,462.6532578332319,459.2072255045687,461.3428140279713,85014900
2024-01-17,458.45977783203125,458.94513616011074,456.110630489601,458.00353981867966,68843900
2024-01-18,462.5367431640625,463.09005873569527,458.58594911701266,460.12938495584103,91856200
2024-01-19,468.3028564453125,468.5843725866021,462.58535041381515,463.6628317450775,110834500
2024-01-22,469.29296875,471.0111265282756,468.6425755704272,469.83656769535,75844900
2024-01-23,470.66162109375,470.90430023582877,468.7493378931313,469.83653570981716,49945300
2024-01-24,471.1761779785156,474.45717543420074,470.68110299788805,473.525295727068,81765000
2024-01-25,473.7388610839844,474.01066056996024,471.17618444820096,473.3020267275593,72525000
2024-01-26,473.136962890625,474.7968799164263,472.2924442217773,473.3116847619897,76641600
2024-01-29,476.8839416503906,477.0295728420406,472.9040272208165,473.4476261562877,61322800
2024-01-30,476.5151062011719,477.2237103899132,475.7579187820987,476.19475312019154,58618400
2024-01-31,468.7396240234375,474.7580490082776,468.7201907326481,474.31152767890586,126011100
2024-02-01,474.8746032714844,474.90372358641025,469.6327095934461,470.43842101293257,91891600
2024-02-02,479.87371826171875,481.5239185736894,474.97158205447363,475.311338761735,99228200
2024-02-05,478.12646484375,479.90289286822576,475.87442477356564,479.2428126687566,75757100
2024-02-06,479.5146484375,479.8446885622171,477.64114268330553,479.06809742412736,55918600
2024-02-07,483.5139465332031,483.93134756331705,480.8541628931194,481.75695184930976,70556500
2024-02-08,483.7275390625,484.10610316011065,482.69858176017516,483.51398020972,52343600
2024-02-09,486.52313232421875,486.95993698445255,483.89246922228017,484.232225929518,63979400
2024-02-12,486.30963134765625,488.75582660767503,485.59128089218916,486.49406987855394,56502300
2024-02-13,479.6116027832031,482.53346897353373,476.3500095116949,480.0484370645988,113099200
2024-02-14,483.97021484375,484.4555731763151,479.92231331563113,482.2423403647749,68387800
2024-02-15,487.3094787597656,487.49391729462275,484.1934569596569,484.66912826614583,61683000
2024-02-16,484.8826904296875,488.1442842020213,484.144936285217,487.00856229426716,75532900
2024-02-20,482.21319580078125,483.8148722929186,479.970842787005,483.14507545774694,71736700
2024-02-21,482.6499938964844,482.80531210783914,479.10688422021883,480.9124325062878,59293400
2024-02-22,492.638671875,493.5996718242251,488.2898508655614,489.25088043870596,76402500
2024-02-23,492.97845458984375,495.1916873577398,492.25041710535265,494.35685563775104,61321800
2024-02-26,491.1728820800781,493.8520693709636,491.0466841824756,493.4152350521733,50386700
2024-02-27,492.0853576660156,492.30863314805396,489.9692025931845,491.86211180789684,48854500
2024-02-28,491.4350280761719,492.01743437576624,490.17307863790023,490.5322390639573,56506600
2024-02-29,493.20166015625,494.8130532117829,490.55162288856457,493.19197313484807,83924800
2024-03-01,497.8320007324219,498.25911842016706,493.6676477127876,494.0753617325155,76844800
2024-03-04,497.2981262207031,499.1425115484434,497.00692307628157,497.03607301464484,49799300
2024-03-05,492.3280334472656,495.7449748064334,490.1245174506037,495.29842384541166,72855600
2024-03-06,494.82281494140625,497.07488469099843,493.53177482463775,495.59937641592427,68382400
2024-03-07,499.734619140625,500.7830096761973,494.8810360564722,498.1135389799133,58652100
2024-03-08,496.7350769042969,503.04470489035225,496.16235769149256,500.3655769656846,86532500
2024-03-11,496.3079528808594,496.8903887313969,493.60936207648933,495.5313914960879,62557200
2024-03-12,501.6469421386719,502.2293483869414,495.9002573325016,498.41443934118087,73114400
2024-03-13,500.8606872558594,502.1420404607562,499.424045441815,501.9673185575223,55104100
2024-03-14,499.87054443359375,501.9866995940405,496.8321966177629,501.831351753217,110171800
2024-03-15,496.4380798339844,498.25898476271357,494.77300540358664,496.80810297761957,107646300
2024-03-18,499.3885498046875,501.93972478311895,498.9795987021718,500.498619372016,88893300
2024-03-19,502.1636657714844,502.44602683293346,497.69420694088996,498.6971800566581,60755300
2024-03-20,506.808349609375,506.9446864437559,501.5502289693654,502.22210687375775,69594600
2024-03-21,508.48309326171875,510.34289607649356,508.2006728170247,509.64183724534655,60256100
2024-03-22,507.51922607421875,508.88241615238655,507.2854803107173,508.3955498176283,79070800
2024-03-25,506.1170654296875,507.2660628859731,505.961234915521,506.14624650613894,48512100
2024-03-26,505.1822204589844,507.87947884663447,504.7830162330491,507.5386367689601,65463700
2024-03-27,509.427734375,509.46672172053235,505.8444050698442,508.00612262936903,82999800
2024-03-28,509.3304138183594,510.82994090833836,509.0480527068501,509.4667506716118,96294900
2024-04-01,508.44415283203125,510.6058699579784,507.2854087415083,510.07032895168504,62477500
2024-04-02,505.2115173339844,505.3477947483364,502.9134629158643,504.62724203503336,74230300
2024-04-03,505.7663879394531,507.2659740741028,504.07210284407455,504.1207775842568,59155800
2024-04-04,499.5930480957031,510.10934946561747,499.2911933332161,509.76856679026787,96858100
2024-04-05,504.81219482421875,506.7694068986325,500.5083132867227,500.9465048519071,74546500
2024-04-08,505.0946044921875,506.5162756490336,504.2864491311744,505.51336185898396,48401800
2024-04-09,505.67889404296875,507.0713247303679,500.83941141698267,506.8278915451877,68049200
2024-04-10,500.6153869628906,502.601780021425,498.6387407392185,499.99218385090813,82652800
2024-04-11,504.3935241699219,505.8346295064768,498.6290433917763,502.1344572387197,70099000
2024-04-12,497.431396484375,502.2708495884285,495.7078704459787,500.8589251713878,92561100
2024-04-15,491.1994323730469,501.7644075343254,490.3522600316743,501.59888962975333,92101400
2024-04-16,490.3035888671875,493.19557596027215,489.018254666714,491.676555438244,73484000
2024-04-17,487.4018859863281,492.9229634124424,486.00945537176443,492.7574157801548,75910300
2024-04-18,486.39892578125,490.88784877913054,485.46415075166374,488.7943295112607,74548100
2024-04-19,482.1534729003906,487.3142441699,480.8876025986124,486.32104754330464,102212600
2024-04-22,486.5937194824219,489.18385210193054,482.41639776348796,484.7533503648902,67961000
2024-04-23,492.367919921875,492.7963646750655,486.4086807205422,488.5995792337359,64633600
2024-04-24,492.1342468261719,494.0427545951939,489.914137461728,493.2540334865075,55928100
2024-04-25,490.2646789550781,491.0241892900092,484.4222826199273,486.0678932982719,69122400
2024-04-26,494.9093933105469,496.48683553540934,492.41663996726425,493.04956028124485,64306100
2024-04-29,496.66204833984375,497.33392621215023,493.92586210692747,496.69125912925006,46415400
2024-04-30,488.7943115234375,496.1751917116098,488.7943115234375,495.20145909113546,77483600
2024-05-01,487.2071838378906,494.84124497607075,486.7397814235659,488.2101273744075,80242800
2024-05-02,491.7641906738281,492.60161619088024,486.4281251448712,490.90730120185356,62550200
2024-05-03,497.8597412109375,499.0866240599667,495.20144055878046,497.73315122045955,72756700
2024-05-06,503.0010681152344,503.039996024656,499.81694342031363,500.25513498697876,47264700
2024-05-07,503.55615234375,504.9485829994704,502.8842743906612,503.9651034446084,52561300
2024-05-08,503.60479736328125,504.14033844049237,501.6086572944442,501.72550045922026,42047200
2024-05-09,506.50653076171875,506.5455181068331,503.1374535973279,503.7898378767789,43643700
2024-05-10,507.1589660644531,508.9116730396104,505.94180018838176,508.1034582569593,52233200
2024-05-13,507.2270202636719,508.9407991411694,506.08776976766853,508.8337028193061,36716400
2024-05-14,509.5543518066406,510.07045870728615,506.8863334989738,507.4218746415022,57535900
2024-05-15,515.8641967773438,516.1563047340521,511.38499019072265,512.0179402902028,59504900
2024-05-16,514.802734375,517.558414507879,514.6566506998298,515.9614786446474,50244800
2024-05-17,515.5428466796875,515.6110151080264,513.4687910457112,514.9196434193897,59187600
2024-05-20,516.13671875,517.5973177042522,515.2700824401487,515.6595992673854,37764200
2024-05-21,517.4026489257812,517.5584794564415,515.1728221981522,515.3773274826686,33437000
2024-05-22,515.9127807617188,517.4220544657823,513.741316563043,516.7112486575287,48390000
2024-05-23,512.1444091796875,519.0676335599267,510.9369308576571,518.9605372397859,57211200
2024-05-24,515.5330200195312,516.3412347653415,513.0402667962413,513.9847589456947,41291100
2024-05-28,515.893310546875,516.5749353115505,513.2642204156563,516.3412489766735,36269600
2024-05-29,512.2807006835938,513.458938533357,511.5698948988185,511.87174962966077,45190300
2024-05-30,508.88250732421875,511.40450154015656,507.63616018854225,510.7423703380884,46377600
2024-05-31,513.517333984375,513.6439239713764,504.7439941340697,509.8366558224101,90785800
2024-06-03,513.9361572265625,515.4065032558699,508.87273480704334,515.1241421408643,46835700
2024-06-04,514.5106201171875,515.2506664560023,511.17072418863216,512.631323194632,34632700
2024-06-05,520.6256713867188,520.6451650598835,514.84169649016,516.8281493311971,47610400
2024-06-06,520.6159057617188,521.3559521321091,518.6879340097541,520.9275073614583,30808500
2024-06-07,519.9829711914062,522.787325920015,518.5515533208824,519.6421291117942,43224500
2024-06-10,521.5897216796875,521.9110701669202,518.5809204008552,519.1748831863932,35686100
2024-06-11,522.8457641601562,522.9041857425336,518.0744503489441,520.0414093421914,36383400
2024-06-12,527.1399536132812,529.8274655446977,526.1077992631506,527.4028804771598,63251300
2024-06-13,528.2012939453125,529.0581834417079,525.4164327979901,528.8829186945259,44760900
2024-06-14,528.5226440429688,528.5518251182958,525.6695550365463,526.6725282080745,40089900
2024-06-17,532.7291870117188,534.1216772051151,527.3834034899254,527.8410888070123,55839500
2024-06-18,534.0827026367188,534.2092926573293,532.3689233717765,532.7876213507444,41376400
2024-06-20,532.6317138671875,535.6697547200665,530.8595134643548,535.0076237066871,70328200
2024-06-21,531.9177856445312,533.031436553649,530.4622526113701,531.8103437911085,64338600
2024-06-24,530.188720703125,534.3013827585795,530.0715005630634,531.7419769944488,45528700
2024-06-25,532.230224609375,532.5916631831469,529.8954816744096,531.4096242974609,37936200
2024-06-26,532.8945922851562,533.6076912884868,530.4719636310322,531.1166742934914,38550600
2024-06-27,533.7346801757812,534.3110621107577,532.0153722749866,532.7578061070262,35041500
2024-06-28,531.6343383789062,537.5542520433446,530.3937489459842,534.5063503169283,76144500
2024-07-01,532.728515625,533.2560061424955,529.9737236752046,533.0117876323043,40297800
2024-07-02,536.3136596679688,536.3136596679688,531.0776287968915,531.1264605772033,40434800
2024-07-03,538.7069702148438,539.068408833479,535.9619565950238,536.0010100914286,32789900
2024-07-05,541.8133544921875,542.2138465569928,538.3747392828008,539.009731167597,41488400
2024-07-08,542.4386596679688,543.3861988920726,541.3738407022457,542.5949332840256,36110500
2024-07-09,542.9661865234375,544.2947210316149,542.6731362089374,543.396013525926,27289700
2024-07-10,548.3389282226562,548.6808102777995,543.894163387503,544.1872136667199,38701200
2024-07-11,543.6109008789062,549.3256503566656,542.9759684638211,548.4562180647349,53054200
2024-07-12,547.0396728515625,550.6345620898736,544.2653840243584,544.7342644743289,53084400
2024-07-15,548.5440673828125,551.7775178290722,546.6879829958002,549.0325043663784,40584300
2024-07-16,551.7969970703125,552.090047326324,549.1008154677004,549.8530274778409,36475300
2024-07-17,544.0602416992188,547.5476892504238,543.7378565645935,545.8772131422685,57119000
2024-07-18,539.879150390625,546.580551242634,537.7007404833427,545.593898977862,56270400
2024-07-19,536.2940673828125,541.2663824595259,535.2390267295067,539.644738170822,65509100
2024-07-22,541.8233032226562,542.4289604616175,538.277245078338,540.211436930268,43346700
2024-07-23,540.9733276367188,543.8648365993427,540.484890622907,541.7157018138391,34439600
2024-07-24,528.7134399414062,536.4698210648305,527.7951760937185,536.1669925418511,74515300
2024-07-25,525.9586181640625,534.7993741184106,525.0208574364331,528.8306296397227,61158300
2024-07-26,531.8493041992188,534.5357078065754,528.9675138593225,529.7392825093052,53763800
2024-07-29,532.1620483398438,534.3990690018575,530.169186626921,533.3929194863724,39515800
2024-07-30,529.4656982421875,534.6822315404584,526.0661958644091,533.6271909452782,46853600
2024-07-31,538.0719604492188,540.6997538692295,534.9166765387299,536.2842643515584,65663400
2024-08-01,530.4524536132812,542.0381669821182,526.9552273833177,539.7913683115238,76428700
2024-08-02,520.5762329101562,524.5716145988897,516.3756265717791,523.3603002519518,82789100
2024-08-05,505.41510009765625,511.4717311244644,498.4695101090915,499.80785259777787,146267400
2024-08-06,510.0747985839844,517.4990173620844,505.89374911647377,507.2125052074326,84826300
2024-08-07,506.6654357910156,519.2964689099484,506.06955696870784,516.2485672171777,70698300
2024-08-08,518.3782348632812,519.0033889369354,509.77197692780607,511.79405372836936,63276600
2024-08-09,520.6640625,522.1489300560904,516.3365178449808,517.5576103421191,45619600
2024-08-12,520.9376220703125,523.3406939742863,518.6712672136742,521.8558860240913,42542100
2024-08-13,529.5048217773438,529.7393216479126,523.878076980635,524.1222955084382,52333100
2024-08-14,531.1752319335938,532.3572709257232,527.6291745808618,530.2960214933445,42446900
2024-08-15,540.2797241210938,540.5629961238054,536.1866195717042,536.7922766972661,60846800
2024-08-16,541.4910888671875,542.1846909540823,538.5116347380534,538.6679083622046,44430700
2024-08-19,546.6685180664062,546.6685180664062,541.0514918139045,541.901367537868,39121800
2024-08-20,545.7796020507812,547.8701270511177,544.4412892289927,546.2192073450451,33732300
2024-08-21,547.6551513671875,549.1106842316043,541.9013486274712,546.8248322343893,41514600
2024-08-22,543.3568115234375,550.155875826028,542.1454973391976,549.5502187339081,56121500
2024-08-23,549.1302490234375,550.0680696349215,544.4021520897437,546.5904001832064,50639400
2024-08-26,547.8211059570312,550.8689478276912,546.1213548703539,550.1558489432847,35788600
2024-08-27,548.5734252929688,549.0618623501647,545.4083627021253,546.5512887213379,32693900
2024-08-28,545.3888549804688,548.6614193309421,542.2042355425785,548.2315922971716,41066000
2024-08-29,545.4375,550.6442544077365,544.2945742697917,547.3521942445709,38715200
2024-08-30,550.6444091796875,551.1524028130747,544.2556737558524,547.8017316610252,62700100
2024-09-03,539.3126220703125,547.8407131286382,536.8020487007664,547.508549729637,60600100
2024-09-04,538.2088623046875,541.6083655035815,536.7533292597282,537.4762066412244,47224900
2024-09-05,536.8997802734375,540.9928852935313,534.4478166491117,538.1502077884983,44264300
2024-09-06,527.8636474609375,538.8437022454943,526.9649400293706,537.2221175565589,68493800
2024-09-09,533.773681640625,535.043665505135,530.1299607989381,532.0544335310877,40445800
2024-09-10,536.0987548828125,536.450474898389,530.8138918516801,535.678706144088,36394600
2024-09-11,541.5985107421875,542.5167747623394,527.4729497044474,536.0108196239122,75248600
2024-09-12,546.1604614257812,546.4632899534062,539.957276313442,542.1747991721596,51819600
2024-09-13,549.012939453125,550.0093699640063,546.5121445202687,546.7661412876428,39310500
2024-09-16,549.8237915039062,550.0875069413107,546.9517795427174,548.7491943236346,36656100
2024-09-17,550.0484008789062,553.477237850398,547.8210997398118,552.031423916307,49321000
2024-09-18,548.4171752929688,555.5385664291312,547.8603498689396,550.7030274298603,59044900
2024-09-19,557.7755126953125,559.6315971955383,554.9426137920285,557.8048475354702,75315500
2024-09-20,556.811279296875,557.8499393877719,553.7932621282835,556.4095588022268,77503100
2024-09-23,558.2026977539062,558.8494456443765,556.6642942041962,557.8793836152081,44116900
2024-09-24,559.7998657226562,559.8586555458002,556.174333811357,558.9963649353333,46805700
2024-09-25,558.5652465820312,560.3780425284191,557.4579883539482,559.6431398003925,38428600
2024-09-26,560.77978515625,563.1413061737785,558.4281322177342,562.817932214862,48336000
2024-09-27,559.966552734375,562.6611965458859,558.9377006949258,561.8479471107624,42100900
2024-09-30,562.2105102539062,562.8180251821971,556.6448529649051,558.9377164538611,63557400
2024-10-01,557.1738891601562,562.5043864049716,554.6066335561335,561.8576982708267,72668800
2024-10-02,557.4090576171875,558.4281611024765,553.8913563966638,556.282242548741,38097800
2024-10-03,556.3899536132812,558.3300776437013,554.1068390984451,555.9391917508498,40846500
2024-10-04,561.446044921875,561.818400406846,556.6642732473864,560.8287218708198,42939100
2024-10-07,556.370361328125,560.446655391967,555.2239297880301,559.7999074826037,49964700
2024-10-08,561.63232421875,562.2300906410503,558.0656412646009,558.9376805045769,37398700
2024-10-09,565.5223388671875,566.0808720947961,561.0247080377793,561.6224145456196,37912200
2024-10-10,564.5327758789062,565.953600014702,562.9257739624676,564.1800368650188,44138100
2024-10-11,567.913330078125,568.6482329129351,564.3171624790748,564.4543586951436,42268000
2024-10-14,572.5579833984375,573.4888724089859,569.0402217080135,569.5203487222559,36217200
2024-10-15,568.1092529296875,573.1261842726946,566.8941634738084,572.8224268603595,54203600
2024-10-16,570.5784912109375,571.0978512020905,567.305757742965,568.1092586044506,30725400
2024-10-17,570.6275634765625,574.3216944108202,570.441385688738,574.1159000748407,34393700
2024-10-18,572.8224487304688,573.6063330690159,570.8528997080355,572.3128969974695,37416800
2024-10-21,571.8817749023438,573.0771881011084,568.912738838732,572.0973176864316,36439000
2024-10-22,571.5780639648438,572.7343039714391,568.6972423190728,569.3537388044809,34183800
2024-10-23,566.355224609375,570.0003732214365,562.8570804647936,569.5594196255329,49314600
2024-10-24,567.5801391601562,568.3836400907534,564.9639018539431,568.3052337104026,34979900
2024-10-25,567.3841552734375,572.6950960929863,566.4435179318251,569.8044663478088,47268200
2024-10-28,569.1381225585938,570.9802836348513,568.8343651367928,570.8528957024953,30174700
2024-10-29,570.0592041015625,571.1762108700161,566.7864107519835,568.1778099310847,42899700
2024-10-30,568.3346557617188,571.5780244818477,567.6291179550885,569.5888588084969,41435800
2024-10-31,557.1934814453125,564.0427655154251,556.9974954170759,563.9741674152153,60182500
2024-11-01,559.545166015625,563.9643910438907,559.1336371976272,559.8195584319851,45667500
2024-11-04,558.3399047851562,560.9757583388703,556.4585705161212,559.6823223393656,38217000
2024-11-05,565.0913696289062,565.1305429213435,559.0357766836435,559.2513195018782,39478300
2024-11-06,579.1425170898438,580.0146160051545,573.6062858121453,577.3395892403747,68182000
2024-11-07,583.6205444335938,584.6396478381987,581.0630972629532,581.1415036340469,47233200
2024-11-08,586.1486206054688,587.569444510154,584.1692634497057,584.1692634497057,46444900
2024-11-11,586.7071533203125,588.0887441353201,584.9825720146739,587.7360051791314,37586800
2024-11-12,584.8846435546875,587.2264882691159,582.4055428293386,586.6287817012992,43006100
2024-11-13,585.1687622070312,587.1676761411395,582.9836705187753,585.3451316888757,47388600
2024-11-14,581.4061279296875,585.7763718199695,580.7202664359244,585.2962448517161,38904100
2024-11-15,573.9590454101562,578.3194803370213,572.1070761341368,577.8491019104924,75988800
2024-11-18,576.310791015625,577.6237838402152,573.5573576252949,574.4195885423085,37001700
2024-11-19,578.4175415039062,579.1426361014928,572.2737941658764,572.9400989259979,49412000
2024-11-20,578.6134033203125,578.8975441726233,572.8615695316089,578.4958236706298,50032600
2024-11-21,581.7196044921875,583.1404284379229,575.6248397212988,581.4550801704302,46750300
2024-11-22,583.5226440429688,584.1497754660484,581.2101642027249,581.7098478799927,38226400
2024-11-25,585.5020141601562,588.7649396726674,583.2188992835091,587.451946771504,42441400
2024-11-26,588.5591430664062,589.2254477201681,586.0310608458545,586.7463470552605,45621300
2024-11-27,586.7757568359375,588.7550542016285,585.256969810655,588.3729502321648,34000200
2024-11-29,590.4208984375,591.2047827973582,587.3147260107087,587.5890586237147,30177400
2024-12-02,591.4791259765625,592.1552388895445,590.3424429138348,590.8323780737772,31746000
2024-12-03,591.7534790039062,591.9984465923378,590.2151351783115,591.2439870884159,26906600
2024-12-04,595.427978515625,595.6729460981672,592.7725681970518,593.438872844782,42787600
2024-12-05,594.4481811523438,596.2315525489399,594.0954421437544,595.4280516027892,28762200
2024-12-06,595.5750122070312,596.8096584526629,594.800936138575,595.212464951605,31241500
2024-12-09,592.5079956054688,595.6239761392873,591.9200973185369,595.4574149257465,34742700
2024-12-10,590.6658325195312,593.6054435570935,590.0093361336401,593.184106485161,37234500
2024-12-11,595.2320556640625,596.1825011825678,593.3114882757061,593.5858806768452,28677700
2024-12-12,592.1650390625,594.9380289691392,592.1650390625,594.369747252086,31543800
2024-12-13,592.0475463867188,594.9087513561514,590.6757038334936,594.1934650654297,35904700
2024-12-16,594.5755004882812,595.54562235978,593.0273484159295,593.8014244521054,43695200
2024-12-17,592.1257934570312,592.9880840930309,590.7540109408761,592.0278303510687,55773500
2024-12-18,574.4784545898438,594.2031909866316,574.0962907751041,591.822113059209,108248700
2024-12-19,574.302001953125,581.0631314525076,574.057034359764,579.456129686489,85919500
2024-12-20,581.2000732421875,585.7226242648472,571.1323775607835,571.9779480628706,125716700
2024-12-23,584.6803588867188,585.2800771480029,577.7686569320756,580.9443313472664,57635800
2024-12-24,591.1790771484375,591.2184422848073,585.4471892507113,586.0272849416975,33160100
2024-12-26,591.2184448242188,592.3392110668057,588.0133066034633,589.4093887705021,41219100
2024-12-27,584.9949340820312,587.7183292627742,580.8164691334702,587.4823184826345,64969300
2024-12-30,578.3193359375,581.7801081982007,574.5734664197146,577.9949335439408,56578800
2024-12-31,576.21533203125,580.698577374324,574.5832389413312,579.9808236627084,57052700
2025-01-02,574.7994384765625,581.1801901339398,570.7291079559299,579.4694871635404,50204000
2025-01-03,581.9864501953125,582.6254735449975,576.5593423217554,577.6408633877121,37888500
2025-01-06,585.339111328125,589.6060884935793,583.6087253809885,586.2338281568046,47679400
2025-01-07,578.7223510742188,587.6888410122485,576.903513754268,587.3643786767495,60393100
2025-01-08,579.5678100585938,580.6394897953063,575.3500401020275,578.7911287868388,47304700
2025-01-10,570.7194213867188,576.0875425144147,568.8120722687759,576.0187135246937,73105000
2025-01-13,571.6043090820312,571.9582353156698,565.6659333477378,566.0789072948215,47910100
2025-01-14,572.3907470703125,575.1534475548353,568.6153544470202,574.5242054496483,48420600
2025-01-15,582.8025512695312,583.9430001285099,579.2827918470954,580.3937768602567,56900200
2025-01-16,581.6817016601562,584.34604932179,580.9836305712422,584.1690862304802,43319700
2025-01-17,587.521728515625,589.2717368825727,585.5848557638515,586.9121689712896,58070600
2025-01-21,592.899658203125,592.9094994878243,588.5933760531964,590.5597127423754,42532900
2025-01-22,596.2326049804688,597.5893820777127,595.1707663809229,595.7213382459036,48196000
2025-01-23,599.4868774414062,599.4868774414062,595.3280946897063,595.6033506126263,41152100
2025-01-24,597.73681640625,600.4995770008244,596.5865262707722,599.54587252364,34604700
2025-01-27,589.2815551757812,589.5961762199101,584.6311885086425,584.798310310645,70361100
2025-01-28,594.3449096679688,595.1805787054238,587.1972570477369,590.5105293609671,44433300
2025-01-29,591.6805419921875,593.9614997638901,589.1341095636221,593.5583671362218,37177400
2025-01-30,594.856201171875,596.389941511758,590.6089063826978,593.7944224804594,39281300
2025-01-31,591.6903686523438,599.6933732210748,590.9333098394596,597.2747575383468,66566900
2025-02-03,587.7085571289062,590.1861005375324,580.5510628181718,582.6943625959686,65857200
2025-02-04,591.651123046875,592.1623298220667,587.2268651385132,587.7675957701897,33457800
2025-02-05,594.0499267578125,594.1974260072697,588.5049031019603,590.5302274178379,30653100
2025-02-06,596.1145629882812,596.2423796576439,592.4866698522919,595.7901006731433,35771500
2025-02-07,590.6580200195312,597.8941240756534,589.9501076619601,596.6750050236558,50788500
2025-02-10,594.66943359375,595.30851711154,592.5949624942194,593.8632882437039,26048700
2025-02-11,595.1216430664062,595.6623736678141,592.2901133629294,592.408088766588,30056700
2025-02-12,593.2044677734375,594.3744405625547,588.4361250659014,589.1145136580423,45076100
2025-02-13,599.4672241210938,599.6737110792319,593.047165943141,594.3055902381474,40921300
2025-02-14,599.437744140625,600.7060096863363,598.8183432907158,599.6736949390985,26910400
2025-02-18,601.1975708007812,601.1975708007812,598.1399318067746,600.5978525430173,26749000
2025-02-19,602.6133422851562,602.908280775238,599.3000698962699,599.8113366176324,31011100
2025-02-20,600.1062622070312,601.3843689751305,596.8028311734677,601.2467110134413,36554000
2025-02-21,589.842041015625,600.0276510429451,589.3799206723878,599.8899930676969,76519800
2025-02-24,587.1580200195312,592.8800672914438,586.4501075695626,591.8870576091449,50737200
2025-02-25,584.2379150390625,587.8265033006376,579.6366946428752,587.098968367302,58266500
2025-02-26,584.5328369140625,589.488043359785,581.8979531727184,585.8994552001853,43321600
2025-02-27,575.2025146484375,587.9542367689231,574.8092833927938,586.8038868268065,74196700
2025-02-28,584.178955078125,584.7098443771037,572.6365684069419,575.7040488167072,88744100
2025-03-03,573.9441528320312,587.2857532860544,570.1392964764723,586.1452445030724,74249200
2025-03-04,567.1504516601562,575.5369060706639,562.6180601948478,569.9525173224438,109648200
2025-03-05,573.24609375,575.035467216836,563.434093538414,566.9833166199888,71230500
2025-03-06,563.0703125,570.4047092717689,560.5238803180225,565.7936477589768,80094900
2025-03-07,566.2262573242188,567.6715458955733,556.1094773560538,561.2907933786839,81158800
2025-03-10,551.14453125,559.9536812738498,546.2385307775894,558.0365509948175,99326600
2025-03-11,546.5629272460938,554.5266268117218,542.728606721458,549.9843938775969,88102100
2025-03-12,549.4632568359375,553.631880779765,544.3704523001988,552.7077001878538,69588200
2025-03-13,542.1386108398438,549.6991769603108,540.4279077137791,549.0896174558009,74079400
2025-03-14,553.3369750976562,554.3398260143258,542.2075022062043,546.7497351697265,62660300
2025-03-17,557.6038818359375,560.1207900872192,552.8846263579363,553.3172227764923,49008700
2025-03-18,551.5770874023438,555.5097605205915,549.6500559715837,555.2934322950165,66041400
2025-03-19,557.5841674804688,561.3398770802173,552.1767425607164,553.3565563629542,66556000
2025-03-20,555.9718627929688,560.966374832501,553.1304918485869,553.848245552193,62958200
2025-03-21,556.1552734375,557.0526817242638,550.2878724028328,551.5205297947124,83763000
2025-03-24,566.1151733398438,567.1703352751009,562.2890000340255,562.880651498493,58766800
2025-03-25,567.47607421875,568.4128457426297,565.7306119858723,567.3182603575567,38355700
2025-03-26,560.7013549804688,568.3339598573967,559.3207546377017,567.2097618801449,51848300
2025-03-27,559.2122802734375,562.9792883535321,557.101956447335,559.3108687859911,42164200
2025-03-28,547.95068359375,558.4135249923543,547.3689030262066,557.6838014665011,71662700
2025-03-31,551.6289672851562,552.93066066187,539.2826520783074,542.201606334121,95328200
2025-04-01,553.18701171875,555.1297110203275,545.9981756472096,549.715889513425,54609600
2025-04-02,556.687744140625,559.547472787333,547.1124411566806,547.3491017135567,76014500
2025-04-03,529.2537841796875,540.3673821784607,529.2537841796875,537.5470765410741,125986000
2025-04-04,498.2696838378906,518.5740121118964,498.05273494035157,516.404523136506,217965100
2025-04-07,497.3821716308594,515.9114550791749,475.115432610906,482.40291724281104,256611400
2025-04-08,489.591796875,517.6963548854247,482.3733480760591,514.6196468974629,165816600
2025-04-09,541.0084228515625,541.0084228515625,486.20939567811143,486.59399925019795,241867300
2025-04-10,517.302001953125,526.0982291567648,502.2537093296756,524.7866647036906,162331200
2025-04-11,526.5321044921875,528.9875485351057,512.8545420601603,515.7537548286505,97866300
2025-04-14,531.6401977539062,536.7286411738348,526.453165817952,536.5017912856171,68034000
2025-04-15,530.151123046875,535.6931457102869,529.3622343758641,532.1825399641931,56892900
2025-04-16,518.366943359375,530.4273047249436,513.0714517926509,524.3034408726064,83484800
2025-04-17,519.1064453125,523.8004136549424,516.6411308627585,520.3194209498447,79868100
2025-04-21,506.7503662109375,514.4618777265953,501.4055507612705,513.9293312369678,69368100
2025-04-22,519.9348754882812,521.9564215250564,511.9867032226325,512.9235348557764,75948100
2025-04-23,527.991455078125,537.8625838932508,526.4728430251603,532.9319549297188,90590700
2025-04-24,539.1051635742188,539.8348871004667,528.0211182344198,529.2734571828396,64150400
2025-04-25,543.0003662109375,543.4046513367819,536.1467793425768,539.0657336001437,61119600
2025-04-28,543.2074584960938,545.8700106135369,537.4583875113086,543.7400050325934,47613800
2025-04-29,546.6292724609375,547.7435994540236,540.9393072120234,541.294298062473,47775100
2025-04-30,546.8462524414062,548.7988227140515,534.0069337400583,539.9729835885655,93101500
2025-05-01,550.7217407226562,556.2440822591161,550.1202183270924,552.5954041380958,63186100
2025-05-02,558.896728515625,560.4942476694231,554.5774922291787,556.8948640346016,60717300
2025-05-05,555.6917724609375,558.7882219920989,553.9068871278389,554.7648117792631,38659200
2025-05-06,551.047119140625,555.533979770925,549.2326812616892,550.1891944565425,48264700
2025-05-07,553.3645629882812,555.9975022415719,548.3254139860352,552.3784371058738,55588000
2025-05-08,557.2202758789062,562.3974366423718,553.9069074354913,557.3977713110521,65130800
2025-05-09,556.5103759765625,559.6265076685456,554.9522800363936,558.6206398834757,37603400
2025-05-12,574.9015502929688,574.9114211824733,569.0340889310521,573.4026196086874,78993600
2025-05-13,578.6981201171875,580.9070323903663,574.7536167184122,575.3156554869938,67947200
2025-05-14,579.437744140625,580.8084133986617,577.4161378946785,579.6546629482465,66283500
2025-05-15,582.2678833007812,582.770756919371,576.9822030720642,577.4358426248243,71268100
2025-05-16,585.9559936523438,586.2518193704545,581.1042713102905,583.0469103495059,76052100
2025-05-19,586.596923828125,587.2773530559552,579.9405744991373,579.9405744991373,68168500
2025-05-20,584.6246948242188,585.8080578995526,581.419785763877,584.8614155899625,60614500
2025-05-21,574.7733154296875,584.3584902721909,573.7477661832594,580.2759146876367,95197700
2025-05-22,575.0001220703125,578.4811148637216,573.3433777523152,574.5760350084579,70860400
2025-05-23,571.0753173828125,573.7378691727489,567.6140060747297,567.988738706783,76029000
2025-05-27,582.9484252929688,583.1061789745086,570.404870923911,577.9388882200049,72588500
2025-05-28,579.57568359375,584.5457960298348,578.8459601489828,583.3525621719901,68445500
2025-05-29,581.8635864257812,584.9699071457442,577.9388245287198,584.8318350718904,69973300
2025-05-30,581.2127685546875,582.9286180198035,575.1480700909575,580.7591289651484,90601200
2025-06-02,584.4866333007812,584.5654800276525,576.9427470010985,579.6052986473595,61630500
2025-06-03,587.8197631835938,588.7960181097066,583.6385391723649,584.121791379625,63606200
2025-06-04,587.6619262695312,589.6539195966438,587.2280285207049,588.6776647088699,57314200
2025-06-05,584.8218994140625,590.6893600195378,582.8496477946317,589.3383724752952,92278700
2025-06-06,590.8274536132812,592.4940086999786,588.5790577947733,590.3540722792903,66588700
2025-06-09,591.3599853515625,592.9082102708385,590.1864930975049,591.3994087206146,53016400
2025-06-10,594.7128295898438,595.0973729509094,590.7781968461302,591.8924637491524,66247000
2025-06-11,593.0166625976562,596.6653405011278,590.9556931519085,595.8074157747775,73658200
2025-06-12,595.37353515625,595.37353515625,591.2022416981604,591.6854337777163,64129000
2025-06-13,588.7171020507812,593.4997881009825,587.2181715759101,590.1962907494013,89506000
2025-06-16,594.3182983398438,596.0637602908375,591.892407169678,592.0699627819344,79984100
2025-06-17,589.23974609375,593.4011678528512,588.480410008809,591.8825558713082,82209400
2025-06-18,589.1510009765625,592.8785252065284,588.1944276516227,590.1371267775953,76605000
2025-06-20,587.7673950195312,592.8906208578056,586.3629131433069,591.8224395288368,94051400
2025-06-23,593.5730590820312,593.9587392448562,585.4035696790836,588.5190130228361,87426000
2025-06-24,600.13037109375,601.1885919192599,596.7972471416377,597.7072083922786,67735300
2025-06-25,600.4666748046875,601.940336500435,598.903972841808,601.247995602986,62114800
2025-06-26,605.1646118164062,605.5997923429508,601.7029677445283,602.3161684365299,78548400
2025-06-27,608.1713256835938,609.6351477759472,604.1360808658505,606.1636033457827,86258400
2025-06-30,611.0791015625,612.4340832221852,608.2998981128763,610.6142811588834,92502500
2025-07-01,610.8812866210938,612.0483479268365,608.7746241554748,609.6053849111585,70030100
2025-07-02,613.6505737304688,613.6901136433279,609.8526292762224,610.4757300098587,66510400
2025-07-03,618.4869995117188,619.4167005776212,615.6088560521965,615.628656191773,51065800
2025-07-07,613.8780517578125,617.1913758193931,611.0988485499288,616.5286747873084,74814500
2025-07-08,613.5418090820312,615.2923708557059,612.7307881009865,614.5406899285775,59024600
2025-07-09,617.2210083007812,617.8737488887257,614.1055045789822,615.945166968477,66113300
2025-07-10,618.9617309570312,620.0002120765442,616.1825277796053,617.3594891460615,57529000
2025-07-11,616.7857666015625,618.0121678287132,614.7187046395575,615.9154056597896,63670200
2025-07-14,617.9627075195312,618.3088477245484,614.985684437804,616.3307657158283,51898500
2025-07-15,615.322021484375,620.9793073894895,615.2428812967698,620.6430672331502,74317300
2025-07-16,617.3792114257812,617.8836320494379,611.276844692317,616.9044910111767,88987500
2025-07-17,621.1573486328125,621.5134493059918,617.3396644874989,617.557284919235,68885700
2025-07-18,620.7024536132812,622.5716954836944,619.5947323692288,622.4035753929759,65621600
2025-07-21,621.87939453125,624.6189973413707,621.4541141003111,621.87939453125,63375000
2025-07-22,621.9684448242188,622.828905853138,619.3277216791315,622.2058050575365,60046300
2025-07-23,627.2598266601562,627.2598266601562,622.8288811376781,624.6289433239532,70511000
2025-07-24,627.4674682617188,629.1785504969665,627.0421878119985,627.6454884244192,71307100
2025-07-25,630.1181030273438,630.5928838363332,627.8829206987424,628.1301809903662,56865400
2025-07-28,629.9598388671875,631.0477599275997,628.5751571845921,630.4938993278172,54917100
2025-07-29,628.2982788085938,631.6708825055948,627.3883778702398,631.3543820995848,60556300
2025-07-30,627.5070190429688,630.6917023127537,624.6189756546709,628.9509803708415,80418900
2025-07-31,625.1531372070312,632.8379457731452,623.8574957354674,632.4522656090571,103385200
2025-08-01,614.9066162109375,619.476041722763,612.5032535330552,619.4364414435403,140103600
2025-08-04,624.2530517578125,624.3024917393647,618.7243458354196,618.813325728958,73218000
2025-08-05,621.088134765625,625.6773001361546,620.1683337507773,624.866279158634,68051400
2025-08-06,625.845458984375,626.4981995520814,621.2463937026511,622.1562946160922,64357500
2025-08-07,625.3212280273438,629.9993730574174,622.2156245224251,629.2674923107387,74205800
2025-08-08,630.1972045898438,630.6620853000642,626.7949007710238,627.1114011688534,64051600
2025-08-11,628.9510498046875,631.947873553624,627.70484826023,630.4742118551501,58742300
2025-08-12,635.6469116210938,635.8051316570012,629.8115442075018,631.2951060550639,64730800
2025-08-13,637.8228149414062,639.1085564704525,635.6370120856271,637.8425547169825,60092800
2025-08-14,637.882080078125,638.5447207235369,635.300697252298,635.7457174616427,59327500
2025-08-15,636.3886108398438,639.0095939138803,635.4787099260534,638.9106535836406,68592500
2025-08-18,636.2501220703125,636.942462907598,635.1424008771667,635.814941575414,43804900
2025-08-19,632.7984008789062,637.0512656505922,631.4829592777961,636.0721245937336,69750700
2025-08-20,631.1170043945312,632.6500060324975,626.013578858981,632.3929060531275,88890300
2025-08-21,628.5850830078125,630.9785456585483,626.864161086776,629.3071240874224,54805800
2025-08-22,638.2381591796875,639.4151205943501,630.2664897119097,630.7709103705197,84083200
2025-08-25,635.42919921875,638.2183023325629,635.3105191174199,636.9820009718095,51274300
2025-08-26,638.0897827148438,638.4359833484747,634.5391586749303,635.1622594491828,51581600
2025-08-27,639.543701171875,640.2755819843173,637.3578984386413,637.5062787617181,48341100
2025-08-28,641.8085327148438,642.3623933153343,638.267809046051,640.146950913372,61519500
2025-08-29,637.98095703125,640.7404203673219,636.0919150690585,640.374419619015,74522200
2025-09-02,633.2533569335938,633.4709169972102,627.9619508913343,630.5136938017484,81983500
2025-09-03,636.6853637695312,637.1502445176759,633.4413400681225,635.6270824559713,70820900
2025-09-04,642.0062866210938,642.0359868267901,636.4577811203425,637.3577818657208,65219200
2025-09-05,640.1469116210938,645.062476969223,636.2797877246134,644.3404359625918,85178900
2025-09-08,641.7195434570312,642.718484610511,640.1370415028089,641.5118230975241,63133100
2025-09-09,643.2031860351562,643.7273464852004,640.1272219983028,641.8580441132016,66133900
2025-09-10,645.0625,647.3768223058731,643.4997982019892,646.4570213518696,78034500
2025-09-11,650.4231567382812,651.1154976382888,646.4274520986086,647.0109525903231,69934400
2025-09-12,650.2055053710938,651.8868873722256,649.7011451004063,650.3934256012134,72780100
2025-09-15,653.6671752929688,653.795755474802,652.1144337731963,652.4111340519337,63772400
2025-09-16,652.76708984375,654.5276118800496,651.9857691498868,654.2209512044083,61169000
2025-09-17,651.9561767578125,654.4683196962441,647.1296508296768,652.7770978636573,101952200
2025-09-18,655.0023803710938,657.603563340362,653.0341982051615,654.6364399867887,90459200
2025-09-19,658.2465209960938,659.0895125014193,654.9438659954435,656.8877828567474,97945600
2025-09-22,661.3607177734375,661.8069717744121,656.7290467709187,656.7588293222589,69452200
2025-09-23,657.7606201171875,661.8566899635472,656.540685502851,661.2417286303936,81708900
2025-09-24,655.6678466796875,659.1490153831234,654.2496039734066,659.0498612769777,68082200
2025-09-25,652.6429443359375,653.9917550046746,649.0328388399253,652.5338627083877,89622100
2025-09-26,656.3819580078125,656.9274266555326,652.4743298182361,654.0909412604747,69179200
2025-09-29,658.2266845703125,659.8135740530697,656.4216318338509,658.9010899003678,73499000
2025-09-30,660.7061157226562,661.1722852976668,656.173659297658,657.4828203674869,86288000
2025-10-01,662.95751953125,663.8699431635192,657.611793334362,657.7208749627936,72545400
2025-10-02,663.7210693359375,665.0600128657511,661.3011766397112,664.9410037342527,56896000
2025-10-03,663.7113037109375,667.1527626006609,662.6698828508305,664.4848631838105,70494400
2025-10-06,666.0914916992188,666.9841207809839,663.9591941673339,666.1014192164715,54623300
2025-10-07,663.6219482421875,667.4601442579947,662.1838505424819,667.0138297258598,72020100
2025-10-08,667.5791625976562,667.6783772359653,663.919480237528,664.7426772273783,60702200
2025-10-09,665.6452026367188,668.4023890582872,663.7112737749407,667.9957845708525,66501900
2025-10-10,647.6542358398438,668.4122493878771,647.4757221413303,666.6071968358344,159422600
2025-10-13,657.5919189453125,659.664772492732,654.3488290056752,655.2216030747315,79560500
2025-10-14,656.78857421875,660.3590300864076,647.8030207789583,651.7701536094826,88779600
2025-10-15,659.7044067382812,664.7228272522149,653.5156893256119,661.3408732132422,81702600
2025-10-16,655.2116088867188,663.2153058553965,651.7105854492366,661.340821247798,110563300
2025-10-17,658.9308471679688,660.2895852935891,652.7322022395391,654.0810128478913,96500900
2025-10-20,665.7840576171875,666.6866142382812,661.7872027532737,661.8367798071084,60493400
2025-10-21,665.7741088867188,667.4601523988813,664.4748753427003,665.9229005771253,56249000
2025-10-22,662.3128051757812,666.4783066993808,657.8497808005621,666.4783066993808,80564000
2025-10-23,666.2402954101562,667.1825015615415,662.3128121266341,662.6301900162397,65604500
2025-10-24,671.6851806640625,672.8951271271609,670.0983517375236,670.9016937183009,74356500
2025-10-27,679.6095581054688,679.9070809796764,676.515199146416,677.1201724129126,63339800
2025-10-28,681.41455078125,683.2493254549719,679.2028936555786,681.4046232640447,61738100
2025-10-29,681.7418823242188,684.0328991417463,677.2590027977353,683.0609104229828,85657100
2025-10-30,674.2440185546875,680.3037996369978,674.2440185546875,678.2805836148408,76335800
2025-10-31,676.4556274414062,679.4508319897004,673.6587916341136,679.4111219213156,87164100
2025-11-03,677.72509765625,680.1648453676048,674.3530108656404,680.0359087204932,57315000
2025-11-04,669.691650390625,674.3728983771498,669.0371001406891,670.5544968959969,78427000
2025-11-05,672.012451171875,675.2654684624238,668.6304366940664,669.4337786331213,74402400
2025-11-06,664.8021850585938,671.8140994484131,663.2252231578799,670.9115428502156,85035300
2025-11-07,665.4567260742188,665.5658682287408,655.7769731606511,662.4218719882706,100592400
2025-11-10,675.8406982421875,676.5746080726943,669.4833950163819,671.6751969912248,75842900
2025-11-11,677.387939453125,677.9532631527235,673.1530057317516,674.3630127379913,58953400
2025-11-12,677.7648315429688,679.3318660026857,675.3548055474994,679.1632192686196,62312500
2025-11-13,666.5180053710938,675.265541055433,665.0105359672095,674.9085136071693,103457800
2025-11-14,666.4088134765625,670.1081450818862,657.8199984349773,659.9126462553079,96846700
2025-11-17,660.2003173828125,668.1742931923078,656.7290761218832,664.1972328051172,90456100
2025-11-18,654.65625,659.6548153709225,650.4708935566339,656.6596108350068,114467500
2025-11-19,657.185302734375,661.856623370592,653.3371790986623,655.3505280387882,94703000
2025-11-20,647.1683349609375,670.0090710879778,646.5335791707308,667.3808213360044,165293500
2025-11-21,653.6148681640625,659.0894699034471,645.5020288545189,649.6675301260088,123956200
2025-11-24,663.2351684570312,664.5542570793402,656.1538823239337,657.2448196444445,80437900
2025-11-25,669.4735717773438,670.6537963067218,659.0201372218106,663.1360620641211,81077100
2025-11-26,674.09521484375,676.0986363282427,671.1595147067713,672.0620713400136,71879600
2025-11-28,677.7747192382812,678.0523870500939,674.9084513312986,675.2654787466182,49212000
2025-12-01,674.6803588867188,677.3779800628074,673.1629015749381,673.2323336611282,61201200
2025-12-02,675.9299926757812,678.2011542749951,673.748057660358,676.316742094939,62953800
2025-12-03,678.2706298828125,679.2822075879724,674.105128319461,674.9779023816353,57238500
2025-12-04,678.7664794921875,679.7384076011712,675.7415530139849,679.6689755171525,61970300
2025-12-05,680.0557861328125,682.7336127271673,678.9549213715281,679.8375623637357,79241000
2025-12-08,678.0126953125,680.997972172105,675.9696245182643,680.9483951231146,55231500
2025-12-09,677.4276123046875,679.7583392727543,676.9813582671167,677.5367544682442,58310100
2025-12-10,681.92041015625,683.3088703732143,675.711837383319,676.9515664343469,85671300
2025-12-11,683.5072021484375,683.5865617528303,676.5647198382891,679.51034738166,86173700
2025-12-12,676.1581420898438,683.2196338188487,673.5893968987631,682.5154459360199,113160300
2025-12-15,675.1365966796875,680.1252955149479,673.6687768311533,680.1054404790556,90811000
2025-12-16,673.2918701171875,675.4837328267965,669.4338188610296,673.6488975485244,122030600
2025-12-17,665.8832397460938,674.8489377460819,665.6848710067972,674.3034691132465,110625200
2025-12-18,670.9115600585938,675.1464937426624,669.3545136860721,672.0322799303326,108650100
2025-12-19,676.9923095703125,677.4896664833268,672.8940327515619,673.0134542661981,103599500
2025-12-22,681.2098999023438,681.7370666700199,676.9923229108747,680.3245900087294,69556700
2025-12-23,684.3233032226562,684.562024812114,680.2548972126992,680.3046207584179,64840000
2025-12-24,686.7305297851562,687.1781631452748,684.164151137988,684.313382495532,39445600
2025-12-26,686.660888671875,688.0037280321676,685.6264081645946,686.989161229118,41613300
2025-12-29,684.2138671875,685.5567672531378,682.4433081832867,683.9055083361335,62559500
2025-12-30,683.3783569335938,684.9201512250444,682.9506372729019,683.8160334465714,47160700
2025-12-31,678.3152465820312,683.726492314561,678.1063955310838,683.5076844111845,74144800
2026-01-02,679.55859375,683.2390468658663,676.2263268834449,682.0852055985325,89377200
2026-01-05,684.0845336914062,685.7855161168121,682.7516512212146,682.910778712987,71927200
2026-01-06,688.1529541015625,688.6602678554459,684.1442890432024,684.2934596862484,69273800
2026-01-07,685.9347534179688,690.2916046822218,685.6761181181482,688.5309418430683,75588300
2026-01-08,685.8651123046875,686.9692300361542,683.8557710289468,685.1787573638412,64019200
2026-01-09,690.4010009765625,691.6344363504869,685.5368360184962,686.9791831428475,80125500
2026-01-12,691.4852294921875,692.410366767912,686.979207477028,687.0289310253164,63976000
2026-01-13,690.1026000976562,692.4103433578374,687.6953490317495,691.813478661017,78309700
2026-01-14,686.7106323242188,688.0634285762314,682.4134612479594,687.3472637531122,94676700
2026-01-15,688.5806884765625,691.7737417111902,687.5959315038539,690.8983886882239,77862000
2026-01-16,688.0037231445312,690.5800586110835,686.4519720383781,689.9931507530615,79289200
2026-01-20,673.9981689453125,681.1501633341576,672.9934983300664,677.8874730475171,111623300
2026-01-21,681.77685546875,685.0991655259935,674.5452667925615,676.0572511802958,127844500
2026-01-22,685.3379516601562,687.476610793547,683.2888434897402,686.2033478813381,77112200
2026-01-23,685.5865478515625,687.3074439470811,683.5274830754288,684.5123006998919,63059600
2026-01-26,689.0680541992188,690.4606777697717,686.272910918868,686.8399050563427,60473800
2026-01-27,691.8134765625,692.8480177488461,689.9036431059924,690.5104039402848,55506100
2026-01-28,691.7438354492188,694.1510864943795,690.271678492269,693.3652237572153,61172200
2026-01-29,690.3711547851562,693.375209936545,681.2098793986574,692.7087686795362,97486200
2026-01-30,688.3120727539062,690.5402826440542,683.487735152998,688.1330315570439,101835100
2026-02-02,691.7339477539062,693.2459322689688,685.7756213682558,685.9348095869553,79286500
2026-02-03,685.885009765625,693.2757257351432,680.4140840721383,692.529690413304,107904600
2026-02-04,682.5626831054688,687.7948875474046,678.1561081391175,686.7006659106327,105204600
2026-02-05,674.0379638671875,680.0758839506523,672.2176206040476,677.3404209861714,113610800
2026-02-06,686.96923828125,688.6503070282812,677.2508650473027,677.8576866055596,89127600
2026-02-09,690.2816772460938,692.1915108078678,684.7013472083629,685.7755944360715,73885200
2026-02-10,688.4613037109375,692.8579216647231,688.0037135108784,691.276360737094,65185700
2026-02-11,688.3021850585938,693.4547952732178,685.5368515439336,692.7087599208829,76353900
2026-02-12,677.668701171875,691.6742279947084,676.7734344520502,690.5701102294341,118829000
2026-02-13,678.1461181640625,682.6522007204912,673.9384983110481,678.0864377658819,96267500
2026-02-17,679.2402954101562,681.31927396984,672.2077222570326,676.5446598627462,81354700
2026-02-18,682.662109375,685.507036973797,679.2204384959671,680.4041503420104,73570300
2026-02-19,680.8616333007812,682.5526587813481,677.9471293624403,680.225062656192,58649400
2026-02-20,685.7855834960938,686.4122580979458,678.126274472082,678.7131823752115,100034000
2026-02-23,678.7827758789062,686.3525334522094,676.7734345413753,684.1940214696967,90558100
2026-02-24,683.7164916992188,684.7112054782021,676.4053697086953,678.295350173768,73798700
2026-02-25,689.4859008789062,690.0130676270821,686.4519751919497,686.53156929616,56369500
2026-02-26,685.6561889648438,689.6350440416309,680.7323436648176,689.615191050754,71671000
2026-02-27,682.3637084960938,683.2291046432514,678.0367277603054,679.4790749097389,83308900
2026-03-02,682.751708984375,684.9798583327654,674.4359156260907,675.1123137702438,87477200
2026-03-03,676.7337036132812,679.0016196644848,666.1200629162043,671.4915420947397,105003100
2026-03-04,681.5082397460938,683.4579005621853,676.0273572426378,678.026741603972,79182200
2026-03-05,677.70849609375,681.9062201445739,672.0386149612469,678.474445192334,106606500
2026-03-06,668.82568359375,672.5359467168151,666.2195382406165,669.8502072585248,100687000
2026-03-09,674.6845703125,676.3258117079225,658.888509802078,662.8673651303956,102667700
2026-03-10,673.6002807617188,679.7476047325034,671.1930903760745,674.1374043547928,81505300
2026-03-11,672.7548217773438,676.4849986405864,669.7806371390539,673.9982140650914,68441700
2026-03-12,662.5390625,668.0995392824933,662.3500644519811,667.6120785283837,108882200
2026-03-13,658.7890014648438,668.7859240392634,657.863924887251,665.7321452917186,97200200
2026-03-16,665.493408203125,668.5173163233716,663.5934708305671,664.8468199428278,82023100
2026-03-17,667.2440185546875,670.8747480492216,666.1598145596139,668.8355969918504,87128000
2026-03-18,657.9335327148438,666.1796881508768,657.6948111200146,664.8268919718373,82062600
2026-03-19,656.3121948242188,659.4753776238247,651.7066647804095,653.4971375917409,111272500
2026-03-20,646.9034423828125,655.0025723674255,643.063298812559,654.8230422006715,163617500
2026-03-23,653.6959228515625,660.9173090129275,652.2596206790361,656.3790129905765,134802700
2026-03-24,651.5015869140625,655.3417305137531,648.2100787416998,649.6463809650626,96457500
2026-03-25,655.1322021484375,659.1917509309695,652.5588148295345,656.9774239230809,90653800
2026-03-26,643.432373046875,653.1672421520028,643.1630473705688,650.3844333840033,96494400
2026-03-27,632.4606323242188,641.0085567819559,631.4831091918358,640.8489947137006,103649400
2026-03-30,630.3460693359375,638.7245091624994,627.6630399662237,638.4651675144013,99275900
2026-03-31,648.6688842773438,649.865752001465,636.3405988140365,637.2981538716512,152534100
2026-04-01,653.5562744140625,656.8278752918841,651.3220400966815,652.219751792706,97841500
2026-04-02,654.144775390625,656.5086804928782,643.4522901873171,644.7589215344626,68358700
2026-04-06,657.23681640625,658.0247645183308,653.8356054757206,654.1746977251443,39105800
2026-04-07,657.5260009765625,657.9150134208243,649.386996170508,654.9626585699763,69980400
2026-04-08,674.27294921875,675.3402070755335,669.734652974974,674.6519776493207,93606100
2026-04-09,678.162841796875,679.4096297331154,672.0386657215836,673.1059235004034,57134400
2026-04-10,677.7140502929688,680.2774536083281,676.7066358948267,679.5692561407437,42253500
2026-04-13,684.3369750976562,684.536473353906,674.8414790590384,675.669302461078,54185800
2026-04-14,692.675537109375,692.7952238870419,685.8929616905456,685.9229138241225,63480500
2026-04-15,698.1414184570312,698.480571570673,692.4161778504387,693.4734516118131,58240400
2026-04-16,699.8569946289062,700.9741726960574,696.7350934539525,699.2585607342904,49972400
2026-04-17,708.3152465820312,710.5594650064761,703.9464965121796,704.3255249385737,70661900
2026-04-20,706.8988037109375,708.0857482546458,704.3254772575062,706.9587079747221,43546800
2026-04-21,702.2708129882812,709.4523240430285,700.8345107773317,708.4548936431559,58941400
2026-04-22,709.3825073242188,709.6218808832724,706.4001392457644,707.3278031045794,42518500
2026-04-23,706.6295776367188,710.5295037064266,700.4754491270062,707.6768673789517,56174000
2026-04-24,712.10546875,712.6340752101273,707.1881441382454,708.9236633096505,45182000
2026-04-27,713.332275390625,713.7911152864904,710.4696550399041,711.3374146094498,33135900
2026-04-28,709.8612060546875,711.0481506026886,707.4274735730012,709.9908768700561,43117400
2026-04-29,709.7515258789062,710.3699278433978,706.5497524472755,709.1729992133655,41859200
2026-04-30,716.8132934570312,717.9403946619685,708.6244289610544,712.7936806635566,67240900
2026-05-01,718.7982177734375,723.0073446973263,718.6186267345964,719.3966516418469,43049800
2026-05-04,716.1649780273438,720.2644021704073,713.152718877996,718.2196821209096,51950600
2026-05-05,721.9102172851562,723.1769124909786,719.6360467603954,719.9153564929043,36933200
2026-05-06,731.9443359375,732.7023927493656,725.9497697512824,726.288861980811,53288900
2026-05-07,729.7001342773438,734.238430329629,727.8748196364371,733.161188473549,51724600
2026-05-08,735.724609375,736.1834492768152,732.6824588199246,733.0415191543954,47227100
2026-05-11,737.4002685546875,738.8864300819614,734.5576163199453,734.5576163199453,44024000
2026-05-12,736.2831420898438,736.9414802248905,729.9494836014034,734.9964788307154,54185300
2026-05-13,740.4025268554688,741.9983910774667,733.5800764180441,736.5723674930287,44200200
2026-05-14,746.2474975585938,747.6040491923611,741.649357949993,741.7391534739264,45307600
2026-05-15,737.2706298828125,741.5496453663399,736.0637780312098,739.8838927249178,60410800
2026-05-18,736.751953125,739.5147938000424,731.5054597381557,737.9289136337939,47843900
2026-05-19,731.8446044921875,735.7545755811656,729.650306265128,732.8919551385734,54255900
2026-05-20,739.3452758789062,739.9636778498481,732.0042028263388,733.8195334397973,45768000
2026-05-21,740.8114624023438,742.9559620700644,735.1361419849363,736.7419902854853,43332200
2026-05-22,743.7239990234375,747.015507083493,742.566945697205,744.3224328967863,41762000
2026-05-26,748.6613159179688,750.1973368284331,746.4469887578754,748.0827892360243,41123600
2026-05-27,748.5316162109375,749.4492351039673,746.2973210478585,748.9505199197505,42106300
2026-05-28,752.6609497070312,753.2095851254732,747.3047533704411,748.3221518516883,41562600
2026-05-29,754.5361328125,756.1320579864754,752.7507543048832,753.9576670103595,55075700
2026-06-01,756.5908203125,758.3264003155792,752.7507376917755,753.4189990020213,43634900
2026-06-02,757.6182250976562,758.4461093852723,754.805464031348,755.0847737682097,31581900
2026-06-03,752.3018798828125,756.8501599793441,751.6336185743088,756.2018667594974,51402500
2026-06-04,755.1445922851562,756.3614281257201,749.5389775481502,750.1673635570705,49923000
2026-06-05,735.65478515625,750.8855669656407,733.6400171295905,750.3768677170906,93989400
2026-06-08,737.3204345703125,743.4247643242134,736.2931129658897,741.4498108327123,49319100
2026-06-09,735.1560668945312,744.9807928982774,720.7332622187009,741.7191759970133,87683500
2026-06-10,723.56591796875,736.4826536495077,723.4661992814284,731.5054857614351,60341300
2026-06-11,735.8642578125,738.0984921563339,722.5485255148498,726.8873842592473,86330500
2026-06-12,739.843994140625,742.5270843334097,733.1412911200548,738.8066884479139,57079500
2026-06-15,752.890380859375,754.7356026867302,749.8282623277308,749.9179969688896,60176400
2026-06-16,748.4019775390625,753.4988323298886,747.9531216783239,752.6111046530555,67093100
2026-06-17,739.0560302734375,750.217278570044,737.3204502885575,749.3594421826946,85945200
2026-06-18,746.739990234375,748.22998046875,743.8599853515625,747.760009765625,80875700
2026-06-22,744.3900146484375,750.1799926757812,743.1300048828125,747.7000122070312,46628100
2026-06-23,733.5800170898438,739.6300048828125,732.2999877929688,733.8099975585938,66846800
2026-06-24,733.239990234375,739.9500122070312,730.8400268554688,735.1699829101562,57439500
2026-06-25,734.2999877929688,739.3699951171875,729.5999755859375,738.9099731445312,53934400
2026-06-26,728.989990234375,736.530029296875,716.5800170898438,728.9500122070312,71034000
2026-06-29,741.0,741.5599975585938,732.0900268554688,736.530029296875,58035200
2026-06-30,746.77001953125,748.02001953125,740.8900146484375,741.2899780273438,55626000
2026-07-01,745.760009765625,749.4400024414062,742.3800048828125,745.0,47100900
2026-07-02,744.780029296875,751.3099975585938,740.030029296875,747.4000244140625,57447800
2026-07-06,751.280029296875,752.4099731445312,747.4099731445312,748.739990234375,50673300
2026-07-07,747.7100219726562,750.9600219726562,745.2100219726562,750.219970703125,43721500
2026-07-08,745.4000244140625,746.1500244140625,739.510009765625,743.1599731445312,43767400
2026-07-09,751.7100219726562,751.969970703125,745.5900268554688,747.3499755859375,41441700
2026-07-10,754.9500122070312,755.4199829101562,748.0999755859375,752.0499877929688,42191300
2026-07-13,749.1699829101562,753.9099731445312,748.0,752.469970703125,44013600
2026-07-14,751.8300170898438,753.3400268554688,748.6599731445312,750.9099731445312,35143100
2026-07-15,754.8099975585938,755.5800170898438,750.2000122070312,754.239990234375,43844800
2026-07-16,750.719970703125,754.5700073242188,747.8800048828125,752.760009765625,46409800
2026-07-17,743.2899780273438,747.2899780273438,740.7999877929688,742.0800170898438,62651000
2026-07-20,742.0900268554688,748.72998046875,741.510009765625,747.0599975585938,50422300
2026-07-21,748.280029296875,749.0399780273438,744.1799926757812,746.2899780273438,34324300
2026-07-22,747.4099731445312,750.02001953125,746.3699951171875,746.6199951171875,32836200
2026-07-23,738.1799926757812,742.5599975585938,735.2100219726562,739.3699951171875,55437300
2026-07-24,738.9299926757812,743.719970703125,737.2899780273438,738.510009765625,44782000
2026-07-27,739.0900268554688,745.530029296875,735.8699951171875,744.9099731445312,41461200
2026-07-28,740.8599853515625,742.7899780273438,735.97998046875,739.1900024414062,47322200
2026-07-29,729.4600219726562,742.6799926757812,729.0999755859375,739.969970703125,70697200
2026-07-30,741.6900024414062,742.4500122070312,734.5900268554688,736.0499877929688,66811300
2026-07-31,747.030029296875,748.9000244140625,737.6799926757812,744.6799926757812,62445900
2026-08-03,757.6699829101562,758.5800170898438,748.7999877929688,749.4400024414062,59927500
2026-08-04,771.3300170898438,773.4099731445312,760.52001953125,760.6300048828125,69154800
2026-08-05,769.7899780273438,776.8499755859375,769.510009765625,775.8499755859375,44689100
2026-08-06,768.5599975585938,771.8200073242188,767.4600219726562,770.2100219726562,38416900
2026-08-07,773.260009765625,773.9199829101562,769.6099853515625,771.02001953125,43586300
2026-08-10,773.030029296875,775.0499877929688,771.6199951171875,772.5999755859375,39249500
2026-08-11,770.5599975585938,774.6099853515625,769.2000122070312,774.530029296875,36740600
2026-08-12,772.489990234375,774.9000244140625,771.280029296875,774.7100219726562,33179100
2026-08-13,777.8800048828125,779.3699951171875,774.1099853515625,774.8699951171875,35634500
2026-08-14,776.3400268554688,778.7999877929688,775.4299926757812,778.5399780273438,31367900
2026-08-17,772.6699829101562,776.780029296875,772.510009765625,776.1799926757812,34356600
2026-08-18,767.4500122070312,769.5,766.9199829101562,768.7000122070312,43920900
2026-08-19,769.0599975585938,772.469970703125,768.0999755859375,770.3599853515625,40306000
2026-08-20,762.5999755859375,768.1500244140625,762.0399780273438,765.9600219726562,45520300
2026-08-21,765.719970703125,767.8499755859375,764.1699829101562,766.0499877929688,39188700
2026-08-24,763.469970703125,765.219970703125,762.0800170898438,764.780029296875,32430900
2026-08-25,765.9099731445312,766.780029296875,763.0499877929688,766.1599731445312,27422300
2026-08-26,766.0800170898438,767.3499755859375,763.9299926757812,764.72998046875,28751600
2026-08-27,771.0999755859375,772.3599853515625,767.1599731445312,768.5,34557100
2026-08-28,769.3499755859375,775.2999877929688,768.3099975585938,771.760009765625,36744300
2026-08-31,767.0499877929688,768.0,764.719970703125,767.3300170898438,38810800
2026-09-01,761.780029296875,764.6699829101562,759.47998046875,762.010009765625,41126300
2026-09-02,765.1599731445312,766.4299926757812,761.72998046875,762.4500122070312,29566200
2026-09-03,773.1699829101562,774.030029296875,767.4500122070312,767.9000244140625,43531600
2026-09-04,770.1900024414062,772.8699951171875,769.0,772.010009765625,34015600
