Date,Close,High,Low,Open,Volume
2005-01-03,43.71553421020508,43.764795950363336,43.42981461391527,43.43966545857497,1168000
2005-01-04,43.25739288330078,43.720461509308194,43.25739288330078,43.70568336310453,1935400
2005-01-05,43.48892593383789,43.621936762669336,43.3214352704854,43.34606426063325,1094100
2005-01-06,43.51847839355469,43.617005620759954,43.459365815660945,43.49384940557544,1057400
2005-01-07,43.61701583862305,43.77958298277318,43.523415890458374,43.72539393472314,738700
2005-01-10,43.685997009277344,43.70570246563822,43.582546182206386,43.66629155291647,379400
2005-01-11,43.94211959838867,43.98153047449369,43.71551269842683,43.79433445063687,844100
2005-01-12,44.00126266479492,44.060379014894494,43.74509933122404,43.779582929174545,722000
2005-01-13,44.424930572509766,44.424930572509766,44.203250786350424,44.21310163439769,1876700
2005-01-14,44.41999435424805,44.53329975542268,44.24264905754104,44.28698726093299,1043800
2005-01-18,44.56779479980469,44.577645648404705,44.203253266702255,44.237736874449354,1251600
2005-01-19,44.69585418701172,44.75003946262677,44.4692434491374,44.730337776091844,655800
2005-01-20,44.78453826904297,44.838723558522275,44.50866572738585,44.54314932528921,1064200
2005-01-21,44.83380889892578,44.853514352836775,44.59241990733937,44.631830815161365,606300
2005-01-24,45.025917053222656,45.075178792019784,44.828866339604375,44.87320077699287,561400
2005-01-25,44.602237701416016,45.02589521476253,44.587459562787544,45.00618977711526,1942200
2005-01-26,44.68598937988281,44.789440123496995,44.646578498954995,44.75495654229226,709800
2005-01-27,44.602237701416016,44.68105569357717,44.50371051317966,44.59238310337842,463900
2005-01-28,45.0505485534668,45.124443044994514,44.912614173777705,44.937246923763595,1128000
2005-01-31,45.178646087646484,45.198351542055306,44.9717444540006,44.99144990840942,1313900
2005-02-01,45.1069450378418,45.24540030400485,45.02288345090323,45.21573239629078,948200
2005-02-02,45.21080780029297,45.22564176114288,45.04268077453602,45.09707447940225,760300
2005-02-03,45.18606185913086,45.21573354021866,45.02782672628083,45.02782672628083,505800
2005-02-04,45.81407928466797,45.95748052285235,45.72012583867223,45.72507174967851,3483900
2005-02-07,46.15523147583008,46.19479118416189,45.838761354418445,45.85854120858435,1064600
2005-02-08,46.41733169555664,46.54095300784334,46.15030920830259,46.170089070983224,1383800
2005-02-09,46.54093933105469,46.60027512903679,46.175017637929294,46.20468930954229,2125800
2005-02-10,45.9129638671875,46.32338761199278,45.86351608684774,46.22943418851056,1240000
2005-02-11,45.88325881958008,45.97721216702461,45.69040999149344,45.72007788116192,1275200
2005-02-14,46.026702880859375,46.090984626032274,45.853633741836745,45.93769535612998,295000
2005-02-15,45.79429244995117,45.917913797937736,45.774512581558426,45.78934653969695,900200
2005-02-16,45.621192932128906,45.774482094297056,45.39373025604591,45.74481419777977,1189700
2005-02-17,45.33439636230469,45.56185906684618,45.29483664691779,45.37395607769158,1146400
2005-02-18,44.928897857666016,44.97339968735444,44.73110314515887,44.77560874746764,2655800
2005-02-22,44.73112869262695,44.874529846780405,44.70146078922365,44.8151902673513,914600
2005-02-23,44.879459381103516,45.0821962680972,44.71627842667517,45.06736232180756,1115000
2005-02-24,44.780582427978516,45.16133817800515,44.780582427978516,45.07727659206998,798500
2005-02-25,44.998146057128906,45.067373672330106,44.81024306910023,44.943752391953375,588800
2005-02-28,44.5135498046875,45.04759465126114,44.44926809584188,45.04759465126114,2797300
2005-03-01,44.499671936035156,44.57407856583827,44.37070069667499,44.41534618834822,1648500
2005-03-02,44.440181732177734,44.50466929612928,44.3558559164519,44.370736497523346,1139300
2005-03-03,44.41531753540039,44.544288691559444,44.37067207252858,44.45500155029178,1600600
2005-03-04,44.89647674560547,44.97584099256858,44.57901218880097,44.63853442790429,1567000
2005-03-07,45.07505416870117,45.134576411946725,45.01552814097932,45.065131271842716,889800
2005-03-08,44.64848709106445,44.777454551421165,44.6137645002794,44.70800936985107,680400
2005-03-09,43.919315338134766,44.34590939287229,43.869712170381845,44.23678015312839,2549600
2005-03-10,44.187171936035156,44.311181733486215,43.844903684037064,44.01851664357281,1357700
2005-03-11,43.864723205566406,44.08298154815887,43.84984264302178,43.97385237686264,1017900
2005-03-14,44.127620697021484,44.14746270743167,43.80023698644473,43.834959558543424,805000
2005-03-15,43.84988784790039,44.29632410685426,43.84988784790039,44.29136265273237,963900
2005-03-16,44.11771774291992,44.326053251818514,43.919301350621204,43.919301350621204,2097800
2005-03-17,44.261558532714844,44.43517141365023,44.2069939437813,44.32108078647728,1025300
2005-03-18,43.983802795410156,44.13757754826457,43.983802795410156,44.09789349691637,722700
2005-03-21,43.859745025634766,43.98375471217036,43.839903021652034,43.98375471217036,893100
2005-03-22,43.48773956298828,44.1722758261664,43.423255853411256,44.11771123172532,2544900
2005-03-23,43.696041107177734,43.730767444378756,43.418260685364885,43.418260685364885,1951700
2005-03-24,43.78538131713867,43.879629982195276,43.74073960283544,43.81018479251536,746800
2005-03-28,43.517520904541016,43.6514498240578,43.512559452861495,43.646488372378286,382200
2005-03-29,43.77541732788086,43.7902978840627,43.64644620017968,43.69109165320033,1135000
2005-03-30,43.993682861328125,44.023443978619454,43.73078289998601,43.75062112186306,1095600
2005-03-31,44.31117630004883,44.340937436754594,44.07803730391176,44.246688791215384,2410900
2005-04-01,44.46052169799805,44.639758141456525,44.06221764619944,44.575031548896604,2805300
2005-04-04,44.45058059692383,44.639776809979764,44.39581367193506,44.45058059692383,754800
2005-04-05,44.33605194091797,44.490392955947264,44.27630519388618,44.430646208915476,733300
2005-04-06,44.490421295166016,44.53025248522529,44.41075891504747,44.5153167385809,402800
2005-04-07,44.131919860839844,44.599926547423586,44.11698412378018,44.46052127018815,973000
2005-04-08,44.2862548828125,44.31115030688265,43.98254894199702,44.092082730292226,438600
2005-04-11,44.52521896362305,44.61981697635219,44.281259865986954,44.29619559462697,1460200
2005-04-12,44.93849563598633,45.008198292887016,44.370914687789345,44.42568160371273,1931500
2005-04-13,44.82898712158203,45.02813931027494,44.70949732777111,44.983328263525806,1001700
2005-04-14,44.75929260253906,44.868826516256874,44.63980278689815,44.84891091389793,1461800
2005-04-15,45.351715087890625,45.366654621895385,44.91856356446553,45.077884407272975,2807300
2005-04-18,45.316856384277344,45.50107262188499,45.277029028949876,45.4911167326801,3510800
2005-04-19,45.75497817993164,45.82468077962925,45.46620809632338,45.476163982634404,1733600
2005-04-20,45.64048385620117,45.69027090578044,45.39652465430689,45.41644023384028,1617900
2005-04-21,45.16250991821289,45.516002818863875,45.15753007496219,45.45625989388522,1288500
2005-04-22,45.54092788696289,45.595694802855405,45.3517317053306,45.44134994965381,876300
2005-04-25,45.67537307739258,45.715204269515816,45.5608631481777,45.63554568378089,818300
2005-04-26,45.60567855834961,45.82972620528581,45.47622906002062,45.799850906586975,549300
2005-04-27,45.76494598388672,45.904351219584434,45.70520305344929,45.829672556537645,684900
2005-04-28,46.1035270690918,46.12842250201017,45.77990543370177,45.829696299538504,1062000
2005-04-29,46.02387237548828,46.27281153148117,45.9143385390898,46.08859518858281,1445100
2005-05-02,46.013885498046875,46.098830960636654,45.82401525368079,46.043867819245484,1358200
2005-05-03,46.138771057128906,46.238705709326545,45.928914005689656,46.00386404180858,1884900
2005-05-04,45.73403549194336,45.82897243627548,45.49420000705293,45.69406164042285,2211500
2005-05-05,45.83902359008789,45.88898906339231,45.57420315066534,45.6191747451242,1757900
2005-05-06,45.49917984008789,45.569132152605995,45.374264451717686,45.43422521049683,850600
2005-05-09,45.54419708251953,45.5891648376592,45.469247011834476,45.47424469977853,327800
2005-05-10,45.86894226074219,45.86894226074219,45.63909454073687,45.649089908797606,495500
2005-05-11,46.00885772705078,46.228706318535714,45.96388618444275,46.03883621404489,1058700
2005-05-12,46.18876647949219,46.20375573279183,45.82900915182351,45.968913932112585,657000
2005-05-13,46.368614196777344,46.478536584985264,46.25369031131508,46.323642654773224,1698100
2005-05-16,46.313663482666016,46.50353363538569,46.30866579619192,46.48854438808122,824800
2005-05-17,46.44358825683594,46.56350989933043,46.41860744040557,46.44858594496965,856300
2005-05-18,46.75339889526367,46.86832289578775,46.638474894739595,46.8183536186169,1092300
2005-05-19,46.63343048095703,46.81830288251222,46.60844586944695,46.81830288251222,948800
2005-05-20,46.68842315673828,46.72339934774218,46.57349920794323,46.59348614739101,806800
2005-05-23,47.05318069458008,47.08316301387416,46.7533841864752,46.76837344006253,905600
2005-05-24,47.183101654052734,47.293027947888426,47.05818610417037,47.23306711158167,1695400
2005-05-25,46.85329055786133,47.2929954308784,46.83330743828549,47.26301312727978,1923300
2005-05-26,46.838287353515625,47.00317663175722,46.7633373350316,46.7633373350316,978300
2005-05-27,46.8883056640625,46.958261889128444,46.73840927008844,46.83834019940448,650600
2005-05-31,47.4678955078125,47.492880135558934,47.07815971252949,47.07815971252949,1979000
2005-06-01,48.049110412597656,48.064154924604836,47.73818029465464,47.743192581208405,3823200
2005-06-02,48.16447067260742,48.2396970785338,48.00900557288714,48.00900557288714,1703400
2005-06-03,47.76830291748047,48.64593577948142,47.74322616238161,48.595786095459346,5558100
2005-06-06,48.01899719238281,48.08419132028772,47.81839487229792,47.89362122060113,1088700
2005-06-07,48.40019989013672,48.4353050517443,48.16950828154749,48.380139251193,1503100
2005-06-08,48.16947555541992,48.37007415621995,48.169475555419915,48.299863880705324,1272400
2005-06-09,48.129356384277344,48.149417010458706,47.85854367008885,47.97890360100378,612700
2005-06-10,47.58773422241211,47.91872883786477,47.57268970828672,47.91872883786477,1464800
2005-06-13,47.30192184448242,47.40723736943236,47.22669537632471,47.382164430831196,1616700
2005-06-14,46.99091720581055,47.22161238307283,46.925723071645095,47.16644664409768,1984500
2005-06-15,47.07623291015625,47.07623291015625,46.805419997327306,46.83550904558296,1996800
2005-06-16,47.31190872192383,47.35202997987777,46.925752136094985,47.04109979616912,1370300
2005-06-17,47.30689239501953,47.37710267735715,47.15142349026613,47.19656085815371,555900
2005-06-20,47.226680755615234,47.24172527935379,46.94082332605506,47.05115493503897,453000
2005-06-21,47.57270812988281,47.57270812988282,47.30189529223828,47.331984332140465,503100
2005-06-22,48.14946365356445,48.18958111861634,47.77333515719245,47.888679086754124,952200
2005-06-23,48.09925842285156,48.13436355560427,47.91370053477439,48.044092667644094,996300
2005-06-24,48.34001159667969,48.37010063803833,48.154453580559405,48.264785167107945,928000
2005-06-27,48.470394134521484,48.55063283750352,48.319941305440395,48.39015160536507,1203600
2005-06-28,48.1394157409668,48.3299898991543,48.09929828897924,48.30491314375836,982400
2005-06-29,48.064170837402344,48.38513711323531,47.94381087532386,48.38012099884789,1682400
2005-06-30,48.49549102783203,48.50552326202297,48.04915226074217,48.07422902004324,2159400
2005-07-01,47.9077262878418,48.44115527983477,47.80204793718929,48.330443529810594,2222700
2005-07-05,47.45478439331055,47.67620388708014,47.43968420657899,47.479943692484696,1076100
2005-07-06,47.7164421081543,47.72147550148836,47.520182001022164,47.62082683157817,854100
2005-07-07,47.81710433959961,48.08382053240535,47.786911647316366,48.02343130848329,1678000
2005-07-08,47.620880126953125,47.93288559382741,47.464879313195226,47.93288559382741,1259300
2005-07-11,47.620880126953125,47.63094692488759,47.27868194499241,47.35920097103421,982000
2005-07-12,47.35410690307617,47.57049670913179,47.33397717235547,47.4799148405654,743700
2005-07-13,47.28370666503906,47.354158880214904,47.233384202678856,47.32899956871369,886600
2005-07-14,47.16290283203125,47.37425934690102,47.10251361091614,47.35412960652932,874300
2005-07-15,47.28870391845703,47.318896604924134,47.0521843028518,47.0521843028518,1064700
2005-07-18,46.93645477294922,47.28871953526971,46.85090624013731,47.22833030303749,1204500
2005-07-19,47.102516174316406,47.162905398718,46.860966955421254,46.916322784617144,1226900
2005-07-20,47.359134674072266,47.424553411634186,46.89112904859038,47.05719642780885,1884500
2005-07-21,46.71503448486328,47.072328797705424,46.63954890567555,47.04213610177275,3824200
2005-07-22,47.07737350463867,47.112599604809155,46.815690612494805,46.85091671266529,1614900
2005-07-25,46.906246185302734,47.15786214199207,46.87102010494042,47.001861477438226,305100
2005-07-26,46.98174285888672,47.00690599625269,46.8861275441229,46.93644997949912,340500
2005-07-27,46.906246185302734,46.93643887151192,46.80560133836893,46.83579402457811,593300
2005-07-28,47.32392501831055,47.38934377855561,46.991790144709995,46.991790144709995,578900
2005-07-29,46.855960845947266,47.20319236958819,46.72511936989509,47.20319236958819,1699500
2005-08-01,46.68168258666992,46.772601405953594,46.47964033785783,46.72209180715941,1760300
2005-08-02,46.5301628112793,46.70189625120124,46.44934435463171,46.605925297341265,1071400
2005-08-03,46.757415771484375,46.80287707572234,46.595782857722135,46.595782857722135,591100
2005-08-04,46.661476135253906,46.868570491864475,46.570557319557714,46.76754744462692,1046800
2005-08-05,46.29779815673828,46.40386945106045,46.242236452050285,46.31799890968421,1041600
2005-08-08,46.21189880371094,46.39373629593181,46.18664595145554,46.30786966172536,836600
2005-08-09,46.3836555480957,46.393755922544315,46.10584708033513,46.31798962646108,1474800
2005-08-10,46.33317184448242,46.52005777840703,46.23720089227073,46.47460028755058,909300
2005-08-11,46.65643310546875,46.69683847525987,46.31801067631411,46.4846958327228,881600
2005-08-12,47.131248474121094,47.19691445413398,46.75747262908649,46.78272936811257,1765100
2005-08-15,47.01000213623047,47.12617768513175,46.999901757629935,47.10597307429521,954300
2005-08-16,47.33829116821289,47.42920993417313,47.22716780385781,47.31808656981805,1311000
2005-08-17,47.025142669677734,47.34336039236746,46.96453270622026,47.232236987849426,1278200
2005-08-18,47.37367248535156,47.383772862899136,47.11101642549359,47.201935237962104,833900
2005-08-19,47.36860275268555,47.398907727692496,47.146355992944855,47.1564602203696,439200
2005-08-22,47.31810760498047,47.37872142711074,47.0756561700942,47.247393405979224,599300
2005-08-23,47.53529739379883,47.595911209651064,47.30295021348357,47.34335942405173,491800
2005-08-24,47.580787658691406,47.64645363453102,47.40400205765607,47.61614477889847,998200
2005-08-25,47.73226547241211,47.78782714791929,47.510018770383404,47.62114212139776,812400
2005-08-26,47.71714782714844,47.924238343172604,47.58076766819321,47.80806664857344,874600
2005-08-29,47.77777099609375,47.92425157403171,47.732313499649145,47.898998693885765,550100
2005-08-30,48.08082580566406,48.161640399437125,47.843426433445465,47.898988152630054,1392700
2005-08-31,48.48491668701172,48.48996880444707,48.13639765670257,48.141445920501425,1310800
2005-09-01,48.192935943603516,48.52746629609737,48.116905087599015,48.30951323799911,1899000
2005-09-02,48.2335205078125,48.2994119007023,48.0510478706332,48.091594337823146,621400
2005-09-06,47.89391326904297,48.238583354504996,47.88884737789694,48.15748655815113,965300
2005-09-07,47.44275665283203,47.73674047951481,47.32110963965216,47.73674047951481,1090200
2005-09-08,47.493431091308594,47.63535708393862,47.44274517034181,47.589737048107,373100
2005-09-09,47.645545959472656,47.80774340805526,47.5847204660946,47.62527079501331,426300
2005-09-12,47.31608581542969,47.49855844586817,47.2349890169529,47.47321738819718,917300
2005-09-13,47.5644416809082,47.70636782131989,47.463069733420355,47.523895222168214,450400
2005-09-14,47.381961822509766,47.584705669876705,47.33127199357702,47.55429486618986,346400
2005-09-15,46.99168395996094,47.31607884023189,46.83455627744932,47.31607884023189,2225800
2005-09-16,46.68247604370117,46.87508808639701,46.570964622580526,46.78385182067016,2145500
2005-09-19,46.783878326416016,46.85483947695262,46.68250249201181,46.72305282577349,886100
2005-09-20,46.90549850463867,47.037285080081794,46.57096424399622,46.778781684775396,1848800
2005-09-21,47.34139633178711,47.34646608647357,47.204540024881084,47.2805708768189,993000
2005-09-22,47.295780181884766,47.36674128499971,47.204543925438394,47.32619484542695,761700
2005-09-23,46.94098663330078,47.18935055752022,46.94098663330078,47.16400950971314,656800
2005-09-26,46.728111267089844,46.824413452584366,46.6824911858836,46.68756094314912,680900
2005-09-27,46.79399108886719,46.91563816356067,46.60138289834494,46.76864617588944,827800
2005-09-28,47.108272552490234,47.14881901854828,46.76360245489482,46.82949384594519,712800
2005-09-29,46.89535903930664,46.94097910538903,46.81426228540193,46.93590934980422,657100
2005-09-30,46.733192443847656,46.981560358907714,46.63182046792849,46.92580461202427,1391800
2005-10-03,46.36781311035156,46.91738474987525,46.35763362902015,46.70875197059649,1370900
2005-10-04,46.52047348022461,46.58153872526658,46.4136122131523,46.49503253987493,783200
2005-10-05,46.72402572631836,46.805446062296916,46.59680936310334,46.65278487350477,1215800
2005-10-06,46.545921325683594,46.683313283031936,46.53065598401546,46.66295820002939,340000
2005-10-07,46.73416519165039,46.790140658770824,46.28636533701923,46.35251639710142,1337800
2005-10-10,46.703643798828125,46.80032942164758,46.622227391979955,46.739264204761646,159700
2005-10-11,46.60697937011719,46.774905881166774,46.53573852585399,46.73419571806357,679100
2005-10-12,46.15404510498047,46.53060792811835,46.12860418925349,46.53060792811835,1105700
2005-10-13,45.98611831665039,46.052269350122,45.83854704290844,45.92505313644763,1376600
2005-10-14,45.91487503051758,46.1540382379566,45.70623858801034,46.103152531742566,1042600
2005-10-17,45.90473937988281,46.10828628137244,45.85894336527312,46.011600629639666,1058200
2005-10-18,45.95564270019531,46.04215278697057,45.9149364102057,46.031973302721376,878200
2005-10-19,45.97596740722656,46.240579470160135,45.97596740722656,46.13371825016767,904800
2005-10-20,46.0981330871582,46.10322283023964,45.86405537578598,45.940385992661724,810300
2005-10-21,46.52556228637695,46.54591736764861,46.179533669428345,46.22024383197166,1252800
2005-10-24,46.16426086425781,46.51537916533191,46.04722013645506,46.46957926929286,939100
2005-10-25,45.76734924316406,46.33219007277357,45.76225950278591,46.21514933808227,632900
2005-10-26,45.43151092529297,45.64523350215154,45.37044955038231,45.518017127973486,2895800
2005-10-27,45.59434509277344,45.691030773905986,45.44168778198749,45.59434509277343,1197400
2005-10-28,45.599422454833984,45.7368143854747,45.35007953060894,45.65539795162614,750400
2005-10-31,45.68593215942383,45.818238242277886,45.58416063866512,45.6808424186855,547700
2005-11-01,45.6332893371582,45.82240719805849,45.53617423296906,45.70995895101392,647100
2005-11-02,45.41860580444336,45.68950165711474,45.40327266554913,45.531054022437715,781100
2005-11-03,45.11193084716797,45.474829428915626,45.10170615496241,45.43393845924836,962900
2005-11-04,45.04035568237305,45.30613908032306,44.90746203361007,45.19369090826022,1888700
2005-11-07,45.193687438964844,45.27035699581086,45.157908832380116,45.23457838922614,1121600
2005-11-08,45.6332893371582,45.65373482749163,45.43395068088047,45.43395068088047,1396800
2005-11-09,45.16300964355469,45.45435076551427,45.16300964355469,45.37768122824603,1140300
2005-11-10,45.71505355834961,45.73549904074898,45.30103936402214,45.347042674314984,1695200
2005-11-11,45.7406120300293,45.84794789860477,45.71505809917462,45.79683613731799,193700
2005-11-14,45.398162841796875,45.720170475199524,45.295939310437305,45.68439184926589,1230100
2005-11-15,45.694602966308594,45.82238429233318,45.36237073872934,45.36237073872934,839800
2005-11-16,46.17507553100586,46.22619120037255,45.87351335954836,45.89907119423171,1822300
2005-11-17,46.287540435791016,46.461325195158516,46.02686914610899,46.08820173211442,1003100
2005-11-18,46.07288360595703,46.231331370899674,46.03199260223611,46.1904442667595,734200
2005-11-21,46.21085739135742,46.33863876377077,46.169966416286435,46.1750748634868,503300
2005-11-22,46.27219009399414,46.34374735079526,46.18018734959583,46.190412043183436,1026900
2005-11-23,46.09327697753906,46.35395195696749,45.92971704721808,46.30283631033641,768300
2005-11-25,46.261962890625,46.27729602930405,46.17506860548123,46.21085112850233,421500
2005-11-28,46.49197769165039,46.583980442936166,46.26708121082333,46.26708121082333,883400
2005-11-29,46.05238723754883,46.56862486547506,46.016608623707,46.553291730910914,889200
2005-11-30,46.00128936767578,46.15462855873242,45.909286632957325,46.15462855873242,1642800
2005-12-01,45.929420471191406,46.20662991307911,45.78054851629526,46.20149531696565,1214800
2005-12-02,45.9448127746582,45.97048183444786,45.76514110577653,45.826740582793875,746200
2005-12-05,45.7394905090332,45.86782802668849,45.61115299137792,45.86782802668849,431100
2005-12-06,46.20661544799805,46.2630842379206,45.85240284149256,45.89860635895104,968800
2005-12-07,46.0321159362793,46.15532281608604,45.95511261553798,46.098853975312515,386600
2005-12-08,46.3298454284668,46.38631425145434,46.09883945555442,46.19124262802944,976200
2005-12-09,45.9653205871582,46.20659550970769,45.92938627421763,46.191195649382635,817400
2005-12-12,45.87807083129883,46.07314233596738,45.75999865969157,46.07314233596738,440500
2005-12-13,46.047481536865234,46.10908493090768,45.88320973596736,46.05775072747998,598700
2005-12-14,46.519779205322266,46.62244764045775,46.27336947782745,46.304169225058146,635000
2005-12-15,46.40683364868164,46.42736811551062,46.19635830109646,46.42736811551062,724300
2005-12-16,46.56080627441406,46.67887840346563,46.48893764509451,46.62754422774403,684500
2005-12-19,46.6070556640625,46.76619294045205,46.488983418755446,46.50951789257191,469800
2005-12-20,46.55057144165039,46.61217484272187,46.40683408903274,46.49923723236539,236000
2005-12-21,46.46842956542969,46.49923322158302,46.35036128591305,46.47356416088004,193100
2005-12-22,46.8380241394043,46.87395846067448,46.66862172001473,46.673752396948124,692700
2005-12-23,47.12550735473633,47.248710194803934,46.76616018942992,46.81236370229757,2295800
2005-12-27,47.51056671142578,47.53109727464748,47.125554027918454,47.21282262954107,519500
2005-12-28,47.37806701660156,47.55332943244479,47.29558780950472,47.439922489099146,1295700
2005-12-29,47.48112106323242,47.491428988799704,47.26461923092446,47.43988149531995,740600
2005-12-30,47.372901916503906,47.72858261301753,47.26980292758204,47.702810815405286,1099500
2006-01-03,47.31107711791992,47.55335500301419,47.15643442069585,47.213133990032325,1392700
2006-01-04,47.42444610595703,47.46052976633338,47.12546495836779,47.18732434736613,387600
2006-01-05,47.36773681640625,47.49660757799901,47.269793779092225,47.36258088475195,453400
2006-01-06,47.28010940551758,47.37289651856241,47.16154656497324,47.30588120019324,1193700
2006-01-09,47.31107711791992,47.31107711791992,47.18736217357524,47.26983749219597,413600
2006-01-10,46.92955780029297,47.259466500277796,46.92440187074954,47.23369078538257,698900
2006-01-11,46.85231018066406,47.058504434037026,46.78014278190777,47.0378846154169,394600
2006-01-12,47.16672897338867,47.17703691048037,46.908987285009495,46.9759987081707,626600
2006-01-13,47.439910888671875,47.57909353340738,47.20794505787817,47.213097057443115,491000
2006-01-17,47.65126419067383,47.682191921524534,47.388366679969735,47.42445034357035,454300
2006-01-18,47.635799407958984,47.82136972231418,47.48630882368527,47.816217722487856,622100
2006-01-19,47.496620178222656,47.65126670628905,47.403833047947735,47.46053651271711,490600
2006-01-20,47.620330810546875,47.67188227053906,47.450224364175035,47.58940308081094,842600
2006-01-23,47.60483932495117,47.68216253725164,47.285242482248066,47.32132612361203,720400
2006-01-24,47.372901916503906,47.52239250082239,47.30073459067075,47.42444944455269,300500
2006-01-25,46.85742950439453,47.202802347545585,46.800726030704034,47.1718746101963,1204500
2006-01-26,46.6563720703125,46.702763657170166,46.41925033867386,46.67699186430154,764100
2006-01-27,46.6563720703125,46.80586262711538,46.47595378893784,46.80586262711538,1091400
2006-01-30,46.60995864868164,46.65119822082044,46.51717157778039,46.54810322329551,308500
2006-01-31,46.73883819580078,46.7697698471621,46.496560579721645,46.57388380889072,676100
2006-02-01,46.5789909362793,46.79626204584882,46.48069993332344,46.635895838327855,622300
2006-02-02,46.66691207885742,46.77037728376449,46.48585290376255,46.57896961478191,658500
2006-02-03,46.99802017211914,47.07561813422713,46.4651868840653,46.55830364923562,1524600
2006-02-06,47.09116744995117,47.18428427545643,47.01874369086919,47.06530407702124,755100
2006-02-07,46.86873245239258,47.13773842955089,46.817001748108204,47.13773842955089,280500
2006-02-08,46.76007080078125,47.01355387365224,46.70834012524804,47.01355387365224,261700
2006-02-09,46.97218322753906,47.023913915766165,46.58936745170176,46.63075358100285,1119200
2006-02-10,46.71349334716797,47.272189916926834,46.68245179838442,47.179073164167725,938000
2006-02-13,46.71866989135742,46.74453719433368,46.64107587602124,46.68245803526844,218700
2006-02-14,46.55312728881836,46.661762852126074,46.41345412079304,46.50657088174196,836100
2006-02-15,46.66691207885742,46.801414871839604,46.49619745085625,46.63070024383844,720300
2006-02-16,46.67728805541992,46.71349991175973,46.5583039864198,46.66176530544887,427800
2006-02-17,47.04978561401367,47.11186481895295,46.97219154133859,46.97219154133859,731400
2006-02-21,46.97218322753906,47.07564460399326,46.961834721814526,47.023913915766165,433300
2006-02-22,47.292930603027344,47.30844941965257,47.122215726550316,47.1377384899753,559000
2006-02-23,47.17390060424805,47.23597580525306,47.0393977574112,47.23597580525306,288300
2006-02-24,47.10149383544922,47.3032462048249,47.049759220288685,47.3032462048249,485700
2006-02-27,47.02393341064453,47.2567235775744,46.935990809519936,47.2567235775744,446200
2006-02-28,47.25669479370117,47.30325516680749,47.034249325476594,47.075635446727155,744200
2006-03-01,46.97119903564453,47.173660776087786,46.9192825190803,47.12174425952356,713600
2006-03-02,46.64408874511719,46.773871965866356,46.410480532036516,46.75310617526614,1640000
2006-03-03,46.3741455078125,46.48835538592353,46.32223300703565,46.45201623931275,1253300
2006-03-06,45.9692497253418,46.19766565638812,45.94329147922022,46.192477175701626,872700
2006-03-07,46.000389099121094,46.07306742383735,45.84464756863101,45.89137161204669,1692900
2006-03-08,45.984840393066406,46.14057804638388,45.917350512022445,45.97964794975369,1184700
2006-03-09,46.000389099121094,46.031535820950445,45.82388176718756,45.97443085714886,282100
2006-03-10,45.82906723022461,45.92770378189566,45.688903042660904,45.84983302850647,1086900
2006-03-13,45.792728424072266,45.82387514139804,45.68890339253896,45.756389266968505,1740100
2006-03-14,46.09904098510742,46.19767362390115,45.917341152263944,45.917341152263944,904400
2006-03-15,45.849822998046875,45.96403288327612,45.76157134515889,45.91212037926378,971000
2006-03-16,46.26512145996094,46.37413888422242,45.90691852262369,45.94845010158121,1048000
2006-03-17,46.12498092651367,46.20285169341219,46.07306840213856,46.124980926513665,703500
2006-03-20,46.197669982910156,46.32745330432801,46.19248150173775,46.32226482315561,576000
2006-03-21,45.95887756347656,46.28074168537969,45.87062583931185,46.28074168537969,817200
2006-03-22,46.0575065612793,46.19248232695351,46.01078250518438,46.07307992642003,205500
2006-03-23,45.912147521972656,46.135374985798244,45.86023102659774,46.10941673811078,613400
2006-03-24,46.249568939208984,46.35339794225983,45.94328229171984,45.95885565200959,954800
2006-03-27,46.078285217285156,46.22883439008073,45.99522196580877,46.22883439008073,467100
2006-03-28,45.6473503112793,45.90691672861612,45.600626296610685,45.89134337728298,1094900
2006-03-29,45.42934799194336,45.6941030754704,45.356669659915696,45.59547045953117,1071700
2006-03-30,45.11266326904297,45.315124843627665,44.951729328746005,45.23725409324796,1152000
2006-03-31,45.097103118896484,45.23726734209378,45.06076395283259,45.15420808852147,1167700
2006-04-03,45.1116943359375,45.174227860742455,44.8563560670966,44.908465349925685,1549700
2006-04-04,45.06478500366211,45.28364631784746,45.002251495745284,45.17942380465275,749100
2006-04-05,45.1273193359375,45.22111761994857,45.075210061638636,45.179428610236364,638600
2006-04-06,44.78336715698242,44.96575149170053,44.68956893117306,44.96575149170053,2022100
2006-04-07,44.34567642211914,44.621859204636635,44.24145785442015,44.51764063693764,1956500
2006-04-10,44.42904281616211,44.44988731937723,44.27271102988992,44.37172142624114,1527100
2006-04-11,44.585391998291016,44.65834580667235,44.46554101695784,44.59581624273657,1237300
2006-04-12,44.31441879272461,44.67397966792794,44.29357428068689,44.60623400988432,1902000
2006-04-13,44.001766204833984,44.10598480625266,43.91317602037483,44.033030990122626,3219400
2006-04-17,44.16328048706055,44.277923267206944,43.95483943003821,44.05384982665238,1465400
2006-04-18,44.24143981933594,44.434244488550334,44.15806181861909,44.267492462798536,2680300
2006-04-19,43.97048568725586,44.07991638219189,43.803733584160426,44.00696258556787,1830300
2006-04-20,43.933982849121094,44.03820533682227,43.83497645540671,43.991304223436394,1378200
2006-04-21,44.18935012817383,44.22061490444886,43.90274309337389,44.048650683568894,1303000
2006-04-24,44.366519927978516,44.4967951224994,44.215400225252274,44.26230136263517,991500
2006-04-25,43.8401985168457,44.345666809553634,43.803721628489605,44.31440204115773,2067400
2006-04-26,43.76725387573242,43.81415501379867,43.631770533948774,43.69430008379246,1544900
2006-04-27,43.82456588745117,43.928788407658814,43.59007217442857,43.642181446691076,1864200
2006-04-28,43.85584259033203,43.881895243350016,43.64740148777138,43.756832172086966,809400
2006-05-01,43.52623748779297,43.777352161773386,43.48438836823985,43.77211952507962,1795500
2006-05-02,43.64131546020508,43.70409510339172,43.55761326062041,43.55761326062041,1097900
2006-05-03,43.54718780517578,43.64658799993433,43.390244540716225,43.641355360385326,1114000
2006-05-04,43.47394561767578,43.630892869140744,43.47394561767578,43.620427590331396,977800
2006-05-05,43.735538482666016,43.98665338305057,43.67799140114739,43.944800234430495,1685900
2006-05-08,43.76168441772461,43.824460130267816,43.69890471384668,43.80876620213201,666400
2006-05-09,43.735538482666016,43.7773916312861,43.59428909524316,43.70938325828042,341300
2006-05-10,43.814002990722656,43.955252348654554,43.604741282649194,43.8401622009825,1320200
2006-05-11,43.599491119384766,43.66227080397574,43.46870310332038,43.66227080397574,1189800
2006-05-12,43.23851013183594,43.42684515604376,43.19142438011764,43.32221236963237,1804700
2006-05-15,43.41117858886719,43.54196666079018,43.23853737600839,43.23853737600839,1433500
2006-05-16,43.735538482666016,43.75646505697606,43.46350099930736,43.46350099930736,1677600
2006-05-17,43.463462829589844,43.463462829589844,43.27512781753167,43.37452796037694,1440800
2006-05-18,44.05463409423828,44.065099370490145,43.698890537010136,43.70935581326199,2177700
2006-05-19,44.169715881347656,44.39467136209924,43.9866135112783,44.00754006661941,2619500
2006-05-22,44.26386642456055,44.54636882642341,44.19585813925924,44.38418908250369,2652000
2006-05-23,44.237762451171875,44.23776245117188,43.960492337940146,43.97095762032763,1394900
2006-05-24,44.2586784362793,44.46794012927224,44.222057939355636,44.36853992705026,1226300
2006-05-25,44.08599090576172,44.326644194144244,44.044141804214455,44.32141155970186,678000
2006-05-26,44.05463409423828,44.20634866922285,44.05463409423828,44.07032801728265,398400
2006-05-30,44.03367614746094,44.101688420621066,43.949973953773075,44.04414141625353,482200
2006-05-31,43.77216720581055,44.1697642096575,43.725085398277756,44.122678410788026,880700
2006-06-01,43.967525482177734,44.03580475125884,43.778440113854415,43.80470352893497,1561100
2006-06-02,44.5347785949707,44.58730141436842,44.382459613653374,44.49801222066888,2041900
2006-06-05,44.476993560791016,44.550526294960456,44.38770438461863,44.545272811881645,1102900
2006-06-06,44.687110900878906,44.73963373593763,44.42974219679092,44.46651258929102,2188000
2006-06-07,44.69761276245117,44.69761276245117,44.461258006899314,44.50327787680398,1324100
2006-06-08,44.786888122558594,45.05475970127147,44.70285241598705,44.77113167802857,3496700
2006-06-09,45.023231506347656,45.07575430600375,44.82889273966406,44.82889273966406,657200
2006-06-12,45.05998229980469,45.05998229980469,44.92341986209132,45.002206037973316,528700
2006-06-13,45.09151840209961,45.138791734880435,44.933949976374855,45.09151840209961,1448300
2006-06-14,44.63981246948242,44.939196869107896,44.59779662937757,44.90768398722096,1439100
2006-06-15,44.38248062133789,44.56105909326401,44.33521126367609,44.48227683049434,1734600
2006-06-16,44.28266525268555,44.5190239604392,44.21438598541507,44.48750706173139,1184600
2006-06-19,44.21963882446289,44.272161645230234,44.10933969868116,44.230141785722616,1233700
2006-06-20,44.14609146118164,44.21962418736279,44.05679828747622,44.188107299547276,611400
2006-06-21,44.15660095214844,44.25114361511696,44.15660095214844,44.25114361511696,476000
2006-06-22,43.90447235107422,44.06729822499463,43.888715913295684,44.03578134220517,745500
2006-06-23,43.81517028808594,43.97799611402743,43.77840394169228,43.9202198543758,675500
2006-06-26,43.73117446899414,43.84147360862636,43.65764170923933,43.81521019132756,526100
2006-06-27,43.94652557373047,43.983291958887236,43.794206547442286,43.794206547442286,429100
2006-06-28,43.71540451049805,43.925495755016634,43.69439458459946,43.925495755016634,381300
2006-06-29,43.86250686645508,44.025328920036415,43.78372057989615,43.89927326588432,1609300
2006-06-30,44.287872314453125,44.32989213052874,43.85717921775361,43.85717921775361,1219000
2006-07-03,44.244144439697266,44.270506072301544,44.14923371208657,44.23887050404272,716800
2006-07-05,43.890892028808594,43.98580281884192,43.73797997693063,43.975258963432374,1289200
2006-07-06,44.15977096557617,44.18086268221021,43.938313975169166,43.938313975169166,451400
2006-07-07,44.44453430175781,44.53417114324389,44.3338057288333,44.3970769003122,1356900
2006-07-10,44.486698150634766,44.5025159365305,44.31796839635587,44.38651347618226,480400
2006-07-11,44.62906265258789,44.74506511399157,44.597427080508595,44.602696993965345,423800
2006-07-12,44.63959884643555,44.723961690854,44.43395561321697,44.46559519985333,641000
2006-07-13,44.81356430053711,44.84520386304879,44.65010864841062,44.6606524873608,1347400
2006-07-14,44.83997344970703,44.90324861330887,44.72397099452091,44.72397099452091,1343900
2006-07-17,44.908538818359375,44.91908669514297,44.739808995348575,44.80308418754124,514100
2006-07-18,44.52360153198242,44.68705732752545,44.502509812745565,44.66069167277085,621000
2006-07-19,44.9454345703125,44.977074168132724,44.41815353210618,44.46561091741899,1267400
2006-07-20,45.07722854614258,45.151047526622136,44.8030443361946,44.8030443361946,1320200
2006-07-21,44.99287414550781,45.172147696572935,44.924325063061225,45.13523819942226,652100
2006-07-24,44.966514587402344,45.08779096466253,44.92960508525081,45.035063679136634,393900
2006-07-25,44.83469772338867,45.01924524798169,44.76615264934964,44.940156325180624,948200
2006-07-26,44.998146057128906,45.01396786189674,44.75032743543734,44.771419152294136,717100
2006-07-27,44.92963790893555,45.07200610898106,44.882184524145025,45.07200610898106,295500
2006-07-28,45.18798828125,45.28817297671574,45.135260976260064,45.161626640172784,769800
2006-07-31,45.245967864990234,45.245967864990234,45.10887774220657,45.14578724031503,375100
2006-08-01,45.24174499511719,45.26292111539857,45.01940179056066,45.167630593598346,577800
2006-08-02,45.41111373901367,45.41111373901367,45.10406629795895,45.19406574718447,477400
2006-08-03,45.421749114990234,45.54880182324826,45.27351624326763,45.33174957599689,500500
2006-08-04,45.69704818725586,45.781752717879115,45.681167097497585,45.73940045256749,1246000
2006-08-07,45.72349166870117,45.73407770915009,45.62290610924296,45.70231554887145,1127600
2006-08-08,45.622920989990234,45.82938317700658,45.57527369509936,45.72879758474055,844400
2006-08-09,45.47467041015625,45.53819472107592,45.37408486595843,45.39526098257541,372400
2006-08-10,45.4058723449707,45.44822460182516,45.23646735648639,45.44822460182516,539000
2006-08-11,45.209983825683594,45.27880318890841,45.18880770493779,45.24704102725573,450800
2006-08-14,45.13058090209961,45.1941092735142,45.09881873585862,45.183519192145454,662300
2006-08-15,45.511722564697266,45.57524686858248,45.41113703163793,45.41113703163793,1093800
2006-08-16,45.81877136230469,45.86641459146539,45.77112409421305,45.82935740025231,838900
2006-08-17,45.80288314819336,45.93523082770481,45.74994488417491,45.93523082770481,922300
2006-08-18,45.93522644042969,46.00934484969324,45.87170214524701,45.90875933041366,1050700
2006-08-21,46.09934997558594,46.09934997558593,45.98817839673779,45.99876443518142,676400
2006-08-22,46.11524200439453,46.17877036693669,46.04112760089471,46.05700868179723,749300
2006-08-23,46.13642120361328,46.18406444949976,45.98289734642517,46.08877391879446,801700
2006-08-24,46.22109603881836,46.289919407756834,46.1840388551323,46.27403833459568,1206700
2006-08-25,46.289955139160156,46.369360566259296,46.1628983779351,46.18407450480594,569000
2006-08-28,46.332279205322266,46.332279205322266,46.184050433417255,46.274049935443394,582300
2006-08-29,46.39582443237305,46.395824432373054,46.04642849132838,46.1893622765438,1345600
2006-08-30,46.517574310302734,46.517574310302734,46.40640271918278,46.496398192146806,1180500
2006-08-31,46.628761291503906,46.692285628006694,46.44876624723594,46.44876624723594,1272400
2006-09-01,46.64472198486328,46.719132108487315,46.49058557019991,46.570311861239254,893400
2006-09-05,46.352386474609375,46.58093297775062,46.32581375171438,46.51183903216726,2271300
2006-09-06,46.28860092163086,46.28860092163086,46.09194737882903,46.18230192849726,1853400
2006-09-07,46.378936767578125,46.41082563886057,46.10255303298132,46.2035398654353,1716100
2006-09-08,46.4161376953125,46.55964165843032,46.41613769531251,46.50117602955602,540300
2006-09-11,46.37363815307617,46.5011977415227,46.21418562623336,46.5011977415227,557600
2006-09-12,46.60749053955078,46.61811881331737,46.24075224140103,46.32047848730907,820800
2006-09-13,46.628746032714844,46.788194452013784,46.5915409960406,46.788194452013784,797000
2006-09-14,46.522457122802734,46.703170252132146,46.46399146817081,46.586238942868306,672800
2006-09-15,46.48526382446289,46.745699225894235,46.47994765768552,46.644716387406966,1047200
2006-09-18,46.41083908081055,46.442727961328956,46.224813852710064,46.224813852710064,871400
2006-09-19,46.931678771972656,46.931678771972656,46.68718402019432,46.697816342467895,1229600
2006-09-20,47.000789642333984,47.0273664025854,46.846653353973174,46.97421288208256,827400
2006-09-21,47.431304931640625,47.45256552854044,46.958267801991305,46.958267801991305,1698600
2006-09-22,47.66518020629883,47.67580848007267,47.47383883800721,47.47383883800721,1428600
2006-09-25,48.0000114440918,48.0000114440918,47.73426007247345,47.75020450596349,2607600
2006-09-26,47.798095703125,47.88845029804361,47.739630011107394,47.83530077485906,2200000
2006-09-27,47.65989303588867,47.98411032634079,47.63863242036174,47.96816587845754,1165400
2006-09-28,47.580177307128906,47.6173823788009,47.44730147186486,47.53234395285722,1796800
2006-09-29,47.52165222167969,47.69173290153235,47.351567486783765,47.67047230967036,1398000
2006-10-02,47.65187454223633,47.73191362502597,47.47578041777127,47.545148979910266,1211900
2006-10-03,47.58784484863281,47.72658606052907,47.571837030176404,47.70524094553238,854900
2006-10-04,47.93466567993164,47.945336195133365,47.66785801710824,47.66785801710824,1155500
2006-10-05,47.59852981567383,47.779961312623996,47.46512585983263,47.779961312623996,1241600
2006-10-06,47.10226058959961,47.54516264038669,47.075582244725936,47.53982534294592,2472400
2006-10-09,47.2303466796875,47.27837015879593,46.963538717085754,47.011562196194184,834900
2006-10-10,46.85678482055664,47.01687113000387,46.76073384912109,46.93149067932163,1398700
2006-10-11,46.71804428100586,46.97417747200765,46.64867165210497,46.93148724978613,1521600
2006-10-12,46.74477005004883,46.83548381094719,46.680738722905424,46.760777881834684,586400
2006-10-13,46.50992965698242,46.61665113017575,46.483247253102476,46.57929820744176,1414100
2006-10-16,46.71804428100586,46.723377505410795,46.62199331658927,46.63800113213142,897600
2006-10-17,46.755401611328125,46.98485648842548,46.69670356803596,46.894138739869554,730800
2006-10-18,46.85142517089844,46.894111301000024,46.718021345322036,46.79272716195189,499600
2006-10-19,46.766082763671875,46.83011811759255,46.616671009021964,46.73940034841369,797300
2006-10-20,46.71804428100586,46.798083358716625,46.71804428100586,46.750059912090165,280700
2006-10-23,46.531314849853516,46.5366521499269,46.36055788800912,46.5046364918208,1200600
2006-10-24,46.531314849853516,46.55799727905334,46.5046364918208,46.51530702080046,243400
2006-10-25,46.89948272705078,46.94217295938367,46.54729848821601,46.56863953321782,558400
2006-10-26,47.20362091064453,47.235636533985414,47.03820142849971,47.03820142849971,1558300
2006-10-27,47.42242431640625,47.51847529632429,47.33170656175386,47.50246340703435,1601500
2006-10-30,47.55582046508789,47.55582046508789,47.40640468759215,47.43308709422159,901200
2006-10-31,47.92400360107422,47.95602329735978,47.56648221666153,47.625180243495,964600
2006-11-01,48.1891975402832,48.27490727971214,47.91600285443512,48.001712593864056,1440100
2006-11-02,47.99097442626953,48.08739579467579,47.932054116503366,48.01240185112241,853300
2006-11-03,47.423133850097656,47.58919118565737,47.29993133883109,47.49812774918017,1534100
2006-11-06,47.562435150146484,47.56243515014649,47.326737578691336,47.326737578691336,528000
2006-11-07,47.78206253051758,47.94812405275996,47.739211767327284,47.82491738057132,525900
2006-11-08,47.95351028442383,47.95351028442383,47.72317041813934,47.803522294632295,706300
2006-11-09,47.92671585083008,47.990994064828826,47.87850310346594,47.92671585083008,729600
2006-11-10,48.13563537597656,48.23205679817392,48.02314439789058,48.02314439789058,738100
2006-11-13,48.1248779296875,48.1248779296875,47.92668146291272,48.1248779296875,462400
2006-11-14,48.31238555908203,48.419518605013515,48.27488858431963,48.392733300098776,916400
2006-11-15,48.13024139404297,48.237378497716286,48.071317008738305,48.237378497716286,1803200
2006-11-16,47.910606384277344,48.237367322772045,47.82489672119468,48.2105820313433,1494400
2006-11-17,48.18380355834961,48.32843761355318,47.948110125242934,47.974891333599786,1752000
2006-11-20,48.258819580078125,48.2748932166876,48.13561697412099,48.21061093084206,857200
2006-11-21,48.37665939331055,48.419514242567544,48.18917453639037,48.28559590378694,605100
2006-11-22,48.457035064697266,48.48382038038257,48.35525576933155,48.40346852019203,770300
2006-11-24,48.5427360534668,48.69272398578579,48.5427360534668,48.612372140082144,533400
2006-11-27,48.719505310058594,48.71950531005859,48.274899391730614,48.33382380624359,784500
2006-11-28,48.82128143310547,48.88020584381154,48.61772697867091,48.874847964602516,1466300
2006-11-29,48.70878601074219,48.93912575317116,48.698074340173775,48.906986654601916,1206400
2006-11-30,49.030189514160156,49.08375604101117,48.8212771986364,48.89091327485631,1428600
2006-12-01,49.154937744140625,49.35925973857557,49.0097652605826,49.079662515304264,1156000
2006-12-04,49.240970611572266,49.262478406577024,49.047404558721865,49.09042014873138,460700
2006-12-05,49.009761810302734,49.208701714425345,48.92910861302966,49.12267464560822,1833700
2006-12-06,48.912994384765625,49.02590725606148,48.86997878555006,48.94525403308063,936100
2006-12-07,48.87532424926758,48.97748110170841,48.794671079937,48.92371368955156,739200
2006-12-08,48.520484924316406,48.91299509401154,48.493603251061884,48.8484716942526,2090300
2006-12-11,48.73014450073242,48.789289880849914,48.66562525128813,48.73014450073242,727700
2006-12-12,48.83234405517578,48.91299728293545,48.633399973661064,48.78395457983612,802800
2006-12-13,48.396820068359375,48.579630213879526,48.2946590445726,48.5581224140195,1217900
2006-12-14,48.21936798095703,48.33765879029294,48.176352395345425,48.294643204681336,687600
2006-12-15,48.246253967285156,48.746298871269836,48.17635261479987,48.703283285462284,1162100
2006-12-18,48.262359619140625,48.30537108121823,48.170950519524474,48.24085183700682,441400
2006-12-19,48.197845458984375,48.28925047383183,48.12794823036999,48.12794823036999,930700
2006-12-20,48.19245147705078,48.2193372264582,48.149440021064095,48.20320741768951,336800
2006-12-21,48.434444427490234,48.4935898353584,48.17635500204804,48.235500409916206,770700
2006-12-22,48.063438415527344,48.31077187361785,47.96665540130132,48.300020028566934,1433200
2006-12-26,48.20864486694336,48.22477469561273,48.04733837586072,48.09572786186882,496200
2006-12-27,47.85417938232422,48.194070788312,47.85417938232422,48.16709384253061,840700
2006-12-28,47.74626159667969,47.99443376189398,47.50887773599539,47.962064732201554,1080200
2006-12-29,47.708499908447266,47.77324208875446,47.589807969268804,47.66533845490915,775500
2007-01-03,48.048362731933594,48.264165774103134,47.83256380586472,48.13468559524168,1870400
2007-01-04,48.3397216796875,48.366698617703925,48.134710945512374,48.134710945512374,1697000
2007-01-05,48.129295349121094,48.23180273297205,47.881123260519836,47.90810018767046,1298400
2007-01-08,48.21565246582031,48.21565246582031,48.04301071130942,48.080775966480424,414200
2007-01-09,48.21565246582031,48.27499845481819,48.134725742995556,48.27499845481819,481500
2007-01-10,47.999786376953125,48.086105083102424,47.95122876041394,48.05373608280878,519600
2007-01-11,47.719276428222656,47.90810671178955,47.61677314651401,47.90271050240433,1293500
2007-01-12,47.49806594848633,47.92966789004419,47.42253550581118,47.55741188431685,846300
2007-01-16,47.60057830810547,47.60597040021919,47.4926747243182,47.60057830810547,702800
2007-01-17,47.454898834228516,47.62214420638679,47.3793684006022,47.589775196575495,724200
2007-01-18,47.60057830810547,47.62755111697665,47.357798331659744,47.444121198689565,918300
2007-01-19,47.47108840942383,47.557411266273824,47.4063503828867,47.557411266273824,882500
2007-01-22,47.584373474121094,47.65451180871581,47.541216171408315,47.557400674438036,432000
2007-01-23,47.271461486816406,47.50344895803604,47.24448457217023,47.487260339588765,1096800
2007-01-24,47.26605987548828,47.31461337697987,47.20671396293269,47.29303678704948,463700
2007-01-25,46.92618942260742,47.19054596071382,46.87223558062223,47.179753545876686,1397000
2007-01-26,46.888431549072266,46.98014650905604,46.74815894691416,46.81829318994277,1576800
2007-01-29,46.785945892333984,46.99095662443029,46.72120371141278,46.96937589745655,1015300
2007-01-30,46.83987045288086,46.88842809147451,46.807501437885485,46.877635675742326,1295100
2007-01-31,47.233734130859375,47.26610316149713,46.77515091094413,46.77515091094413,2078000
2007-02-01,47.17684555053711,47.53978918810034,47.12809433327551,47.4802016117628,986200
2007-02-02,47.236392974853516,47.33931763428641,47.17139140709089,47.17139140709089,814700
2007-02-05,47.30144119262695,47.37727917842177,47.21477098008728,47.344778365326924,395500
2007-02-06,47.56144332885742,47.577693729676,47.214754335198464,47.236418781050695,770500
2007-02-07,47.702301025390625,47.73480597224346,47.58312586360447,47.6156308104573,836200
2007-02-08,47.74020004272461,47.8377065767613,47.62102906366524,47.66436208656926,980200
2007-02-09,47.469364166259766,47.62645830638515,47.4260311295279,47.610207901003214,878300
2007-02-12,47.36100387573242,47.48017897158072,47.30683450476267,47.39350467174265,467600
2007-02-13,47.25808334350586,47.393508849296516,47.236414766636344,47.393508849296516,1310600
2007-02-14,47.70771026611328,47.77271601477811,47.40977241747398,47.40977241747398,2262500
2007-02-15,47.84856414794922,47.98398972011061,47.84856414794921,47.956902952534136,893800
2007-02-16,48.0164794921875,48.05981665719907,47.92980929502389,47.989392730840386,1476700
2007-02-20,48.12482452392578,48.130242703471005,47.94064774798882,47.94064774798882,847400
2007-02-21,48.04355239868164,48.04896644310213,47.92979547297626,47.95687809365373,379800
2007-02-22,47.78355026245117,47.913557632424386,47.71854451103467,47.891893181478665,485200
2007-02-23,48.12482452392578,48.178998053657885,47.935229568443596,47.95689815376443,735700
2007-02-26,48.444435119628906,48.449853299635855,48.27109055515041,48.29275914231777,763400
2007-02-27,49.05657958984375,49.43577383898087,48.53654565915444,48.6123836824094,3243200
2007-02-28,48.83442306518555,49.00776749350805,48.69357942565564,48.8398412409367,1701900
2007-03-01,48.80344772338867,49.17321217292109,48.749071452589924,49.09164569240121,2423900
2007-03-02,49.04814529418945,49.200404667598086,48.75994731179248,48.917641408482915,1619800
2007-03-05,49.129730224609375,49.211296739542085,48.972036068711525,49.20042314025219,1505200
2007-03-06,48.982906341552734,49.1351616002479,48.93396478060377,48.972028595277564,837400
2007-03-07,49.17325973510742,49.211323576347645,48.92856420551278,48.982940528906305,915400
2007-03-08,49.129730224609375,49.16779404509194,48.99922628990419,49.097105278094396,574700
2007-03-09,48.61313247680664,48.885018000559874,48.49894105466755,48.602254732615954,1534700
2007-03-12,48.80344772338867,48.92851688000497,48.7653839189652,48.79257412868634,594400
2007-03-13,49.09709167480469,49.124277739819654,48.92852396632186,49.06446673732908,553800
2007-03-14,48.874141693115234,49.23303258636881,48.85239035273829,49.0209622034986,1698100
2007-03-15,48.868709564208984,48.91764697117247,48.759952856549795,48.80889441215748,394900
2007-03-16,48.857872009277344,48.89593585110808,48.74911936080316,48.759992966191525,623800
2007-03-19,48.7545166015625,48.77626379376719,48.678384834269806,48.71101391986498,693900
2007-03-20,48.78171920776367,48.912223148465365,48.77084560797415,48.89047594888631,768400
2007-03-21,48.80344772338867,48.988327873833114,48.22705178536361,48.60225095792543,1513400
2007-03-22,48.4173698425293,48.65663040764759,48.30317843153469,48.65663040764759,1484300
2007-03-23,48.281436920166016,48.50438091596429,48.275998047494554,48.49894619193712,1679700
2007-03-26,48.34125518798828,48.54244785470678,48.123745902204206,48.188999932532795,763600
2007-03-27,48.25967025756836,48.29229518595138,48.15635245283147,48.19985512310416,619800
2007-03-28,48.16179275512695,48.45542956522989,48.074791560638914,48.34667703495907,816900
2007-03-29,48.096534729003906,48.216164991491794,48.02584600509868,48.14547626758657,823000
2007-03-30,48.004093170166016,48.352106205444144,47.97146824455951,48.20528989157225,2015100
2007-04-02,48.083831787109375,48.14932772332482,48.03471295796592,48.08929082280004,579600
2007-04-03,48.023738861083984,48.12198056878423,48.01828399578126,48.04011178503081,617000
2007-04-04,48.07286834716797,48.21476981672157,47.97462662608169,48.12198712570116,576900
2007-04-05,47.892791748046875,48.09473436329768,47.87095977634223,48.08381629543395,436400
2007-04-09,47.57624053955078,47.65265036835903,47.554408565030805,47.63627742847489,1283900
2007-04-10,47.71814727783203,47.783643202745196,47.65265135291887,47.69631530286098,674400
2007-04-11,47.68539047241211,47.80000519173371,47.6362674989757,47.73996831532394,476200
2007-04-12,47.6963005065918,47.79454228147341,47.636263635051804,47.756337378131796,495100
2007-04-13,47.54893493652344,47.73995943318554,47.48889807128368,47.70721356633538,557800
2007-04-16,47.81093215942383,47.85459611129382,47.70177644377249,47.70177644377249,833600
2007-04-17,48.078338623046875,48.11654768173467,47.94189197580605,47.969182970862704,1254200
2007-04-18,48.31846237182617,48.33483529522664,48.225679696544084,48.23113872568396,450800
2007-04-19,48.236602783203125,48.416713302970074,48.13836106005933,48.389426480109,1305900
2007-04-20,48.11109161376953,48.274825102132475,48.061968652445614,48.274825102132475,664500
2007-04-23,48.28572463989258,48.35121634450093,48.05103631566625,48.10561412417984,419000
2007-04-24,48.46583938598633,48.47675328303372,48.27481079348487,48.27481079348487,881300
2007-04-25,48.29664611816406,48.46038373343017,48.08924874764479,48.34031003743776,569000
2007-04-26,47.94737243652344,48.26392979896479,47.94737243652344,48.26392979896479,2048400
2007-04-27,47.93645095825195,48.05652470876009,47.90915995531013,48.03469273921112,428700
2007-04-30,48.43856430053711,48.43856430053711,48.16567098053408,48.20933491109975,485700
2007-05-01,48.47365188598633,48.55582074035803,48.26549441028867,48.52295487032197,487200
2007-05-02,48.446205139160156,48.46811708517888,48.36403638640903,48.446205139160156,443900
2007-05-03,48.33668518066406,48.4079001086399,48.21069661148802,48.4079001086399,427000
2007-05-04,48.53385543823242,48.55576738727346,48.4790776552683,48.49003154015035,262000
2007-05-07,48.66534423828125,48.670823272757154,48.57222154858487,48.588654472733786,210200
2007-05-08,48.55575942993164,48.75844179088785,48.55575942993164,48.75844179088785,488400
2007-05-09,48.364036560058594,48.56671892700224,48.347603645304645,48.561239895658794,634900
2007-05-10,48.479095458984375,48.528394227973735,48.375014707635515,48.42431765590336,519500
2007-05-11,48.30928421020508,48.58865226660977,48.2764141841209,48.55578641980418,1238400
2007-05-14,48.18328857421875,48.35858004534042,48.18328857421876,48.33119323442417,315200
2007-05-15,48.16683578491211,48.32021523647086,48.01893536498807,48.30926135247807,382400
2007-05-16,48.13398742675781,48.20519814675266,48.11207547154137,48.12850839313417,599500
2007-05-17,47.936805725097656,48.051840407637634,47.88202790188053,47.98610451220907,397000
2007-05-18,47.61906051635742,47.931298522418075,47.59166953120502,47.84912974623842,856500
2007-05-21,47.761505126953125,47.788891943728736,47.56430165734011,47.61907947017056,821100
2007-05-22,47.514976501464844,47.76695766618358,47.48211066497722,47.7560037804468,920200
2007-05-23,47.378047943115234,47.56977236092648,47.27944621691534,47.56977236092648,914500
2007-05-24,47.421871185302734,47.43282507504487,47.08772112790384,47.361614343523996,1598200
2007-05-25,47.312313079833984,47.443780646212,47.29040112222455,47.32874600322141,754900
2007-05-29,47.30683517456055,47.42186982029636,47.01650904304463,47.38900397273718,1055700
2007-05-30,47.405399322509766,47.54234581783273,47.32323058946092,47.54234581783273,612000
2007-05-31,47.31782150268555,47.427381368455976,47.131575999798144,47.41642329223816,1725900
2007-06-01,47.06922912597656,47.75665217685738,47.04173472135973,47.23971289566919,1694300
2007-06-04,47.2837028503418,47.30569669290612,47.113219102742356,47.20121125578681,877700
2007-06-05,46.98675537109375,47.261724671353996,46.95375620198751,47.234226063048546,1145400
2007-06-06,46.96474838256836,47.041739436328,46.887757328808725,46.942750339251646,1129200
2007-06-07,46.1233024597168,46.58524837469011,46.04631147388791,46.5412523268753,5010400
2007-06-08,46.08481216430664,46.26079217971907,45.84283806972911,45.980322587885524,5307600
2007-06-11,45.95283889770508,46.13431952744983,45.78785993987011,45.91434338797399,2043800
2007-06-12,45.28741455078125,45.87584831698152,45.20492297322691,45.59538282727105,9043900
2007-06-13,45.82634735107422,46.06282092497386,45.452389238760716,45.4798836290264,8751200
2007-06-14,45.71087646484375,46.03533807245766,45.672380948759105,45.7218733855694,3384700
2007-06-15,46.02434158325195,46.046339620606076,45.75486877243632,45.87585588003573,5827200
2007-06-18,45.93081283569336,46.00230744991977,45.22689297548248,45.99130634202648,17704600
2007-06-19,46.359779357910156,46.442266708969676,46.04081428149883,46.09580724743663,4620100
2007-06-20,45.98584747314453,46.23881861690846,45.96934579785182,46.20581946201978,3031700
2007-06-21,45.76588439941406,46.02985253996367,45.760383839407375,45.94186455834645,850400
2007-06-22,46.062862396240234,46.06835876182477,45.61740923765673,45.67240645909343,2118900
2007-06-25,46.315792083740234,46.3872825334374,46.17280698865075,46.27729658071943,1323500
2007-06-26,46.326778411865234,46.37077446117435,46.17829699006472,46.35427699160698,2187800
2007-06-27,46.37076950073242,46.601742441355995,46.30477543382836,46.53025201564691,6109300
2007-06-28,46.359779357910156,46.51376134081374,46.29378528136819,46.370776272819974,3612500
2007-06-29,46.8382682800293,46.90976298133018,46.5468015012752,46.662288100647665,1962200
2007-07-02,47.084442138671875,47.1286072406164,46.819455738820714,46.819455738820714,2811700
2007-07-03,46.79737854003906,47.11204755670438,46.764256815700534,47.06236497019658,1387500
2007-07-05,46.27294158935547,46.60417153981826,46.21773729958122,46.54344555752139,4586800
2007-07-06,46.085235595703125,46.12387901086697,45.97482282965187,46.11835731961032,1437800
2007-07-09,46.250850677490234,46.333659203103814,46.19564639768671,46.30053747758502,795400
2007-07-10,47.03477096557617,47.03477096557617,46.60969330069208,46.63729755152834,2258000
2007-07-11,46.548946380615234,46.974023854299716,46.548946380615234,46.896737040902536,1191300
2007-07-12,46.38888168334961,46.69251165912155,46.300555643373,46.67595078986457,1941200
2007-07-13,46.515846252441406,46.67594164358473,46.33918999528625,46.6207331411221,725900
2007-07-16,46.96300506591797,46.98508762387367,46.65937515879874,46.65937515879874,952000
2007-07-17,46.863651275634766,46.97405989038327,46.64835152860209,46.84709040460435,734200
2007-07-18,47.04031753540039,47.222495578903086,46.81949604738071,46.885743757332484,1836800
2007-07-19,47.02924346923828,47.067886885088924,46.81394383638235,46.86914811448092,1021000
2007-07-20,47.45430374145508,47.52055137810891,47.10099143626441,47.13411314868387,1459900
2007-07-23,47.377044677734375,47.4598532190833,47.30527952153458,47.30527952153458,777900
2007-07-24,47.553680419921875,47.56472380030707,47.32181997361941,47.48191529468032,1351600
2007-07-25,47.647552490234375,47.69171761075712,47.47641791298088,47.51506134048385,881100
2007-07-26,48.04503631591797,48.282418604413884,47.83525828424508,47.88494089234461,2866400
2007-07-27,48.18305206298828,48.33762580209372,47.94566976027106,48.05608258235959,5367800
2007-07-30,48.04503631591797,48.2272143025861,47.97879283845192,48.133366568297035,1803900
2007-07-31,48.39277267456055,48.44245522234906,48.00081292021208,48.10018222760224,2467600
2007-08-01,48.28805923461914,48.515286156993135,48.26589044500235,48.360108857939814,2154700
2007-08-02,48.409996032714844,48.4654159047245,48.2104811108679,48.332407366248276,2079400
2007-08-03,48.731422424316406,48.731422424316406,48.37118702315503,48.37118702315503,1577600
2007-08-06,48.37675094604492,48.61506023063689,48.310244554438185,48.60397371790291,1298400
2007-08-07,48.33793258666992,48.60949281798165,48.171668804410054,48.454315542946375,1890800
2007-08-08,47.750484466552734,48.155053270718575,47.58422064976997,48.155053270718575,6453000
2007-08-09,47.81697463989258,48.13841568346023,47.50662010307605,48.07745258111935,2637500
2007-08-10,47.70614242553711,48.04974807998092,47.65072256787818,47.93336511041794,1496400
2007-08-13,47.84474182128906,47.883536183103026,47.60643239064093,47.617514681901355,1312600
2007-08-14,47.97220230102539,48.0941286337855,47.667390697393024,47.67292972832366,1314700
2007-08-15,47.800392150878906,48.077495873492694,47.8003921508789,48.022075974623384,1101700
2007-08-16,48.29358673095703,48.548521385968975,48.082989640711396,48.14395273519935,2410200
2007-08-17,48.09963607788086,48.166142453938626,47.68952399618649,47.88349564102405,2114400
2007-08-20,48.12736129760742,48.365670612646475,48.121822268798475,48.193867697711205,1048700
2007-08-21,48.36009216308594,48.443224038384116,48.24370922897363,48.27141703523114,1517200
2007-08-22,48.282535552978516,48.38783205179202,48.110728435912755,48.24374121588605,1137800
2007-08-23,48.44880294799805,48.5928980352565,48.23266243124351,48.2659135174315,1618800
2007-08-24,48.687137603759766,48.81460721426467,48.52641688976163,48.64279998025645,1614600
2007-08-27,48.94203567504883,49.03625411098291,48.853364723203306,48.92541013584437,1585400
2007-08-28,49.02516174316406,49.18033906155641,48.9254042915883,49.008536205945575,1298900
2007-08-29,48.89216995239258,49.196981438349724,48.85891886657412,49.041804066841905,2686700
2007-08-30,49.219146728515625,49.30227866539992,49.03071828462612,49.1083069648472,1806800
2007-08-31,49.2579345703125,49.43528070574529,49.06950615128126,49.09721397441006,2763200
2007-09-04,49.28132629394531,49.59851624112769,49.080995354087094,49.431576621618404,931000
2007-09-05,49.67638397216797,49.72090286796046,49.3703261160946,49.39258556399085,1271500
2007-09-06,49.54838943481445,49.798800753398496,49.49830462376471,49.6986353768539,1768400
2007-09-07,50.24956512451172,50.36085814041161,49.91011590679371,49.9435029624524,2852200
2007-09-10,50.639122009277344,50.78936808565465,50.36088507516043,50.36088507516043,2495200
2007-09-11,50.60013961791992,50.789338585357605,50.47214883452203,50.57231424244675,3925400
2007-09-12,50.41093063354492,50.605699748446234,50.31633116065647,50.58344029972735,4458300
2007-09-13,49.960182189941406,50.26624426439513,49.848889205897436,50.24955074134405,2020600
2007-09-14,50.032535552978516,50.410933465791956,49.871157724866684,50.405371787466564,1357200
2007-09-17,50.271785736083984,50.29961109368879,49.94903451385705,49.98242154654003,1285400
2007-09-18,49.89340591430664,50.21615725213202,49.526131441034806,49.97131184883914,3132800
2007-09-19,49.431556701660156,49.53172213122455,49.17557932511943,49.36477833343152,3854700
2007-09-20,48.496726989746094,49.13110723300794,48.468901581745,49.0698947318545,5903200
2007-09-21,48.9084587097168,49.04201116952003,48.73595327223945,48.73595327223945,2217600
2007-09-24,49.04757308959961,49.12547903858793,48.91958656435699,48.98636066602938,1943600
2007-09-25,48.875091552734375,49.314706334337295,48.875091552734375,49.247927954472765,2513500
2007-09-26,48.91963195800781,49.04205267318946,48.65252256679389,48.75825398662686,2646400
2007-09-27,49.25902557373047,49.403709852577016,49.053133124217794,49.103213694459704,1802900
2007-09-28,49.370330810546875,49.70977999351943,49.09209405372057,49.615180515131925,1254700
2007-10-01,49.652435302734375,49.70830329033714,49.401046407038116,49.546295502973024,1399400
2007-10-02,49.808895111083984,49.92621029661899,49.540743071195344,49.57984813304034,887800
2007-10-03,49.66365051269531,49.95973233154087,49.56868167686419,49.90386856117741,1164600
2007-10-04,49.85361862182617,49.8983113702565,49.669268493287476,49.72513229775784,1128700
2007-10-05,49.31725311279297,49.40663849127433,48.998825160679615,49.334011805725865,2184700
2007-10-08,49.27819061279297,49.440198554540665,49.03238487191605,49.03238487191605,280100
2007-10-09,49.216739654541016,49.36198889029711,49.03797300366165,49.25026133179744,901000
2007-10-10,49.244625091552734,49.40104522398482,49.04351227496034,49.14965633430881,855500
2007-10-11,49.19440841674805,49.211167129462666,48.853633717769284,48.89273880148155,1533400
2007-10-12,48.95415496826172,49.26141202032922,48.87036146509002,48.892703557848215,1133900
2007-10-15,48.96528625488281,49.004391275249645,48.82562485898305,48.87031752858159,553300
2007-10-16,48.982086181640625,49.14968170268089,48.90387607505681,48.965327481962824,855500
2007-10-17,49.518367767333984,49.69154661682767,49.032344343817684,49.032344343817684,2377000
2007-10-18,49.79212951660156,49.90944469594237,49.73067809949945,49.78095846900657,1374100
2007-10-19,50.535133361816406,50.61334348671205,50.060284957197936,50.071456005554964,2561800
2007-10-22,50.54068374633789,50.64124015592542,50.31722458479571,50.60213512231522,1866500
2007-10-23,50.47367477416992,50.568643589183324,50.334013247809665,50.42339867050337,1046600
2007-10-24,50.84797286987305,51.054673488570714,50.59099614135089,50.67479391985709,2829300
2007-10-25,50.67479705810547,50.937361458023645,50.6692094026238,50.8703223786406,3062200
2007-10-26,50.55744934082031,50.83677226535523,50.46806395914694,50.48482691480788,1366500
2007-10-29,50.75298309326172,50.83119318434849,50.54628682201681,50.55745786554479,881000
2007-10-30,50.725093841552734,50.84240907182254,50.5128054859023,50.685988764796136,1439600
2007-10-31,50.26696014404297,50.66918161334775,50.13846971122853,50.55745413778475,2498500
2007-11-01,50.920108795166016,51.06599680688867,50.47683681095739,50.47683681095739,2563400
2007-11-02,51.08284378051758,51.36339542411826,50.61712702472964,50.75179061501203,1927700
2007-11-05,51.06038284301758,51.27921271273178,50.948163933735366,51.150161395144934,1021500
2007-11-06,50.81349182128906,51.144544853250274,50.76860682988677,50.835936457428524,575800
2007-11-07,50.90325927734375,50.92570390859398,50.6788172457171,50.80226057715554,1456100
2007-11-08,50.81349182128906,51.02671372417559,50.7405499644933,50.863993322822,2179600
2007-11-09,51.24555587768555,51.39143962629861,51.02111374328698,51.08283543726853,887200
2007-11-12,51.430694580078125,51.61585528617349,51.25674976767729,51.61585528617349,460600
2007-11-13,51.239933013916016,51.33531950995583,51.155766695872806,51.29604246565257,1116600
2007-11-14,51.29607009887695,51.3465716292588,51.01551840818407,51.03235082468499,684400
2007-11-15,51.77859115600586,51.935699332308154,51.33531921236624,51.402653122585825,1312900
2007-11-16,51.85150909423828,52.01422513056876,51.739285971575725,51.77295076793729,1333800
2007-11-19,52.18817901611328,52.41822896622379,51.851518151070366,51.924459982885864,1343900
2007-11-20,52.13211441040039,52.34533214272196,52.070392699303305,52.23310890396415,1367800
2007-11-21,52.43504333496094,52.50798942256547,52.317212286761716,52.40699076969847,1297800
2007-11-23,52.59220504760742,52.631482100542605,52.35653844911862,52.4294846051966,437400
2007-11-26,53.63022232055664,54.067881947487756,52.811012506913,52.86712194713157,4427000
2007-11-27,53.11959457397461,53.44503518571737,52.73804454524581,53.28231487984599,3100300
2007-11-28,52.760536193847656,53.130866381605365,52.65392520993961,53.05792022171967,2088100
2007-11-29,53.214996337890625,53.54043704336663,53.114001926751875,53.20377616361144,1594500
2007-11-30,52.95694351196289,52.962555745262,52.59783763665438,52.67639177932313,1952100
2007-12-03,53.377159118652344,53.574329823079225,53.112385187850954,53.38279379534997,1272700
2007-12-04,53.371524810791016,53.55179578436983,53.03915194931719,53.461662446579936,1721200
2007-12-05,52.73496627807617,53.219445531257584,52.70679718042575,53.07860863900719,1866000
2007-12-06,52.272972106933594,52.58281039865114,52.132135347608305,52.571545349023715,2270200
2007-12-07,51.68710708618164,52.0251145563009,51.478667068908976,51.92934656106677,2171000
2007-12-10,51.37726974487305,51.653313004096475,51.12376519040108,51.62514392115576,2242500
2007-12-11,52.38566970825195,52.52087616896699,51.591352167047624,51.67585513049471,2892400
2007-12-12,51.8448486328125,52.19412548791233,51.41670350365765,51.51810618429963,2225400
2007-12-13,51.2815055847168,51.726550480957755,51.20827198077801,51.60824806013405,1222100
2007-12-14,51.04487609863281,51.219512307248934,50.98290757983415,51.14627873866727,1354900
2007-12-17,51.50123977661133,51.568843040113386,51.22520063881364,51.30406896389869,2046200
2007-12-18,51.83356475830078,51.99693592323889,51.57442562363943,51.59695572404735,1417100
2007-12-19,52.52085494995117,52.70675623682943,51.76033288418618,52.05327579938392,2252400
2007-12-20,52.40818405151367,52.88139788682632,52.40254937664155,52.53775578558666,1659400
2007-12-21,51.64201736450195,52.3462010995846,51.63638698917872,52.33493605094171,1767600
2007-12-24,51.39976501464844,51.52933668031878,51.309631754265226,51.38849996884879,550300
2007-12-26,50.949134826660156,51.61951523890629,50.85899718918219,51.27587301751999,674700
2007-12-27,51.504554748535156,51.56111932103467,51.19347117614295,51.40274455941547,468600
2007-12-28,52.307716369628906,52.36427661651313,51.75341559351498,51.83825812147643,1967800
2007-12-31,52.62446975708008,52.76021524503606,52.375599433101385,52.47740962788619,1647600
2008-01-02,53.382362365722656,53.58032965955418,52.71494124137763,52.74322351628764,2959600
2008-01-03,53.308876037597656,53.38240396828929,52.980820380162385,53.16747318338652,1256700
2008-01-04,53.32019805908203,53.614318476887576,53.280605423832085,53.45029061220248,2420200
2008-01-07,53.55207443237305,53.60863469549087,53.18442624919998,53.26926880151245,1315500
2008-01-08,53.4898567199707,53.56904195119989,53.12786585855975,53.41632880962117,1604800
2008-01-09,53.59164047241211,53.90272823820139,53.518112598347976,53.614265429494,2203500
2008-01-10,52.867706298828125,53.70480888174458,52.77720638971652,53.659563242461964,2681800
2008-01-11,53.28059768676758,53.32584763913193,52.82811110894303,52.895981722216575,1872900
2008-01-14,53.47854232788086,53.47854232788085,53.167454432222165,53.28057494958653,906100
2008-01-15,54.07809066772461,54.08940099373541,53.77266008217789,53.823567337404654,1435300
2008-01-16,53.68782043457031,54.236464054071156,53.58035722821174,54.11768620581915,3505100
2008-01-17,54.38351058959961,54.46269580196213,53.693464325923,53.710431969247765,2940500
2008-01-18,54.010196685791016,54.168567085622634,53.85748360460188,54.04413628237618,2676800
2008-01-22,54.587162017822266,54.649379622282,53.90277268403808,54.53060173611511,5423500
2008-01-23,54.46272659301758,55.52042154936756,54.23082382908274,55.4186113165891,7636600
2008-01-24,53.3711051940918,54.157304888504605,53.359790546752485,54.04418430675293,5676700
2008-01-25,54.27043914794922,54.298721458151874,53.241026059582744,53.27496569488087,4371100
2008-01-28,54.066776275634766,54.298678955001975,53.93668810719033,54.11768353109615,1633500
2008-01-29,53.69915008544922,53.914080873511324,53.495529627170285,53.891455898672255,3100200
2008-01-30,53.348487854003906,53.60301135702884,52.93558947246489,53.5577657070133,3468000
2008-01-31,53.7274284362793,53.976298845944385,53.523807976602896,53.90277091366731,11441000
2008-02-01,54.050376892089844,54.14686397366665,53.67009688953205,53.91983223504399,4163700
2008-02-04,53.4941520690918,53.72686080383729,53.426041244960565,53.57361253210966,1729600
2008-02-05,53.902793884277344,54.26604285492981,53.78927587453014,54.1525291754519,2594600
2008-02-06,53.73820114135742,53.83468821113985,53.55657663871473,53.709820553647425,1339800
2008-02-07,52.5803108215332,53.65303055399175,52.24544261088724,53.65303055399175,5419700
2008-02-08,53.181968688964844,53.19899963815875,52.83574633660035,52.92656074455728,2832800
2008-02-11,53.40330123901367,53.74952344773394,53.19897756642111,53.51114222115302,2960200
2008-02-12,53.085472106933594,53.15358290068511,52.76195341458384,52.96628146556985,2897700
2008-02-13,52.52357864379883,53.023044869095465,52.444118206371385,52.74493333809942,3697500
2008-02-14,51.75168228149414,52.273852195723805,51.45654408266384,52.103581656876635,7505000
2008-02-15,52.14899444580078,52.25683550541961,51.9106130479524,51.99575049868986,3687800
2008-02-19,51.621116638183594,52.046799307537285,51.44516918720318,51.72895763343897,2911600
2008-02-20,51.978729248046875,51.978729248046875,51.39979798739997,51.43385556937813,2550100
2008-02-21,52.52925491333008,52.69952542110456,52.24546640343692,52.26249302118747,4197200
2008-02-22,52.228458404541016,52.69954857722469,52.143325278380885,52.49522041389854,1959700
2008-02-25,51.69491195678711,52.29654216500291,51.45085368416338,52.18870115399492,3460900
2008-02-26,51.711971282958984,51.842511644917366,51.49629345478739,51.62683381674577,2618900
2008-02-27,51.757347106933594,51.97302480424995,51.428151413449065,51.89356437206662,2494400
2008-02-28,52.676822662353516,52.69384928037612,52.32492767583558,52.41006076594858,3410900
2008-02-29,53.482791900634766,53.61333220834772,53.079808350034924,53.15359614421752,3822000
2008-03-03,53.34490966796875,53.66392952457043,53.1227345040755,53.36199939652676,2036900
2008-03-04,52.82651901245117,53.61837522431734,52.71258020903676,53.515832474404846,3401100
2008-03-05,52.19411087036133,53.014447550319446,52.12574766939991,53.014447550319446,3871200
2008-03-06,52.47330856323242,52.66130430519986,52.2226475739425,52.30810057904774,1342600
2008-03-07,52.541656494140625,53.17969614046528,52.26250980255446,53.14551668693193,3601300
2008-03-10,53.3163948059082,53.62402279110294,52.7581103613941,52.815077540952274,3579000
2008-03-11,52.86067581176758,52.99739797091259,52.53025994304133,52.98030824430935,3309200
2008-03-12,53.88041305541992,53.937380268215925,52.963226586549105,53.05437325775877,4752900
2008-03-13,53.45887756347656,54.22795060071247,53.12846579638278,54.13679952956777,5763500
2008-03-14,54.11966323852539,54.58110318689509,53.90318615024597,53.90318615024597,6174800
2008-03-17,54.53559875488281,54.86601064198953,54.296329279381155,54.45583936549968,3329300
2008-03-18,54.324790954589844,54.78053758076027,54.09121961343897,54.29061147883974,4022300
2008-03-19,55.224891662597656,55.52682197444874,54.18807215113355,54.18807215113355,5206400
2008-03-20,55.361576080322266,55.686293937614664,55.18497643666196,55.259033370318384,3905900
2008-03-24,54.290626525878906,54.96285059531497,54.233654922076056,54.96285059531497,5596200
2008-03-25,54.518436431884766,54.58679967451603,54.279171602152985,54.33613879785316,2038200
2008-03-26,54.290626525878906,54.80333618951939,54.2507490110108,54.56407110031074,1652000
2008-03-27,53.9089241027832,54.32479324265353,53.85765488699868,53.91462213108886,2405700
2008-03-28,54.433048248291016,54.43874193175981,53.97730148403896,54.170991033735966,1745500
2008-03-31,54.626708984375,54.871671980344786,54.50137847299683,54.752039495753166,2546300
2008-04-01,53.7376594543457,54.26399340665892,53.65184309227689,54.241108752453805,3821800
2008-04-02,53.85206604003906,54.269703245330824,53.77197195104621,53.77197195104621,3794200
2008-04-03,53.972232818603516,54.161027988707794,53.8463737366699,54.06377145797622,2839100
2008-04-04,54.46419906616211,54.67015647724047,54.34405797049959,54.44703667603876,1745200
2008-04-07,54.178184509277344,54.22395382399369,53.72050445652018,54.13241955936309,2231800
2008-04-08,53.98942184448242,54.48714921565362,53.926490095170415,54.45282439413957,1305200
2008-04-09,54.55006790161133,54.71597844053849,54.0923877200774,54.09810561242421,2883600
2008-04-10,54.36695861816406,54.63584778205639,54.103791707597225,54.527146792874284,1846500
2008-04-11,54.73310470581055,54.87613048649771,54.61868582718099,54.69305766181016,1987700
2008-04-14,54.4127197265625,54.750258420362556,54.344065791389724,54.54430097964397,3195300
2008-04-15,53.7376594543457,54.10952744677625,53.72049705489224,54.017988829955776,2821600
2008-04-16,53.21131896972656,53.8120247008617,52.87949807168946,53.66328101399069,4691100
2008-04-17,53.119789123535156,53.30858425508156,52.770805770604525,53.19416534403617,2020000
2008-04-18,53.074031829833984,53.136963554598,52.530535332111306,52.63351412128854,2199700
2008-04-21,53.28571319580078,53.36580732692897,52.80514840903166,52.8680801356042,2805800
2008-04-22,53.4687614440918,53.58890258534087,53.15410732123967,53.15410732123967,1799700
2008-04-23,53.29143524169922,53.5660424431101,52.936729544673845,53.25710606792079,1221100
2008-04-24,52.83944320678711,52.89665264441345,52.524784752641764,52.78223376916077,3213600
2008-04-25,52.5305290222168,52.77653363543476,52.34745612620358,52.71360191823001,1742000
2008-04-28,52.69070053100586,52.83372632200468,52.29595231591362,52.364601902120576,1883900
2008-04-29,52.890960693359375,53.12552519625385,52.71933228215145,52.850913627597244,1269100
2008-04-30,53.26852798461914,53.320015176242116,52.547676748291146,52.87377538963937,2827500
2008-05-01,53.2719841003418,53.77151819274269,53.04231310220542,53.650941904358326,3226500
2008-05-02,52.60018539428711,53.059527262621316,52.55999330935352,52.6977941176103,2730800
2008-05-05,52.60018539428711,52.74947215858704,52.33032237518643,52.74372918056547,1309300
2008-05-06,52.22122573852539,52.870046431774774,52.129359996666985,52.82985434834762,4037500
2008-05-07,52.445167541503906,52.49684559419627,52.031765023013506,52.09492465374323,3876200
2008-05-08,52.91598892211914,52.938952075351224,52.49109611696969,52.5025820741949,2829500
2008-05-09,53.11117172241211,53.32361798632002,52.94466049620422,53.24323386064812,2064300
2008-05-12,53.030799865722656,53.49014158778172,53.0250568895299,53.26047072675219,1947400
2008-05-13,52.45092010498047,52.85284549948549,52.42795256409928,52.726526214944215,2123300
2008-05-14,52.473873138427734,52.82986335274989,52.08917679139835,52.824120373964725,2600900
2008-05-15,52.95048141479492,53.01364108945266,52.30166009887676,52.3475952041938,2164300
2008-05-16,52.732261657714844,53.33514752307336,52.69781253876073,52.755229197221006,1902600
2008-05-19,52.801177978515625,52.97343237920794,52.422224429848455,52.97343237920794,1348200
2008-05-20,53.07671356201172,53.111162644095195,52.76665868144379,53.07671356201172,1466000
2008-05-21,53.088226318359375,53.208802557095304,52.743722153312724,52.85281681814395,1762100
2008-05-22,52.46237564086914,52.78391226551386,52.15805918613557,52.78391226551386,2855900
2008-05-23,52.692039489746094,52.99635592908527,52.65184741369869,52.72649296964939,1802000
2008-05-27,52.3360481262207,52.57145758031305,52.23843943502649,52.46810591298763,1985800
2008-05-28,51.870967864990234,52.05470807203018,51.756134616197905,51.9858054943902,3250700
2008-05-29,51.49774169921875,51.733151100665104,51.18194379173503,51.681477468862106,3302400
2008-05-30,51.83654022216797,51.928410363713965,51.71022096784694,51.75041305962095,2514600
2008-06-02,52.036502838134766,52.23242996774361,51.64464418238334,51.85209902345961,3076400
2008-06-03,52.41110610961914,52.67619089797103,51.75416679152585,51.89823250859081,2447700
2008-06-04,51.94430923461914,52.664637468288184,51.806007444784385,52.664637468288184,2813000
2008-06-05,51.633113861083984,51.88090688670389,51.54667361558243,51.759892301615125,2632200
2008-06-06,52.301578521728516,52.49174177915041,51.98463243180309,52.117174723008276,3864800
2008-06-09,52.301578521728516,52.66462226393398,51.97310911786642,52.14022574741497,1812000
2008-06-10,51.961585998535156,52.27276826072052,51.690741933492326,52.238193919322285,1935300
2008-06-11,51.840579986572266,52.27854076841071,51.69651434485884,51.89244590378702,2265400
2008-06-12,51.32197952270508,51.656213105823426,51.183677638722095,51.61011101231656,4413100
2008-06-13,51.21245574951172,51.598550613008115,51.10296445523818,51.27008112672194,1983600
2008-06-16,51.22397994995117,51.3910966243177,51.06839098914623,51.35075841992126,1756800
2008-06-17,51.32770538330078,51.44295613520497,51.05109742358262,51.37380744267621,1712200
2008-06-18,51.75988006591797,51.84632029098562,51.33920664873939,51.454461747673754,2590000
2008-06-19,51.45444869995117,51.71952876548297,51.3046193075962,51.58698653445139,1700500
2008-06-20,51.75415802001953,51.90398757140366,51.68500930133149,51.82907499397961,4580900
2008-06-23,51.863563537597656,52.111356294805105,51.76560008386021,51.90966553813131,1594100
2008-06-24,52.209381103515625,52.330395699732804,51.944300883725546,52.08260265132604,3118400
2008-06-25,52.232421875,52.30157494348896,51.7541230434841,52.23818572984068,3251600
2008-06-26,52.58394241333008,52.69343367291691,52.3188622449126,52.43987681767712,4052300
2008-06-27,53.20051956176758,53.26967259998364,52.699169926896175,52.86052701606699,4144800
2008-06-30,53.212093353271484,53.48870137202828,53.06226822312455,53.252435961236394,3743000
2008-07-01,53.086036682128906,53.65280962712915,53.02241868040829,53.60654559966066,3805100
2008-07-02,53.36360549926758,53.42722346165016,53.13227226776571,53.18432092113406,2413700
2008-07-03,53.24789810180664,53.38091857920067,52.94137783366691,53.039694822995656,1405100
2008-07-07,53.490867614746094,53.872575575937105,52.96457851927449,53.24796495529766,3528400
2008-07-08,53.83790588378906,53.866824776262405,53.45041743410581,53.49668589710176,2176600
2008-07-09,54.07499313354492,54.15596068471005,53.73955361448903,53.7511229288844,1582000
2008-07-10,54.069175720214844,54.22533048314651,53.75109036545414,53.97664332311283,2723600
2008-07-11,53.30000305175781,54.21378009628792,53.12649867959162,54.08654414501931,5466000
2008-07-14,53.768402099609375,53.936121639574885,53.37512976061315,53.42717837005339,4135400
2008-07-15,53.7510986328125,54.03448493379682,53.61229339721321,53.82628149279649,4541400
2008-07-16,52.77947235107422,53.34624482746106,52.7505534969657,53.253712436629534,3435900
2008-07-17,52.507659912109375,52.98190007809334,52.374639338007285,52.779481302197446,5899900
2008-07-18,52.311004638671875,52.744760910675446,52.22425691418874,52.49029356486329,3475200
2008-07-21,52.51346206665039,52.57129539155113,52.19537216109651,52.311038810898,3657200
2008-07-22,52.25321578979492,52.4903382047659,52.06814646617885,52.4209355537596,2675200
2008-07-23,52.14908218383789,52.26475319823427,51.906179672202555,52.17800104053649,2871900
2008-07-24,52.65802001953125,52.773686608783265,52.25317813235411,52.25317813235411,2613300
2008-07-25,52.13174819946289,52.53658583972523,52.05078067141042,52.368870540473225,3765300
2008-07-28,52.65802001953125,52.900922504399006,52.45559686974391,52.6001823125077,1275900
2008-07-29,52.44405746459961,52.623342088795276,52.230069316843725,52.432492565012666,1349100
2008-07-30,52.49607467651367,52.79681483437178,52.0681030498355,52.10280214020488,1667500
2008-07-31,53.016563415527344,53.236336006017744,52.78522593667212,53.045482255032525,3898700
2008-08-01,53.13387680053711,53.14548373912667,52.72176183980342,52.803023695247305,1804800
2008-08-04,53.011966705322266,53.19190297955231,52.8262247494739,52.87265691710783,2029900
2008-08-05,52.61722946166992,53.168649280447035,52.59981685684627,53.023538335670466,2191200
2008-08-06,52.402469635009766,52.477930169082654,52.13546599763557,52.477930169082654,3139500
2008-08-07,53.255733489990234,53.342800969939,52.48954763762591,52.605634658600266,2765600
2008-08-08,53.4008674621582,53.44730406190691,53.13386365625996,53.3370182446132,1035400
2008-08-11,52.89005661010742,53.27314733092112,52.588223263104055,53.27314733092112,3939400
2008-08-12,53.3834228515625,53.41824806628426,53.2267005284441,53.290549707724146,1315000
2008-08-13,53.19768524169922,53.60399420735945,53.087399481690476,53.574974668918344,1940300
2008-08-14,53.54019546508789,53.7491558238494,53.44152097023934,53.55180683415229,2605300
2008-08-15,54.0045051574707,54.09737388585527,53.73169579485554,53.78973930365038,1964900
2008-08-18,54.21931076049805,54.2947669344061,53.9581081367749,54.02776305545555,1262200
2008-08-19,54.01033401489258,54.288944748045225,53.917460818216526,54.23670689624326,1944700
2008-08-20,54.16123962402344,54.39341815858506,54.06837086726112,54.201870535438935,2500000
2008-08-21,54.06258010864258,54.34699656705678,53.8362071927809,54.34699656705678,2267000
2008-08-22,54.02775192260742,54.07998977952457,53.772355035177334,54.04516454157981,1990000
2008-08-25,54.567588806152344,54.75333086942725,54.47471556029483,54.631438055569355,2028300
2008-08-26,54.61394119262695,54.677790348740416,54.39337419869275,54.53848511196269,1270900
2008-08-27,54.70683288574219,54.73005117116427,54.23667478414169,54.26569431959294,1555300
2008-08-28,54.712646484375,54.79971396020285,54.38179361897779,54.5094919930672,1886500
2008-08-29,54.46885299682617,54.65459929457768,54.27730987703201,54.57333307509366,1739100
2008-09-02,54.975669860839844,54.99897257422503,54.08435774087454,54.16591945999174,2916000
2008-09-03,55.208683013916016,55.27859114762419,54.911583445866135,54.917405790271864,2105000
2008-09-04,55.651466369628906,55.668942304712154,55.23202614946703,55.34271299771557,3049800
2008-09-05,55.622310638427734,56.10582753924153,55.58153199752685,55.936886185641136,4167800
2008-09-08,55.855342864990234,55.855342864990234,55.08637084112568,55.284441749679985,5426200
2008-09-09,56.40873336791992,56.43785841590482,55.65723779513954,55.826179073783486,3890200
2008-09-10,56.05923843383789,56.309737122329686,55.82038888327015,55.91359976482033,2407900
2008-09-11,56.030120849609375,56.42625829144634,55.92526080781312,56.38547963322226,3592000
2008-09-12,55.30778121948242,56.11753243246913,55.19709433102411,56.04762422219926,4138200
2008-09-15,57.10203170776367,57.18941583529166,55.96605138352395,56.08838738424658,5889900
2008-09-16,57.09034729003906,58.756453699168596,57.037919512641025,58.66906962563326,6684400
2008-09-17,57.375823974609375,57.894297417858,56.93308550378309,57.62632272934505,4371300
2008-09-18,56.536903381347656,57.37577865178871,56.46116846875054,57.061198758671885,4188300
2008-09-19,54.742698669433594,55.354378804200415,54.58540631724905,54.67861725847579,7169200
2008-09-22,54.73685836791992,54.73685836791992,53.94458334115909,54.13682752659544,4726300
2008-09-23,54.52712631225586,54.81840370115097,54.253324855568025,54.532953104505026,2236000
2008-09-24,54.76597213745117,55.19706139889219,54.52712256160714,54.742669414597614,1014900
2008-09-25,54.655296325683594,55.103861608496075,54.264985639470794,55.103861608496075,1881200
2008-09-26,55.05143356323242,55.22037500380841,54.80093479886677,54.80093479886677,1992800
2008-09-29,56.6534309387207,57.04956821715346,55.435894042156534,55.44171638768657,4799800
2008-09-30,55.27277755737305,56.67673624396995,55.10966298430792,56.53109759737054,1358100
2008-10-01,55.96814727783203,56.622610417017505,55.48314346374366,56.120077096568295,1767800
2008-10-02,56.4181022644043,56.59340181782505,56.13761673749842,56.429787118032536,931900
2008-10-03,56.91477966308594,57.14267215777631,55.798686892227416,56.903090353623945,1903100
2008-10-06,57.949058532714844,58.352254989335215,57.62767386485432,57.697791886412546,2906200
2008-10-07,57.77378463745117,58.24125466838692,57.25372160886195,57.45239536892204,1972000
2008-10-08,56.94402313232422,58.39903529079208,56.49408256764802,58.24710539727115,3386300
2008-10-09,56.46487045288086,57.090115158150006,56.225292955918654,56.89728601216466,1785400
2008-10-10,56.067535400390625,56.628506866011364,55.81042830833138,56.453202725733696,2200000
2008-10-13,55.3487434387207,56.067479894346945,55.07994729239043,55.576635920569515,1532100
2008-10-14,54.992305755615234,55.66429847817825,54.86959473886014,55.07411310011864,2100000
2008-10-15,55.51821517944336,55.53574468840744,54.58911108085242,54.998152275400614,1449500
2008-10-16,55.23185348510742,55.67010879176236,55.03317988600901,55.506494190584014,1063200
2008-10-17,54.85203552246094,55.453905427403924,54.35534261077307,55.33119447710945,1691800
2008-10-20,55.290348052978516,55.47733699812856,54.55407713100165,54.600825481831194,1146800
2008-10-21,55.58251953125,56.09089336637275,55.36046709000725,55.564985555755946,1243700
2008-10-22,56.71028518676758,56.96739214694537,56.009073443508676,56.16684798046299,1069800
2008-10-23,57.13101577758789,57.78547928155547,56.57589362864452,57.236197332543966,1802000
2008-10-24,56.52326583862305,57.87893579567029,56.35964673259882,57.74453550169158,1495400
2008-10-27,56.56416320800781,57.38808100968889,56.26614829932286,57.130969758418395,1534100
2008-10-28,55.74028778076172,56.622643941382314,55.60004718867787,56.20191770696274,1505500
2008-10-29,55.45977783203125,56.102551708718856,55.17929233517109,55.96230673120591,1745800
2008-10-30,54.957210540771484,55.395465794021135,54.81112545635494,55.22016190945609,1326000
2008-10-31,54.24441146850586,55.4656828148809,54.13922984159841,55.302067941507296,2282500
2008-11-03,54.39100646972656,54.625678951625275,54.17980168361826,54.39687451267549,1111600
2008-11-04,55.41184616088867,55.56438399931974,54.32062253981816,54.53769544543133,1608800
2008-11-05,56.06888961791992,56.127556599455545,55.38247653434516,55.669947877072374,1931700
2008-11-06,55.6640625,55.7638012611519,55.0363165934672,55.49979321245906,919700
2008-11-07,55.300376892089844,55.452910245495886,54.883835240545736,55.452910245495886,1277100
2008-11-10,55.570228576660156,55.79316495713736,54.96008195661177,55.030485039080624,1352100
2008-11-11,55.73454284667969,56.20975172704968,55.71107513362321,55.85774498321973,696000
2008-11-12,56.09239959716797,56.362271496507525,55.82839574320738,56.074799937038215,1199400
2008-11-13,54.74897003173828,55.88126245795841,54.70790261632149,55.681793433366174,1631900
2008-11-14,55.834224700927734,56.004362103392374,55.61128835080393,55.79902540248829,1059300
2008-11-17,56.080657958984375,56.33879821803824,55.904656899089495,56.13346141015753,490300
2008-11-18,56.80228042602539,56.90788286192285,56.29773595184942,56.54414014360779,924800
2008-11-19,58.257198333740234,58.29826566485149,57.031037488841044,57.18357520839861,2090400
2008-11-20,61.266902923583984,61.27277096828062,59.31326030822078,59.73567000624597,5459800
2008-11-21,60.38099670410156,61.002879437301644,59.5185779279508,60.574601832626264,3249300
2008-11-24,59.43644714355469,60.01139452415453,59.25457808867358,59.92925982349819,1587300
2008-11-25,61.18476104736328,61.29036345952122,60.24020738195237,60.98528783506225,2632700
2008-11-26,61.266902923583984,61.965052534264885,61.067429687958025,61.43704041173339,2577600
2008-11-28,62.02373504638672,62.1704048683935,61.56612591788682,61.747995064852745,986400
2008-12-01,64.39893341064453,64.99347691529273,63.062682478787735,63.42765062352865,4031600
2008-12-02,64.64619445800781,64.96995701797172,63.68668690288766,63.904486724055786,3289300
2008-12-03,64.8286361694336,65.2289221358257,63.904447106142555,64.91104758977147,2951000
2008-12-04,66.1060562133789,66.2178977751045,64.96995020092416,65.41732543000231,2825400
2008-12-05,65.03474426269531,66.51815603174816,64.99942183386948,65.90006517483987,4557600
2008-12-08,64.89339447021484,65.48793790555814,64.56963657297379,65.03467505298627,2119500
2008-12-09,66.17665100097656,66.24140346601565,64.89926962899642,65.09352702411371,2055500
2008-12-10,66.01776123046875,66.01776123046875,65.41144636150636,65.55861033906376,2414900
2008-12-11,66.14727020263672,66.18258812221308,65.26428628452007,66.0354241358603,2416900
2008-12-12,66.14727020263672,66.25911177832468,64.95229486093788,66.24734063549538,2547100
2008-12-15,66.90074157714844,67.07145232106701,65.9588930685355,66.13548713766345,1707700
2008-12-16,68.55484008789062,68.81385002474462,67.08908869932935,68.55484008789062,4015100
2008-12-17,70.41505432128906,71.30392192522113,70.20313773583884,71.09200533977089,6407500
2008-12-18,71.89250946044922,72.49294070958317,70.90356783636327,71.07427850558426,4442000
2008-12-19,71.96910095214844,72.398817419447,71.39221595872263,71.48640309686968,2668500
2008-12-22,71.41571807861328,72.04557957500288,71.06841332885891,72.04557957500288,2221400
2008-12-23,71.32151794433594,71.52165870185439,70.57981059659039,70.72108668960848,1746400
2008-12-24,71.1684799194336,71.41571425256456,71.0036570306796,71.0684095214168,717200
2008-12-26,71.40396118164062,71.79835954968294,71.34509199982939,71.57466743741152,454400
2008-12-29,71.31828308105469,72.06247512274759,71.23559557710337,71.71991003144582,1416000
2008-12-30,71.99752044677734,72.00933101855765,70.91667063053654,71.16473319311025,2590500
2008-12-31,70.49149322509766,72.05665926612191,70.19617904777749,71.70819069982974,2738000
2009-01-02,68.71952056884766,71.14109283502414,68.71952056884766,70.90484539920672,3464200
2009-01-05,66.94766235351562,68.60732958835919,66.5046914894569,68.2765749456918,5395200
2009-01-06,66.27436065673828,66.89452179666029,65.55970138953434,65.92589233481911,4109300
2009-01-07,66.53424072265625,66.55195884050879,65.79595577124225,66.12670598751292,2565600
2009-01-08,66.48102569580078,66.69365194265929,66.14436822262981,66.52827697424266,2603600
2009-01-09,66.58149719238281,66.94768367269016,65.71917633701642,65.83139710027658,2727900
2009-01-12,67.27246856689453,67.36106358708321,65.89630550420291,65.89630550420291,2462800
2009-01-13,67.3433609008789,67.37880162311704,66.71729705029055,67.0362365136463,1767400
2009-01-14,68.45381164550781,68.53649923587285,67.71552637000866,67.71552637000866,2494800
2009-01-15,68.56596374511719,69.05618579052783,68.26474687915965,68.63093314902132,2827200
2009-01-16,67.5087661743164,68.56598607791008,66.95357454416882,66.98901077379254,2994800
2009-01-20,67.4969482421875,67.70366708314775,66.28616388448725,66.32160011261394,3268300
2009-01-21,65.36477661132812,66.7645660995513,65.20530909030312,66.10896889042054,2838100
2009-01-22,64.10678100585938,65.42387927878649,63.716964257443834,65.32347357309227,4016600
2009-01-23,63.60471725463867,63.97681119341122,63.01408938006651,63.74055914235574,2676200
2009-01-26,63.049522399902344,63.68149401326729,62.78374167233247,63.45114951440464,2240900
2009-01-27,64.53202819824219,64.72693204878611,63.569301500417524,63.66971170321664,3420800
2009-01-28,62.91957092285156,64.85682914293655,62.441163906806615,64.56151527996916,4348100
2009-01-29,61.472537994384766,62.78963536829698,61.22447541806033,62.34666455080385,3724400
2009-01-30,61.27763366699219,61.939138418906204,61.09454049269658,61.750137704949694,2630000
2009-02-02,62.417720794677734,62.58947519528896,61.233211426499324,61.606330250799445,2700200
2009-02-03,60.93115234375,62.086051538569386,60.854160871513,61.77215731981477,2846400
2009-02-04,60.71794891357422,60.92524167019311,60.18492330668192,60.854169480619944,2305400
2009-02-05,60.771240234375,61.523401530871986,60.534337508727305,61.14435897725314,2279500
2009-02-06,60.58175277709961,60.91933788107648,60.35077373324944,60.55806203945521,1667500
2009-02-09,60.777156829833984,60.80676684293495,59.853236761347375,60.226359978473106,2257300
2009-02-10,62.09792709350586,62.16307549580687,61.26876930666733,61.6596597204734,3782800
2009-02-11,62.90335464477539,63.07510900494836,62.50062137367341,62.60722737245168,2774200
2009-02-12,62.311153411865234,62.885641534656685,62.032792814756185,62.767192331802704,1818400
2009-02-13,60.65279769897461,61.56486583588995,60.54619168681587,61.56486583588995,2466800
2009-02-17,62.5421142578125,62.57765262312928,61.801795659783124,61.920249346595504,2813900
2009-02-18,62.009071350097656,63.11066556137096,61.77217306175326,62.81453818239523,2768600
2009-02-19,60.954776763916016,61.629945919991535,60.54612460221082,60.818560882860666,3219400
2009-02-20,61.5471076965332,62.28150678214508,61.17991267227206,61.75439593902656,4272000
2009-02-23,62.115684509277344,62.11568450927734,61.10292929928619,61.35759905514682,2688700
2009-02-24,62.050537109375,63.18174601375748,62.050537109375,62.60133428697383,4197100
2009-02-25,61.33386993408203,62.476921213350494,61.01997579579543,62.32885759955169,3908100
2009-02-26,60.688316345214844,61.15619791936716,60.39811291971789,60.92521903724099,2611100
2009-02-27,60.33892822265625,61.00817915859487,59.942118519916036,60.74758555390753,3267700
2009-03-02,61.337867736816406,61.337867736816406,60.63112671028478,60.708336454681984,3302000
2009-03-03,60.92803955078125,61.510062022977166,60.46479948673021,60.71424027829163,3084900
2009-03-04,60.64894485473633,60.72615006470267,60.07880257145356,60.27478572461244,3178400
2009-03-05,62.335601806640625,62.62067515253103,61.432877851647426,61.777335625277466,4562400
2009-03-06,61.91986083984375,62.93542676327866,61.81889464802059,61.91986083984375,3125900
2009-03-09,61.55762481689453,62.092134758516224,61.242859109908764,62.068378257656455,2070500
2009-03-10,60.375732421875,61.02307970563116,60.28664672776625,60.833032339372906,2602600
2009-03-11,61.029056549072266,61.02905654907226,59.94222039774286,60.15602437935157,3101500
2009-03-12,61.32005310058594,61.7476609755109,60.76178676042408,60.96965497207645,3558900
2009-03-13,61.01122283935547,61.69420280226395,60.77366242434519,61.02309882111636,2504000
2009-03-16,60.0490837097168,60.251007045012486,59.6868052259579,59.87685258374237,3265600
2009-03-17,59.72244644165039,60.77364958335639,59.62148475920704,60.4113710465071,3076200
2009-03-18,61.98522186279297,64.18264569811963,59.92439221951226,60.05505068570469,8578800
2009-03-19,62.0623893737793,62.75131376567252,61.89609852913905,62.72755728342596,3650900
2009-03-20,61.71795654296875,62.35936827554977,61.63481108108838,62.133688383458455,3479700
2009-03-23,61.18341064453125,62.014869303548636,61.15371844343948,61.93766414340783,2097000
2009-03-24,61.76543426513672,62.45435859147647,60.536064745141346,60.69047959950806,5477100
2009-03-25,60.93397903442383,61.59914691837795,60.76174794310306,61.343770407948604,2549600
2009-03-26,61.64079284667969,61.80114362226259,60.67273887084084,60.83902990658338,2385300
2009-03-27,62.098026275634766,62.31777035382712,61.5041277702256,61.85453024458174,1853900
2009-03-30,62.335601806640625,62.87605175346448,61.729827176868326,62.62067515253103,2300100
2009-03-31,62.78099060058594,62.8344438053261,62.359323338881744,62.38307981531242,1094600
2009-04-01,63.35398483276367,63.4671457627974,62.853678381426704,63.20508480644774,2383400
2009-04-02,62.57967758178711,63.1752774462922,62.442687613561745,63.06806928891863,1766300
2009-04-03,61.29911804199219,62.63326459837646,61.144265396749766,62.484364678213794,3316800
2009-04-06,61.03715515136719,61.69826767650665,60.88229771373116,61.66849037116234,1418100
2009-04-07,61.191951751708984,61.531443620011544,61.03709900060118,61.072833551769435,1312600
2009-04-08,61.73393630981445,61.859011755208606,61.317013614433556,61.388487244973234,1007800
2009-04-09,60.959693908691406,61.45404328161827,60.739324691029296,61.03116758537829,1088800
2009-04-13,61.51955032348633,61.650583105443054,61.30513387011519,61.32300115055124,946600
2009-04-14,61.841182708740234,62.0675091959118,61.30514150852352,61.49573343037059,1336000
2009-04-15,61.73393630981445,62.12107718978706,61.27532179930217,62.01982174383908,1152500
2009-04-16,61.24556350708008,61.61483268579868,61.215781682442824,61.2574735104939,1055600
2009-04-17,60.57253646850586,61.17409392244782,60.37599186266258,61.03115115163395,2582800
2009-04-20,61.48973083496094,61.58502899768171,61.01920638067677,61.126414541704385,1714400
2009-04-21,60.88222885131836,62.06747150352753,60.88222885131835,61.966220600549285,909100
2009-04-22,60.51298141479492,61.08475708043837,60.22113857947119,61.01924069274359,2278100
2009-04-23,60.50704574584961,60.602343996186725,60.119909100049426,60.36410291441461,1688300
2009-04-24,59.89954376220703,60.14374215512449,59.619610792402646,60.030576602887486,2830000
2009-04-27,60.1556282043457,60.26879371150563,59.59576248774757,60.19732004213049,2294600
2009-04-28,59.172882080078125,60.50107259547489,59.0180247475766,60.45342348638685,2332500
2009-04-29,58.648681640625,59.60759716887898,58.458089988404154,59.36339920043733,3752600
2009-04-30,58.416439056396484,58.58320630070013,58.00547367288636,58.35687997544041,2778100
2009-05-01,58.01442337036133,58.12195723758024,57.69182176870459,58.02039874017119,2772200
2009-05-04,58.2055549621582,58.43854409115633,57.82321359365519,58.16373651741158,2246700
2009-05-05,58.13393783569336,58.44459343951594,57.80536522757742,58.22355020440658,1369000
2009-05-06,57.996498107910156,58.546113590585705,57.94870426823279,58.02039502774885,2045900
2009-05-07,56.580623626708984,57.76946663416666,56.35360977618989,57.31543893312849,5755200
2009-05-08,56.71802520751953,56.9868574973592,56.538800642379734,56.765814474736125,2193400
2009-05-11,57.524532318115234,57.62011541986169,57.225827718618035,57.381155386560316,2167400
2009-05-12,57.733638763427734,57.96065267380114,57.23181710116918,57.458831011542586,2304800
2009-05-13,58.36091613769531,58.50429309388979,58.09207921722551,58.16376997425837,1917500
2009-05-14,58.5878791809082,58.69541294418936,58.127876423346656,58.30709632357036,1704600
2009-05-15,58.56998825073242,58.57596361788899,58.22348988156629,58.54609133997582,2306600
2009-05-18,57.66197967529297,58.611863426162515,57.572371870575736,58.55212337039299,2234700
2009-05-19,57.35725784301758,57.63206552459864,57.17803326213538,57.46479167997281,1624300
2009-05-20,57.96063232421875,58.044273796434155,57.249718552282765,57.30945855426235,2825700
2009-05-21,56.50295639038086,58.331026862580025,56.36555028555043,58.2772622288659,4771700
2009-05-22,55.87567901611328,56.44919127314145,55.768145183053605,56.0489282225911,4483400
2009-05-26,55.03338623046875,56.21625494909108,55.03338623046875,56.18638719717359,3633100
2009-05-27,54.05954360961914,55.30813089308691,53.99382824954876,55.10500944617775,7490200
2009-05-28,54.8421516418457,54.94968545125596,53.90421963227207,54.82422554205294,9824300
2009-05-29,56.25801086425781,56.29385850770472,54.74656665081638,54.78240973639381,4746700
2009-06-01,54.59483337402344,55.367996046841085,54.28317313442968,55.34402147876752,6987000
2009-06-02,54.88852310180664,55.002396594051895,54.4090408446548,54.90650288623054,5063600
2009-06-03,55.403953552246094,55.50584202484953,54.7386742290671,55.1162633424873,6727200
2009-06-04,54.25920486450195,54.97243348626446,54.08539265530429,54.79862127706679,5438600
2009-06-05,53.845611572265625,54.480925796927174,53.671804064694676,53.88757046964714,8439600
2009-06-08,53.707786560058594,54.37906061485598,53.62987265879298,54.18726868101107,4084000
2009-06-09,53.70181655883789,54.127354965541166,53.49204474886902,54.0554358150847,6046300
2009-06-10,52.856727600097656,53.599921017668045,52.47913381899218,53.26428616573598,12142000
2009-06-11,53.44407653808594,53.65384827323503,52.55704046583238,52.5989948128622,10692800
2009-06-12,53.92354202270508,54.33110037031084,53.5938975604212,53.5938975604212,6606800
2009-06-15,54.409034729003906,54.630796048229655,54.22923233229327,54.265191897099164,4518700
2009-06-16,55.35599899291992,55.397953334740926,54.421013905091826,54.51690758381969,5376000
2009-06-17,55.044334411621094,55.937369732954586,55.044334411621094,55.409938494007484,7197200
2009-06-18,54.21123504638672,54.88850383989223,54.00745813085132,54.690717135274866,6794000
2009-06-19,54.95445251464844,54.96044272772182,54.06741170284234,54.13933541385854,4750700
2009-06-22,55.487831115722656,55.685617738181975,55.17616651560285,55.40392247092383,3952300
2009-06-23,56.14118957519531,56.225098323228906,55.487899383693275,55.601772928776676,5356900
2009-06-24,55.57774353027344,56.3808705668608,55.535789201088704,56.12914459175243,6550400
2009-06-25,56.59669494628906,56.63864931843241,55.541836281806,55.87148104342059,7140000
2009-06-26,56.692543029785156,56.878344733346935,56.464791560553216,56.71052737994656,4050400
2009-06-29,56.77647399902344,57.160057947277416,56.68657051087737,56.980250970985274,4334900
2009-06-30,56.680564880371094,57.004214632161066,56.22505731422072,56.45281338363615,3743700
2009-07-01,56.56814956665039,56.57415903461953,56.06307442705487,56.171304486441045,3379900
2009-07-02,56.700382232666016,56.886776500901746,56.5199974272032,56.71841979573707,2645100
2009-07-06,56.59215545654297,56.6943713779575,56.153221518444624,56.550066277879544,1886700
2009-07-07,56.97092819213867,57.0490924579925,56.28547359196197,56.29148763929657,2592400
2009-07-08,58.023193359375,58.20958764210266,57.055137642036755,57.19343328196073,7912900
2009-07-09,57.331748962402344,57.560237110221316,56.79059885885543,57.331748962402344,5241400
2009-07-10,57.86089324951172,57.921020037773104,57.37986976866085,57.49411387752341,3981900
2009-07-13,57.53618240356445,58.08334194363094,57.45801347828478,57.91498516207202,2604300
2009-07-14,56.58015441894531,57.19946888152705,56.33964274552306,56.97699936819882,3629100
2009-07-15,55.12504577636719,55.91873080428781,55.11903172514849,55.71429893662169,4664200
2009-07-16,55.720333099365234,56.02698562416989,55.61811712022335,55.80451150423255,4225200
2009-07-17,54.8604621887207,55.53389346632627,54.86046218872071,55.257306848928074,3845700
2009-07-20,55.149085998535156,55.61206692441708,54.595912672516846,54.62597374764495,4436500
2009-07-21,56.249427795410156,56.33961561555787,54.89054139420891,54.98674326482528,3895300
2009-07-22,55.744407653808594,56.23745476540042,55.53396155508908,56.15929038227057,1986700
2009-07-23,54.72220993041992,55.79849609211574,54.45764663623949,55.77444446651947,3818800
2009-07-24,54.98674392700195,54.98674392700195,54.577875650361705,54.716171288547635,1765300
2009-07-27,54.35542678833008,54.51176004985816,54.07883999478235,54.25321082737557,2755900
2009-07-28,54.83647155761719,55.20926502380431,54.37349019325448,54.54786110869457,3324800
2009-07-29,55.137081146240234,55.49183684638673,54.68011407766158,55.41968197837949,2910200
2009-07-30,55.91872024536133,56.00891264710326,54.854462749459614,55.04085701565046,4040700
2009-07-31,57.00703048706055,57.03709615069736,56.087078063239005,56.429805526768135,5697000
2009-08-03,56.14314651489258,56.63182307990555,55.87166311429923,56.59562191776004,4029300
2009-08-04,55.69668197631836,56.541303293595185,55.30453587156671,56.4870038746279,3832200
2009-08-05,54.86415481567383,55.95612736465921,54.821923960266055,55.08737307876435,4458300
2009-08-06,55.0511589050293,55.43727077460363,54.5504184919569,54.84000469554592,3228500
2009-08-07,54.59266662597656,54.85812034644709,54.4297774992993,54.550435770703345,3543200
2009-08-10,55.27434539794922,55.286409372218124,54.54435298012167,54.60468205709328,3150100
2009-08-11,55.91386795043945,56.028496472062976,55.4975893005988,55.73891032373564,3677800
2009-08-12,55.31660842895508,56.14916122280125,54.954624550676016,56.07676352658219,4729200
2009-08-13,56.10090255737305,56.19743283012314,55.201986255767274,55.382978215765334,3922300
2009-08-14,56.31806945800781,56.83087367747465,56.23360780316927,56.287907211459746,4410400
2009-08-17,57.1506233215332,57.1626872988908,56.63178484167693,56.68004535392204,3569700
2009-08-18,56.81878662109375,57.17473136436417,56.716226739420556,57.10837260778566,2557900
2009-08-19,57.28937911987305,57.536734379620114,56.95756681395742,57.41607159334789,3518200
2009-08-20,57.75996780395508,57.83839978654496,57.180800084629794,57.54277933385611,3282700
2009-08-21,56.57149887084961,57.75397217329048,56.55943488331469,57.69967272233682,6258300
2009-08-24,57.59707260131836,57.59707260131836,56.38443787324667,56.40253614335268,4460200
2009-08-25,57.92292022705078,57.97118080051493,57.25929016300822,57.53680802241436,3359700
2009-08-26,58.18834686279297,58.248680611096624,57.86256855661078,58.025457709701875,3225800
2009-08-27,57.95902633666992,58.29084315215178,57.75390656187267,58.025389699766286,2514000
2009-08-28,58.224510192871094,58.22451019287109,57.5005471090917,57.57897908978686,2072500
2009-08-31,58.278812408447266,58.435671786941256,57.77204232798163,58.13402161443085,2899800
2009-09-01,58.13779067993164,58.452509608865235,57.58098595026841,57.99253827599573,3304200
2009-09-02,58.98512649536133,59.106174057667666,58.24675252651595,58.39200960128355,4345000
2009-09-03,58.62197494506836,58.779334418738834,58.434357053282255,58.60986788382936,2703800
2009-09-04,57.623409271240234,58.46467074048384,57.53262469608902,58.36783724648577,3643000
2009-09-08,57.21786880493164,57.72020575666886,57.10892831681383,57.18155684805636,2468900
2009-09-09,57.15125274658203,57.15125274658203,56.60049716969491,56.82443151702626,3182400
2009-09-10,58.20439529418945,58.53121683255906,57.441816322153365,57.45391877135535,4417300
2009-09-11,58.52515411376953,59.11827561642324,58.46463264227237,58.597782650061504,4826200
2009-09-14,57.944129943847656,58.50698830747121,57.889662013896114,58.11359188257449,2119500
2009-09-15,57.64760971069336,57.96232428843995,57.538669161185965,57.611297733355755,2187900
2009-09-16,57.750423431396484,58.0711911374315,57.25414036182578,57.7020044447338,3732300
2009-09-17,58.47673416137695,58.543309158957825,57.59915674667085,57.91387575659713,2832000
2009-09-18,57.9562873840332,58.42230812061184,57.90181478924085,58.222582968865765,2813300
2009-09-21,58.08939743041992,58.39805832392659,57.714156914744805,58.16202135007215,3050200
2009-09-22,58.21040344238281,58.32539739886235,57.80490475662469,57.889635687455055,2068000
2009-09-23,58.3859748840332,58.45254991038281,57.617337622540084,58.06520682116358,5712000
2009-09-24,58.55540466308594,58.76117854576452,58.20437373881991,58.40409870788417,4658400
2009-09-25,59.29983901977539,59.34825342188234,58.567514046446085,58.924598544122446,3854500
2009-09-28,59.82032775878906,59.87480031061094,59.37851689980624,59.50561336406809,4263300
2009-09-29,59.765869140625,60.02006210877172,59.40273566934505,59.505622639667386,3123200
2009-09-30,59.71136474609375,59.995815969662196,59.52979581254898,59.65083868991897,2744800
2009-10-01,60.52914810180664,60.74770909406046,59.982750253075466,60.07988589857529,5754400
2009-10-02,60.11028289794922,60.899527326979495,60.0313552127117,60.881314670972806,4827700
2009-10-05,60.1163215637207,60.504878108501394,59.96454332800631,60.389525167149124,2910100
2009-10-06,59.52134323120117,59.982750285307546,59.48491794310708,59.9584652159437,3936200
2009-10-07,60.2194938659668,60.30448925036709,59.86129506150752,59.90379275370766,3591000
2009-10-08,59.58812713623047,60.56557919499321,59.30278335571043,60.53522169974082,5871600
2009-10-09,58.2221565246582,59.32102992913106,57.979310319452054,59.26639196471038,8135900
2009-10-12,58.31317901611328,58.48316983779637,58.03997551106331,58.301034167763056,1939700
2009-10-13,58.61675262451172,58.79888371622932,58.440689326852,58.659250342436216,2886500
2009-10-14,57.74858856201172,58.34355669098622,57.61502296475903,57.98536225463078,5421000
2009-10-15,57.48143005371094,57.93069215034233,57.29322660077798,57.41464728681816,3736900
2009-10-16,57.9489631652832,57.99753334138763,57.511845476064146,57.79111704080421,3716800
2009-10-19,58.40423583984375,58.41030826335558,57.906403645619456,58.03389674795595,3163800
2009-10-20,58.71993637084961,59.041705334912436,58.61065590834696,58.90206738708607,2912400
2009-10-21,58.36784362792969,58.41034135278346,57.98536410424577,58.37998848183341,3355200
2009-10-22,58.082523345947266,58.17966368897825,57.876107064866176,57.90645994813348,2572200
2009-10-23,57.64540100097656,57.93074496842449,57.59683546142245,57.60290325892516,2996200
2009-10-26,56.89865493774414,57.37827496450063,56.7954467961641,57.335777221973174,4127400
2009-10-27,57.67573547363281,57.742518274733605,57.02005231659125,57.050409819602386,4476300
2009-10-28,57.9489631652832,58.16145652776334,57.651478942480715,57.76075952276221,4585400
2009-10-29,57.31753158569336,57.712151268429416,57.038255573311474,57.566445468159124,4645300
2009-10-30,58.14926528930664,58.28890327625819,57.59679503045349,57.7364283855018,5118000
2009-11-02,57.89228820800781,58.21509558408164,57.74002022707865,58.17246073529547,3463800
2009-11-03,57.313575744628906,58.08100644648061,57.25266957870093,58.0322796550012,4470700
2009-11-04,56.789833068847656,57.29536359772329,56.52184473232053,57.015191227307824,5349500
2009-11-05,56.789833068847656,56.78983306884766,56.52184473232053,56.5644795572349,2852000
2009-11-06,56.844661712646484,56.91774734116753,56.314767671627905,56.875112508914185,3381100
2009-11-09,56.911651611328125,57.070006881097996,56.72283625606787,56.81419792514896,1697800
2009-11-10,56.808143615722656,57.31367449292756,56.58888196997477,57.283223680919804,2549900
2009-11-11,57.045658111572266,57.35019396402307,56.93602501881604,57.027382057072614,1771100
2009-11-12,56.94212341308594,57.00302966599676,56.308688159744996,56.78985545738425,3431300
2009-11-13,57.20399475097656,57.28926439010265,56.91773039954748,57.14918054590128,1594200
2009-11-16,57.873985290527344,58.135886282064384,57.569449469988825,57.64863175731146,5175700
2009-11-17,58.184593200683594,58.3490450896853,57.74606102580738,57.855694069526436,3174400
2009-11-18,57.84353256225586,58.184611182861794,57.70344404487974,58.12979696748485,2413600
2009-11-19,57.94710159301758,58.361270680889064,57.80701765487204,58.00800785511781,2969800
2009-11-20,57.934898376464844,58.08716629252771,57.61208649105923,57.86180810388938,4136300
2009-11-23,57.8618049621582,57.922711195906714,57.45981545509207,57.581632569436856,3219300
2009-11-24,58.22724151611328,58.288147744113566,57.85570748441001,57.928797746118754,2895200
2009-11-25,58.49521255493164,58.610937597518735,57.843506401393526,58.16022145630876,2789300
2009-11-27,58.714500427246094,58.81194946233424,58.52568508020794,58.71450042724609,2249100
2009-11-30,58.85459899902344,58.915509888883356,58.470885485887756,58.59269797191063,3115800
2009-12-01,58.198970794677734,58.61445969652863,58.16231151740372,58.510588636480364,3979100
2009-12-02,58.24785232543945,58.63278871773656,58.040105545872755,58.22341125362821,2193900
2009-12-03,57.64295959472656,57.948466070411975,57.58185923192126,57.697953184412555,3947300
2009-12-04,57.03194808959961,57.22136527925593,56.76921698904021,57.00140023825175,6108100
2009-12-07,57.10527420043945,57.276357093914385,56.879197713113726,56.98918023915608,2774200
2009-12-08,57.19077682495117,57.66125912429382,57.05024654141687,57.465735284239436,2378600
2009-12-09,56.92803955078125,57.465733591332686,56.62864469925523,57.24576869504454,3494300
2009-12-10,56.274269104003906,56.701980793782404,56.182616266075875,56.63476902341231,4446300
2009-12-11,56.268150329589844,56.37202601857119,55.79156122853985,56.11539717352734,3053400
2009-12-14,56.33539581298828,56.51870157465081,56.243747593816174,56.42704869381954,2380400
2009-12-15,56.08488845825195,56.21320063944283,55.90158267845949,55.950464841292096,2993900
2009-12-16,56.01766586303711,56.36594304825101,55.8221419110163,56.170419096230205,3301600
2009-12-17,56.940269470214844,56.96471053523804,56.329256829604425,56.518669256463575,4428900
2009-12-18,56.69588088989258,57.12969943852952,56.61033946687447,56.946393725400476,3789500
2009-12-21,55.687744140625,56.33541665793863,55.68774414062501,56.24987518062026,3524000
2009-12-22,55.37604904174805,55.52269536595105,55.24773700431122,55.47992468680544,3078800
2009-12-23,55.388301849365234,55.840449939342385,55.296649012593086,55.57771429347926,2336000
2009-12-24,54.81397247314453,55.211131832308936,54.789531395171146,55.192802189243636,1698900
2009-12-28,54.66120147705078,54.76507252845416,54.56344185857038,54.66120147705078,3170900
2009-12-29,55.02173614501953,55.11984446071041,54.69674036118805,54.73353507307154,2617000
2009-12-30,55.3835563659668,55.48166942917691,55.10148832667024,55.13827838622986,1919100
2009-12-31,55.11989212036133,55.25479526458028,54.60481249147703,55.04017875254516,3242400
2010-01-04,55.07081604003906,55.24864242356646,54.92978438715392,55.08921106621648,2829100
2010-01-05,55.42646026611328,55.573625131142556,55.18731560608319,55.21797709717903,2841600
2010-01-06,54.68452453613281,55.3467737672079,54.64773447161386,55.29158399214049,4099600
2010-01-07,54.776493072509766,54.96658127101803,54.64772319497629,54.709041515951085,2793200
2010-01-08,54.751930236816406,54.917490066738814,54.42693913039775,54.886833264752845,2910700
2010-01-11,54.45149230957031,54.79487859005695,54.43309260601235,54.56799569571416,2181300
2010-01-12,55.3835563659668,55.42647966154913,55.0892218546248,55.28544798104503,4321200
2010-01-13,54.739715576171875,55.35904157312066,54.7090587451739,55.14442504297687,4755000
2010-01-14,55.50619125366211,55.50619125366211,54.90526513459644,54.997244958862304,4188800
2010-01-15,55.849578857421875,56.00287699569217,55.788260537771336,55.81891735845265,4142800
2010-01-19,55.69011306762695,55.874072591180855,55.44483526231675,55.62879478587065,2496000
2010-01-20,56.25428771972656,56.27268274916959,55.96608644968383,55.99674795094771,2800500
2010-01-21,56.511802673339844,56.65283427765762,56.0825652711054,56.137755008919264,4363100
2010-01-22,56.41366195678711,56.60374997285164,56.27262574345039,56.46884698921222,3666900
2010-01-25,56.15616226196289,56.3646454366442,56.10097251212635,56.13163400406741,2419500
2010-01-26,56.174556732177734,56.481152935419274,55.99059713891809,56.425963186126666,3138100
2010-01-27,56.1439094543457,56.46890076353305,56.027406048854075,56.26041753812531,3325700
2010-01-28,56.11320877075195,56.229712085175464,55.83726952669936,55.8801927853363,3058200
2010-01-29,56.60380554199219,56.63446704229619,55.95382290448272,56.051935962825034,4930600
2010-02-01,56.089942932128906,56.44685208253798,56.02840800494451,56.4345422802127,3598500
2010-02-02,56.24998092651367,56.27459116053658,56.02229635585192,56.10844625938499,3047500
2010-02-03,55.59769058227539,55.97921489269917,55.54846073032063,55.88075518878964,5343700
2010-02-04,56.477638244628906,56.502253163638,55.93612411087607,55.99150415753472,6095000
2010-02-05,56.600704193115234,56.87145887122217,56.1268752905018,56.225334951497075,6875800
2010-02-08,56.67454147338867,56.7053112896492,56.397631906303104,56.533011586145754,3386000
2010-02-09,56.108421325683594,56.748395106690396,56.08380640778154,56.45302078668128,4790000
2010-02-10,55.573062896728516,56.366876471675475,55.50537303953657,56.1945767242109,5068000
2010-02-11,55.27153396606445,55.55459848519353,55.000774558716806,55.505368648436566,5087500
2010-02-12,55.499244689941406,55.64077466903886,55.351555109816424,55.57308478518604,2833800
2010-02-16,55.60382080078125,55.653050630879214,55.21614645209357,55.21614645209357,2440900
2010-02-17,54.970027923583984,55.437697445650635,54.81618815307904,55.3330875284634,4368200
2010-02-18,54.74850082397461,55.07464040143803,54.465436196462626,55.05002547363472,5121800
2010-02-19,55.04386901855469,55.080793756628985,54.70542433412517,54.91464417233789,3502500
2010-02-22,54.816192626953125,54.963877504142495,54.71773291228182,54.840807555620955,3382600
2010-02-23,55.67154312133789,55.714618074099086,54.951574041693185,54.97618427628438,5474500
2010-02-24,55.80695343017578,55.9238685403365,55.49311877696478,55.720803477501434,4423200
2010-02-25,56.1207389831543,56.17612373451921,55.936134099843336,56.10843386886021,3707700
2010-02-26,56.40998077392578,56.64997050351393,56.24999075074599,56.28075589605666,4349100
2010-03-01,56.385250091552734,56.502540825144024,56.1506733340848,56.37908036536398,2415200
2010-03-02,56.31120300292969,56.348240216878835,55.990198116313955,56.10131446787833,2260600
2010-03-03,56.16919708251953,56.224757591315424,55.990176102622875,56.18154595545865,2156100
2010-03-04,56.465553283691406,56.595188293372956,56.0704738133137,56.15072271176834,2374700
2010-03-05,55.72471237182617,56.09510307508445,55.63211940572503,56.070410047553004,3823200
2010-03-08,55.434635162353516,55.53957710170201,55.372900177119696,55.49636543786921,2850400
2010-03-09,55.446964263916016,55.55808061353175,55.18769435138491,55.545736445670826,2573700
2010-03-10,55.30496597290039,55.372870652676774,55.05804500249423,55.24323573029885,3216200
2010-03-11,55.508670806884766,55.64448014391543,55.16915217402296,55.18149633660991,2621000
2010-03-12,55.854393005371094,55.959334917243126,55.391408995647154,55.41609733161489,3099100
2010-03-15,55.78028106689453,55.848185725166935,55.588915962516374,55.77410663167501,1936800
2010-03-16,56.22475814819336,56.23092787500895,55.89140922126157,55.903753384607874,3932600
2010-03-17,56.465553283691406,56.465553283691406,56.21862743727564,56.36678106123759,3481200
2010-03-18,56.280311584472656,56.47168143116776,56.18154415270432,56.43463952325407,2750300
2010-03-19,56.33585739135742,56.53339691306359,56.09510624645658,56.33585739135742,2976300
2010-03-22,56.39765167236328,56.47790057524912,56.31122832780344,56.39147723068928,2452300
2010-03-23,56.13218688964844,56.372938220926606,56.11984272048532,56.21861020294228,2910000
2010-03-24,55.107452392578125,55.712420359057596,54.977817408986354,55.45932012224662,8049300
2010-03-25,54.75555419921875,55.088903132872474,54.551844886748604,55.02099845881069,8268400
2010-03-26,54.90988540649414,55.014831997000634,54.625922529798565,54.656790005191446,4110700
2010-03-29,54.700008392333984,54.84816193112092,54.51481293656327,54.8049502860699,3245100
2010-03-30,54.872859954833984,54.90989716546457,54.49012484269076,54.64445283327354,3254600
2010-03-31,55.249454498291016,55.26179867282974,54.90993082698359,55.07660779643247,4263900
2010-04-01,55.11433792114258,55.1639078829451,54.79214262392972,55.00280787071279,2912400
2010-04-05,54.197357177734375,54.61249527724274,54.16018204263071,54.513360007881225,5652000
2010-04-06,54.2840690612793,54.43277423786488,54.12296902908106,54.401796553337896,3584600
2010-04-07,54.978023529052734,55.09574627051549,54.09198061853634,54.184918380940786,6389900
2010-04-08,55.00279998779297,55.2258600566839,54.823117174701274,55.0771549198403,3797600
2010-04-09,55.13291549682617,55.18248071815656,54.77973788587577,54.90365803007748,2311300
2010-04-12,55.424137115478516,55.492294623795026,55.20107703867018,55.25064699512786,2939600
2010-04-13,55.60384750366211,55.73396514737603,55.467532431032325,55.69679002838725,3090900
2010-04-14,55.213504791259766,55.684410203701816,55.21350479125977,55.616252654772545,3570100
2010-04-15,55.275474548339844,55.45516223346187,54.947081606558335,55.05241429972318,3698000
2010-04-16,55.67819595336914,55.75874361083679,55.29403576884489,55.39317571088443,8303900
2010-04-19,55.5418815612793,55.78352926382631,55.467526603859945,55.684394047853196,3211500
2010-04-20,55.74015808105469,55.75874563905007,55.54188291701603,55.672000550236454,2285000
2010-04-21,56.19865036010742,56.27920272174042,55.92602505214167,55.93221775130476,4162200
2010-04-22,56.0313720703125,56.440312501023286,55.96941197199298,56.322589732391954,2841400
2010-04-23,55.83307647705078,55.987979029761,55.68437135007919,55.89503655268472,4776000
2010-04-26,55.89506149291992,56.16769162005701,55.72776874133761,56.08094653001392,4753900
2010-04-27,56.681949615478516,56.95457491992031,56.198649633681505,56.2915921196906,13199200
2010-04-28,56.19865036010742,56.60139798651859,56.06234006975018,56.46508296891008,8379500
2010-04-29,56.4340934753418,56.520838517975484,56.08710857755679,56.2977784862745,4067200
2010-04-30,57.0847282409668,57.10951323456651,56.4527274495635,56.55806012692168,6924800
2010-05-03,57.010101318359375,57.2152818437186,56.75517330335914,56.84222073683987,4211800
2010-05-04,58.03596496582031,58.11679803974693,57.550985497160525,57.70642787781943,11054800
2010-05-05,58.37800598144531,58.97490482754015,58.042249491067516,58.48370578108359,12219100
2010-05-06,60.18105697631836,62.17693605441834,58.30952987283772,58.54580526582772,19578200
2010-05-07,59.42876434326172,60.989403276009355,59.23601246097249,59.61529245498114,18740600
2010-05-10,58.19766616821289,58.409070417214025,57.880562166575295,57.92409061690256,10240100
2010-05-11,58.04839324951172,58.45875859869425,57.81833685708907,58.43389199644918,7729100
2010-05-12,57.60700607299805,57.986286248781305,57.5821346974367,57.91167212209728,5530800
2010-05-13,57.98627471923828,58.166588598408424,57.327195257233555,57.98627471923828,6849700
2010-05-14,58.993499755859375,59.3789986274648,58.502301187495036,58.52095826079872,9796500
2010-05-17,58.77595138549805,59.50964060021826,58.7386466818834,58.89408927191962,6302200
2010-05-18,59.67747497558594,59.79560802666695,58.92512924875196,59.00596236887485,9904100
2010-05-19,59.87649154663086,60.28063851251714,59.646434790391275,59.65265382264956,14121200
2010-05-20,61.13862609863281,61.28784952367339,60.64120835686136,60.87748391888002,17666900
2010-05-21,61.200836181640625,62.02157259159983,60.84642738515211,61.934525149917015,18670600
2010-05-24,60.98940658569336,61.47439108742843,60.87127353164533,61.393557965275335,7721100
2010-05-25,61.28788757324219,62.1086240360967,61.18218777920511,61.959400518413176,12952700
2010-05-26,61.113792419433594,61.18218751969221,60.56041733096308,61.070268695971755,12644800
2010-05-27,59.72723388671875,60.30548026558288,59.615315079721526,60.20599951699055,7653200
2010-05-28,60.000797271728516,60.17489209030803,59.70234562292932,59.99457824428552,5805500
2010-06-01,60.422542572021484,60.69705022991025,60.04821697659654,60.659619098310216,5536200
2010-06-02,59.84856414794922,60.634651070047084,59.77993724745933,60.50987272378944,5656400
2010-06-03,59.41183853149414,59.83607529415649,59.33073143463715,59.39935831975945,8499500
2010-06-04,61.00900650024414,61.10882446638104,60.32897726921022,60.4787113581299,7479600
2010-06-07,61.47690963745117,61.50810066682358,60.72201818538703,60.84055171269683,5288200
2010-06-08,61.17118835449219,61.45817142194112,60.990263315485976,61.09632134392869,5510800
2010-06-09,61.10258102416992,61.21487919608347,60.64714822701805,60.89046013952925,5598000
2010-06-10,60.01076889038086,60.69703308140698,59.94837734226379,60.640881640062986,6075100
2010-06-11,60.771949768066406,61.02149712532759,60.27284553392257,60.57230426656028,6266700
2010-06-14,60.459964752197266,60.541067105540854,60.029487797188516,60.09187458897644,5310400
2010-06-15,60.210445404052734,60.67211362485246,59.92346219870103,60.58477111712845,4920100
2010-06-16,60.55355453491211,60.65337722935919,60.13555771148308,60.63466166410237,4011100
2010-06-17,61.04642868041992,61.283505239833055,60.559804862395495,60.6097162180413,5650900
2010-06-18,60.94656753540039,61.20859482712579,60.87170055499078,61.071341076277584,4171700
2010-06-21,60.771949768066406,60.85929229506997,60.148071855291974,60.17926289504425,5740900
2010-06-22,61.49562454223633,61.514340111619276,60.77816423709886,60.94037377143295,5658900
2010-06-23,61.913612365722656,62.11949311831947,61.49561551152313,61.520571186971985,9137800
2010-06-24,61.545501708984375,62.13194318302659,61.35833659951585,61.98221395133565,6184600
2010-06-25,61.795066833496094,61.96975176784088,61.23981625226837,61.33963417483362,5148300
2010-06-28,62.375240325927734,62.3877157747685,62.02586588092165,62.138163959708436,5436000
2010-06-29,63.05531692504883,63.09274806270868,62.487590711368924,62.58740866506485,7334200
2010-06-30,63.47957992553711,63.504535614129864,62.88689779084467,63.26746371221507,7205700
2010-07-01,63.579647064208984,64.24298128419612,63.44197383412953,63.560874309989515,12893400
2010-07-02,63.07280731201172,63.47956810794259,62.67856487713733,63.27305811971303,6297600
2010-07-06,63.592185974121094,63.673536193487806,63.04149287577999,63.09781593099855,6620400
2010-07-07,62.84747314453125,63.52332085803321,62.79115011456345,63.49202975534533,5727800
2010-07-08,62.44700622558594,62.678548099594444,62.296819353600334,62.46577898778981,6260600
2010-07-09,62.090309143066406,62.35313736145484,62.065277202121614,62.20295049014067,4286000
2010-07-12,62.06525802612305,62.47827298821846,61.97764864706181,62.15912658207526,4062100
2010-07-13,61.53334426879883,61.88378179469089,61.43947571026254,61.858749860790994,5842500
2010-07-14,62.15290451049805,62.25928670938933,61.570924845375906,61.77743483688671,5417300
2010-07-15,62.77242660522461,62.94764545928449,62.3906977698703,62.415729716786814,6996100
2010-07-16,63.079071044921875,63.28557627369896,62.74740129397016,62.77243324353385,7512400
2010-07-19,62.69110107421875,63.04779810328287,62.565946064650056,62.928897502142306,4305800
2010-07-20,62.784881591796875,63.14157812019086,62.69101307919828,62.99764576429288,5076600
2010-07-21,63.84876251220703,64.00520856551513,62.834995142357485,62.86002230945469,7894200
2010-07-22,63.110328674316406,63.52960289635994,63.09155591427774,63.52334849258307,5759700
2010-07-23,62.44073486328125,63.18541944776255,62.38441658765846,63.079037299794834,6259100
2010-07-26,62.3343505859375,62.459505488170784,61.952621927466446,62.34686416641944,4856400
2010-07-27,61.73360824584961,62.06527308625317,61.68354436728002,61.814958467759496,5328000
2010-07-28,61.933837890625,62.07151112262166,61.495786263876326,61.63345949587298,5507200
2010-07-29,61.91506576538086,61.96512485305443,61.27676346042803,61.38940476281072,6305500
2010-07-30,62.8787727355957,62.96012292947342,62.4845257956552,62.70354922098182,7683200
2010-08-02,61.99606704711914,62.36019699552945,61.99606704711914,62.30369176018446,5769200
2010-08-03,62.35395812988281,62.56741557254527,62.10911312698774,62.278619363684285,4363500
2010-08-04,61.87680435180664,62.47322530188633,61.87680435180664,62.46694587573005,3820400
2010-08-05,62.16560363769531,62.460674437392306,62.05259790142411,62.36650219219974,3704200
2010-08-06,62.843597412109375,62.91265669460084,62.46063404185533,62.648978410431376,6042400
2010-08-09,62.6113395690918,62.76829168345452,62.536000829870254,62.61761420501144,2578500
2010-08-10,62.74319076538086,63.414945751684925,62.44811996760069,62.81852472920604,11251000
2010-08-11,63.58441925048828,63.65347854166822,62.97544447724529,62.97544447724529,6778300
2010-08-12,63.427467346191406,63.99877515833388,63.32702051591172,63.77276380295849,7590100
2010-08-13,64.21849822998047,64.31894504640182,63.70997514544362,63.79786790598588,7843600
2010-08-16,65.82571411132812,65.85082702375553,65.33602429348942,65.4239170920862,7976200
2010-08-17,65.44902801513672,65.83199153586718,65.29207590958484,65.82571211050163,6756800
2010-08-18,65.62480926513672,66.32795637581508,65.59969635513416,65.91987997041959,7721600
2010-08-19,66.64815521240234,66.93066713230591,65.69388357355679,65.78805581012429,13128500
2010-08-20,66.57280731201172,67.06877655259679,66.44724275058611,66.8050981583004,7040300
2010-08-23,66.58538818359375,66.66700637883321,66.0768646770103,66.32798911117752,6360100
2010-08-24,67.65265655517578,67.88494267334542,66.9683426856447,67.20063359361387,9812100
2010-08-25,67.4328842163086,68.64454950079822,67.21942692762671,68.3055372719566,13299800
2010-08-26,68.0670166015625,68.11096301800016,67.35759451055428,67.52710074829955,7039900
2010-08-27,66.1396255493164,68.01049701602754,66.04545331488687,67.65892099347717,13514000
2010-08-30,67.40777587890625,67.42660936069592,66.43467114153269,66.67951598439238,5535300
2010-08-31,68.15491485595703,68.21142013290039,67.5647779011075,67.94146218479456,8397000
2010-09-01,66.74565124511719,67.40681291963546,66.17264381999519,67.38791860558229,12480700
2010-09-02,66.04045867919922,66.30492641658165,65.73821669940452,66.24195493374557,8167600
2010-09-03,65.22186279296875,65.44854661222598,64.66774465520743,64.68034086963739,9210700
2010-09-07,66.55677795410156,66.60715320726298,65.99636647381436,66.17267505583075,6018400
2010-09-08,66.02784729003906,66.24823300114436,65.71300918730344,66.17267012703046,6698400
2010-09-09,64.72442626953125,65.38558349000785,64.62997386544922,65.2974291939443,8588900
2010-09-10,64.42851257324219,64.66778796312353,64.13256378856835,64.38443540131533,6910300
2010-09-13,64.74331665039062,64.88814431244862,64.08215461707411,64.10104894138081,7054800
2010-09-14,65.36672973632812,65.37302784779271,64.8378036705375,64.87558273122212,5978100
2010-09-15,64.39697265625,65.02035545438707,64.31511649267779,64.69921929813896,7919100
2010-09-16,63.76103973388672,64.1136570144625,63.50287007914363,63.93105026443571,17116200
2010-09-17,64.01914978027344,64.3276944406943,63.79876416857713,64.11990023364662,9203600
2010-09-20,64.39071655273438,64.51035181413832,64.03180116042218,64.32145175737148,5277800
2010-09-21,65.28482818603516,65.49891578670777,64.39068914078815,64.64885388301384,12664000
2010-09-22,65.87041473388672,66.16006515253345,65.39185957070869,65.83263570659935,8229400
2010-09-23,66.0593490600586,66.40566817471947,65.63746224888902,66.37418723923176,7412200
2010-09-24,65.17144012451172,65.55554271633243,65.17144012451172,65.46109039302418,8942500
2010-09-27,66.30487823486328,66.39932578238596,65.78854415753926,65.82002507203144,7061600
2010-09-28,66.7583236694336,66.94722860685302,66.33014330812807,66.35533095338747,8262900
2010-09-29,66.48123931884766,66.91571279328002,66.33641162467022,66.85274611043982,5507100
2010-09-30,66.43712615966797,66.48749659621555,65.5052034248511,66.36786140486177,10618400
2010-10-01,66.11603546142578,66.4510074323851,65.71786205061842,65.87586806121891,9368400
2010-10-04,66.28670501708984,66.31830816000199,65.98965765474374,66.12238217544203,4422700
2010-10-05,65.8885269165039,66.24245894732003,65.68627935290009,66.19190067289078,8491800
2010-10-06,66.71648406982422,67.05777777304236,66.27406898526151,66.29935053608834,6476100
2010-10-07,66.16030883789062,66.60272395201243,66.15398724427085,66.46999941777588,5780700
2010-10-08,65.86956024169922,66.65326886797507,65.86956024169922,66.28037691954025,6128700
2010-10-11,65.88221740722656,66.00230357769051,65.69261299392697,65.80005597699305,1474200
2010-10-12,65.23123168945312,66.21087134729112,65.21227173072748,65.9896637922202,6122400
2010-10-13,65.13011169433594,65.17435320629572,64.49176574580483,64.68769175277487,8168400
2010-10-14,64.15678405761719,65.50931558983852,64.13150250855219,65.28178647021602,10945000
2010-10-15,63.37306213378906,63.86604504251216,63.13289468233047,63.58163126956094,12694700
2010-10-18,63.885032653808594,64.11887861458311,63.695423389754325,63.960872501859185,5592200
2010-10-19,64.27055358886719,64.52335945514723,63.5500462616509,63.569006219425624,8017500
2010-10-20,64.40962982177734,64.64347583961212,63.96720970501805,64.06833595637963,5515800
2010-10-21,63.644859313964844,64.40961313131214,63.63854254136541,64.27056698270354,6836100
2010-10-22,64.07457733154297,64.13146198648671,63.46151823644314,63.48047818077126,4770700
2010-10-25,64.25788879394531,64.6497454700476,64.18204898834959,64.54230253081286,5632300
2010-10-26,63.26560592651367,63.872348430948,63.234007617446935,63.74594555075947,8432000
2010-10-27,62.7094841003418,63.30990556565354,62.709484100341804,63.000214849374395,9245200
2010-10-28,62.88008499145508,63.09497572237657,62.67152067451248,62.93696967568443,8052600
2010-10-29,63.46786117553711,63.493142719053104,62.96224477110145,63.08864766672002,6753800
2010-11-01,63.194644927978516,63.91744876032966,63.080517752484546,63.911111855319824,5921000
2010-11-02,64.02523803710938,64.09497785245966,63.670173031454425,63.69553516309635,6537400
2010-11-03,62.719078063964844,64.84310576010087,62.4084005989648,64.50072927714605,25541800
2010-11-04,63.20726013183594,63.32138718404203,62.82049650143347,62.87755760887309,13246500
2010-11-05,62.12309265136719,62.643004013587536,62.12309265136719,62.35768379402983,12435000
2010-11-08,62.402095794677734,62.71911518583622,62.02167349275395,62.50988122671194,6795200
2010-11-09,61.02619552612305,62.465460554522146,60.98815477036375,62.4464401766425,15061700
2010-11-10,61.108619689941406,61.33687390256892,60.23364843308871,61.089599311777306,18540400
2010-11-11,61.07693099975586,61.267139650888865,60.95646213457399,61.15301252527708,3368100
2010-11-12,60.74721145629883,61.3368673025834,60.74721145629883,61.0008277582985,11739500
2010-11-15,59.47914123535156,60.69015691102818,59.47914123535156,60.442882320021916,14978700
2010-11-16,60.95645523071289,61.026199846094784,59.593271617334246,60.17659065846727,19901300
2010-11-17,60.62043380737305,61.349579199412425,60.449240668350576,60.74090269503102,9915600
2010-11-18,60.86770248413086,60.86770248413086,60.106858138011376,60.664810336010305,12424800
2010-11-19,61.241756439208984,61.241756439208984,60.73452870687254,60.924737292500595,8359500
2010-11-22,61.5017204284668,61.89482594996339,61.019849924265934,61.73631636123023,10413500
2010-11-23,61.80608367919922,62.10407775216557,61.65391093521962,61.9265477215199,9566900
2010-11-24,60.70280456542969,61.49535216726645,60.60136098780445,61.38122511910888,11467600
2010-11-26,61.54609298706055,61.577796834622085,61.21639522412926,61.32418056611372,4848900
2010-11-29,62.0723762512207,62.10407527695516,61.55880172608692,61.85680062450681,8950000
2010-11-30,62.39573669433594,62.941005402820224,62.20552319237074,62.902964637359304,11947600
2010-12-01,61.008697509765625,61.78490656085732,61.00869750976563,61.49223844970921,15441200
2010-12-02,60.84967041015625,61.42228434332088,60.77968399309723,61.053265935936984,9318700
2010-12-03,60.372501373291016,61.28868379431046,60.34705132225149,61.25687001698582,10194800
2010-12-06,61.22503662109375,61.23775921447763,60.63969538935703,60.773304463333105,7001800
2010-12-07,59.914405822753906,60.39158332345268,59.271810283431954,60.26433793157322,18533100
2010-12-08,59.33540344238281,59.67897165435075,58.603730668049124,59.62807158129665,19275900
2010-12-09,59.628089904785156,59.97801709284257,58.99821708300211,59.55173977174191,17477100
2010-12-10,59.265472412109375,59.71720006067787,59.25910868350906,59.35454519610301,7078500
2010-12-13,59.488094329833984,59.82529879376456,58.89003065170939,59.20178993512629,12399900
2010-12-14,58.62283706665039,59.182723499773346,58.177473410086655,58.78825993370255,23516400
2010-12-15,57.859352111816406,58.686456695794504,57.56032016337142,58.584661374210846,26084000
2010-12-16,58.260169982910156,58.2665337063886,57.623933549830824,57.91660172655546,17939000
2010-12-17,59.32271957397461,59.659924310987954,58.44471451227373,58.457437112833865,16849700
2010-12-20,59.25905227661133,59.95255241084306,58.94093410684034,59.64715683205977,13703500
2010-12-21,59.67266082763672,59.67266082763672,58.84555089667185,59.25274213385696,8985100
2010-12-22,59.24631118774414,59.51989292249344,59.12542476766294,59.46899286623856,6440900
2010-12-23,59.12547302246094,59.316345962147935,58.870977387578435,59.284532187499934,7091800
2010-12-27,59.65353012084961,59.72987538721488,58.72462549864773,59.01729367927855,5285900
2010-12-28,58.485267639160156,59.417354055920455,58.29374096458618,59.32797623997945,13972100
2010-12-29,59.47482681274414,59.70465205270311,58.395902397065605,58.58104359015833,13115400
2010-12-30,59.43006896972656,59.55136941705072,58.99595130713794,59.29600236144688,7029900
2010-12-31,60.08769226074219,60.45796969471342,59.65356935506583,59.69825826282403,8516000
2011-01-03,59.634403228759766,60.20897336923972,59.34072776802514,59.50033166720834,13799400
2011-01-04,59.70460510253906,59.864208949966496,59.31517619588116,59.63438389073604,10466900
2011-01-05,58.389488220214844,59.17474152482254,58.21711815715303,59.047055486698675,17568000
2011-01-06,58.644874572753906,58.81086404114681,58.19798547022599,58.4405817157803,9317500
2011-01-07,58.95766067504883,59.136416206093465,58.114952549607736,58.42139408191491,12694600
2011-01-10,59.276817321777344,59.36619501032587,58.8490805450496,59.10444745692483,8295200
2011-01-11,58.944915771484375,59.117285846958374,58.53633016151486,59.04705973861442,9495400
2011-01-12,58.485267639160156,58.842778902924195,58.383118780527184,58.568259933755186,9522900
2011-01-13,59.008724212646484,59.2257830687501,58.38307509844299,58.49160939721681,14502400
2011-01-14,58.63207244873047,59.30879613619122,58.5810029146033,59.232184528915475,8960700
2011-01-18,58.3575553894043,58.54907709135988,57.92343271262602,58.280943786188224,10663600
2011-01-19,58.77891540527344,58.77891540527344,58.325640980788066,58.357563704357304,8886900
2011-01-20,57.9681396484375,58.4852547366902,57.706386908980214,58.41502862955409,14203400
2011-01-21,58.42781066894531,58.42781066894531,57.783014231154404,57.89792926761556,9085600
2011-01-24,58.45332717895508,58.670391002369264,58.33841218320031,58.65123931486416,7700200
2011-01-25,59.008724212646484,59.30878017197255,58.30008286594256,58.69590209090575,13438100
2011-01-26,58.11494827270508,58.900201292830424,58.025570513760414,58.874664094457295,13322900
2011-01-27,58.376705169677734,58.51077181789351,57.88512258883027,58.140489720503496,10868700
2011-01-28,58.683143615722656,58.91297355414563,57.948964916356104,57.97450211737233,11993200
2011-01-31,58.23630142211914,58.721498888625284,58.12777188391014,58.51720598757959,8647600
2011-02-01,57.94799041748047,58.197848700030804,57.74938636926682,58.01206065433774,11508400
2011-02-02,57.9608154296875,58.30036623117192,57.59563750705115,58.23630087222886,13624600
2011-02-03,57.480289459228516,58.0248520725548,57.47388146014341,57.634047222172974,12785800
2011-02-04,56.89728546142578,57.43544497982708,56.87165835218083,57.33934454212635,17172200
2011-02-07,57.1920051574707,57.211229160441135,56.743542845612986,56.82682730699439,8554800
2011-02-08,56.666603088378906,57.36492784032943,56.60894580251557,57.21757329667719,10454200
2011-02-09,57.15996551513672,57.441858857809315,56.46804815832496,56.82041483666571,13078600
2011-02-10,56.50004959106445,57.10867724954201,56.49364159494932,56.95491955786106,10486800
2011-02-11,57.313716888427734,57.358563107212554,56.8524387021432,57.03823157650066,11333400
2011-02-14,57.352134704589844,57.61480881250373,57.217596096098404,57.217596096098404,8033500
2011-02-15,57.608402252197266,57.64043734981915,57.256040617704784,57.37776323535472,7298000
2011-02-16,57.4226188659668,57.86467786879631,57.23682602257281,57.57638149435038,8446300
2011-02-17,57.51229476928711,57.7749688514248,57.44182636135672,57.67246046194599,6732500
2011-02-18,57.332923889160156,57.37136698847863,57.070254631146746,57.28807767984712,6080700
2011-02-22,58.1914176940918,58.26189101055698,57.47387342093291,57.602008945356175,11905700
2011-02-23,58.40285873413086,58.652716987147826,58.13377647960531,58.36441561898593,14522600
2011-02-24,58.77443313598633,58.96663402672883,58.58223713311553,58.703959801905526,12110900
2011-02-25,59.1203727722168,59.1203727722168,58.71034889932425,58.77441421298806,6841700
2011-02-28,59.19727325439453,59.27414970054212,58.992261251548115,59.13320791998097,9682500
2011-03-01,59.36886978149414,59.38815086375811,58.790412795413474,58.82254629797599,8048700
2011-03-02,58.45618438720703,59.12462295038288,58.44976062960325,59.028212646376716,8526400
2011-03-03,57.8841552734375,58.346920802929425,57.832740695207484,58.18623859983538,10607600
2011-03-04,58.36621856689453,58.391928315174596,57.84560964921419,57.90988156809781,9316200
2011-03-07,57.993446350097656,58.398363900330644,57.74920616430286,57.858468929719656,7522300
2011-03-08,57.63990783691406,58.06410621301752,57.62062676122263,57.91628136362944,8498700
2011-03-09,58.19911575317383,58.37265043404853,57.74920248902579,57.90345608354034,8904800
2011-03-10,59.17604064941406,59.19532172890781,58.25693826570336,58.40476804787473,13385800
2011-03-11,58.84183883666992,59.18248440428817,58.700437679477545,59.15677465719566,8407600
2011-03-14,58.81614303588867,59.07965942471362,58.6940229341507,58.79686194690562,6765200
2011-03-15,59.69662094116211,59.80588851223667,59.36240428085025,59.64520638824209,14893800
2011-03-16,60.37152099609375,61.02067850674455,59.82520245504908,60.01159440973622,24294200
2011-03-17,59.9088134765625,60.1659062460035,59.61958717571433,59.92809457613416,10528500
2011-03-18,60.06941223144531,60.08226954902093,59.57451338464156,59.61307553010864,7260900
2011-03-21,59.715965270996094,59.88949997689574,59.49743481892292,59.85736155923866,10542900
2011-03-22,59.9151611328125,59.9601519388597,59.606649245895895,59.6516400519431,6904700
2011-03-23,59.83806228637695,60.33939006622475,59.7287995453604,60.32010898294331,8358000
2011-03-24,59.3881721496582,59.69667938372147,59.38174348538861,59.619555027022685,9477600
2011-03-25,59.24030303955078,59.748059300450116,59.14389275392645,59.683787411244175,6447200
2011-03-28,59.323848724365234,59.561655155947655,59.13102819271966,59.208157386103856,3996800
2011-03-29,58.86753845214844,59.45242411338585,58.85468603156003,59.118207238130495,6487200
2011-03-30,59.33675003051758,59.33675003051758,58.84827454384906,58.95111355309879,5048300
2011-03-31,59.214630126953125,59.59384284526165,58.880413153064175,59.56170442885734,9654300
2011-04-01,59.50248718261719,59.55411809522067,59.005500870226236,59.05713670709416,7860400
2011-04-04,59.5670051574707,59.75418129637549,59.46373352596636,59.5089136336839,4469100
2011-04-05,59.328216552734375,59.6251152237667,59.16685825819957,59.48312406095813,9951600
2011-04-06,58.43748092651367,59.244271852286836,58.437480926513665,59.2313604398883,9090900
2011-04-07,58.321311950683594,58.57948607213065,58.17286023046645,58.4310343519135,9265100
2011-04-08,58.01151657104492,58.295508668296215,57.99215436882561,58.043790190919125,7605700
2011-04-11,58.06315231323242,58.23096627267388,57.86306965822419,57.9792477956432,5734000
2011-04-12,58.68924331665039,58.88932604053487,58.450431250785414,58.48270488172504,7686500
2011-04-13,59.05712127685547,59.05712127685546,58.37296385203533,58.437506169124624,7959300
2011-04-14,59.0119514465332,59.23139634773227,58.876411079746006,59.08294948498325,7609600
2011-04-15,59.8122673034668,59.838085211087154,59.42500853768612,59.54764236781724,10222900
2011-04-18,59.947784423828125,60.08978039865256,59.02481551172976,59.373349743318705,12036700
2011-04-19,60.20596694946289,60.20596694946288,59.870344081581415,59.93488637260541,5295100
2011-04-20,59.818763732910156,60.19311626185137,59.77358359488385,60.070482348237526,6754100
2011-04-21,59.767112731933594,60.17373879535892,59.74129481328242,59.95428894895621,3365600
2011-04-25,59.9930305480957,60.005941973251645,59.70258749754374,59.78649206399376,3626900
2011-04-26,60.57390594482422,60.58681736664888,60.14146687472569,60.19955350014283,7506300
2011-04-27,59.954288482666016,60.39318324779347,59.86392823022193,60.30927870602809,8869300
2011-04-28,60.41254425048828,60.41254425048828,60.005923122600954,60.16728141649877,8110200
2011-04-29,60.5997314453125,60.61909365620711,60.251196876413694,60.328650644257394,5900000
2011-05-02,60.69696044921875,60.72288883456177,60.39230810310547,60.48953831180837,5285100
2011-05-03,61.04049301147461,61.04049301147461,60.6580605166242,60.90437271947702,6486600
2011-05-04,61.31267547607422,61.396943871240595,61.10525356888739,61.13118192545179,7406300
2011-05-05,61.89606857299805,61.98681537387472,61.45529627788431,61.52659804219166,9600000
2011-05-06,61.62384796142578,61.89608845148831,61.15714715255783,61.26086064134242,9451500
2011-05-09,61.559024810791016,61.708106757889766,61.474756371244716,61.51365139923953,3731200
2011-05-10,61.118247985839844,61.50716362033338,61.118247985839844,61.3840051070337,5458300
2011-05-11,61.46824264526367,61.636769536796365,61.04691552577572,61.13766229670197,6078700
2011-05-12,61.079383850097656,61.649793359953556,60.87196176057436,61.54607984252555,8015800
2011-05-13,61.630340576171875,61.8960977768921,61.2738315864266,61.35161671473432,8380000
2011-05-16,61.97391128540039,62.09058655862595,61.42294664057637,61.59795707774754,6053600
2011-05-17,62.609100341796875,62.61558367107142,62.21370627201214,62.246113027722366,9826900
2011-05-18,61.77943420410156,62.479485654852404,61.759989154691766,62.40170051188019,7707600
2011-05-19,61.75346755981445,61.7858792523034,61.22843176973722,61.22843176973722,8052400
2011-05-20,61.7859001159668,61.844240193081,61.39698440142141,61.591439786028296,5602300
2011-05-23,62.08403396606445,62.34979593734265,61.96087549690345,62.05162722624707,6300000
2011-05-24,62.317413330078125,62.317413330078125,61.876640911196866,61.99331610870458,5549100
2011-05-25,62.025794982910156,62.40822774454667,61.9285647221315,62.32396415605129,5664500
2011-05-26,62.557247161865234,62.583175533059475,62.15536482635125,62.20722156873973,8307900
2011-05-27,62.53134536743164,62.55727374964583,62.1489079114389,62.31095659127765,5390600
2011-05-31,62.673919677734375,62.719293089049955,62.28499907179399,62.34333914081742,7003900
2011-06-01,63.52090072631836,63.57294690001884,63.032979015518045,63.05249508980665,12746400
2011-06-02,62.31088638305664,63.0460253135496,62.31088638305664,62.77278524345016,15738700
2011-06-03,62.66876983642578,62.84441976022222,62.174340291680714,62.8314106768836,10644100
2011-06-06,62.19381332397461,62.44753246229473,61.940094185654495,62.109241932334946,8776900
2011-06-07,62.480072021484375,62.49308109777619,61.88155524402312,61.95311757213282,7399200
2011-06-08,62.96796798706055,63.00049314591056,62.56461730280196,62.623170530171656,7401800
2011-06-09,62.71428298950195,63.31930686290365,62.40851754246848,63.16967516801829,9963000
2011-06-10,63.1956901550293,63.35833090691344,62.97450111489975,63.04606344280092,7710800
2011-06-13,62.876895904541016,63.29325570140165,62.87038888675874,62.93544417438066,5540000
2011-06-14,61.92706298828125,62.388961894658785,61.88802585243853,62.284869483610656,8672400
2011-06-15,63.052555084228516,63.06556912173463,62.04418556715007,62.0506876225021,12979100
2011-06-16,63.33873748779297,63.44933187284567,62.97442423660957,63.169589922573905,10961200
2011-06-17,63.03955078125,63.202191518578616,62.87040302467585,63.01352766766926,9622900
2011-06-20,63.11759567260742,63.33878958805496,62.83785349222957,63.31927349974485,6613800
2011-06-21,62.837860107421875,63.124109335170985,62.62968020453173,62.909422414359156,7894900
2011-06-22,62.876895904541016,63.14362407281097,62.72076222156836,63.078568785189056,5503700
2011-06-23,63.35833740234375,63.58603348564434,63.20220365428083,63.260751948528544,8586800
2011-06-24,63.09159851074219,63.553497620145976,63.091598510742195,63.33881065054376,7960900
2011-06-27,62.22633361816406,63.02002103858193,62.16127833000201,63.00700700290932,9331300
2011-06-28,61.72541427612305,62.24586664987282,61.621326779414105,62.11575603813622,12634300
2011-06-29,61.31550979614258,61.933542127031174,61.165878251471945,61.770901517492334,11084900
2011-06-30,61.21792984008789,61.354547368549014,60.593390439952216,61.30250614108617,11555600
2011-07-01,61.12004852294922,61.511722166404354,60.94379936766422,61.44643990560366,6637200
2011-07-05,61.25713348388672,61.47255299586171,61.15922005147749,61.38769302766127,4615600
2011-07-06,61.570499420166016,61.655359426973604,61.25716135289099,61.485639413358435,5652700
2011-07-07,61.38771057128906,61.45298787166288,61.06784831322025,61.25062674640243,6823700
2011-07-08,62.25590896606445,62.41257547260308,61.90340559109872,61.90992983446476,12129300
2011-07-11,63.18935775756836,63.18935775756836,62.503934034507246,62.693241586403516,9760800
2011-07-12,63.404747009277344,63.52224802990938,63.032661273998244,63.51572379233773,9083900
2011-07-13,63.58102035522461,63.600603034559576,62.7389302814723,63.13059880917824,13112200
2011-07-14,62.67369079589844,63.90745014092155,62.67369079589844,63.071888783481405,11471500
2011-07-15,62.77810287475586,62.79768555634755,62.17101484373276,62.20365596660966,7086200
2011-07-18,62.171024322509766,62.7781124460913,62.144912416294375,62.70630594908319,8206500
2011-07-19,63.46355056762695,63.496186722486684,62.12534370992825,62.22326213518342,15249400
2011-07-20,62.71281433105469,63.21545466274567,62.582259823698266,63.137123950465906,9673300
2011-07-21,62.229835510253906,62.57580987533082,61.94913848154861,62.17108242128039,11099200
2011-07-22,62.69975280761719,62.72585972146226,62.36030316361627,62.464750740334885,4974500
2011-07-25,62.01436996459961,62.699793940554,61.90339807678615,61.994787276201684,10869400
2011-07-26,62.438663482666016,62.5822764671524,62.17102019697112,62.21019054386339,7682800
2011-07-27,62.445220947265625,62.56271710007522,62.07965909950464,62.2363256169229,11224200
2011-07-28,62.68019485473633,62.869502441997305,62.477833804367016,62.73894788956619,7081600
2011-07-29,63.920467376708984,64.3186651385847,63.17629565328057,63.24810213364083,19582400
2011-08-01,64.56568908691406,64.80147410463898,63.76008944353267,63.786288334049594,14348200
2011-08-02,66.50430297851562,66.52395087973048,64.76866674864013,64.98480365584957,20850600
2011-08-03,66.63533020019531,67.73565826607276,66.38644831511233,66.52398869873129,21179700
2011-08-04,69.0062255859375,69.1306689350036,66.98240715776096,67.05445278122848,34076600
2011-08-05,67.01516723632812,69.09792967669695,66.98896836952137,67.74872051614834,41677700
2011-08-08,69.13066101074219,69.28784917259775,67.42777010244102,67.5784122970387,38259500
2011-08-09,69.34027862548828,71.63262743906233,67.46055079946497,68.77701537439904,39881400
2011-08-10,71.40339660644531,71.43614644909927,70.04109009852549,70.49300694621873,46221000
2011-08-11,67.80110931396484,70.61087390498949,67.59152338860957,70.30304348404711,37790100
2011-08-12,69.14376068115234,69.20270936725927,68.16132588602547,68.40366160104861,15590800
2011-08-15,68.4429702758789,69.08482999481544,68.42332237578582,68.73115280237157,10051700
2011-08-16,69.57604217529297,69.84457178427758,68.52810761235328,68.54776050786933,15993200
2011-08-17,70.79428100585938,70.8008319732657,69.27478136765541,69.63500962114249,15906600
2011-08-18,72.24823760986328,73.44680899997046,71.57363332927682,72.10414640489904,27274600
2011-08-19,72.83119201660156,72.96873733784429,72.1958881367251,72.4709687853632,15708400
2011-08-22,72.64778900146484,72.87047685652026,72.30066278324449,72.34650954797317,13157700
2011-08-23,71.64571380615234,72.81153594554686,71.61951493823163,71.8880495867266,16017800
2011-08-24,69.60880279541016,71.65882062697611,69.52366021655195,71.58022401785229,14621600
2011-08-25,70.36198425292969,70.66981463919078,69.66118092551656,69.8773177920729,10565900
2011-08-26,71.05628967285156,71.56715537750192,70.2965420855814,71.18728408232973,11504800
2011-08-29,70.07376098632812,70.34229542128301,69.81832847337644,69.88382309263497,6764300
2011-08-30,71.20034790039062,71.48853047024608,70.89906839414333,71.01696080936388,9508700
2011-08-31,70.10005187988281,71.36411917936952,70.10005187988281,71.26587462301991,12186000
2011-09-01,71.58598327636719,71.59255400912758,69.68744748065703,70.60058386633075,10686600
2011-09-02,73.91152954101562,73.95751464823833,72.69620455412894,73.17576281345141,16557100
2011-09-06,74.68013000488281,75.50129610494882,74.4896188682275,75.16625893276186,14016200
2011-09-07,73.25457763671875,73.81954024340634,73.1231880700475,73.76041368540442,11524300
2011-09-08,73.91152954101562,73.99035828939697,73.142914160292,73.77357421934748,11480900
2011-09-09,74.69983673095703,75.00859598460713,73.7144374169249,73.93122646889198,11492700
2011-09-12,74.77864837646484,75.05455889995702,74.29908531344394,74.60784447582743,7602200
2011-09-13,73.7144546508789,74.62102042741755,73.64876235031835,74.49620655995288,9282400
2011-09-14,74.33855438232422,74.46336826715994,73.45826139389342,73.55680236444938,11948500
2011-09-15,73.20204162597656,73.8983889758384,73.20204162597656,73.56335676713176,8884000
2011-09-16,73.734130859375,73.96405632073102,73.08376883668248,73.12318319805804,10053500
2011-09-19,75.14000701904297,75.6721262441908,74.96920801976269,75.02175885923255,13033500
2011-09-20,75.45533752441406,75.46190825888407,74.92322330838702,75.13344170341021,6360600
2011-09-21,77.95166015625,78.03705962875077,75.02173501783552,75.304216364723,18687100
2011-09-22,80.88159942626953,81.37429921685158,79.63999635496289,79.75824450518263,25041400
2011-09-23,79.37726593017578,81.03930667224299,79.37726593017578,80.88164405562112,15173800
2011-09-26,78.10275268554688,79.20640016658312,77.89910508880814,78.9107823640914,15110100
2011-09-27,76.90711975097656,77.05821649447131,76.37500580718945,76.69690146350517,13589600
2011-09-28,76.88081359863281,76.93336940419566,76.04651148631193,76.7954141735913,12642600
2011-09-29,77.41294860839844,78.05674487336798,76.92024907292137,77.26185689090482,12341800
2011-09-30,79.35748291015625,79.42974591790087,78.16843115399419,78.84507112469446,13546400
2011-10-03,81.54145812988281,81.54145812988281,79.76323591481727,80.27035690883099,15882000
2011-10-04,80.50743865966797,82.3449372811712,80.46792418116152,81.91026294340959,17301400
2011-10-05,79.9278793334961,80.20449076064605,79.46686028824614,80.1254617955922,14275000
2011-10-06,78.45252990722656,79.69728502997852,78.45252990722656,79.45360092258525,9681600
2011-10-07,77.87300872802734,78.40647914593647,76.95755341207953,77.55029552935152,11564600
2011-10-10,76.7731704711914,76.9970975760177,76.26604956791317,76.93782083293152,3567600
2011-10-11,76.51628112792969,77.29343067901168,76.33187361152514,77.24732879991055,7520200
2011-10-12,75.40324401855469,75.81816595757086,74.73806047695861,75.54154965665074,14033400
2011-10-13,76.15404510498047,76.7599619494656,75.71278356394374,75.75888544099642,11263300
2011-10-14,75.04762268066406,75.48230198850415,74.82370063097403,75.00152078662614,8411000
2011-10-17,76.3450927734375,76.3780248618235,75.22547211455037,75.27816144607549,9664000
2011-10-18,75.87088012695312,76.9378162159053,75.278142880043,76.48996705785834,12495600
2011-10-19,75.84455871582031,76.22654380512023,75.18595715013822,75.4362239361942,6629300
2011-10-20,75.30443572998047,76.18037626361003,75.12661567132818,75.38346965867417,7832100
2011-10-21,74.5075454711914,75.21224849295221,74.5075454711914,74.98832651628427,9906300
2011-10-24,74.63268280029297,75.13322108579936,74.4548626990453,75.03442990744931,6344500
2011-10-25,76.52946472167969,76.62825591603799,74.65245212778744,74.67220936171333,11791200
2011-10-26,75.19254302978516,76.53609088895745,75.12668387511357,75.99603778108018,12747000
2011-10-27,72.64372253417969,74.32315276809058,72.32759171176986,74.10581314172939,19471400
2011-10-28,73.40772247314453,73.73702322263364,72.94670343375205,73.03890724163054,10127900
2011-10-31,76.31869506835938,76.31869506835938,74.72488158286347,74.82367275463322,15242100
2011-11-01,78.8734130859375,78.899825884722,77.36791881930444,78.38478890273977,24400600
2011-11-02,77.88960266113281,78.15372575503216,76.87273202414418,77.01139551495231,13181100
2011-11-03,76.81986236572266,77.48677166206618,76.58875668017573,76.81986236572266,8386700
2011-11-04,76.9123306274414,77.28870428577244,76.28503783840468,76.41049740375752,7583700
2011-11-07,77.4009780883789,78.14712116755408,76.80670238748634,77.0179998547227,9279700
2011-11-08,76.41049194335938,77.61224678739063,76.26522404390607,77.09060525650246,7539400
2011-11-09,77.99520874023438,78.66211299485215,77.30188665002554,78.08765101389874,13004500
2011-11-10,76.8331069946289,77.65848842501318,76.0737550711297,77.11043394618319,11644600
2011-11-11,76.3642578125,76.70761412195817,76.26521107628425,76.48311288841364,2483900
2011-11-14,77.59243774414062,77.6518627728023,76.73403927569561,76.85289437074604,9252600
2011-11-15,77.48677062988281,78.21970939265842,77.07078040143965,77.71787631235124,7587500
2011-11-16,78.1933364868164,78.1999409490352,77.37455949218806,77.88959671522409,7470000
2011-11-17,78.82061004638672,79.34225160344744,77.942403183067,77.942403183067,9907900
2011-11-18,78.80082702636719,78.93949556366938,78.12731788019478,78.69518080476709,6792600
2011-11-21,79.2696304321289,79.71863810822018,79.17718811979202,79.48752728964975,7345600
2011-11-22,80.15444946289062,80.16765838828871,79.13757882958402,79.46773143633048,7866300
2011-11-23,80.94017791748047,81.2505220344399,79.91670328126023,80.00254614459683,10129300
2011-11-25,79.76487731933594,80.47140374510774,79.72525557813152,80.42518257847703,4311900
2011-11-28,79.72523498535156,79.99596248978142,78.29897861362363,78.33199084541613,7661900
2011-11-29,79.07152557373047,79.84408123249437,78.62912242258132,79.25641017195834,8952800
2011-11-30,77.8367691040039,78.28577680656461,77.4273831360149,78.14050886783491,11806800
2011-12-01,77.44620513916016,77.60506773565977,76.65188710651118,76.97623304732524,9647200
2011-12-02,78.53179168701172,78.5582696335866,77.15496876602946,77.19468821096774,7764900
2011-12-05,78.3729019165039,78.65753343092364,77.36676049570156,77.4461943079176,7862800
2011-12-06,77.62494659423828,78.30012165556849,77.29397981323588,77.98239132373917,8506300
2011-12-07,77.90298461914062,78.26704515138758,77.34695764330627,77.66468806523358,6588300
2011-12-08,78.87599182128906,78.98851929503257,77.71760829120238,77.92280604334071,8800500
2011-12-09,77.2542724609375,78.85615061503941,77.20131655911113,78.81643621374602,9855100
2011-12-12,78.11474609375,78.43247123317941,77.8499717774588,78.0485537772147,5734600
2011-12-13,78.8429183959961,79.18712167603464,77.55214978316025,77.63157859000981,8901800
2011-12-14,80.3322525024414,80.35210970004458,79.0944350002728,79.29301707660855,11247700
2011-12-15,80.03439331054688,80.30578345812941,79.6769485636081,79.86890991197258,5438700
2011-12-16,80.9676742553711,81.16625624875685,80.28588382164313,80.34545538956893,9321900
2011-12-19,81.99372863769531,82.09301465184686,80.92801498447322,80.96772939013384,7845100
2011-12-20,79.94832611083984,81.1993800028755,79.83579862958096,81.19276430408503,13945400
2011-12-21,78.8362808227539,79.98142802862192,78.81642362527879,79.84903829520114,11600100
2011-12-22,79.167236328125,79.710021532618,79.00175297248504,79.43201070717917,5247400
2011-12-23,78.286865234375,78.57811756219171,77.93604132140561,78.47882653678589,5409700
2011-12-27,78.65878295898438,78.65878295898438,78.10761085727357,78.32011222654856,4270300
2011-12-28,80.113037109375,80.38530699302659,78.65872885551525,78.85130888058931,8302300
2011-12-29,80.2591323852539,80.4118649473206,79.72787679601525,80.00678876690138,4305000
2011-12-30,80.51815032958984,80.85682602998915,80.27908572535866,80.42518132421446,5948800
2012-01-03,79.30956268310547,79.82089230608973,78.97752901283648,79.3029205910992,9076900
2012-01-04,78.36650848388672,79.20987091844103,78.14736526869389,79.19659181438082,8417100
2012-01-05,78.22708892822266,79.0903729254804,78.0743513001198,78.4727904578102,6465800
2012-01-06,78.84467315673828,78.99740572182336,78.16732201375136,78.19388530038113,7348500
2012-01-09,78.7052001953125,79.3825512140261,78.55910974529525,78.6719998929382,5582400
2012-01-10,78.57241821289062,78.93765714048142,78.1474156788376,78.18062106004763,8932500
2012-01-11,79.59504699707031,79.72785833040543,79.01067003739719,79.0505124241122,8634500
2012-01-12,79.48219299316406,79.81422654388636,79.18335975765604,79.65484679171013,7205400
2012-01-13,80.27244567871094,80.77713819676558,80.22596117483953,80.41854128128709,9819000
2012-01-17,80.64432525634766,80.77049458366041,80.23924384463163,80.31892866894898,5449900
2012-01-18,79.66807556152344,80.75714444512712,79.62823318440483,80.70401789801807,5804000
2012-01-19,78.57241821289062,79.3958599893146,78.30679036250002,79.24312739518015,8625700
2012-01-20,77.68255615234375,78.33333894383782,77.67591406406311,78.16732220182398,6548200
2012-01-23,77.19120025634766,77.45682825406278,76.73299715338254,77.11815243031519,7274800
2012-01-24,77.33061981201172,77.50327869457129,76.88569602467592,77.50327869457129,5776500
2012-01-25,77.14468383789062,78.71188280330706,76.95874583630403,77.07163604206295,12867600
2012-01-26,78.16734313964844,78.16734313964844,77.42358611229005,77.46343358621851,7638500
2012-01-27,78.41309356689453,78.5791104460251,77.70254152687302,78.24707668776396,5165300
2012-01-30,79.33612823486328,79.94706898954234,79.24979623562845,79.58182991531471,8388400
2012-01-31,80.25251770019531,80.29236517617326,79.15016881579521,79.19665331574406,7998300
2012-02-01,79.3332290649414,79.81250429251998,79.08693344005395,79.71265444034537,7925200
2012-02-02,79.29998016357422,79.5329649508304,78.97380857142299,79.18681931629801,5596900
2012-02-03,77.59587097167969,77.74897477930082,77.19647657944334,77.52264807393591,12467400
2012-02-06,78.36802673339844,78.41462265456461,77.44275616411363,77.67574084851907,6180600
2012-02-07,77.39614868164062,77.8022009676796,77.06331927200695,77.6291333312432,8794800
2012-02-08,77.45608520507812,77.7423187913724,77.20313660174321,77.34957732246845,7613400
2012-02-09,76.87692260742188,77.24303692750098,76.29780278293498,77.12321815716354,11477700
2012-02-10,77.87544250488281,78.10176919852529,77.56258197228658,77.74897075234655,7193100
2012-02-13,77.9753189086914,78.1284227604962,77.50270148232042,77.61586232837192,6422900
2012-02-14,78.38804626464844,78.7341868911321,78.03524762268113,78.17503547637132,8271200
2012-02-15,78.24822998046875,78.72750027102224,78.20828698065733,78.32145288845108,6846100
2012-02-16,77.62247467041016,78.28147547396036,77.30295620526762,78.06180684658571,9036200
2012-02-17,77.6025161743164,77.62248512884575,77.05667607669187,77.1232409513145,6338000
2012-02-21,76.74385070800781,77.16321418080533,76.51752393640356,77.06336428387924,8338300
2012-02-22,77.70904541015625,77.72236143675819,77.08998221614542,77.14323616540091,7736800
2012-02-23,77.70904541015625,78.02856402711313,77.16986314002867,77.30965094789225,5163900
2012-02-24,78.21492004394531,78.26817397432244,77.84880562082053,78.03519437714044,5676900
2012-02-27,78.90718841552734,79.11354100178843,78.62761296086913,78.88056145623992,8180700
2012-02-28,78.6476058959961,79.30660683397382,78.50781812603566,79.1268811521889,6615700
2012-02-29,78.16835021972656,78.82735132277355,77.85548962253553,78.79407141410864,14235000
2012-03-01,77.43241119384766,77.8460619660736,77.08548206467022,77.50580092908366,12265600
2012-03-02,78.15967559814453,78.37984491718915,77.75937098452208,77.79272673307018,6669600
2012-03-05,77.5392074584961,78.35316311809099,77.5392074584961,78.03291634917754,6921900
2012-03-06,78.47989654541016,78.80014320589798,78.35313659013514,78.35980468399573,6299700
2012-03-07,77.99951171875,78.4665326618449,77.9327900781823,78.36645529113984,5567500
2012-03-08,77.21891784667969,77.77267492623524,77.15220129146566,77.60588099312672,7982100
2012-03-09,77.37238311767578,77.38572439483467,76.65850517120425,77.05213647423773,6975600
2012-03-12,77.35907745361328,77.73936767958133,77.30570722674875,77.60593447719445,5280000
2012-03-13,75.99800872802734,76.99877257165068,75.98466235962941,76.90536326330955,14413600
2012-03-14,74.08322143554688,75.22409175061416,74.02317295046502,75.19073091555217,24515300
2012-03-15,74.19664764404297,74.55025013485312,73.97647832669539,73.98982469813122,14154000
2012-03-16,74.34342956542969,74.35010275136092,73.5228007609695,73.72295561771085,13427200
2012-03-19,73.4560775756836,74.37678372583422,73.1825380588606,74.2967207722975,14011400
2012-03-20,73.7496566772461,73.96982604165332,73.28930347714923,73.67626688911035,9443800
2012-03-21,74.58360290527344,74.65031948478772,73.92976820967664,73.96312904450814,10242000
2012-03-22,74.82377624511719,74.97055575370011,74.6369678124291,74.91718046146123,8009800
2012-03-23,75.53097534179688,75.6510671951817,75.16403168822767,75.1840461487672,8465300
2012-03-26,75.14404296875,75.39757314666653,74.59029066941332,75.27748124400863,8118600
2012-03-27,75.6844711303711,75.85793328061077,75.19075706850285,75.24413238710761,6972300
2012-03-28,75.57767486572266,76.01801334314683,75.29078906410773,75.33749116715447,7886000
2012-03-29,76.1447982788086,76.18483230180874,75.77785451732642,76.07140850848234,7692900
2012-03-30,74.85713195800781,76.23818583076303,74.8504638640914,76.1981569066724,9467500
2012-04-02,75.2718505859375,75.78691010051982,75.05111079397365,75.58623663449119,8944000
2012-04-03,73.96749114990234,75.88055921222792,73.96080067322612,75.59292995521146,14774300
2012-04-04,74.9842758178711,74.9976567804417,74.52273467602414,74.76353586553363,10095600
2012-04-05,75.52606201171875,75.63308415233095,75.13809590740227,75.58626100893689,6364100
2012-04-09,77.29197692871094,77.43913174597452,77.08461290270535,77.28528644959067,14374600
2012-04-10,78.16825866699219,78.4558880945663,77.44583985773514,77.5595525119678,14421300
2012-04-11,77.23175811767578,77.633100031687,77.15817817138414,77.39898434045872,8713000
2012-04-12,76.9106674194336,77.4257218115014,76.80364021397958,77.3722082087744,9008500
2012-04-13,78.1548080444336,78.19494578917754,77.67320103753832,77.69326735824184,8607700
2012-04-16,78.04113006591797,78.66321180001098,77.97424059949338,78.06119639551143,7735000
2012-04-17,77.99432373046875,78.14817412939267,77.76020799588038,77.94750058355108,5398600
2012-04-18,78.22168731689453,78.34209032095175,78.08121799605041,78.29526721400372,4074400
2012-04-19,78.29531860351562,78.57625742959942,78.27524717021885,78.42909753879194,5374300
2012-04-20,78.30863189697266,78.34876452482678,77.8136441078761,77.96748925020704,5043300
2012-04-23,78.8772964477539,79.20506365556844,78.79034061282799,79.00439006316532,5170100
2012-04-24,78.32205200195312,78.77022204739194,78.31536662908934,78.66988531771644,4336600
2012-04-25,77.92074584960938,78.47593825168974,77.38562488532092,77.86723732551881,8859500
2012-04-26,78.38896942138672,78.56957150480925,77.98762238562189,78.54281469553563,5133000
2012-04-27,78.4558334350586,78.5026565602591,78.12138108267281,78.27522630690105,3112900
2012-04-30,78.47592163085938,78.76355093820679,78.3889658322062,78.64314785365812,4198400
2012-05-01,78.06893157958984,78.8668549578788,77.82754308053907,78.73945405124631,7214300
2012-05-02,78.6187744140625,78.66571079117499,78.31704129200818,78.59865955468307,3565700
2012-05-03,78.59867095947266,78.69925038664547,78.15612352618514,78.20976656943493,3522900
2012-05-04,79.21553039550781,79.24905856790373,78.71934516126969,78.7729881908308,6367300
2012-05-07,79.2289047241211,79.43005831247119,79.1350269107437,79.33618561477215,3228200
2012-05-08,79.65138244628906,80.1341595500017,79.56421634755046,79.58433120759155,6051600
2012-05-09,79.7049560546875,80.17431943240193,79.4166313753266,80.09385494664639,5828900
2012-05-10,79.47029876708984,79.53735508796414,78.74613858903032,79.13503762543448,6300000
2012-05-11,80.12739562988281,80.19444682066344,79.76531306085387,80.12068897610136,5234300
2012-05-14,81.24716186523438,81.33433301252127,80.86496447175132,81.04600830405667,8789400
2012-05-15,81.57572174072266,81.6226580834403,81.0124805124331,81.19351922986472,6766400
2012-05-16,81.8104476928711,81.92443528458391,80.94547309590592,81.11981036984817,6462300
2012-05-17,83.25873565673828,83.33249350383818,81.8171119848012,81.8238186388134,14863400
2012-05-18,83.27885437011719,83.43978337981409,82.54798763487095,82.65526852565719,10137700
2012-05-21,83.10456085205078,83.44652364608571,82.88999385521916,83.07773933798674,9583500
2012-05-22,82.17916870117188,82.39373552092651,81.84390772557548,82.30656950891499,12475500
2012-05-23,82.7491683959961,83.49344352259823,82.71564023111937,82.84304111883527,11744900
2012-05-24,82.43401336669922,83.00395629972273,82.30661249242273,82.62846544797625,10256200
2012-05-25,82.74246978759766,82.8363425195671,82.56813252150573,82.76258464220822,4723600
2012-05-29,82.4876480102539,83.01736122132536,82.47423981565419,82.73574309362023,5874100
2012-05-30,84.57964324951172,84.70033741211071,84.01640723450096,84.02981542337783,17170800
2012-05-31,85.55862426757812,86.55099928830603,84.93503847109862,85.17642685139249,31174500
2012-06-01,87.58977508544922,87.60321609279349,86.36018435180733,86.58863021423663,23526000
2012-06-04,86.89776611328125,87.46888112586716,86.6357226951557,86.88432509754657,11681200
2012-06-05,85.73538208007812,86.4341663819796,85.728661570818,86.36025615885804,12482800
2012-06-06,84.02203369140625,85.73539471549243,84.02203369140625,85.70851780073751,20806700
2012-06-07,84.14965057373047,84.48560415089862,83.57853051779357,83.75322781326953,18898200
2012-06-08,84.1295166015625,85.29863392635318,83.69949631827751,85.16425451016892,11239600
2012-06-11,84.51248168945312,84.80140197304601,83.833854023108,83.84729503699315,10693800
2012-06-12,83.73978424072266,84.41169137452808,83.65243815877601,83.9682353318637,10921700
2012-06-13,84.56627655029297,84.84847646395423,83.57185121602586,83.88764855446705,11100000
2012-06-14,84.45872497558594,84.84843234490715,84.11605602699677,84.62670175964736,7688200
2012-06-15,84.9290771484375,85.23143335945383,84.75437982865816,85.05002065809313,6421400
2012-06-18,85.38601684570312,85.56070912631859,84.83505283290106,85.43305017144546,6698400
2012-06-19,84.27061462402344,84.90892965210406,84.21014542597945,84.84845532781405,8227900
2012-06-20,84.68719482421875,85.00299206839668,83.37697254260264,83.69949029497998,13720300
2012-06-21,85.13734436035156,85.50017479387961,84.58638076712249,84.62669355098868,9776600
2012-06-22,84.00182342529297,84.80811502141239,83.99510804518579,84.59310495436274,7830400
2012-06-25,85.22469329833984,85.34563678024713,84.84170646000744,84.90218076408324,6113800
2012-06-26,84.88878631591797,85.29865027797021,84.62002743202879,84.7342504703064,5359700
2012-06-27,85.02313232421875,85.19110911359182,84.68045823854916,85.03656821182089,5860700
2012-06-28,85.23145294189453,85.65475788606882,85.19114013816237,85.53381434862568,5257800
2012-06-29,84.12276458740234,84.41168483761423,83.73977775584187,84.00854161379965,8881900
2012-07-02,84.99068450927734,85.65730307440768,84.41833502861877,84.47219940740278,7818500
2012-07-03,84.33758544921875,84.8426009309506,84.31065067371907,84.80893117725522,5773100
2012-07-05,84.76850891113281,85.0580512487117,84.3375628929617,84.40489724506061,5974700
2012-07-06,85.55635070800781,85.65735482733274,85.25334348731597,85.29374308013277,5818300
2012-07-09,86.31053161621094,86.36440118215846,85.59004800512228,85.77185136858945,5647000
2012-07-10,86.48561096191406,86.68761926718133,86.00079513910028,86.09506431161579,4288000
2012-07-11,86.59331512451172,87.17912972609706,86.36436699123114,86.58657500983094,5960900
2012-07-12,87.2060317993164,87.23970153838373,86.79528564164352,86.89629485884547,6421000
2012-07-13,86.97711944580078,87.02425914919142,86.59331307697823,87.01751903467002,4175300
2012-07-16,87.3811264038086,87.94674113574503,87.27338732880251,87.73800309952304,5283500
2012-07-17,86.69434356689453,87.41483741221425,86.62027420218475,87.03775047169349,5590900
2012-07-18,86.741455078125,87.0915917114588,86.72124500835073,87.03772216604625,4011000
2012-07-19,86.51924133300781,86.92998759936312,86.2633635778658,86.49904153913498,5246300
2012-07-20,87.57642364501953,87.73803231133523,87.14547747607813,87.26668654445668,6365900
2012-07-23,88.06798553466797,88.50567190077082,87.87944719297012,88.41813257263644,6141100
2012-07-24,88.76152801513672,88.90965644053838,87.72455711535952,87.77169682651599,6748800
2012-07-25,88.99043273925781,89.02410248116846,88.53254685331115,88.63355607904303,5328000
2012-07-26,88.1756820678711,88.734566980253,88.14201232142611,88.5662285225921,6606200
2012-07-27,86.51248168945312,87.54271204266317,85.48898631177445,87.46191288541131,14685100
2012-07-30,87.15896606445312,87.18589571064526,86.35767295219368,86.45194212572014,6025300
2012-07-31,87.33403778076172,87.45524687967075,86.57988436379783,87.40810715382565,7448600
2012-08-01,86.89739227294922,87.54517982373613,86.472281370988,86.72869877804192,7972000
2012-08-02,87.3900146484375,88.18625366520257,87.13360741951195,87.44399782722145,7972000
2012-08-03,85.97970581054688,86.39131838138323,85.54110166069142,86.26310966807172,9084800
2012-08-06,86.01350402832031,86.46560169562767,85.94602760975695,86.14845686544705,3673600
2012-08-07,84.90685272216797,85.10928192643775,84.63694196835552,84.99457152920627,6613600
2012-08-08,84.45476531982422,85.28473493850638,84.37379053951277,85.12953971139282,7250700
2012-08-09,84.3940200805664,84.54922043213764,83.50331822542003,84.19158573471162,7553500
2012-08-10,84.81912994384766,85.23749187546757,84.75165354148818,85.1565171037645,4670500
2012-08-13,84.6774673461914,85.27801635836765,84.6774673461914,85.09582947243229,3543700
2012-08-14,83.53030395507812,83.94866583804087,83.50331236764966,83.64501434055988,7994000
2012-08-15,82.35618591308594,83.13217205622121,82.25496876238017,83.01071250499791,11191000
2012-08-16,81.65443420410156,82.65984640461085,81.32379111183742,82.46416125249095,13240000
2012-08-17,82.05254364013672,82.40342911542099,81.86360768334613,81.91759085617736,6341100
2012-08-20,82.22126770019531,82.45069369579119,81.98509766658236,82.0188384491502,4427100
2012-08-21,82.58560943603516,82.62609423843608,81.41825301644982,81.96481844133554,9532700
2012-08-22,83.94864654541016,84.01612292441479,83.13891455300141,83.34809287235107,11384400
2012-08-23,84.29953002929688,84.44123197506157,84.1105941016106,84.17132130060209,7139100
2012-08-24,84.2186050415039,84.7246859245796,84.12413702184612,84.66395868970858,5001400
2012-08-27,84.71117401123047,84.88661678679911,84.52898205056923,84.57621604997773,3906100
2012-08-28,84.91362762451172,85.26451327644976,84.74493398557415,84.85290038559242,3412600
2012-08-29,84.5424575805664,84.77187833053549,84.3130316824789,84.75838511211548,3762700
2012-08-30,84.98108673095703,85.31847391963242,84.83938472948776,85.20375836291164,3886400
2012-08-31,86.18215942382812,86.18215942382812,84.83936024195133,84.87309586220965,9192600
2012-09-04,86.09559631347656,86.3052210757042,85.716917992264,85.82510958727964,6009300
2012-09-05,85.68984985351562,86.00767129957823,85.57489469701333,85.75747023033438,3466700
2012-09-06,84.26307678222656,84.88519279193395,84.22250556914761,84.88519279193395,6505100
2012-09-07,83.870849609375,85.32471122681957,83.79646563180074,85.2976620386921,7335300
2012-09-10,84.0737533569336,84.0737533569336,83.51925765131065,83.64097647250142,4912100
2012-09-11,83.54629516601562,83.91821000827969,83.3704779690852,83.86411161551545,3523300
2012-09-12,82.5049057006836,82.77539244435171,82.28175375022448,82.64691008031062,7040900
2012-09-13,82.18032836914062,83.23522109445949,81.32829685147983,82.76187311748463,12280200
2012-09-14,79.99614715576172,81.04427613885127,79.82709359470483,80.98341933324132,16871600
2012-09-17,80.95636749267578,81.07808625901409,80.33425164654892,80.3815864357302,5573300
2012-09-18,81.36212921142578,81.75433486336084,81.11869157637004,81.6258524562183,5366200
2012-09-19,81.89632415771484,82.07889977071646,81.55821696695857,82.05185057636321,5903300
2012-09-20,82.09917449951172,82.71452678375711,81.80840216589316,82.59280801249572,4604200
2012-09-21,82.19385528564453,82.25471210001804,81.59878336320492,81.6528817487187,4144300
2012-09-24,82.83626556396484,82.97150638287565,82.61987715824365,82.66721196077307,3627400
2012-09-25,83.65450286865234,83.67478848006063,82.58608262221625,83.03915029980118,5893500
2012-09-26,84.55386352539062,84.58767115565652,84.15489427903745,84.22927828837267,7193400
2012-09-27,83.9520263671875,84.39156679867048,83.6950615701723,84.22251318341603,5147700
2012-09-28,83.99931335449219,84.68904944207472,83.72206310693484,84.35770598935103,7173400
2012-10-01,84.3110580444336,84.3449417469026,83.60631942648065,84.00612540192104,4842600
2012-10-02,84.19585418701172,84.37881272214734,83.89769417575562,83.96546157462413,3540100
2012-10-03,84.22296905517578,84.2297468297676,83.76895638614009,83.93158678685356,3800900
2012-10-04,83.17262268066406,83.89091674188728,83.05742638110256,83.6605189728379,6214800
2012-10-05,82.0951919555664,82.45433641264096,81.9393341800809,82.37979641174701,8340700
2012-10-08,82.78636932373047,82.85413154632583,82.46110858730229,82.65762265177716,1568400
2012-10-09,82.63729095458984,82.7931487225529,82.25104059129376,82.3120302117754,4752700
2012-10-10,83.22007751464844,83.32172346252823,82.1697498396977,82.30527432358565,5429800
2012-10-11,83.79602813720703,83.79602813720703,82.5966158500832,82.64404991302494,5194100
2012-10-12,84.00611877441406,84.55499955560461,83.87736691910202,84.07388100407898,4934900
2012-10-15,83.81637573242188,84.12130832638941,83.6401898135005,83.87736018324485,3036100
2012-10-16,82.65762329101562,83.30814993882909,82.63051736778262,83.28104401559608,5398700
2012-10-17,81.89189910888672,82.16973095792001,81.70216280707203,82.10874133523586,6932500
2012-10-18,81.39049530029297,82.3527328634323,81.22786483735105,82.07490603798692,8558600
2012-10-19,82.49498748779297,82.54242156081747,81.50564455762026,81.54630085737664,7616700
2012-10-22,81.96646118164062,82.56277617220096,81.95291080068765,82.28494941827812,6910600
2012-10-23,83.13875579833984,83.16586172613805,82.68473797012886,82.73894982572526,5760600
2012-10-24,82.31879425048828,82.86767489361243,82.31879425048828,82.57629272641402,6824500
2012-10-25,81.89871215820312,82.35950273390921,81.53956755080092,81.69542022159534,5292500
2012-10-26,83.1048812866211,83.11165906180197,82.1765225440928,82.29172404245699,5889400
2012-10-31,83.59276580810547,83.82315843219986,83.09809168883379,83.13197538998975,5025600
2012-11-01,82.90834045410156,83.26748487406245,82.72538194258553,83.1929448808714,3659700
2012-11-02,82.84737396240234,82.88125249487877,82.1561857248162,82.18329165275361,3527800
2012-11-05,83.31494140625,83.5182332915635,83.20652285869622,83.2268510132421,2935700
2012-11-06,82.52887725830078,83.25394395356926,82.5220994845338,83.04387949613239,4484600
2012-11-07,84.02642822265625,84.38557261287144,83.86379787367542,83.99254453040268,10071000
2012-11-08,85.27327728271484,85.28683282882135,83.64018553185267,83.88413366250921,8579500
2012-11-09,85.36815643310547,85.36815643310547,84.82604829014943,85.1309808893582,5036900
2012-11-12,85.510498046875,85.63924478343988,85.23944385053883,85.27332239387536,2072200
2012-11-13,85.79508209228516,85.93738434806892,85.37494793002296,85.92383396796323,2863800
2012-11-14,85.8764419555664,85.91709828572951,85.1107132712939,85.19203110155021,4694600
2012-11-15,85.70697021484375,86.07288725518563,85.38170430462999,85.44946652802936,5549600
2012-11-16,85.63246154785156,86.18812025490325,85.5714719055299,85.625683772054,4591100
2012-11-19,85.15133666992188,85.2529774498499,84.9073884582391,85.01580701347157,3621600
2012-11-20,84.2975082397461,85.15809948709482,84.28395269069527,85.02935279067509,4659300
2012-11-21,84.25009155273438,84.31107602627279,84.04002185849174,84.15522336950025,2422800
2012-11-23,84.16871643066406,84.33134675260654,84.10095422734842,84.22970603259544,987200
2012-11-26,84.56861114501953,85.05650262387655,84.5347274227698,84.81255946941312,2799000
2012-11-27,84.900634765625,84.96839702810753,84.50082862809836,84.66346426197151,2544400
2012-11-28,84.77861785888672,85.51723493623305,84.76506231127073,85.36138232813549,3569700
2012-11-29,84.79219818115234,85.0022678839739,84.47371507867612,84.60923958313714,2761000
2012-11-30,84.56178283691406,85.0700073473908,84.50757098168071,85.02935104092933,3702300
2012-12-03,84.6398696899414,84.72813336927813,83.93374471495547,84.00164025137582,5427800
2012-12-04,85.12873077392578,85.14910409935999,84.76208861758016,84.88430266969537,2586300
2012-12-05,85.08794403076172,85.4206356275471,84.98609818437173,85.14226250618236,1978200
2012-12-06,85.27132415771484,85.60402117551106,85.21701082305921,85.45464784998602,2301200
2012-12-07,84.4837417602539,84.84359292069391,84.42263212503035,84.53126917427241,4020900
2012-12-10,84.85714721679688,84.92504276018003,84.55840060979345,84.84356500006149,2134300
2012-12-11,84.21209716796875,84.40220669502776,84.07630612866835,84.36826152525072,3777900
2012-12-12,83.2343978881836,84.42258779482853,83.22082085420743,84.07631903741891,7119700
2012-12-13,83.29552459716797,83.6350074973553,82.92209133492273,83.0307283494297,6381500
2012-12-14,83.92015838623047,83.99484502666128,83.56709850609157,83.64178514652238,3832800
2012-12-17,82.66404724121094,83.86581386231342,82.63688800038265,83.85223683194704,6870000
2012-12-18,81.82211303710938,82.6843967234731,81.4079437730804,82.42639176395274,12024200
2012-12-19,82.09378814697266,82.59622157694157,81.96478293896851,82.13452445261612,4880500
2012-12-20,82.10734558105469,82.5894107430816,81.8968678120271,82.3517737167442,4567900
2012-12-21,83.00357818603516,83.12579225069092,82.79988635157602,83.04431448088756,6087700
2012-12-24,82.85413360595703,82.88808394253402,82.74550185307999,82.83376547604847,1071100
2012-12-26,83.1522445678711,83.15905062432614,82.88686547262363,82.98212949699452,2247800
2012-12-27,83.43123626708984,83.89394947025757,82.90047807347096,82.93449797294653,4262700
2012-12-28,83.9075698852539,83.92798286652194,83.54692670551643,83.7918928637345,3928200
2012-12-31,82.4581527709961,83.67617693819419,82.27443083350181,83.608131968437,6423000
2013-01-02,81.3558349609375,81.58719417148748,81.25377006518045,81.49193014111405,7472700
2013-01-03,80.25347137451172,81.30818148714764,80.22625234565997,81.23333045568005,10004300
2013-01-04,80.56649017333984,80.59370920481135,79.85881092957916,80.06295106986568,9574600
2013-01-07,80.60051727294922,80.79105051027913,80.29431222665093,80.54608439664055,4193100
2013-01-08,81.1312255859375,81.17205151333685,80.85223457138494,81.00193656051107,4380900
2013-01-09,81.05644226074219,81.34223437412183,80.88632716589707,81.1449002411214,3870300
2013-01-10,80.83186340332031,81.17889954014548,80.53926532550675,80.72298728529711,5602800
2013-01-11,81.55313110351562,81.5599371572303,80.53244108922507,80.64811804488518,4770700
2013-01-14,81.32855987548828,81.84571082075234,81.22649505007152,81.6824019085888,3064600
2013-01-15,81.70283508300781,82.13152303028508,81.63479011873335,82.07028411988746,5357800
2013-01-16,81.87297058105469,82.11793666695257,81.66202958155903,82.08391158055036,4286100
2013-01-17,81.05644226074219,81.34904043153583,80.80467005143117,81.19933831743201,7019200
2013-01-18,81.68244171142578,81.79811869759722,81.28777355584168,81.36262459195244,4660000
2013-01-22,81.83889770507812,81.85931585989591,81.23328889955715,81.34897101087287,3874100
2013-01-23,81.71647644042969,82.04990573145207,81.62121241199478,81.88659151856349,2848800
2013-01-24,81.43063354492188,81.63477358790541,81.15164769044112,81.5667286374099,4178900
2013-01-25,80.31468200683594,80.70254394623495,80.13776097736533,80.5800609552933,8750700
2013-01-28,80.02210998535156,80.10376706962138,79.61383494700003,79.62744186529561,6059900
2013-01-29,79.57980346679688,80.34872667190425,79.52537060649149,80.03571566128026,5553900
2013-01-30,79.4437255859375,79.58662159998585,79.04225657382537,79.38928752587171,9586800
2013-01-31,79.83158111572266,79.8451880338709,79.30762910728687,79.63424705783162,6789200
2013-02-01,78.79501342773438,80.37036644145387,78.7745551085481,80.28853316470874,10928600
2013-02-04,79.80429077148438,79.98160479196099,79.39510897294734,79.51104286197754,9291900
2013-02-05,79.09503936767578,79.40192439359713,79.01320093268346,79.29280648027404,6676500
2013-02-06,79.74290466308594,79.77018413956766,79.14277178957238,79.46329393141936,5892000
2013-02-07,79.56564331054688,80.19305607565775,79.5315478446572,79.63383944535778,5951700
2013-02-08,79.87249755859375,79.89977704077334,79.26554338842814,79.65426690418622,5603400
2013-02-11,79.81111145019531,80.04980039761773,79.73609418057272,79.82475379177878,3679900
2013-02-12,79.61336517333984,79.80431639376272,79.42241395291695,79.57926971428176,4513700
2013-02-13,78.9654541015625,79.29279739798051,78.8017824533535,78.972275271121,6586400
2013-02-14,79.68156433105469,79.81796178157649,79.1018894746715,79.30648304893884,7096000
2013-02-15,79.44963073730469,79.61330233948692,79.15638296508885,79.55874860744379,5861800
2013-02-19,79.05414581298828,79.72248026347141,78.99958683682021,79.69520077538736,7383600
2013-02-20,79.29280853271484,79.36100983182136,78.81543065714094,78.89726909425158,9603900
2013-02-21,79.7565689086914,80.00207907744654,79.6133555107559,79.72247345377147,8297400
2013-02-22,79.81111145019531,80.02252091747961,79.70881470043462,79.77701600229429,5316900
2013-02-25,81.37963104248047,81.39326817823729,79.30643780458314,79.34735441488138,15948700
2013-02-26,80.90907287597656,81.61150246738778,80.87497223049859,80.97045299723132,9822100
2013-02-27,80.67044830322266,81.52291308975215,80.47267584838396,81.48881241707811,7459600
2013-02-28,80.82048797607422,80.92278479744084,80.45904371654026,80.76592897760769,6023400
2013-03-01,81.26058197021484,81.4724455673334,81.01454447037148,81.21957224410397,7786800
2013-03-04,80.82998657226562,81.30839497859762,80.82315596538074,81.18537627002125,4511400
2013-03-05,80.59762573242188,80.7821511994834,80.42676669417068,80.69330637670623,6539300
2013-03-06,79.86638641357422,80.30378533785237,79.85955058888679,80.03724553131433,6514900
2013-03-07,79.25126647949219,79.62715850056439,79.21709779570683,79.55881591878892,8526700
2013-03-08,78.42436981201172,78.84126666126456,78.33552490851197,78.50638410200219,15423600
2013-03-11,78.4994888305664,78.75236212255885,78.41747460268118,78.67718371721529,5815800
2013-03-12,79.06675720214844,79.13509979793947,78.75237709014498,78.76604352362085,9264200
2013-03-13,78.98474884033203,79.10093178324904,78.61569253853136,78.7592135646417,7371500
2013-03-14,78.74559020996094,79.03263241921549,78.58156683527393,78.6567400874233,9352100
2013-03-15,79.11456298828125,79.19657198173172,78.80018301357948,78.8206852619421,9673400
2013-03-18,79.71601104736328,79.88003430233333,79.38112871432288,79.84586561524243,9152200
2013-03-19,80.2559585571289,80.57033876119783,79.75704755475837,79.81172373308533,11986200
2013-03-20,79.36060333251953,79.95518941384287,79.33326526229033,79.76382813644209,8543900
2013-03-21,80.12605285644531,80.13288867793015,79.6408138151022,79.86634899626569,6119400
2013-03-22,80.18755340576172,80.30373628344387,79.80482567015686,80.16705115842996,6323800
2013-03-25,80.11236572265625,80.49508819962833,79.73647385119962,79.80481640577283,5839800
2013-03-26,80.2081069946289,80.58399915033218,79.81171257847029,79.87322457404292,5093200
2013-03-27,80.89151000976562,81.17171614370693,80.76849128373654,80.85050550582409,7742900
2013-03-28,80.48146057128906,80.95302807510987,80.42678441559224,80.72749805771957,5826400
2013-04-01,81.0875473022461,81.10809403294789,80.47111925360991,80.49166598431171,6113800
2013-04-02,80.75887298583984,80.91640156840897,80.64928334099012,80.86845740516769,5438000
2013-04-03,81.48487854003906,81.70405258389933,80.99173563497314,81.0328291352215,9527400
2013-04-04,82.45750427246094,82.47120559641041,81.82737923440908,81.90956627600993,9365700
2013-04-05,84.1218032836914,84.53960454956365,83.99166692121696,84.16289677688523,18626200
2013-04-08,83.47798919677734,84.15606328379315,83.40949828989771,84.01907624451263,8020300
2013-04-09,83.27251434326172,83.72455849750604,83.13552730748987,83.58072602908643,7176100
2013-04-10,82.1286392211914,82.64232846758209,82.1217885680947,82.59437912142242,10765200
2013-04-11,82.2862319946289,82.52595278525324,82.11500211196561,82.30677874446508,7501800
2013-04-12,83.5122299194336,83.51908057717553,82.80676371211722,83.10127928877094,9253000
2013-04-15,84.23828125,84.2656786679281,83.47117445010582,83.64924982835373,12948400
2013-04-16,83.54652404785156,83.91637616150958,83.47802788370693,83.50542530426006,6553500
2013-04-17,84.10122680664062,84.60806553710145,83.76561787131696,83.76561787131696,9020900
2013-04-18,84.30670166015625,84.39574450031972,83.97109271593682,84.1149251206023,7009500
2013-04-19,84.12863159179688,84.23137052300874,83.99164460834136,84.20397312631763,5474300
2013-04-22,84.19031524658203,84.44373737756864,84.01908534806937,84.13552042493275,4519400
2013-04-23,83.89578247070312,84.78617985125352,83.82044091270944,84.42317337665891,8042900
2013-04-24,84.10810089111328,84.12179697931128,83.76564120544184,83.8820762444453,3673600
2013-04-25,83.74507141113281,83.81356751410495,83.6286363969106,83.73137532584978,4297800
2013-04-26,84.51227569580078,84.59446797437734,84.25200798526215,84.3821392277691,4898800
2013-04-29,84.2040023803711,84.74508939558622,84.0807166651889,84.6423504286809,4916000
2013-04-30,84.2519302368164,84.71767560123999,84.01905494184466,84.42316007336154,4477400
2013-05-01,85.11747741699219,85.28907139318511,84.7193781354328,84.73996857471474,10724600
2013-05-02,85.00761413574219,85.0899810901415,84.77424895322252,84.82915501952534,4171800
2013-05-03,83.0034408569336,83.86827598907854,82.93480431172937,83.84768554918054,11283600
2013-05-06,82.79747772216797,83.22303243299139,82.58470298507109,83.15439592779528,5121900
2013-05-07,82.47492980957031,82.70829509958722,82.39942804241602,82.49552024849739,5049200
2013-05-08,82.60530853271484,82.9347711492413,82.48176070609625,82.55039722385533,5732900
2013-05-09,82.39256286621094,83.2711231718386,82.35138198833229,82.71516037394694,7527000
2013-05-10,81.50711059570312,82.22094191900014,80.88937144702007,82.20035148681583,11689000
2013-05-13,80.88253784179688,81.12277360887285,80.73839952353099,80.90999350765222,8050800
2013-05-14,80.00401306152344,81.29440374744165,79.9902878408081,81.23262716263476,9236100
2013-05-15,80.53934478759766,80.80017097843609,79.9078802226996,80.66975788301687,14608600
2013-05-16,81.37671661376953,81.63754278024443,80.94430172666978,80.9717573882267,8458400
2013-05-17,80.34712219238281,81.09527428341464,80.29221612686497,80.95799602804505,7435500
2013-05-20,80.2510986328125,80.76588074808109,80.16187161802102,80.7384250735373,5839800
2013-05-21,80.88253784179688,80.903133518663,79.9078852687802,80.25793846264469,7781800
2013-05-22,79.68136596679688,81.36985508241285,79.48232158839059,81.00607150115778,18361500
2013-05-23,80.058837890625,80.47066214324536,79.46168932051629,80.40889086183559,9207100
2013-05-24,80.16867065429688,80.5942201667832,80.1068941284207,80.29221846941907,5357600
2013-05-28,78.13700866699219,79.80490185931757,78.12328345684766,79.68135402149231,13567500
2013-05-29,79.01559448242188,79.05677536017268,78.56258388063317,78.67240653681193,11298600
2013-05-30,78.82342529296875,79.18720900850774,78.6106503871866,79.10484199499506,10011800
2013-05-31,78.55573272705078,78.94696684566208,77.67717226677512,78.91265118693364,18158800
2013-06-03,78.97196960449219,79.4604695758679,78.22889700750736,78.28394058859767,15564500
2013-06-04,78.2426528930664,78.77243287394548,78.20137283589888,78.40777837098084,7504300
2013-06-05,79.3228988647461,79.34353890392846,78.52478235471453,78.63486956268315,8056100
2013-06-06,79.27470397949219,80.35490932349907,78.7174021568804,79.04077138469249,8925200
2013-06-07,77.85736846923828,79.00637570301998,77.85736846923828,78.58667756984907,10459300
2013-06-10,77.48587799072266,77.82989271324526,77.32074714445318,77.54091635689772,7892600
2013-06-11,78.40782165527344,78.40782165527344,77.14185021032156,77.24505041021108,12841200
2013-06-12,77.28628540039062,78.3183287210606,77.24500009807807,77.74726349047137,10193200
2013-06-13,78.49723815917969,78.55228174746127,77.67160533193791,77.79545078094873,12506300
2013-06-14,78.31146240234375,78.88940950547365,78.31146240234375,78.50410968697211,6679100
2013-06-17,77.89862060546875,78.49032578603713,77.74725343147549,78.44904048906608,5982100
2013-06-18,77.93992614746094,78.21513880390361,77.55463157798808,77.64407346040291,5192700
2013-06-19,77.13500213623047,78.29089212305682,76.79786908777055,78.25648854190297,17138200
2013-06-20,75.86894226074219,76.51569108746841,75.18779513957456,76.19919843269109,27898500
2013-06-21,74.58236694335938,75.9653071165243,74.56172690706899,75.78641805326383,19781000
2013-06-24,74.89196014404297,75.26349645649442,74.14201100817904,74.19017283113136,24588900
2013-06-25,74.22452545166016,75.00887765657419,74.21076718896069,74.92631758189383,11078000
2013-06-26,74.70616149902344,75.02953584518728,74.33462535125494,74.99513230865138,13582200
2013-06-27,75.46990203857422,75.66254931703283,74.96075680351115,75.36669663961578,12026000
2013-06-28,75.98589324951172,76.0134150281241,74.8024830153919,75.00201197339979,12017000
2013-07-01,76.1390380859375,76.20109980472178,75.46322511208538,75.67010803053532,5500400
2013-07-02,76.09075927734375,76.4079811487642,76.02180005969842,76.20109823457713,5333900
2013-07-03,75.86318969726562,76.30453497642405,75.86318969726562,76.0700673374176,3839000
2013-07-05,73.27714538574219,74.13225080560618,73.2150784399163,73.98053745052987,14511900
2013-07-08,73.98743438720703,74.1736247007794,73.75296685988633,73.83572103327862,8044200
2013-07-09,74.06329345703125,74.21500681586127,73.83572341878622,74.1253551431444,4700400
2013-07-10,73.48401641845703,74.05638756689886,73.30472361584097,74.05638756689886,10792200
2013-07-11,74.34607696533203,74.38745671141793,73.74612589023131,74.0978195338242,10035500
2013-07-12,74.28398895263672,74.80119087505713,74.02193661141035,74.71153917463758,4730800
2013-07-15,74.67703247070312,74.69771969756336,74.27016438454282,74.3391288224075,4574800
2013-07-16,74.93217468261719,75.0011338477037,74.66322499465979,74.77356386779586,3650200
2013-07-17,75.0700912475586,75.41489232613043,74.93217292062863,75.29766122211527,5932000
2013-07-18,74.13228607177734,74.93911992260256,74.11849633350504,74.89774544653483,9066400
2013-07-19,75.3045654296875,75.31146292550484,74.64944538072986,74.69081983313836,8523800
2013-07-22,75.41493225097656,75.64250234600938,75.25632135591589,75.41493225097656,3972600
2013-07-23,75.09769439697266,75.1666535773628,74.69772378496235,74.93908354695195,5015500
2013-07-24,74.14604949951172,74.40120428764011,73.64264268181783,74.2357011808468,8853100
2013-07-25,74.11843872070312,74.20118760851726,73.65640129833861,73.76674016375303,6443400
2013-07-26,74.57361602783203,74.67015995964911,74.22881476812826,74.50465682814121,6795500
2013-07-29,74.02880859375,74.35292252855037,73.8357207844004,74.23569139590927,6397800
2013-07-30,74.0012435913086,74.31156787725143,73.82195072698565,74.2770856472857,3635400
2013-07-31,74.27020263671875,74.42191606016294,72.99443879787088,73.13925472172652,10483100
2013-08-01,72.83910369873047,73.62031086126066,72.5902225138681,73.62031086126066,13568600
2013-08-02,73.6410903930664,73.70331336057916,73.26777368588507,73.28851291689806,9568400
2013-08-05,73.07416534423828,73.45440200558527,72.96355439923748,73.41292356051893,6611800
2013-08-06,73.28849029541016,73.28849029541016,72.82529142303964,72.95664687820897,4589000
2013-08-07,73.83464813232422,73.93143469953455,73.3991033054054,73.3991033054054,7183400
2013-08-08,74.03512573242188,74.38770835984575,73.82772822029816,73.95908367010688,5510900
2013-08-09,74.15267181396484,74.15958137363842,73.6134307889364,73.69638770080351,3623400
2013-08-12,73.64799499511719,74.40846324861398,73.60651653885449,74.3946388546841,7562800
2013-08-13,72.58336639404297,72.83916261719189,72.45201613845855,72.8184233807562,11485600
2013-08-14,72.69391632080078,72.83909611778198,72.50034325815918,72.54873652381958,6431600
2013-08-15,71.71224975585938,72.33444762527766,71.68459569674506,71.9680405723399,11846300
2013-08-16,71.46339416503906,71.87819465178816,70.97945586843649,71.87127981590794,10175900
2013-08-19,70.84111785888672,71.21443949492716,70.66136923239267,71.15913141377993,9022000
2013-08-20,71.38729095458984,71.4564234358935,71.1038409244336,71.1314949718491,10050100
2013-08-21,70.60611724853516,71.34584627957777,70.59229285449918,71.04857170030981,13248800
2013-08-22,71.3250732421875,71.36655695357777,70.68213109757976,70.83422573224598,8751200
2013-08-23,72.0993881225586,72.16852062552175,71.02781586597807,71.21447942589766,17441200
2013-08-26,72.45893096923828,72.51423912007154,72.12709261318986,72.28609695374102,5879100
2013-08-27,73.37144470214844,73.45440687224938,72.61789143633499,72.79072533485792,11573300
2013-08-28,72.77685546875,72.98425814220111,72.54871885731667,72.87364725097117,7497900
2013-08-29,73.35760498046875,73.49586996060313,72.4450423979575,72.50726005667669,6672400
2013-08-30,73.27465057373047,73.75167377222179,73.10181669305639,73.29538979549592,8987600
2013-09-03,72.24118041992188,72.55310049616077,71.7490371522323,72.49764639288449,12084300
2013-09-04,72.08174896240234,72.53923736766953,72.05402191162304,72.40060211377302,4579600
2013-09-05,71.07664489746094,71.81139298983135,71.06971181496901,71.72128407100614,12290600
2013-09-06,71.43017578125,71.96390692085589,71.26381349054182,71.56880573511306,9478400
2013-09-09,71.46481323242188,71.95695632376989,71.45095235576653,71.95002852963844,6874900
2013-09-10,70.96578979492188,71.63122342511988,70.95192890796618,71.20840026801602,8069000
2013-09-11,71.59648895263672,71.61034982417998,70.83401409638479,71.34001787776694,8962400
2013-09-12,71.4994888305664,72.0886740511907,71.43710165113436,71.98469894439967,6254400
2013-09-13,71.77676391601562,71.97084798830984,71.55495279219447,71.74903686448869,6106200
2013-09-16,71.2984619140625,72.37286238943362,71.29152883098982,72.31740830163797,8231600
2013-09-17,71.88763427734375,71.90842823447323,71.37469727737955,71.6519623786871,8795300
2013-09-18,72.7749252319336,73.16309873907304,71.38167632320054,71.83222645350192,19749200
2013-09-19,72.34514617919922,72.84421717891722,72.19958314323226,72.81649541926095,11627800
2013-09-20,72.72642517089844,72.90664844801279,72.40063876979065,72.56700115869477,8421000
2013-09-23,73.26011657714844,73.287843624807,72.85808231868977,72.92739729363936,10242100
2013-09-24,74.05030059814453,74.0572283920493,73.3640682373275,73.46804331821423,11446600
2013-09-25,74.20281982421875,74.36224374803378,73.7453314409709,73.84930655429031,8130900
2013-09-26,73.68291473388672,73.90472573625445,73.60666670603611,73.80768375324303,5117100
2013-09-27,73.86314392089844,74.04336704071947,73.64826596659906,73.67599300721709,6460000
2013-09-30,73.75224304199219,74.09882312650494,73.5997469586638,73.9324661666887,8438800
2013-10-01,73.52845764160156,73.68829914086723,73.34081116581665,73.59795417616253,7592500
2013-10-02,73.63965606689453,74.0010465548919,73.50066298827774,73.61880763532662,5967200
2013-10-03,73.52152252197266,73.95240961434459,73.4589719155774,73.49372284160219,6648900
2013-10-04,73.46593475341797,73.51458287618075,73.21574289285287,73.43813506866098,5545300
2013-10-07,73.76477813720703,73.91767375929486,73.65358469530096,73.80647501514082,5761100
2013-10-08,73.78561401367188,74.02190865364445,73.54932467594635,73.65357215527993,5904000
2013-10-09,73.19486999511719,73.62575701148809,73.18097280850661,73.57710890498218,8439000
2013-10-10,73.3130111694336,73.34081084358498,72.63193771058442,72.83348137149774,9944100
2013-10-11,73.29218292236328,73.82731751821136,73.25743729679017,73.77866940061128,6500800
2013-10-14,72.70145416259766,73.41727873580938,72.5068616924718,73.24353470144742,4205600
2013-10-15,72.65279388427734,73.18097714495839,72.64584263943718,73.07672968134096,8291000
2013-10-16,73.563232421875,73.57018366876062,72.46516871284923,72.60416713932277,14460200
2013-10-17,74.23038482666016,74.44583099208121,73.86899963982673,74.02884115049005,11303400
2013-10-18,74.39024353027344,74.69603471571968,74.34854666034784,74.43889164593563,9487800
2013-10-21,74.15397644042969,74.30687208994689,73.98718359652406,74.29992614387714,6161600
2013-10-22,74.98098754882812,75.1408344200858,74.75164411268592,74.77944379908935,9708500
2013-10-23,75.2728500366211,75.56474399087811,75.08520884668445,75.10605727865006,9163100
2013-10-24,74.98098754882812,75.52306817807477,74.96709035675043,75.48137129959365,7631400
2013-10-25,75.25896453857422,75.37015796041001,75.1130201899008,75.14776581449142,4429500
2013-10-28,75.00182342529297,75.32151181201259,74.99487748154158,75.06437403478547,6466400
2013-10-29,75.09911346435547,75.1060647097805,74.71687980192604,74.79332759486127,5270500
2013-10-30,74.64736938476562,75.203346963792,74.50837101332475,75.00875454602048,10199300
2013-10-31,74.8072280883789,75.06437115799835,74.45974003322952,74.99487460741786,11452100
2013-11-01,73.99749755859375,74.56193668644461,73.96265340551622,74.54103232118662,11349500
2013-11-04,74.06719207763672,74.33198960624198,74.01841344561805,74.19262360518071,4733200
2013-11-05,73.18222045898438,73.74666513747498,73.1613160850539,73.71879086674316,8753400
2013-11-06,73.21704864501953,73.26582727903464,72.95225110557642,73.1264612722693,5643000
2013-11-07,73.83723449707031,73.89995292001785,73.1473637434808,73.20311227132922,7893700
2013-11-08,72.06028747558594,72.5480737586924,72.04634768665619,72.45051650207111,16889900
2013-11-11,71.78849029541016,72.17872450540109,71.74668157581003,72.14388036142104,4927200
2013-11-12,72.12300109863281,72.1857141998556,71.9000123223877,71.92091668946196,4839500
2013-11-13,72.38778686523438,72.49928389350417,72.29022962373377,72.38082228832072,5782900
2013-11-14,72.83378601074219,73.25189467465492,72.57595835999817,72.68745010496173,8895500
2013-11-15,72.98011016845703,72.98707474581391,72.68743310885868,72.93133154460251,6344800
2013-11-18,73.41915130615234,73.45399547473158,72.9243949478745,72.9243949478745,5451300
2013-11-19,72.86165618896484,73.26582503929018,72.75713434532227,73.13342361537997,7251100
2013-11-20,71.6212387084961,73.05672789545143,71.53065139161463,72.7640562718629,14190900
2013-11-21,71.73974609375,71.90699168530986,71.18924663340104,71.43313980883522,8903000
2013-11-22,72.40869140625,72.56199183453423,72.10904980963038,72.11601438604973,7950700
2013-11-25,72.61775970458984,72.76409559546782,72.35992676363038,72.35992676363038,3755500
2013-11-26,72.88951110839844,73.11946973632713,72.80589365567586,72.8128582324222,6659200
2013-11-27,72.76406860351562,72.95918305230823,72.44352267814635,72.94524858445304,6063000
2013-11-29,72.78499603271484,72.88952318240358,72.4365757447335,72.52716842215052,5084400
2013-12-02,72.21886444091797,72.6242362871404,72.14198338965866,72.5473552358811,7527800
2013-12-03,72.48446655273438,72.65919528475783,72.30973782071092,72.47747591041006,5076900
2013-12-04,71.7925796508789,72.02322297700218,71.55494567879116,71.81354625647184,8502700
2013-12-05,71.58985137939453,71.88339434927475,71.44307989445443,71.62479925631725,7445700
2013-12-06,71.93233489990234,71.98125873958918,71.54094418240767,71.68072505799903,7352000
2013-12-09,72.10002136230469,72.1489451633227,71.86937830080797,71.91830210182596,5678800
2013-12-10,72.61721801757812,72.65216054339446,72.30270329146416,72.57527952138624,7040400
2013-12-11,72.05814361572266,72.5264154391432,72.002229129622,72.3726586008147,8190900
2013-12-12,71.7855224609375,72.10003725018306,71.72960800965443,72.00917493377419,6208600
2013-12-13,72.13497161865234,72.19787670229998,71.84142878108328,72.08604781239083,6471300
2013-12-16,71.86945343017578,72.47052094661065,71.79956297456009,72.3936398457434,6376400
2013-12-17,72.19090270996094,72.26778375642758,71.70165920223721,71.71564048284725,6014400
2013-12-18,71.82747650146484,72.49144880569172,71.6108146051651,71.86941501825942,12973200
2013-12-19,71.75758361816406,71.99521743084638,71.60382150389262,71.89037914090703,6708400
2013-12-20,72.86190032958984,72.88985757390874,72.19793310698805,72.49147617388785,12425700
2013-12-23,72.44949340820312,72.97367938289467,72.44949340820312,72.72206968845909,6378600
2013-12-24,71.86945343017578,72.23288699875734,71.84848682672107,72.1490205849385,4897000
2013-12-26,71.59245300292969,71.77476633296817,71.52934762891243,71.76775284150186,4645300
2013-12-27,71.38909149169922,71.73969110472157,71.3049510083982,71.57140478839399,4755000
2013-12-30,71.87993621826172,71.92901995150149,71.57842032843867,71.62750406167844,4491700
2013-12-31,71.42414855957031,71.90797770335747,70.94031941578315,71.72566441951048,7218600
2014-01-02,71.64152526855469,71.79578995774509,71.30495262825352,71.32598774955663,8580800
2014-01-03,71.64152526855469,71.83786020035132,71.35403636120267,71.38909311346598,4083800
2014-01-06,71.9429931640625,72.22347374369116,71.78172044183843,71.78872857778063,7796200
2014-01-07,72.1253662109375,72.2165202013473,71.91500426417456,72.09731759472068,4428100
2014-01-08,71.92901611328125,72.00614845421724,71.59243813922185,71.83785679232484,8513000
2014-01-09,72.34980773925781,72.37084288083682,71.88000507822393,72.20255639847394,6991100
2014-01-10,73.21224975585938,73.30340377416219,72.70738520892162,72.76347710879278,13197400
2014-01-13,73.57682037353516,73.72407153975944,73.25426943565465,73.28231804108658,9667400
2014-01-14,73.24028015136719,73.5067393652422,73.19820989642997,73.3805232507033,10343100
2014-01-15,73.16319274902344,73.28240079415419,72.87570358072108,72.95283599532841,7507500
2014-01-16,73.65396881103516,73.67500393227891,73.42958526822581,73.52073924352392,7137700
2014-01-17,73.96249389648438,73.99053715669825,73.47866473705238,73.52774846701466,7588600
2014-01-21,74.0185775756836,74.1447936315802,73.90638849806703,73.94144524431763,6436000
2014-01-22,73.83631134033203,74.1518489833488,73.79423573146276,73.88539509257303,4646700
2014-01-23,74.88106536865234,75.09142192488133,74.24297151038908,74.24297151038908,12960600
2014-01-24,75.36491394042969,75.37192208263328,75.02132238228647,75.16156547226132,11122200
2014-01-27,74.83899688720703,75.44903679931437,74.81795641633641,75.1825830152684,9218200
2014-01-28,75.02129364013672,75.02129364013672,74.71276965984747,74.96520177536355,5661500
2014-01-29,75.63836669921875,75.83470163761255,75.02130792172295,75.28776706645098,11709400
2014-01-30,75.42097473144531,75.49810706169895,75.1054372711166,75.35786937926945,5956900
2014-01-31,75.92584991455078,76.01700923604929,75.62433403902392,75.86975269358638,14690900
2014-02-03,76.85099792480469,76.86505538893833,75.64888361398249,75.77542224477416,20780300
2014-02-04,76.03555297851562,76.39407473360373,75.901982895209,76.2886249501195,9573500
2014-02-05,75.3325424194336,75.76839354736599,75.22709266276055,75.70512691140061,10312200
2014-02-06,75.00918579101562,75.23414284114358,74.88264711510621,75.19899648657932,5708700
2014-02-07,75.0724105834961,75.3746969322594,74.82636480273428,74.84042226303676,7039200
2014-02-10,75.28333282470703,75.30442706814375,74.91777972277039,74.94590001728825,4370500
2014-02-11,74.84745025634766,75.00210912959007,74.62952476953998,74.94586856415728,5904900
2014-02-12,74.4608154296875,74.66468349066574,74.24992131941086,74.6365632032829,6723300
2014-02-13,74.88263702392578,75.03026992875772,74.72798343056571,74.93184620440361,6874600
2014-02-14,74.92479705810547,74.96697481025774,74.70686615739297,74.91776564494783,4989100
2014-02-18,75.093505859375,75.3606405350688,74.95290979077747,74.98103007717621,4855800
2014-02-19,74.77719116210938,75.34661243423352,74.72798198258505,75.34661243423352,5522500
2014-02-20,74.5943832397461,74.95993623807952,74.2991282760849,74.74201072157669,5103200
2014-02-21,74.98802947998047,74.99506088993067,74.48187523145226,74.48187523145226,5250700
2014-02-24,74.7982406616211,75.03725501820855,74.63655037780362,75.0091347356579,3816700
2014-02-25,75.4661636352539,75.4731950545385,75.14278807238188,75.15685091095104,6225400
2014-02-26,75.86679077148438,75.86679077148438,75.38875665591152,75.43796581354125,7203900
2014-02-27,76.2815933227539,76.31673967241416,75.99336429318849,76.11990295144187,5394700
2014-02-28,76.3237533569336,76.44326057213286,75.76838967269353,76.1198852680305,8462600
2014-03-03,76.83324432373047,76.93895012961713,76.55841245427754,76.72753851784383,11089400
2014-03-04,75.6775894165039,76.35409949163055,75.65644931672247,76.35409949163055,8068100
2014-03-05,75.8396224975586,75.95237141423324,75.54364516639382,75.64230248464186,4798500
2014-03-06,75.0926284790039,75.38155728323817,75.06443990958446,75.23357132610106,7418200
2014-03-07,74.62049865722656,74.8178133106875,74.416135515736,74.44432409143343,8270300
2014-03-10,74.72622680664062,74.77555548474953,74.54300369805497,74.65575803454543,3744300
2014-03-11,74.92350006103516,74.93759165708771,74.54296245057989,74.6839052932039,3815700
2014-03-12,75.44502258300781,75.58596551426697,75.24770785566807,75.34636521933794,6430500
2014-03-13,76.4597396850586,76.48087976667988,75.15604934635763,75.19128102358658,11815500
2014-03-14,76.47386169433594,76.79802766284818,76.33292417653018,76.79097917403139,9232800
2014-03-17,75.90306091308594,76.31883574781308,75.87487233306868,76.23427000776131,7381900
2014-03-18,76.1778793334961,76.21311639637194,75.82553021042125,75.88190736045425,4819500
2014-03-19,75.58596801757812,76.09335183406884,75.26885044405978,76.0510662650791,11557600
2014-03-20,75.45204162597656,75.84667092663867,75.39566447547598,75.46613322539122,5224400
2014-03-21,76.26948547363281,76.3329057283915,75.66344461597703,75.6916331880099,8986200
2014-03-24,76.81208038330078,76.87550062128479,76.0721453483069,76.14261944795886,7536400
2014-03-25,76.52316284179688,76.68524576776018,76.22719093499754,76.39632234724266,5032000
2014-03-26,77.12215423583984,77.15034280225116,76.44564477122607,76.49497341834106,7147200
2014-03-27,77.5097427368164,77.79162305291213,77.10806503371644,77.26309947639008,9772200
2014-03-28,77.07281494140625,77.43925550129242,76.8261663634856,77.41811542350918,6027000
2014-03-31,76.88258361816406,78.27084013234284,76.34701140362749,76.62889179951102,7488400
2014-04-01,76.22554779052734,76.55760915592717,76.19022004900357,76.48695906313618,9067300
2014-04-02,75.7874984741211,75.98532625388746,75.71684839076103,75.87228180830668,6887200
2014-04-03,76.11957550048828,76.260881086619,75.90762520667765,75.96414205087298,4937400
2014-04-04,76.62825012207031,76.79075016736624,76.1972776000419,76.21141085107072,8977500
2014-04-07,77.08744049072266,77.21461272732728,76.72711825530075,76.74125149839732,7562500
2014-04-08,77.27116394042969,77.34181401168833,76.81193039186613,77.0309472298444,4213800
2014-04-09,76.88966369628906,77.25704738034563,76.7554247587222,76.92498604442092,5771500
2014-04-10,77.60318756103516,77.87166526659053,76.9390706989174,76.95319855119537,12706400
2014-04-11,78.23202514648438,78.2744141139759,77.80811391054797,78.09778622908749,10267000
2014-04-14,78.02711486816406,78.21080393735566,77.92820371082895,78.0553759688675,4142600
2014-04-15,78.5146484375,78.7831263508983,77.96357013774517,78.14726470108239,7752000
2014-04-16,78.61353302001953,78.61353302001953,77.98473820994721,78.02006594140275,5523000
2014-04-17,77.75157165527344,78.74068317495468,77.50428838509961,78.68416636686827,8622500
2014-04-21,77.68800354003906,78.1543037152419,77.60322021993267,77.97767584104476,4316300
2014-04-22,77.9493637084961,78.0624026710541,77.44067490135649,77.4760026091723,5748700
2014-04-23,78.39449310302734,78.45808192287953,78.09069302879753,78.14014860412549,5748600
2014-04-24,78.5428695678711,78.57113067017033,78.03418050699288,78.03418050699288,6337800
2014-04-25,78.65594482421875,79.12223971939176,78.64887819830903,78.76898388749308,5976500
2014-04-28,78.27439880371094,78.62058788110707,78.10483757665527,78.50048223653656,7606000
2014-04-29,78.16844940185547,78.23203825400213,77.74454348515033,77.83638806018865,5235200
2014-04-30,78.49344635009766,78.60649080590409,77.98475707948143,78.2249738529419,7721400
2014-05-01,79.33550262451172,79.3779998740367,78.49979542835379,78.5281251269246,11556500
2014-05-02,79.82414245605469,80.10035013141575,78.82554672282654,78.99551942997145,12702100
2014-05-05,79.34259796142578,79.89501365570848,79.2434467036488,79.85960557983859,8043000
2014-05-06,79.66130828857422,79.8171135586286,79.34968694178816,79.39926257392789,6522600
2014-05-07,79.37799835205078,79.72502769704879,79.27884711062278,79.5408873615379,8199200
2014-05-08,79.03805541992188,79.85960053629007,78.93890416840681,79.56214137840692,10878800
2014-05-09,78.7831039428711,79.18679277842587,78.59896896759254,78.98849024914824,6000600
2014-05-12,78.46438598632812,78.70518031496549,78.28732942585802,78.62019662407579,4563800
2014-05-13,79.14430236816406,79.14430236816406,78.84684856881657,78.92475390721788,5501000
2014-05-14,80.00119018554688,80.19241418808873,79.71789876906574,79.76747436169987,8851400
2014-05-15,80.63859558105469,81.0281219592498,80.45445534742295,80.58193621634732,12627900
2014-05-16,80.41194915771484,80.7377323415703,80.32696012583946,80.46152474214212,5019200
2014-05-19,79.81710052490234,80.70946716103708,79.76044652837872,80.68822123692351,7403300
2014-05-20,79.99417114257812,80.36953568006415,79.73920920177267,79.74629297883357,6549800
2014-05-21,79.50548553466797,79.60463678388182,79.22927771138113,79.47715583441575,8224600
2014-05-22,79.39216613769531,79.60463618632309,79.17261771656096,79.50548493785354,6495700
2014-05-23,79.81710052490234,79.96583280037294,79.64004395283882,79.68961957688309,3835000
2014-05-27,80.2845230102539,80.31285270684702,79.60462650203063,79.92332613286315,6658300
2014-05-28,81.27605438232422,81.33270838165653,80.80153863913263,80.80862241530093,10361000
2014-05-29,80.8440170288086,81.58057288164235,80.82984947977782,81.35394072718096,10692000
2014-05-30,80.80859375,81.02106373297512,80.60320754068036,80.70944253216791,6518900
2014-06-02,80.2078857421875,80.71912667802715,79.91676574207001,80.2646914944574,11728200
2014-06-03,79.22090911865234,79.9096639699609,79.17830751293668,79.81735868514538,12694100
2014-06-04,79.19962310791016,79.39843786144222,79.00790501179299,79.35583624776984,7882000
2014-06-05,79.23515319824219,79.50497796832784,78.83042146041156,78.90852806045763,6915600
2014-06-06,79.23515319824219,79.81740436851211,79.16414867564517,79.6185841210235,7832800
2014-06-09,79.1215591430664,79.27067028850828,78.95824384055466,79.13575788283764,5162800
2014-06-10,78.83038330078125,79.00789722999308,78.69547639834099,78.84458744880351,5986000
2014-06-11,78.97242736816406,79.19964506623973,78.70970470398707,79.00083025758568,5569700
2014-06-12,79.67539978027344,79.7748072076885,78.81623249058701,79.02925150207555,9775900
2014-06-13,79.63278198242188,79.96650917128052,79.1925453094364,79.22094819969004,5412500
2014-06-16,79.83158111572266,79.97359012179892,79.5972613801301,79.67536795866096,5184600
2014-06-17,79.19962310791016,79.59015054026365,79.15702149423777,79.5759518081381,6668800
2014-06-18,79.81027221679688,80.06589273566098,79.21382253368203,79.38423982445529,11256500
2014-06-19,78.78778839111328,79.92387655121853,78.63157525335588,79.88837701273454,14215500
2014-06-20,79.38420867919922,79.38420867919922,78.74515763276148,78.7948613020792,7319100
2014-06-23,79.13573455810547,79.65407779240499,79.10733708693297,79.58307327987963,5821700
2014-06-24,79.9380874633789,79.98779115529805,79.39844351018803,79.63276323664809,9698300
2014-06-25,80.14405059814453,80.49197664254358,80.01624025691437,80.30736050136686,5699300
2014-06-26,80.52745819091797,80.80437961345814,80.38544373237322,80.38544373237322,6628900
2014-06-27,80.40673065185547,80.81856438452033,80.35702695427845,80.7191569893663,7216500
2014-06-30,80.60553741455078,80.80435760235483,80.30021318347197,80.63394029852279,5593100
2014-07-01,79.9306869506836,80.25815438226824,79.87373467616422,80.08730298997796,8019200
2014-07-02,79.07644653320312,79.49645745415137,78.99813849179424,79.4679813089782,9382500
2014-07-03,78.7916488647461,78.91978873465803,78.54960447434958,78.57808060447073,6173900
2014-07-07,79.36824035644531,79.59604386509575,79.18315373966087,79.21162442588611,5928900
2014-07-08,80.25816345214844,80.34359187358167,79.90221984307934,79.90221984307934,6352100
2014-07-09,80.32219696044922,80.5428801524597,80.0018446097317,80.20117749587997,6395200
2014-07-10,80.3436050415039,80.9131170818621,80.31512889635907,80.82768864642757,7196900
2014-07-11,80.85612487792969,80.92731249001622,80.6425566104034,80.69238848199065,4676500
2014-07-14,80.50733184814453,80.73514099730872,80.39343270483148,80.6425921726435,4743300
2014-07-15,80.3436050415039,80.77785675024143,80.08732516646967,80.32224929046261,7720000
2014-07-16,80.77071380615234,80.85614221773652,80.40053488515652,80.4432463753147,4615800
2014-07-17,81.78870391845703,81.90260845510647,81.11241338371951,81.3188612829462,10901000
2014-07-18,81.52532196044922,81.83855407493165,81.23345102481024,81.78160179388603,6677900
2014-07-21,81.9310531616211,82.31547270393737,81.8741063426326,81.8741063426326,5724100
2014-07-22,82.10189056396484,82.1944338753694,81.61780741341754,81.93103385346751,5753200
2014-07-23,81.99517059326172,82.31551767122494,81.98805020027386,82.23009468044461,3489600
2014-07-24,81.38292694091797,81.56801909376797,81.33309506491226,81.52530217771512,6609000
2014-07-25,82.34396362304688,82.35108401342426,81.98090518279761,82.10903962199158,7041800
2014-07-28,82.23007202148438,82.50770752755339,81.95243651541534,82.28701885588974,5138300
2014-07-29,82.5290298461914,82.62869355512204,82.1659660886499,82.48631837986821,6579300
2014-07-30,81.38292694091797,82.13752547222371,81.27614279768655,81.97379449303371,12251200
2014-07-31,81.14089965820312,81.56803086148338,80.77783569134434,80.82054718229199,18254000
2014-08-01,81.76897430419922,81.99024531319883,80.69119231519561,81.06948716059675,14951200
2014-08-04,81.55484008789062,81.94740780958932,81.55484008789062,81.74755435918298,5183800
2014-08-05,81.81897735595703,81.94032168901147,81.14090197727042,81.41927022288714,8032000
2014-08-06,81.86893463134766,82.41853734386045,81.79755914086051,82.41853734386045,7289200
2014-08-07,82.63262176513672,82.63262176513672,81.77610542395433,81.96881969476104,9745500
2014-08-08,82.4542465209961,83.0966370147682,82.35431971592071,82.74689319700435,9536700
2014-08-11,82.44706726074219,82.6683328575855,82.29003795500844,82.54699401064558,6668800
2014-08-12,81.91175842285156,82.39711934728673,81.89034632179714,82.37570724623232,8122400
2014-08-13,82.44706726074219,82.45420099602138,81.92601596858924,81.99025770529826,8210500
2014-08-14,83.11087799072266,83.1537021891723,82.36142184425407,82.74685596710077,9028200
2014-08-15,84.01734924316406,84.48129797847214,83.2893107175171,83.30358363364374,17606700
2014-08-18,83.18221282958984,83.72467600918678,83.07514694017505,83.66043429729896,7595300
2014-08-19,82.9253158569336,83.61766959593453,82.78256486657517,83.56770620474896,5936900
2014-08-20,82.78962707519531,82.87528086276754,82.48984698708732,82.82531751474953,7275600
2014-08-21,83.25360870361328,83.33926252528319,82.81107212671677,82.84676258047891,6790700
2014-08-22,83.71756744384766,83.81749419168213,82.94669929289661,83.3249941876413,10149900
2014-08-25,84.0316162109375,84.06730121921528,83.66045509477745,83.8317572930674,5760700
2014-08-26,83.76044464111328,84.21725447617106,83.66051783004455,84.18156944113382,5487600
2014-08-27,84.47412109375,84.51695071421243,83.79604624559484,84.01017256551894,7265800
2014-08-28,84.91671752929688,85.20222493650732,84.70258561248883,85.03091722482054,9463600
2014-08-29,84.97380828857422,85.24503729264308,84.75967640153031,84.88101526290848,8512900
2014-09-02,83.50799560546875,83.97299762628788,83.48652918746929,83.90145927370236,10506000
2014-09-03,83.97294616699219,83.97294616699219,83.20747480155853,83.27186310004635,6553900
2014-09-04,82.94998931884766,83.61530641596919,82.93568383051279,83.42930777748171,12528900
2014-09-05,82.79259490966797,83.41498453397777,82.5851298822227,83.3005242700922,6886000
2014-09-08,82.82836151123047,83.43644565046684,82.59228005285985,83.27906346957913,9326400
2014-09-09,82.76390838623047,82.90698495942205,82.59220994877488,82.62082635501748,5353100
2014-09-10,82.24173736572266,82.35620308650859,82.1201216309071,82.24889283777827,8729400
2014-09-11,81.96986389160156,82.65664162796706,81.96270842177843,82.45633213711349,9274800
2014-09-12,81.11137390136719,81.49768733607755,80.9969136936882,81.33314976415963,11114900
2014-09-15,81.23297882080078,81.60498124403142,81.09705223441735,81.44759371411845,5510700
2014-09-16,80.9039077758789,81.45476423236055,80.89675776539606,81.27591572587073,9304700
2014-09-17,80.69647979736328,81.43333505832192,80.646402414328,81.21871458358476,12917000
2014-09-18,80.95403289794922,81.18295888755492,80.73225692256241,80.96833838441314,7031200
2014-09-19,81.98419952392578,82.0414323875104,80.98264624330008,81.25449961631388,13236900
2014-09-22,82.0843276977539,82.29894813761179,81.86971271592054,82.02710031074638,6617200
2014-09-23,82.59226989746094,82.60658083998038,82.10580155428192,82.2059617778419,6362400
2014-09-24,82.13440704345703,82.6638026856694,82.01279133836418,82.47779866386439,5223300
2014-09-25,83.10734558105469,83.11450105153206,82.49210611259517,82.49210611259517,8947800
2014-09-26,82.98572540283203,83.19319037130205,82.71387757760813,83.0000308849914,7799600
2014-09-29,83.65108489990234,83.82277806355226,83.45793077304961,83.70116230005138,6791800
2014-09-30,83.17890167236328,83.72975839822135,83.07874689639381,83.4579105003079,7277500
2014-10-01,84.79179382324219,84.81330824628935,83.78774546526176,83.83077431135611,17194900
2014-10-02,84.05309295654297,84.7702695362801,84.01006411267812,84.50491770361613,8251800
2014-10-03,84.41169738769531,84.46189953901168,83.78775714585232,83.90967587453152,8561500
2014-10-06,84.4618911743164,84.76310952400759,84.1678515947619,84.35431905473767,4485500
2014-10-07,85.60221099853516,85.65241314846423,84.75594227714213,84.849173277975,8837700
2014-10-08,85.62374877929688,85.71697980556007,84.99263508352392,85.66677764193751,9391300
2014-10-09,85.25082397460938,85.82456223789335,85.18627520540979,85.53769037043848,10291700
2014-10-10,86.0970687866211,86.11858321310157,85.56635406585632,85.71696052284386,8774400
2014-10-13,86.6205825805664,86.90028099651973,86.09704676470419,86.17593662270362,6450700
2014-10-14,87.18717956542969,87.33778603028496,86.54889267891829,87.00071207348408,11285400
2014-10-15,87.87567138671875,91.5691329572554,87.38081764966563,89.34588599793834,37407500
2014-10-16,87.31624603271484,89.02312427285142,87.09392305040919,89.01595644683202,18096600
2014-10-17,86.82857513427734,87.28756774375991,86.40544354525764,86.91463830041414,8524300
2014-10-20,87.14414978027344,87.38798725268717,86.73535924527877,87.33778509827113,7742500
2014-10-21,86.44847106933594,86.95049251839123,86.44129777102846,86.6636207739496,9754700
2014-10-22,86.54171752929688,86.67080956378832,86.21899017888043,86.39828436725054,9260200
2014-10-23,85.77433776855469,86.19030159462471,85.38706166893338,86.08989728786635,10936300
2014-10-24,85.86042022705078,86.3552740440635,85.68112600020567,86.01102672100562,5704900
2014-10-27,86.0181884765625,86.25485266579697,85.81737984490908,85.98232744735661,3391900
2014-10-28,85.48029327392578,85.81019390183953,85.40140339859597,85.68827517510219,5141300
2014-10-29,85.67394256591797,85.93212665976804,84.92807801386496,85.31535415464008,9105100
2014-10-30,85.74565124511719,86.39111142020849,85.70979569027149,86.29070711204145,7024400
2014-10-31,85.52330780029297,85.8532083729488,85.222094947645,85.58785106659334,6664200
2014-11-03,85.5233154296875,85.66710371745017,84.9841216917427,85.48018168583987,9726600
2014-11-04,85.789306640625,86.2062843844695,85.60957542189493,85.85400724658629,3664800
2014-11-05,85.66712188720703,85.81809550765718,85.42268448864716,85.48739060310494,4799600
2014-11-06,85.1135482788086,85.501768518958,85.05603295027603,85.26452190248388,5901900
2014-11-07,86.09124755859375,86.09124755859375,85.32199821734338,85.35075586846017,8550500
2014-11-10,85.30048370361328,85.96908441879067,85.2357775776467,85.96908441879067,4787300
2014-11-11,85.35798645019531,85.41549629428144,85.0776005923185,85.17825516063748,2416500
2014-11-12,85.28605651855469,85.93309000738572,85.15664982078849,85.69584348065408,4040800
2014-11-13,85.48738098144531,85.68148833304473,85.14948532776958,85.33640189302446,4475900
2014-11-14,85.90435028076172,85.976241686754,85.32202276177281,85.43704791436791,5191200
2014-11-17,85.68869018554688,86.12004417755671,85.46581965978697,86.11285339028353,4726200
2014-11-18,85.92591094970703,85.96905017815764,85.66710300381483,85.78212814810445,4471200
2014-11-19,85.37950897216797,85.96902707626086,85.37950897216797,85.4657764359625,5792500
2014-11-20,85.82527923583984,86.23506633667873,85.59522341580684,86.19912337149559,5683600
2014-11-21,86.3428726196289,86.38601184001871,85.92589489394895,85.96184333011357,3640100
2014-11-24,86.41480255126953,86.46512709336989,85.947505582465,86.03377309180063,4033900
2014-11-25,87.13368225097656,87.18400676681863,86.49383962743008,86.53697884455245,6770000
2014-11-26,87.3709716796875,87.61540908028849,87.32783792633114,87.45005388414985,4339100
2014-11-28,88.06108093261719,88.19048759208671,87.80226761367813,87.80226761367813,4562200
2014-12-01,87.54734802246094,88.49127240246736,87.51852519058531,88.39760232191637,7728600
2014-12-02,86.69708251953125,87.07897537209521,86.6754667727661,87.07176829070939,5757200
2014-12-03,87.03581237792969,87.04301946498768,86.56024358524236,86.68274207564154,4868600
2014-12-04,87.76356506347656,87.76356506347656,86.91331029366174,87.00698042603089,4250500
2014-12-05,87.251953125,87.61943750711082,86.84123722642742,87.59782174887994,8030700
2014-12-08,88.31836700439453,88.5129143052974,87.28797382430673,87.48972820965628,6021800
2014-12-09,88.77230072021484,89.32713069200024,88.59936920185038,89.06052358241821,6639700
2014-12-10,89.42082977294922,89.63699836402454,88.68586645860525,88.75792082316515,6439200
2014-12-11,89.788330078125,89.788330078125,88.83719800428361,89.16144545091721,7863500
2014-12-12,91.00604248046875,91.04206690977583,90.08372803240889,90.39356671090364,9317400
2014-12-15,90.81869506835938,91.29425820709363,90.3791563582624,90.5304721522867,9387400
2014-12-16,91.94275665283203,92.02922517523487,91.04927057758167,91.7698251054211,7426400
2014-12-17,91.11412048339844,91.64733480755636,90.57370457187794,91.44558041350523,11558800
2014-12-18,89.49285125732422,90.14135129489193,89.49285125732422,90.01885837040514,12758200
2014-12-19,90.69625091552734,90.75389113183977,89.66585714689748,89.76673439719148,7894500
2014-12-22,90.81869506835938,90.92677934906098,90.29989491890755,90.39356503023835,4118800
2014-12-23,89.01729583740234,90.50163621896873,88.98126591658226,90.3935519539026,7406100
2014-12-24,89.5018081665039,89.58123740223026,88.76528903680736,88.85915744765086,4871400
2014-12-26,89.83393859863281,89.96390765665367,89.55232244582811,89.93502931644744,2921300
2014-12-29,90.5055160522461,90.73658697027005,90.12281448507824,90.19502690147768,4070700
2014-12-30,90.75101470947266,91.13371622840313,90.64270160755966,90.96764091329864,4372600
2014-12-31,90.92430877685547,91.10482876990467,90.72934960833685,90.7654503015269,4993300
2015-01-02,91.93522644042969,92.18073650795976,91.0903941528496,91.19148491329337,9432000
2015-01-05,93.37940979003906,93.60325287245757,92.39737484150488,92.43347554339228,9789500
2015-01-06,95.06182098388672,95.66837651544823,94.00759042729611,94.37584723519025,18331300
2015-01-07,94.8741226196289,95.29293048243971,93.9931838423493,94.37588548942175,9762900
2015-01-08,93.61767578125,94.13757430816938,93.45160045178244,94.13035747404206,8055300
2015-01-09,94.64303588867188,94.6719142422483,93.17720327461072,93.2927387250504,9398800
2015-01-12,95.1845932006836,95.53840535771512,94.53471457405836,94.59248229762949,6658100
2015-01-13,95.1845932006836,95.7550315665902,94.69357305936231,94.8740930637471,8260800
2015-01-14,95.90669250488281,96.8453879020003,95.82003539306619,96.55656024412859,12324500
2015-01-15,97.41586303710938,97.50250915365932,95.80561591741115,95.92837927328594,11454200
2015-01-16,96.17387390136719,97.24976646303367,96.05833841265635,96.99704497680821,9390500
2015-01-20,97.45189666748047,97.56020423249073,96.80924607293787,96.85256909894197,7758700
2015-01-21,96.32547760009766,97.90683472727662,96.00777162226673,97.62522393874252,9803900
2015-01-22,95.97891235351562,96.88872956690295,95.516781401277,96.75876040130662,10200000
2015-01-23,97.31472778320312,97.567449180409,96.86703067666492,96.97534929095323,7334600
2015-01-26,97.01868438720703,97.6180122029416,96.79484131515143,97.36527975625864,5966500
2015-01-27,97.17031860351562,98.29676173005903,96.86703528353799,98.00792309628682,8079600
2015-01-28,98.75894927978516,99.22108034132604,97.26423741347526,97.30034364070434,12230300
2015-01-29,98.1090316772461,98.6866980316101,97.8129871737193,98.28955172435552,8881400
2015-01-30,99.84925079345703,100.00810932147823,99.05495815335101,99.43767080218001,14871200
2015-02-02,99.4722671508789,99.79062648866461,98.87897014528637,98.90790688492906,13689900
2015-02-03,97.36678314208984,98.24949178536049,97.22206630975096,98.1481966269298,14008700
2015-02-04,97.53316497802734,97.67063930328227,96.31761240134136,96.58532962854238,11360400
2015-02-05,96.46232604980469,97.12073884038574,96.31037784253795,96.95432778697212,8334600
2015-02-06,94.7547607421875,95.76048044931683,94.4870435548756,95.54341633864259,13685600
2015-02-09,94.60281372070312,95.49276444108277,94.60281372070312,95.48553301876208,8025500
2015-02-10,93.85032653808594,94.4002126605271,93.65496775444919,94.16144326726842,8290700
2015-02-11,94.02400970458984,94.25554777665204,93.30771225487618,93.84312472591985,6506400
2015-02-12,93.7128677368164,94.45087030304673,93.66221465699316,93.81416285612292,12548300
2015-02-13,92.75055694580078,93.7200975049524,92.67819855885642,93.70562361949557,8325200
2015-02-17,91.35416412353516,92.56247462750002,91.10815764718085,92.46841641251963,14968800
2015-02-18,91.89684295654297,92.42502421474538,91.50613058353333,91.75936855117652,14009200
2015-02-19,91.2890396118164,92.21516991983023,91.2890396118164,91.73039944925613,8584800
2015-02-20,91.55670928955078,92.6203079533977,91.16599721051395,91.9257160620027,12502500
2015-02-23,92.60589599609375,92.73613343510141,92.00536190749948,92.02706722730528,7500500
2015-02-24,93.82139587402344,93.90821710909378,92.01978348410252,92.35984804191496,11958300
2015-02-25,94.22661590576172,94.34238496133813,93.39454927953908,93.66949802644682,8019800
2015-02-26,92.93871307373047,94.27726652273188,92.90253386477337,93.84313809593561,11020500
2015-02-27,93.72013092041016,93.78524686767298,92.8084745376994,93.35112951224374,9225100
2015-03-02,91.9744644165039,93.56935870484226,91.90196494767673,93.51860686429006,11324000
2015-03-03,91.64092254638672,92.33687380970537,91.61916940268668,91.98889541258156,8599000
2015-03-04,91.66997528076172,92.09769889010842,91.4597445333283,92.02520495675904,6478900
2015-03-05,91.5539779663086,91.98169600675402,91.27124777969128,91.72796449708876,6045000
2015-03-06,89.53136444091797,90.49554969309,89.14714165660648,90.3795549871451,20022900
2015-03-09,90.3577880859375,90.52452905742844,89.98806195327903,90.38678675623726,8889100
2015-03-10,91.54672241210938,91.66271711421297,91.1697506921363,91.32198959044841,9277900
2015-03-11,92.21365356445312,92.4021421453619,91.43071163400614,91.53220420889613,6663100
2015-03-12,92.14838409423828,92.93857684636608,91.86565406999725,92.93857684636608,10295900
2015-03-13,91.86566925048828,92.49637224066493,91.69892830895559,91.89466791557787,7247200
2015-03-16,92.7501220703125,92.90235540406704,92.26440127620592,92.7501220703125,6374600
2015-03-17,93.51858520507812,93.59833017757249,92.99662012363561,93.19235979464237,6314000
2015-03-18,95.3237075805664,95.35270072189462,93.23584742533892,94.17828491551035,13981900
2015-03-19,94.83799743652344,95.41794878961264,94.43927258487736,95.1134710106819,9543800
2015-03-20,95.33822631835938,95.47596866887623,95.06999820116273,95.12799556253118,5953800
2015-03-23,95.22217559814453,95.51215113890854,94.96119318671381,95.47590143084858,5555500
2015-03-24,96.14290618896484,96.1574082924289,95.31646328133544,95.57020031356903,6713000
2015-03-25,95.33096313476562,96.2443965178925,95.30196999038566,96.21540337351253,5635800
2015-03-26,93.84483337402344,95.07000140225348,93.64909365554742,95.00475851671679,9536300
2015-03-27,95.0119857788086,95.06273761016057,94.22903811724329,94.26528784508558,7907900
2015-03-30,94.5407485961914,94.96846651572857,94.30875924615434,94.89596707837673,7010600
2015-03-31,94.74380493164062,94.9395447100695,94.17834429339668,94.4175793421721,6844300
2015-04-01,95.9881820678711,96.24243911535623,95.38521253837925,95.40700568287748,9273900
2015-04-02,94.97113037109375,95.87195441454891,94.88395778415311,95.84288949555624,6663400
2015-04-06,94.44080352783203,95.51597264880547,94.23739345318889,95.4796470458297,5923800
2015-04-07,95.23267364501953,95.32711801852633,94.3318605501067,94.60791081224755,4764900
2015-04-08,95.26168823242188,95.42877265609131,94.45530885208397,95.18177636283832,5378900
2015-04-09,94.02674865722656,95.1091899763308,93.80881712353354,95.07286435904128,6484200
2015-04-10,94.16475677490234,94.76772640526939,94.11390979090577,94.6732931249845,4843000
2015-04-13,94.29552459716797,94.4262834830493,93.99767013263497,94.09937518332683,4010600
2015-04-14,94.96389770507812,95.79207078044129,94.78954139473042,95.3925111640332,6075500
2015-04-15,94.88396453857422,95.36343597091684,94.6732937434646,95.20361216013596,4425200
2015-04-16,94.41177368164062,95.06559036123512,94.01221411743487,95.04379721091668,7085500
2015-04-17,95.49422454833984,95.67584156386923,94.22290543963423,94.27376352479347,7268800
2015-04-20,94.65145874023438,95.17451629911103,94.38992996079605,95.12366933131196,4949400
2015-04-21,94.22286987304688,94.76772071396852,94.12116482614225,94.60789691383,4563800
2015-04-22,92.7844467163086,94.11388381121458,92.65368232103083,94.07755821266203,9707600
2015-04-23,93.18404388427734,93.60539661116398,92.70457239316282,92.84260307257647,6843400
2015-04-24,93.76518249511719,94.02670020077625,93.41647005087243,93.45279564944164,4773000
2015-04-27,93.76518249511719,94.07755825577641,93.256646285181,93.76518249511719,4334900
2015-04-28,92.47212219238281,93.52550422960755,92.45032903687327,93.11141210487979,7464300
2015-04-29,91.33883666992188,91.85462835592334,91.01192269934963,91.39694990562454,11554800
2015-04-30,91.49866485595703,91.65848874201309,90.45255444792961,90.8375816956943,12876000
2015-05-01,90.26692199707031,91.02400007383473,90.04125646932141,90.79833454608583,12378500
2015-05-04,89.41519927978516,90.65272727486877,89.33512335086829,90.48529982632334,9144700
2015-05-05,89.29145812988281,89.56079941904189,88.58533697548484,89.43704771570465,13935500
2015-05-06,87.76273345947266,88.85467193703631,87.62442502895728,88.8037150302388,14355000
2015-05-07,88.94203186035156,89.22593542929074,88.33782455050195,88.39606260410139,11933700
2015-05-08,89.1822509765625,89.93932893792991,89.03665585674996,89.81557169761777,11716400
2015-05-11,87.012939453125,88.55621455153278,86.99110157147784,88.53437666988562,13738600
2015-05-12,87.23859405517578,87.81368226678245,86.49607840262834,86.72902503420066,15861700
2015-05-13,86.53975677490234,87.8792041123234,86.36504818441645,87.82824720868643,15760000
2015-05-14,86.77268981933594,87.23130743410562,86.40143481695154,86.56886223672056,9128400
2015-05-15,88.51251220703125,88.74546436629062,87.56616905252325,87.63168268190108,12630600
2015-05-18,87.0274658203125,87.66806748437641,86.96922779070191,87.58799158213289,10208300
2015-05-19,86.25586700439453,87.23861061937717,85.99380129988093,86.09571512342657,8435300
2015-05-20,86.40149688720703,86.9547419935006,86.03023606422627,86.45972941415594,7789700
2015-05-21,87.60987854003906,87.79914946537438,86.95471422456085,87.04935246417216,11760700
2015-05-22,87.64623260498047,87.90101705087278,87.20945847575301,87.8282222883156,5417900
2015-05-26,89.14585876464844,89.21137796288333,87.89376839193778,87.96656318139821,10469700
2015-05-27,89.34967803955078,89.4370351110644,88.52708644320307,88.9420228135924,6490300
2015-05-28,89.13129425048828,89.56078735854669,88.97114239531871,89.17497000957599,6237600
2015-05-29,89.32782745361328,89.95387249236032,89.18223790901938,89.70636915577364,7912000
2015-06-01,88.36776733398438,89.27967777460286,88.04677864367122,89.0827075684075,13108100
2015-06-02,87.13487243652344,87.73308549199912,86.89412673269715,87.66742504283745,10076200
2015-06-03,85.73416137695312,86.52205325847072,85.50071254900632,86.36885298692992,14810900
2015-06-04,86.8503646850586,87.02544995559788,86.18649112022905,86.27403653842889,10859300
2015-06-05,85.79256439208984,86.50020804232247,85.63206720553873,85.96764970202668,11200200
2015-06-08,85.69768524169922,86.20106152011212,85.62473352916982,86.05515252919444,5334000
2015-06-09,85.01922607421875,85.44964508606039,84.70552869245691,85.3985783293019,12393900
2015-06-10,84.27509307861328,84.7201057146007,84.08541975883968,84.5669054643874,12183600
2015-06-11,86.04788970947266,86.06248339726386,84.80039656465664,85.03384547656616,13849300
2015-06-12,86.04788970947266,86.86496368408655,85.75608274398157,85.7852589878418,7863100
2015-06-15,86.18649291992188,86.85765777588762,85.8946804190227,86.73363927191014,8194200
2015-06-16,86.86493682861328,86.87223367025297,86.0405718308285,86.52935446935949,7046400
2015-06-17,86.1938247680664,86.54399545866822,85.53724776585953,86.44915872285164,13626100
2015-06-18,85.77070617675781,85.89472474473469,85.1724927458455,85.6248026339454,10123300
2015-06-19,86.87224578857422,86.952494360227,86.44182112554013,86.45641481085526,10439200
2015-06-22,85.09949493408203,86.18649076778134,85.05571944223092,85.96763000610694,9769000
2015-06-23,84.58888244628906,85.32570826966736,84.39920892016346,84.42839074707456,8945100
2015-06-24,85.31837463378906,85.47887182966456,84.74205188985358,84.99738580790006,8600400
2015-06-25,85.01922607421875,85.41317201172377,84.76389229042633,85.05569914855535,8287800
2015-06-26,84.06358337402344,84.53048123468204,83.8082439102801,84.38457217456278,11673000
2015-06-29,86.28862762451172,86.5731432861153,84.96088601507488,85.3256502546549,17132900
2015-06-30,85.69038391113281,86.59499734399161,85.59554724639926,85.64661399908019,13469000
2015-07-01,84.53377532958984,85.07481331328007,84.39485798559778,84.68000000255033,12451500
2015-07-02,84.8116226196289,85.29417418444264,84.7238844501769,85.04558549338604,6682100
2015-07-06,86.38353729248047,86.74910452132879,85.58659783297225,86.31042496233344,10605800
2015-07-07,87.19512939453125,88.09442198799421,86.96847383528736,87.48758440192911,16160100
2015-07-08,87.9481201171875,88.15283676933517,87.37052351827919,87.75071078968051,9951800
2015-07-09,86.21537017822266,87.09273483632148,86.16419099152537,86.78565413802475,11108900
2015-07-10,84.84813690185547,85.33799553923362,84.6361072875921,84.84082399705687,13636600
2015-07-13,84.5849609375,85.14793210701626,84.36561833331155,84.36561833331155,8006700
2015-07-14,84.86277770996094,85.00900237271593,84.56301547787922,84.82621875521552,4227800
2015-07-15,85.76210021972656,85.94488388977874,84.84086896079141,84.89204816528142,8720400
2015-07-16,86.35427856445312,86.3908375132149,85.44767353190777,85.46229376454502,7306500
2015-07-17,86.80027770996094,86.92456922043024,86.53706887713605,86.5443817830792,7404900
2015-07-20,86.43470764160156,86.74909564938277,86.20074486219086,86.48588682528164,5941000
2015-07-21,86.90264129638672,86.95382048483471,86.02528218638881,86.03990242103973,5627500
2015-07-22,87.44365692138672,87.66299943198847,86.96841853382409,87.0122903828115,6228900
2015-07-23,88.53306579589844,88.61349102976061,87.3340057722791,87.44367705282869,9087700
2015-07-24,88.75241088867188,88.86939507875859,88.40877680293369,88.83283612482818,7307900
2015-07-27,89.22764587402344,89.41042948022765,88.81821238112215,89.33731715336856,8172000
2015-07-28,88.57691192626953,88.88398696012264,88.39412837115057,88.58422483034549,9128200
2015-07-29,88.24791717529297,88.59155122538066,88.0432004419929,88.48187995308058,6706400
2015-07-30,88.92786407470703,89.15451950381501,88.57692272981743,88.6207890034006,6146600
2015-07-31,89.58588409423828,89.85640579096622,89.24225008377933,89.52008468531396,9178400
2015-08-03,90.52896881103516,90.67551285832371,89.62770670834898,89.62770670834898,11753700
2015-08-04,89.81085205078125,90.3604003840259,89.73025118134846,90.2431663132203,6448800
2015-08-05,89.1367416381836,89.3272532941791,88.79968599468064,89.22466579457016,7574400
2015-08-06,89.9281005859375,90.03068250437565,89.39320436239979,89.39320436239979,6118100
2015-08-07,91.10781860351562,91.2250583095853,90.30181519032564,90.34578287525021,8317000
2015-08-10,89.97937774658203,90.54357821147022,89.77420835087372,90.42634414707418,7461700
2015-08-11,91.4082260131836,91.68666188352282,90.97591724684406,91.07849917751092,11145700
2015-08-12,90.90995788574219,92.11163658173885,90.85866692641167,91.54010715197157,8455200
2015-08-13,90.61686706542969,91.16641547090656,90.28714025826174,90.73410674193991,7691400
2015-08-14,90.829345703125,91.1297681348798,90.2724685066372,90.47030903249879,4324700
2015-08-17,91.23966217041016,91.66464749445687,91.14440915238337,91.37888285008262,7880300
2015-08-18,90.5215835571289,91.0711317776625,90.40434392007415,90.71209517219609,5024300
2015-08-19,91.41553497314453,91.54009792034311,90.11859777611654,90.16988873027448,10736000
2015-08-20,92.33881378173828,92.39743363871924,91.72332205433003,91.86254281708547,9078300
2015-08-21,92.61720275878906,92.86632862416505,92.02368682662174,92.44134887791812,10718300
2015-08-24,92.58790588378906,94.46369578465102,92.19223040339571,94.01672934885269,16663400
2015-08-25,91.10050201416016,91.43755780845233,90.5362956702275,91.26170382671233,15354800
2015-08-26,89.34193420410156,90.49965108492779,88.92427755599294,90.12595652915799,16429900
2015-08-27,89.39318084716797,90.03065882145273,89.13672611853404,89.26128904525712,9127000
2015-08-28,89.65693664550781,90.47026824000231,89.56168365878301,90.23579461935566,9946200
2015-08-31,88.96821594238281,90.47031705374636,88.90959610801949,90.38971617907056,8617600
2015-09-01,89.60932159423828,89.65337912580165,88.83828677971535,89.3229364342108,15298200
2015-09-02,88.8382568359375,89.57257866079175,88.75013620007985,89.16135462922034,9515200
2015-09-03,89.27151489257812,89.34494596351789,88.6399975981194,89.13199193609049,7042500
2015-09-04,90.0865478515625,90.2701281980482,89.45503101145746,89.91765146772752,7951300
2015-09-08,88.75751495361328,89.26419339701042,88.67673907377272,89.13201519385615,7049500
2015-09-09,89.18338775634766,89.37431300884316,87.79551988758098,87.84692219374155,7441900
2015-09-10,88.58123779296875,88.99246181561607,88.44905964326618,88.86762285025252,6789700
2015-09-11,89.13931274414062,89.64599652145331,89.09525523391521,89.19805982606125,5890900
2015-09-14,89.27885437011719,89.69741761225248,89.05855556796965,89.55054987667704,4221700
2015-09-15,87.56781768798828,88.88959830915516,87.47235793295899,88.77210420841719,11895000
2015-09-16,87.23745727539062,87.70742291492354,87.05387677237208,87.35494588405768,6949800
2015-09-17,88.30218505859375,88.39030568010082,87.18601853165411,87.29616230550046,19843600
2015-09-18,89.66069793701172,89.73412900248576,88.94840483680805,89.00715193015975,14963300
2015-09-21,88.19938659667969,88.9337083529738,87.95705907251934,88.86027729783046,10085600
2015-09-22,89.42571258544922,89.87364935507514,88.95574705705988,89.17604584955595,9968200
2015-09-23,89.4183578491211,89.6386566171053,88.84558777527863,89.30821406755939,6769900
2015-09-24,90.0278549194336,90.82092383761501,89.94707907022452,90.44641813695752,9605800
2015-09-25,89.24945068359375,89.535835668215,89.05118070813019,89.33022651027456,8383700
2015-09-28,90.77688598632812,90.88702980235537,89.73414450766897,89.73414450766897,9833400
2015-09-29,91.03387451171875,91.26885726380048,90.50516191892719,90.71811591338106,9006100
2015-09-30,90.71810150146484,90.90902670795954,90.40968773880944,90.6226416994324,9832600
2015-10-01,91.10514068603516,91.62759095461888,90.99476821765037,91.30382235725273,9069400
2015-10-02,91.65705108642578,92.87119910436405,91.37743139830843,92.41497218937506,13000400
2015-10-05,90.41346740722656,91.11987941987992,90.34723829856901,91.03893585044493,11362700
2015-10-06,90.8034439086914,90.95061093824619,90.07495756848931,90.17797561199012,5687800
2015-10-07,90.50175476074219,90.7519454770556,90.14855160296946,90.36930217306167,6712800
2015-10-08,89.74383544921875,90.7813816740879,89.52308487507811,90.72251260869183,12882300
2015-10-09,89.97931671142578,90.24422192289536,89.69969703890288,89.7512060736851,9038100
2015-10-12,90.66363525390625,90.82552236191253,90.44288469994886,90.53118267590679,4241000
2015-10-13,90.81814575195312,90.95059830578053,90.36192465526216,90.89908929118441,6147200
2015-10-14,91.6128921508789,91.64968672266929,90.729878568544,91.02421268661334,9738100
2015-10-15,91.16400146484375,91.58343364879659,91.08305791933864,91.4730555763749,6924300
2015-10-16,91.19344329833984,91.59080102245773,91.14929431145866,91.42891391847684,8048300
2015-10-19,90.94326782226562,91.22289309013037,90.4428975830621,91.09044049326374,6238400
2015-10-20,90.3840560913086,90.48707418540695,90.17801990311187,90.36198158743967,6431300
2015-10-21,91.28176879882812,91.40686136772888,90.85497644298158,90.95799451314264,6603800
2015-10-22,91.436279296875,91.8189169716815,90.88439447236428,91.31854117289593,6934100
2015-10-23,90.65633392333984,90.84765568524536,90.39878863658215,90.58275035770424,7058200
2015-10-26,91.2596435546875,91.39209609568663,91.10511652586536,91.14927111557239,5859800
2015-10-27,91.48780822753906,91.9072405608603,91.36271565414205,91.62026083880177,7156800
2015-10-28,91.11985778808594,91.49513539648812,90.72986010833722,91.44362637489984,8468700
2015-10-29,89.67024993896484,90.67100157228636,89.55251181077975,90.64156704024008,12108000
2015-10-30,90.34722137451172,90.36929586857464,89.78797653064636,89.94986363919128,11861400
2015-11-02,89.9320297241211,90.10164570813114,89.73292068978493,89.80666456819472,8751000
2015-11-03,89.19459533691406,89.77718164327342,89.07660623601629,89.71081382894936,8921600
2015-11-04,89.29785919189453,89.629715221499,89.01025400868376,89.30523527067675,5980800
2015-11-05,89.06183624267578,89.27569742315802,88.71523946013264,89.26832697390827,7268400
2015-11-06,87.75657653808594,88.14742425607298,87.56483790473993,88.11792557199678,10604700
2015-11-09,87.26249694824219,87.68284340189231,87.01913699447121,87.09288090056259,9159500
2015-11-10,87.52056884765625,87.9114164591607,87.29933159050795,87.3878276186267,6712500
2015-11-11,87.3362045288086,87.44682315508601,87.21820982710013,87.27720717795435,2857900
2015-11-12,87.75657653808594,88.08105643662554,87.53533922066373,87.57221398233366,6805700
2015-11-13,88.258056640625,88.42029661512628,87.91883016044035,87.99257406895013,7906600
2015-11-16,88.17694854736328,88.4940524603984,87.85246855459238,88.33918854374873,5485300
2015-11-17,88.3244400024414,88.58992262080199,87.50587515984695,87.75660561813163,5122900
2015-11-18,88.5087661743164,88.63413697813577,88.02205199193511,88.18429192816163,5233900
2015-11-19,89.0987548828125,89.34211485906053,88.99551227948906,89.14300010529399,6643000
2015-11-20,88.82588958740234,89.26098820576695,88.7005243821937,89.17986821973795,5971000
2015-11-23,89.0987548828125,89.31999224781978,88.73002969200027,88.88489359698542,5436300
2015-11-24,89.09126281738281,89.378867641685,88.92165260114952,89.15763619099471,3371500
2015-11-25,89.29785919189453,89.54121915501122,89.19461659414193,89.35685656955306,3280900
2015-11-27,89.2093276977539,89.46743407335539,89.20195162236614,89.4158127982351,2570600
2015-11-30,89.5633316040039,89.62232897496911,89.27572645342224,89.30522513890485,5179800
2015-12-01,90.7730712890625,90.78784908503702,89.61281978619186,89.61281978619186,12766600
2015-12-02,90.80268859863281,90.92831967580399,90.30015865171646,90.64749627302753,7345800
2015-12-03,88.33436584472656,89.71632441942899,87.9352975027553,89.6867631750351,16612200
2015-12-04,89.1103286743164,89.36898250240424,88.29002250650173,88.33436155182233,11843800
2015-12-07,89.9749526977539,90.49965195065637,89.27289166710831,89.28027774743522,9016700
2015-12-08,90.0193099975586,90.47750079111032,89.7532644578486,90.36664754319276,7257500
2015-12-09,89.92322540283203,90.27056289135022,89.05858036007149,89.6793494251623,8993900
2015-12-10,90.04141235351562,90.18182673868509,89.78275872680308,90.00446505725738,5606900
2015-12-11,91.46037292480469,91.71163497489997,90.80265092516791,90.92089023161589,12300000
2015-12-14,90.27794647216797,91.00956870099627,89.97494804754706,90.95783795023526,10661100
2015-12-15,89.74585723876953,89.8640965406645,89.29505827144747,89.43546709005844,8795500
2015-12-16,89.5536880493164,90.28531009617424,89.05115846481573,89.47239608430692,10988600
2015-12-17,90.566162109375,90.73613216099523,89.89365670643417,89.99711820869753,9923000
2015-12-18,91.06869506835938,91.28300416052264,90.76569663076785,90.95784184391786,10171700
2015-12-21,91.04653930664062,91.47516885872763,90.83961625066219,91.21651503875458,7494900
2015-12-22,90.38880920410156,90.7509301583543,90.15232492695176,90.64007692007755,5445800
2015-12-23,89.70890045166016,89.87148441826805,89.32461568913779,89.5906611548182,7287100
2015-12-24,90.22286224365234,90.25248546483762,89.9044196784753,89.95625890303661,3364600
2015-12-28,90.48946380615234,90.84493115328723,90.23766925605113,90.34134770313645,7586600
2015-12-29,88.98613739013672,90.15622374848864,88.87505170451936,90.11919895331796,7787500
2015-12-30,88.89724731445312,89.26752908151596,88.62323677280813,88.80837765633954,5508900
2015-12-31,89.29716491699219,89.504521831835,89.05277756019078,89.28975769859004,7897700
2016-01-04,89.94145202636719,90.68201566808303,89.84518078696291,90.29692506041376,10591900
2016-01-05,89.57856750488281,89.97847250513404,89.35640182699984,89.51932106409339,6242600
2016-01-06,90.78567504882812,90.80789669945393,90.38577573837966,90.57091660990436,8916900
2016-01-07,90.94861602783203,91.0374856959221,90.19324362424848,90.8523447916068,10202200
2016-01-08,91.35588073730469,91.43734314481594,90.51904631929261,90.66715670564993,9577200
2016-01-11,90.35614776611328,90.93378635086509,90.24506211903393,90.37836376551901,10040300
2016-01-12,91.65953826904297,92.06685043788845,90.45982906271789,90.6005322800956,12897700
2016-01-13,92.56303405761719,92.9407230400333,91.28926388166589,91.48181198153213,15577600
2016-01-14,91.69657897949219,92.54822819613081,91.34110598774639,92.17794641933588,12873800
2016-01-15,93.12586975097656,93.28138742404555,92.62969351070146,92.86667362919492,13976300
2016-01-19,92.8370132446289,93.36281249548995,92.5333795877665,92.66668120418545,8926600
2016-01-20,93.81462860107422,94.73292619166011,93.62208041835251,94.03680001575725,17283300
2016-01-21,93.17774200439453,94.26637175181978,93.06665629852495,94.00717553815988,11001600
2016-01-22,92.8222427368164,92.96295163463107,92.21498078579559,92.50380579974467,10164300
2016-01-25,93.3258056640625,93.51094653088936,93.0518007971913,93.27396644735302,5738200
2016-01-26,93.3702621459961,93.65167428631267,93.12587479648191,93.30360848246859,5692600
2016-01-27,93.34807586669922,93.52580960928235,92.71119050155137,93.12590445092995,7957800
2016-01-28,93.48133850097656,93.61464016469304,92.91110140894716,92.97034784838814,10575400
2016-01-29,94.27375030517578,94.68846412092417,93.99233251587339,94.3552127547052,13170700
2016-02-01,93.98509216308594,94.28188051722299,93.70314634007761,94.07413036755716,9948400
2016-02-02,95.72879028320312,95.74362150343562,94.9719791542856,95.04618054161675,10400000
2016-02-03,94.93482971191406,96.41135051789522,94.91257157145263,95.17968057852619,13309000
2016-02-04,95.3948745727539,95.40970578799411,94.60838428579595,95.13518112605156,9953500
2016-02-05,95.50616455078125,95.71391477790947,94.66773671316778,94.89032947695894,9200800
2016-02-08,97.56141662597656,97.66529173594895,96.21844448210345,96.24812955440292,14452200
2016-02-09,97.6653060913086,97.98434707542604,97.16818861183333,97.96950453709468,15232100
2016-02-10,98.52597045898438,98.56307114013084,97.27946908753941,97.71722768906794,12797100
2016-02-11,99.21598815917969,100.35119859430176,98.68918575809596,99.75020616647669,21620200
2016-02-12,97.56878662109375,98.77819801731027,97.14585945007352,98.41462964160162,13888400
2016-02-16,96.53751373291016,97.01237307944315,96.31492093763596,96.99011493206972,11766000
2016-02-17,95.94391632080078,96.32974299580977,95.49874214644039,96.18876721139085,13157300
2016-02-18,97.12361145019531,97.19781278245955,95.98098565544889,96.01808632158101,10196700
2016-02-19,97.20524597167969,97.80624970006166,96.99749578959795,97.15331408692717,8188700
2016-02-22,97.1532974243164,97.27943063312343,96.97522101812974,97.27201502844085,5054300
2016-02-23,97.54660034179688,97.74693500835028,96.2926717558241,96.36687313500414,8320700
2016-02-24,97.35367584228516,98.97116147171111,97.16075681825306,98.23660870186212,9091200
2016-02-25,97.7023696899414,98.3553053458629,97.43527199964974,97.5539783103783,6097200
2016-02-26,96.76007080078125,97.05685353720375,96.48553488197798,96.68586945590779,9245000
2016-02-29,97.18303680419922,97.32401263912352,96.76753623065908,96.80463692219834,8016100
2016-03-01,95.47171783447266,97.27069667356326,95.38995741207033,97.24839631417883,13729100
2016-03-02,95.86576080322266,95.87319047871736,95.30822887968651,95.39000068219245,7047700
2016-03-03,96.2151107788086,96.59423964286411,95.72449144069844,95.94750641784647,6394800
2016-03-04,95.59815216064453,95.99214050857194,94.97371341049835,95.70965401646667,8687000
2016-03-07,95.56838989257812,95.65016168332282,95.18927232258785,95.48661810183343,5493300
2016-03-08,96.62397766113281,97.37479443478347,96.60167729587724,96.89903440430804,7175400
2016-03-09,96.03669738769531,96.4083851946959,95.75421102461111,95.9549256164347,7194700
2016-03-10,95.6426773071289,96.51985479432152,95.0925754528334,96.26710989221598,10091600
2016-03-11,94.67632293701172,95.80625709746627,94.56481545556467,95.7616563734899,8927000
2016-03-14,94.97368621826172,95.44201089315241,94.89934977849433,95.01828694782078,5177000
2016-03-15,95.06291198730469,95.64274997738552,94.86220298145581,95.52380710613562,6413200
2016-03-16,95.3453369140625,95.53862180230675,94.68373884867646,94.96621949506088,9728900
2016-03-17,95.7393569946289,96.14821592207204,95.51635334603598,95.53121269393307,7805500
2016-03-18,95.9400863647461,96.27460323205524,95.67247060229569,95.92521567155012,8198600
2016-03-21,95.20417022705078,95.61301795462248,94.96628446124694,95.33797246305221,5514800
2016-03-22,95.18177032470703,95.91028630024228,95.09256891668521,95.76904317553631,4997900
2016-03-23,96.25973510742188,96.50505047922458,95.36767508522504,95.45688789325335,10628200
2016-03-24,96.29685974121094,97.11457734932247,95.8954419518718,97.0699766330637,6343300
2016-03-28,96.42329406738281,96.75781095755227,96.1036365284094,96.17797865645424,5058700
2016-03-29,97.43429565429688,97.44915500700237,96.6537486025994,96.92136441052376,9396700
2016-03-30,96.4084701538086,96.69095676583161,95.88066801182163,96.66121536297567,8478700
2016-03-31,97.09233856201172,97.24101149149152,96.48276480522188,96.62400805828379,7832300
2016-04-01,97.34555053710938,97.680771599989,96.76451736566355,97.56902745685969,9341400
2016-04-04,97.40512084960938,97.56155806437535,97.04011962599789,97.42746739936088,5145100
2016-04-05,98.47042083740234,98.59705515867071,98.16500263324819,98.33633008360977,6482800
2016-04-06,97.75525665283203,98.08302128735083,97.39025533698837,97.97873357332288,6393700
2016-04-07,98.96199798583984,99.06628566878969,98.33626052163586,98.4703511805742,5963300
2016-04-08,98.33629608154297,98.62681268670883,98.06068096975997,98.4554852955877,5584800
2016-04-11,98.20964050292969,98.4629090029604,97.66585546074457,97.82229269106153,4805500
2016-04-12,97.53181457519531,97.993670073608,97.23385281910075,97.64355875861507,4276000
2016-04-13,97.87445831298828,98.01599409285865,97.22638539096054,97.35301967649988,5207900
2016-04-14,97.40512084960938,97.81482653922932,97.20400190184587,97.51686496487234,6967000
2016-04-15,98.2394790649414,98.448054536571,97.77017857051949,97.79997019510483,5831100
2016-04-18,97.81485748291016,97.91170014013976,97.33066692978026,97.82975897629373,4486600
2016-04-19,97.50946044921875,97.81487861376125,97.05506141818356,97.64355118562024,5212200
2016-04-20,96.4367446899414,98.06809973282412,96.29520895703466,97.7030984916499,10920700
2016-04-21,95.86316680908203,96.14623830475557,95.5651938224501,95.67693795487727,11154200
2016-04-22,95.61739349365234,96.02709946102982,95.52800723404751,95.9824063312274,5826400
2016-04-25,95.22254943847656,95.73654295054983,95.22254943847656,95.3938768203315,5539500
2016-04-26,94.79053497314453,95.1704436201444,94.69369796570619,95.1704436201444,7840000
2016-04-27,95.7365951538086,95.96007219828608,95.06616970363342,95.2896410648536,8380100
2016-04-28,96.13139343261719,96.19843313165376,95.37902114393819,95.5056668419147,7974600
2016-04-29,96.37718963623047,96.62301316267622,95.49818326592349,95.68441217688142,7416300
2016-05-02,95.40685272216797,96.21297733478411,95.39192691412127,96.03384485942469,11035200
2016-05-03,96.60855102539062,97.04894481870703,96.5488478090934,96.69812862862939,10736700
2016-05-04,97.13854217529297,97.1609337359323,96.42944951311362,96.7951859298229,7211200
2016-05-05,97.78792572021484,97.83272023341655,96.81012288589181,97.07883301809821,7870400
2016-05-06,97.36993408203125,97.67596727855805,97.25050482640118,97.66850722110642,7232500
2016-05-09,97.6759262084961,97.6983177608366,97.27286687697092,97.37736458435863,4950800
2016-05-10,97.68338775634766,97.86999162163565,97.51917544374255,97.66846764748979,4331900
2016-05-11,98.23575592041016,98.52685754394135,97.52666339020837,97.6535526733478,9256000
2016-05-12,97.78792572021484,97.90735497661785,97.47443246420751,97.52668703490912,6087400
2016-05-13,98.73582458496094,98.76568757792857,97.95208616578385,98.13869000895008,8707300
2016-05-16,97.88492584228516,98.27306508191008,97.7654966317242,98.25813358324086,5137000
2016-05-17,98.04917907714844,98.39999541120049,97.93722126389827,97.93722126389827,4449100
2016-05-18,96.65335845947266,97.6684841133545,96.2204360522909,97.63862111181204,12681000
2016-05-19,97.07136535644531,97.28036084407839,96.77279223882671,96.79518379897313,6209400
2016-05-20,97.14598846435547,97.3325923695036,96.69814592563907,96.77278065405922,5348900
2016-05-23,97.36241912841797,97.57887456647711,96.97427996116632,97.302704534272,6979700
2016-05-24,96.92953491210938,97.17585343862973,96.46676086256133,97.01164108761616,5968200
2016-05-25,96.56377410888672,97.2206234242295,96.51899099909465,96.90713026628787,6367400
2016-05-26,97.06385040283203,97.36988344019178,96.88471800195394,96.8921780555256,5419300
2016-05-27,96.92211151123047,97.22813338167416,96.81014228988498,97.08632392434808,5267600
2016-05-31,97.15347290039062,97.36246839094991,96.2726964278336,96.30255943471352,8344300
2016-06-01,97.5476303100586,98.18339232747272,97.3157676535084,97.70470481990799,9874900
2016-06-02,98.25070190429688,98.49752674732501,97.88420233504719,97.90663991961247,5835400
2016-06-03,99.64936828613281,99.64936828613281,99.17816758003103,99.37263045772299,11077200
2016-06-06,98.90886688232422,99.39502959490078,98.80415438671668,99.31275467600871,7573700
2016-06-07,99.1482162475586,99.46235377053013,99.13325405709118,99.20805359662089,4680200
2016-06-08,99.67928314208984,99.79894644848108,99.26043303769707,99.3800963440883,5313200
2016-06-09,100.32251739501953,100.62916816089249,100.1729182942319,100.46462969308236,6820300
2016-06-10,100.8087158203125,101.22009066707852,100.41977856402345,100.81619121286714,6984600
2016-06-13,101.25741577148438,101.26489115852542,100.80116608027853,101.04050400644302,7283300
2016-06-14,101.18265533447266,101.88573002327084,101.13778016928283,101.86329244067592,9012500
2016-06-15,101.5716323852539,101.893245470757,101.20513270410555,101.36220725683015,7953200
2016-06-16,102.06524658203125,102.88798460988733,101.85581011392674,102.27467163732622,10372700
2016-06-17,101.42945861816406,101.92310815604814,101.16767165973282,101.87074619923925,8489900
2016-06-20,100.34493255615234,100.63663247701531,100.23273325563181,100.40476990053531,7365900
2016-06-21,99.88124084472656,100.6591152582241,99.82141488628362,100.4422033608249,6005800
2016-06-22,100.04576873779297,100.21780542208096,99.66431841943306,99.85130588363462,5773700
2016-06-23,98.90138244628906,99.71665626673324,98.7891945600293,99.18560697522224,9029100
2016-06-24,101.55664825439453,102.1774481127296,101.19763545646005,102.1774481127296,17155000
2016-06-27,104.09221649169922,104.4063541715381,103.51629170558809,103.54621610146593,16577100
2016-06-28,104.30912017822266,104.63820861719468,103.87530777476279,104.29415798146552,14006400
2016-06-29,103.50879669189453,104.81023375836634,103.41155954294344,104.47364713901591,12999800
2016-06-30,103.89021301269531,104.66808712367244,103.28437555697316,103.82290027601667,14698500
2016-07-01,105.33270263671875,105.52003403237305,104.29862967389074,105.51253345891423,15430200
2016-07-05,106.6514663696289,107.0860763955072,106.1793877937308,106.29179344379024,8840800
2016-07-06,106.82386779785156,107.15357292857868,106.37427924724396,106.99620950389435,14352800
2016-07-07,106.81632995605469,107.29589771833345,106.23934624034831,106.47163526732433,9676400
2016-07-08,107.6031494140625,107.61812769214993,106.6739816516391,107.09360211408836,10355300
2016-07-11,106.65899658203125,107.50573811662755,106.58407088693282,107.19102275609278,8099000
2016-07-12,104.90554809570312,105.54996834850006,104.63579051467657,105.22026336793456,15810600
2016-07-13,106.1419906616211,106.23191752893541,105.61746490980369,105.93218036089414,8181700
2016-07-14,104.59834289550781,104.78567426888631,104.22368014875082,104.36605382192641,10817000
2016-07-15,103.69918060302734,104.23869600839903,103.5418171790429,104.07384344376865,9958600
2016-07-18,103.60182189941406,104.3511479952884,103.20467998330537,104.20878564147169,5955900
2016-07-19,104.18624114990234,104.38856229202315,103.70667315532914,104.11131543957075,8073900
2016-07-20,103.61671447753906,103.78905611654577,103.33946774081548,103.579245921112,6942500
2016-07-21,103.8265609741211,103.87151868403299,102.6501256408187,102.68758277654388,10398400
2016-07-22,104.00639343261719,104.33609851926006,103.30951469334002,103.35447239900932,5811400
2016-07-25,103.9314193725586,104.35103972144393,103.84899313018491,104.11126156513673,4243800
2016-07-26,104.09634399414062,104.54594407025198,103.75166051175283,104.54594407025198,5243400
2016-07-27,105.39258575439453,105.39258575439453,104.45592924597014,104.56833488725823,8508100
2016-07-28,105.19779205322266,105.53498619519554,104.68825627136108,104.75569281299603,7336100
2016-07-29,106.07451629638672,106.16443169786392,105.07042286722539,105.24276453132327,8766700
2016-08-01,104.92442321777344,105.47242621070579,104.80430952065406,104.93192602834117,9809300
2016-08-02,103.84344482421875,104.54158435892623,103.22036777508812,103.46809803230933,10051200
2016-08-03,103.90352630615234,104.1812793324848,103.52817942530186,104.04615995362397,4930600
2016-08-04,104.6842269897461,105.21722452022509,104.549107631264,104.69174125722355,5646000
2016-08-05,103.59571075439453,104.48152365245642,103.46059141252393,104.38394127933029,7778600
2016-08-08,103.79094696044922,104.00114036132885,103.08530423159971,103.29549763247934,5185200
2016-08-09,104.81181335449219,104.8868872795929,104.06111992217599,104.12869103663571,5503200
2016-08-10,105.21726989746094,105.4800059149343,104.69928922387042,105.02208213368424,5843500
2016-08-11,104.27886199951172,105.15717223191156,104.00109754830127,105.14215515097887,7624600
2016-08-12,105.15723419189453,105.74277469183568,104.9995833859027,105.40496462720552,7989600
2016-08-15,104.16629791259766,104.81940949805943,104.15879509609596,104.6017018180116,5108600
2016-08-16,103.88849639892578,104.45901946370537,103.7683826627586,104.33140291453138,6182700
2016-08-17,104.51155853271484,104.67671203259403,103.97105825214202,104.06865208061826,5002000
2016-08-18,104.67671966552734,104.91693566625678,104.18876194223932,104.49654907397361,3805200
2016-08-19,104.12879180908203,104.3840250739545,103.67086791401844,104.07623771971686,5516300
2016-08-22,105.00706481933594,105.20224110671786,104.62420360509488,104.83439697756147,5549700
2016-08-23,105.11966705322266,105.54005380908326,104.84941678807226,105.29983771488291,6841400
2016-08-24,104.87188720703125,105.23973117218873,104.63917403802995,105.17217150144793,6027800
2016-08-25,104.47406768798828,104.93199142079037,104.31642838511857,104.54162738921815,5855500
2016-08-26,103.86592102050781,105.61503770953925,103.76082442117277,104.89436713219158,12962500
2016-08-29,105.25479125976562,105.3598879420874,104.50409739898747,104.63171398075824,7310400
2016-08-30,104.84941864013672,105.29232530469336,104.84941864013672,105.22476560088239,5161800
2016-08-31,104.99958038330078,105.2247909048418,104.60171342560763,104.84194103650015,7349700
2016-09-01,105.11531829833984,105.36349921305691,104.21284954742225,104.25044332726287,9149100
2016-09-02,104.25800323486328,104.57386682076991,103.91205084524196,104.50618422568627,8397000
2016-09-06,105.017578125,105.34848610958566,104.16774729872466,104.31816836482082,8542600
2016-09-07,104.94236755371094,105.6041835226411,104.94236755371094,105.56657825613075,5421800
2016-09-08,103.6262435913086,104.73929959290494,103.22765308922138,104.43095253264458,14301500
2016-09-09,101.91912078857422,102.37034966584598,101.8363937730799,102.33275586604582,13347700
2016-09-12,101.97173309326172,102.15223148363599,101.6483530537966,101.76868531404611,9096600
2016-09-13,100.81353759765625,102.28005073589934,100.29461491592885,102.18227936817891,15645400
2016-09-14,100.96399688720703,101.46035895563725,100.81358726888469,100.81358726888469,7037700
2016-09-15,100.52778625488281,100.81357252075009,100.04646866135283,100.48266452353886,9874500
2016-09-16,101.33999633789062,101.38511806232975,100.94140580465847,101.21214762680813,7507900
2016-09-19,101.00907135009766,101.43022267449702,100.963949633271,101.16700883450389,7105900
2016-09-20,101.36257934570312,101.9642292458741,101.27985234098566,101.64083769088128,6054800
2016-09-21,102.18231964111328,102.197364044118,100.9113372618684,101.22721234738155,10698100
2016-09-22,102.99454498291016,103.2502424556902,102.65612050711103,102.78396924350105,12426200
2016-09-23,102.89680480957031,103.28786755755077,102.81407779066687,103.05473090669183,5928800
2016-09-26,103.5511245727539,103.65641249475655,103.04724584063247,103.08485112895973,8661300
2016-09-27,104.31061553955078,104.38582605465497,103.74657110280968,104.22788856314155,9450400
2016-09-28,104.08503723144531,104.64908189449618,103.94967202056176,104.16024777672598,7958700
2016-09-29,104.34831237792969,104.58897705707061,103.37063220108583,103.45335925010008,8319800
2016-09-30,103.41567993164062,104.26551069267902,102.93436239342316,104.19782810344108,11747100
2016-10-03,103.07437896728516,103.79766014265324,103.03670603695564,103.72984426959441,7588800
2016-10-04,101.86888885498047,103.09694316752704,101.83121593826576,102.93119153091043,12048700
2016-10-05,101.39427185058594,101.77097816085139,101.04769698682946,101.72577524300581,8917700
2016-10-06,100.82919311523438,101.47712830490748,100.71617434605575,100.93467040210385,7839900
2016-10-07,100.89704132080078,101.17580037947599,100.27170731401101,100.9045713102198,9953200
2016-10-10,100.3018569946289,100.32445846056964,99.83473320746216,100.09090231507018,6089100
2016-10-11,100.07579803466797,100.618256031766,99.87991489533526,100.09839949320005,9670400
2016-10-12,100.17378997802734,100.21899291522858,99.63133173927399,99.9552937866624,7582400
2016-10-13,100.55043029785156,100.90452357169447,100.4826144404963,100.68603902023885,7080600
2016-10-14,99.14154815673828,100.16618961700664,99.09634524610566,99.65387463495367,11415100
2016-10-17,99.77444458007812,100.00801218845821,99.51828700514456,99.5258284901619,10595900
2016-10-18,100.09835815429688,100.12095960349494,99.32234440873835,99.34494585793641,7151000
2016-10-19,100.18135833740234,100.40738460614381,99.69164433527382,99.72930579991942,6941300
2016-10-20,100.2867431640625,100.76892672743512,100.12852147313203,100.6860508885978,6082300
2016-10-21,100.43743896484375,100.74634091175417,100.10593555802913,100.59566068033791,9222700
2016-10-24,100.00048828125,100.54294647420592,99.66898477486936,100.51281501733868,6507500
2016-10-25,100.2641830444336,100.62581799201662,99.81967222384532,99.84980367940736,5134700
2016-10-26,99.58613586425781,100.0532597934496,99.44299703516897,99.79710210412685,5842500
2016-10-27,98.50112915039062,98.74975659122612,97.98880280365583,98.74975659122612,10044700
2016-10-28,98.28273010253906,98.64436514771894,98.19232421528679,98.23752715891293,7541000
2016-10-31,98.88542938232422,98.91556083582253,98.47859153117896,98.61420031617173,7047500
2016-11-01,98.89295196533203,99.3383224785442,98.03997880072326,98.25133600240541,12622400
2016-11-02,99.32320404052734,99.72327377882179,98.90803407113644,99.11184687758316,8666200
2016-11-03,98.5608901977539,98.92321541444701,98.46275589231394,98.69675783472222,6085400
2016-11-04,99.44403076171875,99.48176408048616,98.98357139530695,99.08925002769128,7622600
2016-11-07,98.59857177734375,98.88541866231044,98.46270421168896,98.6967060312755,5386700
2016-11-08,98.19853210449219,99.043972783705,97.91169664946518,98.90054929713727,7576500
2016-11-09,94.03172302246094,96.14530664668789,93.76752650919559,96.03207792413072,31233500
2016-11-10,92.64280700683594,94.32612044415117,92.63525688908878,93.57882004064965,22961200
2016-11-11,92.12198638916016,92.88438726058631,91.82759505684739,92.81644769825418,10040200
2016-11-14,91.5709228515625,92.58997575109336,91.13311388805211,91.54827825540455,21174400
2016-11-15,92.02383422851562,92.70319512301862,91.92569997024758,92.2578360584421,11963700
2016-11-16,92.8541488647461,92.9522773430101,92.22007153712445,92.31820577443995,9149500
2016-11-17,91.48788452148438,92.17480128756931,91.32936659678462,92.05402243500606,11221600
2016-11-18,91.22370910644531,92.06914399302082,90.8387336235609,91.81249175141322,13577700
2016-11-21,91.45015716552734,91.69925926156336,91.2538943844941,91.49544636151447,6488100
2016-11-22,91.41995239257812,91.91060641166393,91.24633422863597,91.8351225069706,9989900
2016-11-23,91.06517791748047,91.2689908090134,90.01593602122773,90.5745238649252,13563500
2016-11-25,91.20103454589844,91.5558151921013,90.88399872722647,91.4803312960916,3126300
2016-11-28,91.87289428710938,91.88799452885547,91.40488469691198,91.64644249241114,8555000
2016-11-29,92.25785827636719,92.39373163979992,91.49545741715826,91.66907562117669,8363000
2016-11-30,90.76323699951172,91.34447520238653,90.18955467443027,90.5594298659531,21163500
2016-12-01,89.80490112304688,90.0015555517404,88.98044482945531,89.63849678283307,21715700
2016-12-02,90.46295928955078,90.9243511046416,90.11502551879171,90.13771597351489,12487500
2016-12-05,90.3646240234375,91.06805691085869,89.593114007187,89.95617856260759,12100100
2016-12-06,90.29657745361328,90.7201538734072,90.09992294980903,90.26632158286249,11526600
2016-12-07,91.06806945800781,91.23447382838926,90.6293680762233,90.6293680762233,10392200
2016-12-08,89.9939956665039,90.24359640542039,89.84271637094764,90.12257873969044,12041100
2016-12-09,88.87455749511719,89.9032336860796,88.70815314500335,89.73682933596577,14646400
2016-12-12,89.04095458984375,89.1014663069027,88.40559310215484,88.70058050942346,9496300
2016-12-13,89.35861206054688,89.6233435488857,88.82914908386921,89.55527221076156,12189200
2016-12-14,88.36021423339844,90.1679599844574,88.34508918914307,90.06963277000976,16618400
2016-12-15,88.80648803710938,89.4720996810989,88.5190602368629,88.91994030487452,12400500
2016-12-16,88.60226440429688,89.19223929279255,88.34509823063084,88.95776357318931,14924600
2016-12-19,89.55526733398438,89.69141577353226,89.05605446540434,89.23758956527708,10868300
2016-12-20,89.10906219482422,89.17713934688939,88.7838187967107,88.97291366141118,7030600
2016-12-21,89.5023422241211,89.55528853143787,89.04851590844666,89.19222401646951,4624700
2016-12-22,89.34233093261719,89.48642108922448,89.1072413388464,89.12999119813729,5177800
2016-12-23,89.52436065673828,89.782200165323,89.44852006167211,89.66844505854884,4461600
2016-12-27,89.23614501953125,89.25889487473138,88.9024708335578,89.04655517843298,5276600
2016-12-28,89.88831329345703,90.15373785110516,89.25887378116187,89.38021402798468,7578600
2016-12-29,90.20684051513672,90.44951527071878,89.98692139967827,90.0930912436315,8581400
2016-12-30,90.3433837890625,90.73773405047446,90.0324593385502,90.07795906647273,10613900
2017-01-03,90.73014831542969,90.99557303650276,89.62294391764985,89.79736918339786,13217300
2017-01-04,91.07897186279297,91.18514172651155,90.5860370464861,90.8211324182832,6699600
2017-01-05,92.50470733642578,92.54262184525182,91.13207251445148,91.34441227851612,13265800
2017-01-06,91.65534210205078,92.1710268636397,91.57192208283607,91.86009664914398,8369300
2017-01-09,92.39093017578125,92.5198498894887,92.11033510551512,92.42884467555348,8839100
2017-01-10,92.33024597167969,92.45158623844706,91.97381617032848,92.17857642404283,8417900
2017-01-11,92.64118194580078,93.04311147978886,92.07241242732948,92.47434196131756,9402500
2017-01-12,92.43643951416016,93.3843888945136,92.39093979536682,93.12654944025292,9977600
2017-01-13,91.99661254882812,92.33029266536623,91.4733482947778,92.01178298275728,9820000
2017-01-17,92.959716796875,93.23272670293706,92.5122816452305,93.13413625663313,7853300
2017-01-18,91.76908111572266,92.48952029813653,91.69324632586176,92.34543014732432,9064700
2017-01-19,91.1396713256836,91.44301637066447,90.66190678527092,91.37476098727666,11795600
2017-01-20,90.95768737792969,91.23827683528727,90.46475229053085,90.88184676000155,16953200
2017-01-23,91.8676528930664,92.42125777455428,91.01828832248121,91.26096308753087,13118400
2017-01-24,91.23819732666016,91.8600516653051,90.85143828423271,91.58704187899056,8395000
2017-01-25,90.0931167602539,90.69980092812588,89.91110630265054,90.45712610381226,11115100
2017-01-26,90.39646911621094,90.4419746301511,89.73669991524156,90.17654990643784,7827900
2017-01-27,90.7225570678711,90.87423245970486,90.43438250212387,90.54813759954304,7197800
2017-01-30,90.44953918457031,90.91213896373961,90.39645424855863,90.57846470273363,6569500
2017-01-31,91.07897186279297,91.30648201980343,90.43436746569489,90.49503761234082,13298500
2017-02-01,90.51581573486328,90.84261530571032,90.12061908558059,90.51581573486328,10975500
2017-02-02,90.4778060913086,91.30620151148366,90.43980385439181,91.14660255342226,6978600
2017-02-03,90.4397964477539,91.10099704699648,90.03699828206342,90.77419755058833,10275600
2017-02-06,90.98702239990234,91.29861877337487,90.5310244542949,91.0174230360533,8433800
2017-02-07,91.65579986572266,91.96740197247205,90.79700381747628,91.03260145055111,8418400
2017-02-08,92.90221405029297,92.92501307732331,92.27141970858277,92.27901551870733,15734200
2017-02-09,91.83065032958984,92.40824520463786,91.7014519337236,92.27145099607147,16890600
2017-02-10,91.77745056152344,91.9218463809826,91.28345021496028,91.28345021496028,7978500
2017-02-13,91.48863220214844,91.51143703144824,91.1086328904291,91.38983446849997,11536800
2017-02-14,90.82742309570312,91.42782261137548,90.31062387957556,91.38221875814203,13210500
2017-02-15,90.40941619873047,90.60701742206544,90.17381853135329,90.25741882590548,8481000
2017-02-16,90.90343475341797,91.3594327624983,90.53103705580745,90.60703575759929,10005800
2017-02-17,91.44303131103516,91.73182869160814,91.29862972158409,91.6634316008129,7886400
2017-02-21,91.28343200683594,91.66343130557448,90.89583109859048,90.95663237798765,8703800
2017-02-22,91.43535614013672,91.82295673779903,90.88815666068979,91.80775932929195,8101500
2017-02-23,91.70902252197266,91.76222218789275,91.45062580131186,91.63302382756234,5330800
2017-02-24,92.72743225097656,92.82622998311386,92.15743329211595,92.22583038398118,11336000
2017-02-27,92.18024444580078,92.64384412384396,92.13464637856048,92.57544122465349,11039800
2017-02-28,92.52220153808594,92.78060400347869,92.20300360877212,92.33980354966769,8410500
2017-03-01,90.97189331054688,91.03281168306711,90.57592969866113,90.94905037322573,10717100
2017-03-02,90.64447021484375,90.77391740774554,90.32465745255834,90.6216272760371,8201200
2017-03-03,90.88045501708984,90.88045501708984,90.27128912747546,90.78908332886822,9515200
2017-03-06,90.44644927978516,90.70534936311587,90.24846754659033,90.70534936311587,4489200
2017-03-07,90.17235565185547,90.37033745780828,90.0429084673653,90.2180473359958,7080100
2017-03-08,89.68500518798828,89.81445235067996,89.26620451878084,89.32711707155089,11336300
2017-03-09,88.96919250488281,89.45653339384555,88.91589041211238,89.34992339881228,10575400
2017-03-10,89.28143310546875,89.33473522121162,88.84739993170682,89.19767180794496,9218500
2017-03-13,88.71795654296875,89.15960017385542,88.70272404668239,88.96162419809404,6993100
2017-03-14,89.1443862915039,89.3575947941763,88.87025941392628,88.91594529035721,9869200
2017-03-15,90.2332763671875,90.48456030324856,89.41851199439526,89.5174999951939,14600500
2017-03-16,89.77637481689453,89.96674032506883,89.57077681474951,89.84490361128003,8018200
2017-03-17,90.33985900878906,90.4236203007746,89.87536668395815,89.93628504349209,7266800
2017-03-20,90.72819519042969,90.78911354251166,90.2332437463778,90.27131916880248,5497800
2017-03-21,91.48204803466797,91.60388474831186,90.6292084676436,90.65205720857251,12540700
2017-03-22,91.84756469726562,92.26636538528122,91.70288503276285,91.9237097487689,11661400
2017-03-23,91.71807861328125,92.15211164062868,91.42110895296422,92.0074378378415,6746500
2017-03-24,92.04557037353516,92.21309302660107,91.68007168457035,91.7790597025198,5819600
2017-03-27,92.46436309814453,92.8755534185033,92.28161378115043,92.76894916613207,6878500
2017-03-28,91.84756469726562,92.76131693429514,91.74857090176582,92.73847399979365,6811200
2017-03-29,92.39578247070312,92.42624164328628,92.04551070023675,92.09120236385803,6291000
2017-03-30,91.64958190917969,92.20544600759419,91.61912272701389,92.19021932125878,7042400
2017-03-31,91.91608428955078,91.99222933342332,91.53535326069365,91.58865537235387,5144800
2017-04-03,92.8432388305664,92.99585716744636,91.8741371340043,91.91228735187859,12996500
2017-04-04,92.33959197998047,92.78217050230592,92.29380357837972,92.61429910241307,6976700
2017-04-05,92.62195587158203,92.72878580718496,91.84362265193288,91.99623518228138,8555200
2017-04-06,92.484619140625,92.64486989506418,91.9657282922486,92.51514281662314,6497000
2017-04-07,92.11064147949219,93.28577587833318,92.09538256445406,92.97291281303396,10270000
2017-04-10,92.53800964355469,92.80509028245139,92.33198216230271,92.43881208914364,5314500
2017-04-11,93.4155502319336,93.59105987467589,92.88140057453468,92.94244791303588,11297400
2017-04-12,93.92680358886719,94.00311566882546,93.31634770176129,93.48422496279856,11532500
2017-04-13,94.21672821044922,94.4227555862168,93.7894087218697,94.20146347340486,8396700
2017-04-17,93.92680358886719,94.27782285565112,93.75129977726955,94.20914314804754,8015000
2017-04-18,95.15533447265625,95.36900010317409,94.27780394707891,94.51435504648222,11529700
2017-04-19,94.63648223876953,94.75094456036177,94.39229866954399,94.6975295865248,7344000
2017-04-20,94.27019500732422,94.56016113098043,93.96496413822608,94.25493026188228,7932900
2017-04-21,94.27019500732422,94.80434466190002,94.23203896551398,94.48385486915454,9798500
2017-04-24,93.80471801757812,93.98022765710216,93.4460721877032,93.51475189770635,8066400
2017-04-25,92.67536926269531,93.44607591797138,92.6219542958026,93.25530734738388,8122300
2017-04-26,93.18663787841797,93.20189680319936,92.66011473563702,92.72878862984582,5766200
2017-04-27,93.15611267089844,93.36214017192245,92.77457551790997,92.90429675269526,4978300
2017-04-28,93.36207580566406,93.4307554731858,92.75162027482348,92.78977047074362,8166300
2017-05-01,92.58599090576172,93.39653701441664,92.30306168200808,93.05243879235263,8795900
2017-05-02,93.06009674072266,93.12127158315548,92.47895323947303,92.50189234689682,6727800
2017-05-03,93.12128448486328,93.5877325136191,92.94541408094513,93.45774033090483,8932900
2017-05-04,92.66244506835938,92.69303248070797,92.27246285335535,92.53245294134216,9707200
2017-05-05,92.74655151367188,92.88419194116341,92.44068324880713,92.81536881044168,5605400
2017-05-08,92.24190521240234,92.63188755327454,92.16543957382751,92.60894844509751,8057800
2017-05-09,92.23422241210938,92.24186488885796,91.86717933986714,92.0506979590124,5536700
2017-05-10,92.127197265625,92.57070024321841,91.88250375476352,92.45600471777824,6517000
2017-05-11,92.127197265625,92.1960145808891,91.69133676709194,91.76015408235604,7479800
2017-05-12,92.82304382324219,92.8995094529668,92.5095329911852,92.53247209670722,7463900
2017-05-15,92.5707015991211,92.68540296019479,92.3336563978014,92.5707015991211,5173200
2017-05-16,92.91477966308594,93.20535130700974,92.60891139719398,92.60891139719398,6722700
2017-05-17,94.26824188232422,94.46705713630531,93.58768803280074,93.77120666434755,11236400
2017-05-18,94.37529754638672,94.77292806548392,94.1994272211321,94.62763931805007,8350500
2017-05-19,94.5970687866211,94.65059530828736,94.06180356995841,94.32943617828975,11277400
2017-05-22,94.33708953857422,94.48237248575411,94.25297559517625,94.367676957442,4062900
2017-05-23,93.70242309570312,94.52826598587399,93.65654487978948,94.44415203406284,7901300
2017-05-24,94.23001861572266,94.25295771703394,93.70239594975324,93.90121121770517,7355200
2017-05-25,94.26063537597656,94.26828369058576,93.87065884022789,94.06946834842948,6464800
2017-05-26,94.42121887207031,94.62002837618516,94.24534264340225,94.47474540532502,2963800
2017-05-30,94.88762664794922,94.925862372395,94.61999407868616,94.84174844577626,4819400
2017-05-31,95.12466430664062,95.31583123417248,94.8417351536709,94.85703177488637,8000200
2017-06-01,95.1346435546875,95.16529577211628,94.75916412223211,94.7898104933482,9037300
2017-06-02,96.26107788085938,96.37601637660407,95.82429405809327,95.95456158414532,13245000
2017-06-05,95.66340637207031,95.90862418364347,95.61743095555755,95.70938763489748,6775500
2017-06-06,96.18446350097656,96.45266896774731,96.09251268614156,96.31473689918157,12841500
2017-06-07,95.72471618652344,96.18448791634617,95.62510082972818,95.96992816551655,12852400
2017-06-08,95.4717788696289,95.69400299751257,95.24956058805626,95.69400299751257,8758600
2017-06-09,95.32620239257812,95.51010982549501,95.0043629233956,95.08099053325165,5130500
2017-06-12,95.29556274414062,95.77832201156646,95.12697847244229,95.18061839104516,4335800
2017-06-13,95.31086730957031,95.41814712581774,95.01201555769367,95.02734458647845,4742600
2017-06-14,96.78218841552734,97.09636349335031,96.34540443668085,96.49099519875357,20212300
2017-06-15,96.62889099121094,96.80513975864696,96.42199585634533,96.62122647619755,5863700
2017-06-16,96.82046508789062,96.88943403191548,96.55993003478184,96.61356994844024,6672500
2017-06-19,96.68253326416016,96.92008646487912,96.57525343660144,96.79747760691937,5641300
2017-06-20,97.5484390258789,97.62506663641805,97.15763061192374,97.15763061192374,8405700
2017-06-21,97.74767303466797,97.80897746375058,97.24959062573016,97.40284585212454,5914800
2017-06-22,97.96224212646484,97.98523567431981,97.55611047571774,97.86262680434416,6608100
2017-06-23,97.91620635986328,98.0081629556555,97.6250192426516,97.67865912861978,4329900
2017-06-26,98.28407287597656,98.52163192510403,98.20745110854375,98.2917432375569,5541600
2017-06-27,97.23429870605469,97.6940704070279,97.02740348682678,97.64809499082489,8354200
2017-06-28,96.91244506835938,97.0963525528584,96.53696558233241,97.0657003310563,7357900
2017-06-29,96.10018920898438,96.33773663873684,95.70938065817063,95.79367281317583,9115800
2017-06-30,95.8779296875,96.08482481690798,95.67102871178018,95.9315695985548,10189800
2017-07-03,95.56925201416016,96.01461873092447,95.23138680028482,95.9839031789001,11021100
2017-07-05,95.59225463867188,95.71511680490163,95.30814613144902,95.36957135617337,11394500
2017-07-06,94.80135345458984,94.93957046965096,94.39438275979626,94.8474238401466,10853100
2017-07-07,94.23316955566406,94.47120779075397,94.13334253445093,94.32531036491524,9401800
2017-07-10,94.37139892578125,94.52497086680786,94.20246627561556,94.34836372046666,3859200
2017-07-11,94.53263854980469,94.70157117732589,94.22548885052915,94.34067072005662,4425600
2017-07-12,95.18533325195312,95.24676436687687,94.82443277476801,95.13158249099322,7839900
2017-07-13,94.58638000488281,94.9472804266562,94.30226553577782,94.90888452112567,7449300
2017-07-14,94.7015609741211,95.33889550623219,94.54030871751333,95.29281924834955,6566800
2017-07-17,94.96265411376953,95.20837272609288,94.65550438376688,94.70158065122327,4737300
2017-07-18,95.79192352294922,95.80727836786572,95.39263311281049,95.54620499554267,9163000
2017-07-19,95.83031463623047,95.99156686256245,95.66905655150697,95.81495393368941,5140900
2017-07-20,96.10679626464844,96.54448276943053,95.96089881025627,96.36018939807377,12239100
2017-07-21,96.51372528076172,96.7747986558453,96.42157863511301,96.5444408293113,6201500
2017-07-24,96.13749694824219,96.4907229476714,96.10678724762508,96.32946479826535,5378500
2017-07-25,94.88583374023438,95.36191594203059,94.80904780017477,95.32352004280494,9743300
2017-07-26,95.0394058227539,95.28512434650294,94.50957873434015,94.65547026324657,8459500
2017-07-27,94.57105255126953,94.73997935271447,94.30997320650124,94.5326566346172,6390800
2017-07-28,95.13157653808594,95.20836249773893,94.64781971971821,94.65549421480827,5491800
2017-07-31,95.24678039550781,95.25446075076417,94.75534311020324,94.80141352495225,5464600
2017-08-01,95.91548156738281,95.96934914176916,94.77656546003591,94.79195367937832,9676800
2017-08-02,95.96935272216797,96.32334049150255,95.94626745673045,96.01552325304297,5745600
2017-08-03,96.96204376220703,96.97743197950943,96.3925857840264,96.41567104554224,10324500
2017-08-04,96.13871002197266,96.33109517723385,95.76163676157682,96.30800989798315,8485500
2017-08-07,96.24634552001953,96.26943077535199,95.89235790563498,96.06934877726579,4684600
2017-08-08,95.90006256103516,96.17709738926358,95.53837787578563,96.09244753224249,6197400
2017-08-09,96.42337799072266,96.92357436459254,96.34641928293489,96.90818614571005,9221800
2017-08-10,97.246826171875,97.30069376708512,96.59271211001665,96.66967084985473,10378200
2017-08-11,97.29296875,97.31605401686407,96.61577548044201,96.78506939448711,5717800
2017-08-14,96.79273223876953,97.17750220688112,96.75425876463265,96.95433492084155,5111000
2017-08-15,96.38488006591797,96.60804735902863,95.96932778265578,95.98472186969732,7473200
2017-08-16,96.73890686035156,96.97746246584151,96.04631944152844,96.06171353479469,5283800
2017-08-17,97.4622802734375,97.48536554308194,96.5850048001896,96.73121346497987,9364700
2017-08-18,97.43915557861328,97.84701083364547,97.16212071271893,97.71619044450763,8382500
2017-08-21,97.67774963378906,97.74700544202433,97.34684707292536,97.55462036875768,7669800
2017-08-22,97.30066680908203,97.58539293153787,97.16984051028041,97.57000471051022,6140700
2017-08-23,97.96247100830078,97.97016218318441,97.54691859067599,97.76238890993494,7446400
2017-08-24,97.60078430175781,97.97016030737917,97.51613441065172,97.63925778881692,5569400
2017-08-25,97.97786712646484,98.07790524814817,97.63157635276184,97.74700269657862,7303300
2017-08-28,97.9162368774414,98.03166901502806,97.52377582921814,97.66998439044698,4448500
2017-08-29,98.23179626464844,98.90129827428692,97.97014957413307,98.85512774642396,7659400
2017-08-30,98.20100402832031,98.301042118952,97.99322493169166,98.08557184920711,4735200
2017-08-31,98.49346160888672,98.52424392550185,98.17025609111768,98.2241236774125,7978400
2017-09-01,97.74009704589844,98.19505798729611,97.49333727290612,98.17192517783074,14128600
2017-09-05,99.2900390625,99.32089064806694,98.46494152828538,98.46494152828538,15215700
2017-09-06,98.68086242675781,99.47512019709437,98.50350109670583,99.25920614883394,9066400
2017-09-07,99.69098663330078,99.91461935489994,98.95842062182852,98.95842062182852,13618900
2017-09-08,99.47511291503906,99.59849572399371,99.14353485320976,99.55993712539134,9808500
2017-09-11,98.28759765625,98.74256449265867,98.13337500033833,98.60376174905129,17856700
2017-09-12,97.77090454101562,98.00223842847386,97.57041046531334,97.9713986167179,7557400
2017-09-13,97.38534545898438,97.87115193390362,97.37763256417821,97.86344492231241,6740000
2017-09-14,97.78633880615234,97.80176459751026,97.41620217858122,97.44704787808142,6674500
2017-09-15,97.82489776611328,97.94056766886644,97.57813805240718,97.93285477315872,9769200
2017-09-18,97.26193237304688,97.60122904023102,97.03830555905851,97.54725055983474,6863000
2017-09-19,97.02290344238281,97.40075287441903,96.95350504767205,97.3776200761821,5554900
2017-09-20,97.09230041503906,97.2002573874981,96.64504673872945,97.13856600803186,8037000
2017-09-21,97.03834533691406,97.59355615327478,97.02292542899983,97.28511092926597,6147800
2017-09-22,97.31597900390625,97.72468022250693,97.20802196751127,97.54731887230533,5660700
2017-09-25,97.92510223388672,98.14101616056796,97.31591315034275,97.40845021172612,9679000
2017-09-26,97.74775695800781,97.84800103909146,97.49328442539485,97.75546396817387,7251900
2017-09-27,96.27490234375,96.62191193362352,96.08983409241229,96.29032812990276,12145700
2017-09-28,95.9896011352539,96.1206909166704,95.59632590779013,95.78139418056719,8883700
2017-09-29,96.20551300048828,96.41371406741555,95.8276576859987,96.20551300048828,11285500
2017-10-02,96.02935028076172,96.5856847682464,95.99844215422121,96.43887264095952,7860700
2017-10-03,96.12207794189453,96.20707381900206,95.75118630586877,95.75118630586877,6219800
2017-10-04,96.12977600097656,96.26885368842412,95.72024786138289,96.22249445927494,7447000
2017-10-05,95.76663970947266,96.04480695223214,95.57346834061872,96.0216214360669,8180300
2017-10-06,95.49618530273438,95.89025650549664,95.06348336722868,95.2643832209085,10375000
2017-10-09,95.79757690429688,95.85938728079263,95.53486069747444,95.64303622524717,3590900
2017-10-10,95.95205688476562,96.48521160650611,95.82842441213911,95.921148766609,6666800
2017-10-11,96.1375503540039,96.3229991606577,96.01392371135859,96.25345438438156,4385900
2017-10-12,96.54703521728516,96.57022073042985,95.99842930862542,96.23796578348139,7141600
2017-10-13,97.24243927001953,97.31198400922418,96.7170130548317,97.03381684264704,7746900
2017-10-16,97.17290496826172,97.28108043864049,96.87928078141562,96.99518475542745,5737300
2017-10-17,97.29655456542969,97.42790968265751,96.88703220282385,96.88703220282385,4969600
2017-10-18,96.65520477294922,96.72474951787692,96.33840685418434,96.62430254756049,5943800
2017-10-19,96.82522583007812,97.36610926022959,96.79431770020179,97.15748085734504,8966500
2017-10-20,95.79757690429688,96.02937908018524,95.53486069747444,95.81302802463978,12326900
2017-10-23,95.96751403808594,96.19159348748822,95.82843044518525,95.93661181310456,6871100
2017-10-24,95.37256622314453,95.57346609266159,95.15621523833642,95.32620698214915,6842800
2017-10-25,94.91668701171875,95.02486840867509,94.59216050621787,94.67715638553324,9961400
2017-10-26,94.59986114501953,95.08665075987314,94.59986114501953,95.08665075987314,8179400
2017-10-27,95.22579193115234,95.2953367153964,94.84717755732214,94.99398973896274,10480900
2017-10-30,96.1375503540039,96.1684584884462,95.47304020130417,95.70484826205947,9051600
2017-10-31,96.16841888427734,96.32295949284578,96.12205964926754,96.22250662349593,4424300
2017-11-01,96.59664154052734,96.89862656051046,96.2481991044257,96.28691164865569,8940400
2017-11-02,97.02250671386719,97.19285251729809,96.72826070112967,96.79020785198026,7222700
2017-11-03,97.28575897216797,97.33221637468807,96.89859819755489,97.15412572662463,10984100
2017-11-06,97.64971160888672,97.73488746984656,97.34772661370398,97.51033346437116,6246700
2017-11-07,98.06011199951172,98.1685165785938,97.66520622850902,97.74264313437321,6422700
2017-11-08,97.84330749511719,98.1840109927839,97.72715803840292,98.02139820881986,3356200
2017-11-09,97.56452178955078,97.75035731978242,97.2160794319158,97.46386210809301,6280400
2017-11-10,96.09329986572266,96.6662961388695,95.98489532506257,96.56563646757209,11981000
2017-11-13,96.29463958740234,96.64308196223138,96.25592114237455,96.63534299931005,5880800
2017-11-14,96.945068359375,96.97604193433314,96.61210981308166,96.61210981308166,6195900
2017-11-15,97.99816131591797,98.08333718322226,97.28578670537871,97.61100043093712,9568200
2017-11-16,97.14640808105469,97.82007014440437,97.13866320926273,97.5722874155182,5894900
2017-11-17,97.86650848388672,97.90522692769325,97.53354995300785,97.61872580329815,6938800
2017-11-20,97.82780456542969,97.85877814355281,97.49485189271951,97.49485189271951,4232300
2017-11-21,98.13753509521484,98.56341441274785,97.80457651267248,98.40854652109675,5818400
2017-11-22,98.45498657226562,98.49369910532407,97.95942125132247,98.04459709469751,4140700
2017-11-24,98.18399810791016,98.36208879824164,98.09882224467127,98.28465780646248,3141400
2017-11-27,98.04462432861328,98.37758292494601,97.8897564305479,98.23045989868548,6079900
2017-11-28,98.17626190185547,98.47824693177276,97.9284791617283,98.16077215756886,5983000
2017-11-29,97.20834350585938,97.31674806743584,96.86764007941592,97.22382733996793,14547100
2017-11-30,96.88313293457031,97.1928568875389,96.35659394387568,97.03025003994867,9630000
2017-12-01,98.19051361083984,99.07504243649181,97.06545086265494,97.662899406094,24583100
2017-12-04,98.23709106445312,98.2836433557319,97.61636622227232,97.70171603606394,9609200
2017-12-05,98.72589874267578,98.9276351856601,98.1129346456748,98.12845602111142,10958900
2017-12-06,99.06727600097656,99.49401901614186,99.0517605486503,99.21469943658639,11834200
2017-12-07,98.29136657714844,99.3931530480204,97.99652564531992,99.26124507356027,13056800
2017-12-08,98.29914855957031,98.33794015603002,97.94998867341388,98.22155352731122,4786100
2017-12-11,98.0973892211914,98.60948198042095,98.081873770165,98.43102765510932,3863800
2017-12-12,98.05860137939453,98.08188343773165,97.5077110587971,97.89566248904902,7502400
2017-12-13,98.79571533203125,98.84226761063178,98.2215429375018,98.392242518596,8532900
2017-12-14,99.21471405029297,99.3000638498313,98.37673742919097,98.57847385716067,6885000
2017-12-15,99.5871810913086,99.77339028331731,98.97421092936436,99.16818673060233,7239400
2017-12-18,98.6793212890625,99.31556136728491,98.46983013145763,99.29228522973646,7239700
2017-12-19,97.39913940429688,98.0586560192848,97.04222459994662,98.01210371600895,11045800
2017-12-20,96.32059478759766,96.7628592463068,96.17317132813797,96.45249687255111,10005800
2017-12-21,96.88195037841797,97.08411341508763,96.41542531333943,96.43875067676515,7026900
2017-12-22,97.01419830322266,97.06862616615086,96.82758933492482,96.95977044029445,3974300
2017-12-26,97.30184173583984,97.6050833777907,97.16966069851544,97.17743779841366,3168400
2017-12-27,98.56926727294922,98.73255676144366,97.73729528672237,97.7450723890771,9059700
2017-12-28,98.48371887207031,98.61589991892896,98.25823041626995,98.38263436266939,5297100
2017-12-29,98.63922882080078,98.84139191465341,98.34376424685443,98.35931251614015,7580500
2018-01-02,97.573974609375,98.36707264648392,97.24740762100718,98.3515184476919,16238200
2018-01-03,98.0405502319336,98.12608057278486,97.57402487504866,97.97057409788715,8605100
2018-01-04,98.02497863769531,98.09496068728517,97.48070017284252,97.69841155878363,9217900
2018-01-05,97.7450942993164,98.11054107342346,97.4729549778087,97.86950423611553,10915400
2018-01-08,97.68285369873047,97.99387249508435,97.32518415919007,97.96277002222995,8850600
2018-01-09,96.37659454345703,97.0608371886787,96.26773883757014,97.04528298372854,16226400
2018-01-10,96.25992584228516,96.36100440177826,95.373526375381,95.49015320087749,14302600
2018-01-11,96.656494140625,96.87420551462557,95.87895012937147,96.03446249093619,12511000
2018-01-12,96.81980895996094,97.02974923287128,96.34551241743476,96.49324179342477,9987100
2018-01-16,97.22410583496094,97.41071474040278,96.8508820918871,97.32518442286899,9125900
2018-01-17,97.09193420410156,97.6906405527969,96.88199397442281,97.25521775374575,8327000
2018-01-18,96.19000244140625,96.62542534114722,96.05782133715519,96.36106313264509,10843900
2018-01-19,95.68460083007812,96.07337298483344,95.62240179378342,95.94896898005175,11374300
2018-01-22,95.77787017822266,96.18996754916235,95.63013491988958,95.98780444810498,8984700
2018-01-23,96.19000244140625,96.5709974786796,95.82455567961276,96.2677556831897,12325700
2018-01-24,95.66897583007812,95.73895191436281,95.28020398710748,95.52124063144927,9038900
2018-01-25,96.45433044433594,96.53208365376376,95.4824004960141,95.76231679570594,12173300
2018-01-26,96.09664916992188,96.34546891649086,95.71565431431935,96.32213761610807,6462900
2018-01-29,95.42800903320312,95.61461799340287,95.09366476624132,95.61461799340287,12223000
2018-01-30,94.86813354492188,95.14804982539987,94.62709090039465,95.07806778918577,12064400
2018-01-31,95.42800903320312,95.5835155113376,94.81374835984576,95.53686475433564,18045100
2018-02-01,94.04497528076172,95.47084505140543,93.99043410647961,95.43189046665658,18632800
2018-02-02,93.17231750488281,93.70214860847125,92.90739898081749,93.61644019873326,23944400
2018-02-05,94.05278015136719,94.91765169610328,92.43991271961072,92.85286822493566,28606200
2018-02-06,93.46842956542969,94.17747102796137,93.28143203628,93.82684397319339,10935400
2018-02-07,92.58014678955078,93.75668457598239,92.37756274646345,93.60084841032217,16271100
2018-02-08,92.47885131835938,92.86063949476645,91.82435135712005,91.94902028099095,15155100
2018-02-09,91.89448547363281,92.79051816167478,91.77760983554937,92.02694175600783,15661600
2018-02-12,92.29962921142578,92.95412908746628,92.08925786045532,92.37754430643184,10944600
2018-02-13,92.71258544921875,92.72817203509304,92.24508893018326,92.41650570755579,8157600
2018-02-14,91.68408966064453,92.36196346929464,91.528259470963,92.29962901560575,12043300
2018-02-15,91.99575805664062,92.56454955641685,91.93342360154773,92.08925973927997,8222400
2018-02-16,92.49443817138672,92.8840196678265,92.20614572398621,92.75156338572702,8454100
2018-02-20,92.08928680419922,92.33861875330831,91.76982708636496,92.15940862838181,8268800
2018-02-21,90.95948028564453,92.16718522490262,90.7802761377287,92.12822469994275,12054300
2018-02-22,91.23219299316406,91.67632161078376,91.1620711764085,91.34906863229862,9317900
2018-02-23,92.0425033569336,92.18275290470807,91.72304968644438,91.84771264861021,9072900
2018-02-26,92.07369995117188,92.65028491178425,91.97241089057148,92.47107478736851,8771600
2018-02-27,91.94120025634766,92.45545050099105,91.36462151243153,92.34636225204933,12525700
2018-02-28,92.52561950683594,92.58795398245714,92.13603795101768,92.30745478670457,9311600
2018-03-01,93.15723419189453,93.39145690914532,92.24377631637248,92.46238100898994,12287700
2018-03-02,92.39988708496094,92.85271432948552,92.22032156296154,92.79025416682096,10064300
2018-03-05,92.15007019042969,92.75123894827138,91.83777527331335,92.71219984993304,5658200
2018-03-06,92.23595428466797,92.65755154229097,92.22034221876947,92.40771679220293,5452000
2018-03-07,92.13446044921875,92.65755102357939,92.0954213498956,92.57166977029269,4461800
2018-03-08,92.66536712646484,92.8995838707376,92.32965109879625,92.36868424457634,7086700
2018-03-09,92.0563735961914,92.33743243189423,91.80653293062568,92.11882780605353,6570400
2018-03-12,92.58729553222656,92.6419526619763,92.27500651756662,92.36869083935215,5801300
2018-03-13,93.05570983886719,93.1962422310666,92.27497565032135,92.3686599407682,7455300
2018-03-14,93.87549591064453,94.0004162648935,93.19626084313938,93.21968192042849,10175000
2018-03-15,93.87549591064453,94.07067949676079,93.63347016995009,93.82084474479319,6757900
2018-03-16,93.53978729248047,93.69593774762518,93.33680063558856,93.53198423712134,6084300
2018-03-19,93.24309539794922,93.66469262438173,93.06352389248487,93.07133290312154,8491200
2018-03-20,92.86834716796875,93.07914877498895,92.77466285954226,92.83712303618012,5446000
2018-03-21,92.96985626220703,93.23530310615497,92.21254292095533,92.64194923502514,9742400
2018-03-22,93.89111328125,94.32832260502491,93.43047692381835,93.93014642428402,12136600
2018-03-23,93.82083892822266,93.93014125314896,93.39143863930646,93.4382807909806,7250400
2018-03-26,93.461669921875,94.03941143566215,93.43043984592327,93.68808350512909,8237900
2018-03-27,94.46105194091797,94.56255122354257,93.53978512477161,93.55540314818955,9168500
2018-03-28,94.71088409423828,94.96852786475118,94.4298192457752,94.8201864290261,7412500
2018-03-29,95.17152404785156,95.47600998571838,94.86703810998475,94.89045918881592,9694300
2018-04-02,95.35929107666016,95.73484720451626,94.79596583876925,94.94461837396753,12036500
2018-04-03,94.62383270263672,95.04633109240554,94.5377678842063,94.95244057159182,9855000
2018-04-04,94.42823028564453,95.03067803491811,94.35781090394346,94.94461321798448,6654300
2018-04-05,93.72406005859375,94.09961017172434,93.70840865514414,93.96660308870982,7603700
2018-04-06,94.7490005493164,94.78812308637804,94.06048806956345,94.40474729407046,8831200
2018-04-09,94.905517578125,94.905517578125,94.16223090150612,94.38912856262579,6307500
2018-04-10,94.73336029052734,94.9680776179346,94.4986369938587,94.82724483378568,6046000
2018-04-11,95.06977081298828,95.36708174342105,94.88198983341604,95.33578491349235,5901300
2018-04-12,94.37342834472656,94.72550721873804,94.20912447223722,94.70203608970525,6622800
2018-04-13,94.59251403808594,94.77246336655043,94.27955167684182,94.29519710873677,4964000
2018-04-16,94.62383270263672,94.64730384052467,94.02920467600707,94.06832721866161,4491300
2018-04-17,94.88201904296875,95.12456805727027,94.52994004408775,94.60817915836554,5590400
2018-04-18,94.12310028076172,94.93679429471683,94.10744887514974,94.8976777192114,8138400
2018-04-19,93.35635375976562,93.52065772280113,92.95732643852911,93.43459288941163,9875800
2018-04-20,92.68348693847656,93.20769567577332,92.66001579639806,93.01992056988223,7579400
2018-04-23,92.70691680908203,92.80863300515732,92.38613472804386,92.58173545063748,7073200
2018-04-24,92.28447723388672,92.67567892791635,92.13582464925506,92.48790378617608,8190800
2018-04-25,91.66635131835938,92.04972717122367,91.49422167891689,91.86195209604185,6603800
2018-04-26,92.30794525146484,92.42530097269538,92.00280246847484,92.11234442372924,6528600
2018-04-27,93.01990509033203,93.06684736667735,92.66782607921824,92.6912972173909,5401800
2018-04-30,93.18419647216797,93.5441011372703,93.05901509569208,93.16855103858143,8321100
2018-05-01,92.84862518310547,93.18579457378482,92.70748186454092,93.13090583781103,7979200
2018-05-02,92.74665069580078,93.20928928582173,92.73097076945052,93.0289372294763,4644000
2018-05-03,93.16226959228516,93.55433369255728,93.06033507988683,93.18579248111374,6345300
2018-05-04,93.30338287353516,93.49157788843108,92.91131889946753,93.49157788843108,4283500
2018-05-07,93.15440368652344,93.32690681183296,93.1073519410558,93.28770400343505,3647800
2018-05-08,93.06816864013672,93.31124644338706,92.76235915139507,92.95839118173832,6091200
2018-05-09,92.5114517211914,92.85646407625848,92.5114517211914,92.62122919540688,7832500
2018-05-10,93.2563247680664,93.29553355325227,92.80152918256134,92.95835834088413,7101500
2018-05-11,93.49156188964844,93.59349635179072,93.17006661436669,93.56213052134221,4273400
2018-05-14,92.99755859375,93.30336796606859,92.98971564044373,93.15438774777269,4996200
2018-05-15,91.93898010253906,92.1977436998025,91.50770744043332,92.18205779440589,12901000
2018-05-16,91.58617401123047,92.15858423368758,91.57833105433532,92.07232965511076,6518000
2018-05-17,91.12350463867188,91.60182314727594,91.02940713483426,91.45283692847168,7330300
2018-05-18,91.90765380859375,91.97038549232433,91.35876653200783,91.35876653200783,9606500
2018-05-21,91.95467376708984,92.04092831240074,91.70375308502747,91.84489634258887,4448500
2018-05-22,91.81356048583984,92.01743547608544,91.62537140845625,91.97038970234526,4700700
2018-05-23,92.48007202148438,92.6133723655758,92.26051710594021,92.33108576489822,9634000
2018-05-24,93.21715545654297,93.35829876759158,93.02896636928591,93.06817517107511,8204100
2018-05-25,93.79743194580078,93.96993515124707,93.67981150112314,93.75038017847513,8482800
2018-05-29,95.85183715820312,96.07139211457321,94.43256691707943,94.71485357024778,21668100
2018-05-30,95.20882415771484,95.2558759076562,94.67561685694886,94.87949182023583,11616300
2018-05-31,95.05201721191406,95.6479562929783,94.84029925699902,95.31861791671301,10769900
2018-06-01,94.54979705810547,94.87203347293863,94.19611592417844,94.44761971002015,8718800
2018-06-04,93.8659896850586,94.42401335222108,93.81883461345431,94.40043581641895,7156500
2018-06-05,94.0860366821289,94.43971764046537,94.01530408825379,94.28252410465353,5635900
2018-06-06,93.32368469238281,93.60662712167324,93.07218097704927,93.59091076285557,7813300
2018-06-07,94.22754669189453,94.69911550099566,93.27654789458249,93.28440907369229,13238300
2018-06-08,93.94459533691406,94.19609907777584,93.8738627205727,93.9681728756945,6790600
2018-06-11,93.77168273925781,93.83456017177586,93.48088510742531,93.58305643802565,6844200
2018-06-12,93.79525756835938,93.8895737144124,93.44158251422373,93.47302122957474,6048200
2018-06-13,93.74809265136719,94.03103506349979,93.23722407410995,93.88170268034058,8834700
2018-06-14,94.52619171142578,94.54977524530541,93.90529656799822,94.14107793989781,10078800
2018-06-15,94.61262512207031,95.17064870363605,94.54975370168243,94.96630609381457,7992800
2018-06-18,94.52619171142578,94.75411790168735,94.34542659260161,94.69124646697391,4893700
2018-06-19,95.07633972167969,95.28068833028647,94.86412993680942,95.07633972167969,6133300
2018-06-20,94.2432632446289,94.934897055617,94.23540206600337,94.91917469836592,6879100
2018-06-21,94.7384262084961,94.903475010695,94.48692241519439,94.59695494999367,7235800
2018-06-22,94.73053741455078,94.80127602134341,94.36114001412245,94.3847175509461,4082500
2018-06-25,94.94275665283203,95.18639921926416,94.81700178220754,94.83272413919674,8363700
2018-06-26,95.07633972167969,95.12349478661949,94.8326972243966,94.91914617801272,5450000
2018-06-27,95.97234344482422,96.02735969835894,95.53221341654654,95.68940099912516,8173400
2018-06-28,95.99589538574219,96.08235033200422,95.75225289881482,95.98803420981282,7109500
2018-06-29,95.66580963134766,96.27884950963026,95.61079338576643,96.01948463918114,11164700
2018-07-02,95.5909652709961,95.90605824544545,95.54370342829321,95.8981792683621,9662000
2018-07-03,96.10301208496094,96.12664301159455,95.73277820796767,95.73277820796767,3808800
2018-07-05,96.37870025634766,96.5204918025262,96.11087511906538,96.1502579869545,3860400
2018-07-06,96.69380950927734,96.82772210043761,96.48112515919337,96.69380950927734,4679900
2018-07-09,96.0715103149414,96.26844273343134,96.02424845767197,96.15816105986902,5952700
2018-07-10,96.0635757446289,96.20536724428469,95.95329413488518,96.00056197470177,5759700
2018-07-11,96.4338607788086,96.53626947801804,96.17390855606176,96.45749170634917,6869100
2018-07-12,96.42599487304688,96.47325673159011,96.21330448980103,96.23693541907265,4824700
2018-07-13,96.67015075683594,96.78831136615985,96.47321841126217,96.58350004399162,4079000
2018-07-16,96.2684555053711,96.33147533002483,95.81944977204046,96.2684555053711,5517100
2018-07-17,96.08722686767578,96.41019276967728,96.02420707853962,96.33142103820602,3764300
2018-07-18,95.70130920410156,96.13456307721873,95.62253741169005,96.1188051127949,6330000
2018-07-19,96.30778503417969,96.45744951310262,95.92179335352662,95.94543028062793,6166700
2018-07-20,95.126220703125,95.78003165222029,95.07895284410768,95.77215868396692,10469500
2018-07-23,93.95250701904297,94.82688735836076,93.88161423959014,94.82688735836076,11571800
2018-07-24,94.27549743652344,94.38577912156907,93.85012264710412,93.96040433214975,9053500
2018-07-25,94.1258316040039,94.73238691222855,93.94465711654041,94.5433274341344,7357900
2018-07-26,93.94465637207031,94.4330449951898,93.86588459510601,94.29913237336035,6821100
2018-07-27,94.10218048095703,94.42515251264429,94.0549186265248,94.4093945545668,4542000
2018-07-30,93.77920532226562,94.0627884410298,93.71618551589593,93.7319374625386,7111200
2018-07-31,94.29122924804688,94.41726886683655,94.18094758655582,94.36212803609102,6797400
2018-08-01,93.52304077148438,93.82304498302518,93.21513996867469,93.38882883658462,13312600
2018-08-02,93.65728759765625,93.74413206396443,93.39676022206825,93.64939702678208,4451100
2018-08-03,94.12309265136719,94.17835676555983,93.79939853728409,93.81519172610295,6162400
2018-08-06,94.1783218383789,94.61253799647622,94.16252865541713,94.37569446205981,4200200
2018-08-07,93.68881225585938,94.02829332506965,93.60986443069412,93.97302924512069,5346900
2018-08-08,93.78361511230469,93.97309122233135,93.64150652395045,93.68098347423545,5640900
2018-08-09,94.57307434082031,94.60465468583205,94.04411711437734,94.13096155732588,7144100
2018-08-10,95.25994873046875,95.56784961506395,94.95993841590405,95.03099570952996,8457900
2018-08-13,95.06257629394531,95.29152329211244,94.9046745429074,94.93625489311499,7923200
2018-08-14,94.84941101074219,95.18099565492761,94.76256655297897,95.16520849139609,4251200
2018-08-15,95.40202331542969,95.63097626927846,95.18886354368586,95.2599208164899,7649800
2018-08-16,95.39412689208984,95.47307472776613,94.95990476086965,95.37833371095434,5400400
2018-08-17,95.51254272460938,95.83623062760985,95.33095729853603,95.59938111939822,3537600
2018-08-20,96.15205383300781,96.24679486644838,95.95468119750777,96.03362904704082,5603700
2018-08-21,95.82837677001953,95.9468015769339,95.58363658617617,95.8204862000049,4695000
2018-08-22,96.20729064941406,96.35729573732571,95.98623432407045,96.31781881208587,5309600
2018-08-23,96.35730743408203,96.42046208946572,96.14414164924382,96.31783050405011,5328700
2018-08-24,96.54681396484375,96.5783943141849,95.91521902469225,96.01785666588493,6092200
2018-08-27,95.99417114257812,96.21523359776766,95.93890703461474,96.1441763027656,6407400
2018-08-28,95.41781616210938,95.5993955923391,95.275707640335,95.52834434311897,4929300
2018-08-29,95.5441665649414,95.6468042159267,95.22837508807184,95.48101188356928,5613300
2018-08-30,95.74945831298828,95.89156692026258,95.5915625375003,95.7731420769777,5302900
2018-08-31,95.52837371826172,96.25470370919663,95.44152926028733,96.2310199521738,9677500
2018-09-04,94.97603607177734,95.03142467136287,94.75448167343521,94.9206474721918,18343600
2018-09-05,94.72284698486328,94.87319008336564,94.59624703631312,94.76241286454463,9422600
2018-09-06,95.07099151611328,95.26880880764206,94.70700842412887,94.76239702428074,9566000
2018-09-07,94.263916015625,94.47756212197868,94.15313878896238,94.42217350864736,11212600
2018-09-10,94.6120834350586,94.63582055153455,94.2955744625973,94.2955744625973,6386400
2018-09-11,93.89199829101562,94.29554120258184,93.84451803790446,94.22432987827172,5440000
2018-09-12,94.11359405517578,94.29558265524076,94.08194255148904,94.20063418108758,3347200
2018-09-13,94.25602722167969,94.61209609025941,94.1452499720368,94.43010144475616,4833000
2018-09-14,93.80496215820312,94.0898195412621,93.60714486646242,93.6941849577807,5579500
2018-09-17,93.80496215820312,94.01860217704504,93.46471617493293,93.51219039314121,5433000
2018-09-18,92.82382202148438,93.42518852474569,92.705136427406,93.41727413950476,10182300
2018-09-19,92.26995086669922,92.66558567668012,91.9376190751732,92.66558567668012,13379600
2018-09-20,92.69720458984375,92.8158961984829,92.15914119599812,92.24618130653977,8657300
2018-09-21,92.65763092041016,92.80005963142526,92.45189921852047,92.47564236777755,6173800
2018-09-24,92.42028045654297,92.79217205231862,92.35697744738265,92.37280018121912,5505500
2018-09-25,92.3253402709961,92.37281451678037,92.10378574145861,92.16708876044308,6650900
2018-09-26,92.97415161132812,93.03745461021887,92.30948823369405,92.5231283088175,9512700
2018-09-27,93.03746795654297,93.09285657929136,92.6576559456203,92.7684331911171,5758500
2018-09-28,92.79216766357422,93.29858567599778,92.75260781240047,93.25110540291958,12807700
2018-10-01,92.11093139648438,92.65019494049456,92.08714133651458,92.51538056708485,22442400
2018-10-02,92.67399597167969,92.88811258712738,92.46780534357939,92.52331750687115,8266900
2018-10-03,91.06412506103516,92.27746650455538,90.59623170384083,92.20609027532825,20829200
2018-10-04,90.42176818847656,90.71519305749558,90.1759294916916,90.50900244547218,16207400
2018-10-05,89.64459228515625,90.18385581680482,89.31151935247156,89.92215306239349,18096500
2018-10-08,89.34324645996094,89.70010947208735,89.327382385874,89.60494317868026,5855900
2018-10-09,90.247314453125,90.28696254172112,89.66839669619787,89.72390886053017,11530800
2018-10-10,90.00147247314453,90.07284871542636,89.44635081260728,89.7239116428759,15290100
2018-10-11,91.09587860107422,91.31792730132148,90.23939985694341,90.40593638212884,16086800
2018-10-12,90.77863311767578,91.20687234604227,90.62795467148074,90.71518892450194,6794100
2018-10-15,90.73897552490234,91.05619042830637,90.63588325270374,90.92930809716738,7146300
2018-10-16,90.94517517089844,90.97689726943305,90.53279999069171,90.7151944943012,4762300
2018-10-17,90.40592193603516,91.0324198404085,90.39006391014003,90.92932754615934,5880700
2018-10-18,90.37421417236328,90.71521926174849,90.0490731617625,90.10458533676133,5728800
2018-10-19,90.17594909667969,90.36627567587978,89.9380423852728,90.28697343874416,10892400
2018-10-22,90.05697631835938,90.46935755697554,90.03318625658763,90.36625922213561,3244200
2018-10-23,90.34246826171875,91.21480480344557,90.27902406404401,91.0086202365602,10330700
2018-10-24,91.02449035644531,91.05621245949803,90.59625104079238,90.69141734995053,16008000
2018-10-25,90.64381408691406,90.9927450306966,90.58830193333245,90.83414060628371,12613200
2018-10-26,91.19098663330078,91.45268933026338,91.03238223837366,91.1434065248966,18582500
2018-10-29,90.98481750488281,91.21479210127805,90.61209045841261,91.07204570157394,7679900
2018-10-30,90.5328140258789,90.83416493311834,90.42178363860903,90.61211625932374,9939500
2018-10-31,90.07283020019531,90.37418103248856,89.77940535401454,90.19971253207682,8706400
2018-11-01,90.15630340576172,90.27554240411982,89.7031709517775,89.71112224001999,6100200
2018-11-02,89.03541564941406,90.03706577368575,88.9559209555955,89.96551630370959,11314800
2018-11-05,89.38520050048828,89.59983678251368,89.31365102977553,89.41699959135435,4760200
2018-11-06,89.32952880859375,89.61571448188269,89.29772972655556,89.5123659489949,3159900
2018-11-07,89.44880676269531,90.1483747422663,89.36136683030634,89.9814340376116,9313100
2018-11-08,89.44087219238281,89.80655274114962,89.36137747570447,89.79860144996435,6905100
2018-11-09,90.10861206054688,90.22785713761671,89.60779001492143,89.63163781732409,6465300
2018-11-12,90.69689178466797,90.87178377824392,90.55380495180475,90.5855979824028,6840000
2018-11-13,90.6412124633789,90.6412124633789,90.2119399882149,90.39477714151528,6525800
2018-11-14,90.69689178466797,91.03872448164168,90.06887935691049,90.21197225483104,8690800
2018-11-15,90.65716552734375,91.05464520464793,90.37097967448005,90.9751504821988,7879600
2018-11-16,91.18181610107422,91.26926209663608,90.56174890713172,90.7843365085411,9236700
2018-11-19,91.43622589111328,91.43622589111328,90.95130624560274,90.95130624560274,7027200
2018-11-20,91.46797180175781,91.78595658418509,91.36462932511743,91.61106465059733,6332600
2018-11-21,91.43622589111328,91.49187280551999,91.05464878234125,91.33288335437477,4951100
2018-11-23,91.53160095214844,92.02447783498856,91.49185056649492,91.95292835382367,3027900
2018-11-26,91.32488250732422,91.46797536173297,91.24538782488725,91.30898599685904,6599000
2018-11-27,91.42823791503906,91.61902638021822,91.2294981615028,91.26924247317648,5967200
2018-11-28,90.98307037353516,91.43619683688087,90.91152696277067,91.30105523984336,7814000
2018-11-29,91.34080505371094,91.61903953560162,91.09436359970191,91.35670156765177,7295600
2018-11-30,91.68262481689453,91.75416821714357,91.40439037416613,91.66672224013521,9127800
2018-12-03,92.33362579345703,92.33362579345703,91.36153022562614,91.37746362743647,9763800
2018-12-04,93.87944030761719,94.55672244324361,92.93124167026119,93.07466662314586,18100500
2018-12-06,94.17425537109375,94.97902293726183,94.12644300303833,94.45313552170305,15319400
2018-12-07,94.34954071044922,94.4451532756379,93.64037973689331,93.87145356798356,8608400
2018-12-10,94.73995971679688,95.04274292974306,94.37343074982105,94.71605657881818,8777700
2018-12-11,94.7239990234375,95.12240077819828,94.50886475068314,94.79571450044118,8071900
2018-12-12,94.3017349243164,94.5965545388437,94.21408601402804,94.48500248559142,6182200
2018-12-13,94.07864379882812,94.48501552267908,94.00693436004185,94.38939685849891,5564200
2018-12-14,94.40530395507812,94.63637167576196,94.19813329332636,94.46107997026556,8169200
2018-12-17,94.95511627197266,95.058704666309,94.48500490396694,94.4929685657381,9726800
2018-12-18,95.52375793457031,95.67551167580297,94.9966233018682,95.1004512811833,10018800
2018-12-19,96.78572845458984,97.16910421333279,95.77937241974672,95.93112621289198,23046300
2018-12-20,96.4343032836914,97.46461918335346,96.37839495240205,97.44864798593554,18543700
2018-12-21,96.41830444335938,96.80966265018338,96.15473405989553,96.75375433492282,9945100
2018-12-24,96.8975601196289,96.97742830444916,96.57009873380028,96.74580630298408,8377500
2018-12-26,95.85922241210938,96.95343505719359,95.81929138023173,96.6339563344234,11700400
2018-12-27,95.87517547607422,96.9454219193658,95.82725581250841,96.84958259223417,12146500
2018-12-28,96.681884765625,96.681884765625,96.07487578500363,96.16273258852316,9879100
2018-12-31,97.04927825927734,97.08920929023218,96.21064739308011,96.36240115393763,17409000
2019-01-02,97.56046295166016,97.56845159700572,96.91351673679138,97.16910463944146,19841500
2019-01-03,98.670654296875,98.92623612485876,97.62436714068389,97.67228682919603,21187000
2019-01-04,97.52851104736328,97.88792085916045,97.16111259050041,97.71220722901934,12970200
2019-01-07,97.24092864990234,97.95975398183495,97.13710069389167,97.93579415302844,8498100
2019-01-08,96.98538208007812,97.39271759782217,96.95343359892665,97.19304416078779,7737100
2019-01-09,96.83364868164062,96.98540247563575,96.48222750217178,96.84962597235116,9349200
2019-01-10,96.21065521240234,96.96941798480711,96.1148097619317,96.86558389007637,8222900
2019-01-11,96.58602142333984,96.85757433405257,96.38634801479854,96.5061532786331,5786900
2019-01-14,96.22662353515625,96.64993023824789,96.03493265207545,96.56207344022326,6730500
2019-01-15,95.87517547607422,96.29848208703427,95.80328988717723,96.29049344525721,8997400
2019-01-16,95.97106170654297,96.15475789069058,95.45190945414383,95.51580033488382,6048400
2019-01-17,95.9949951171875,96.26654804282774,95.75538457634677,96.01895495256173,8153400
2019-01-18,95.49180603027344,95.9390785953395,95.35602957906976,95.71543926603213,14106400
2019-01-22,96.13878631591797,96.41832796040282,95.89917571004477,96.09086053861283,8881100
2019-01-23,96.09883880615234,96.33844938615029,95.7074805461359,95.74741158043543,5776800
2019-01-24,96.72980499267578,96.84961027938826,96.41032625929255,96.57006867275916,7121900
2019-01-25,96.26655578613281,96.44226938440983,96.09883083147285,96.31447546073576,6460800
2019-01-28,96.17071533203125,96.59402203562637,96.17071533203125,96.27454332366132,6435800
2019-01-29,96.65789031982422,96.67386760314179,96.15471557918805,96.2665321882183,5750100
2019-01-30,96.58602142333984,96.62595854246764,96.10680646155049,96.51413582761958,10571300
2019-01-31,97.41666412353516,97.58438905649884,97.04127713823836,97.0812142576078,11843400
2019-02-01,96.82833099365234,97.31663573449649,96.73226894211349,97.24459377633308,12024600
2019-02-04,96.39602661132812,96.50009532361638,96.07582599415905,96.41204000121192,8966200
2019-02-05,96.83631896972656,97.04445032082815,96.58816635204532,96.6442010111127,6983300
2019-02-06,96.8843765258789,97.1885700028632,96.64423053108894,97.14854261673737,5184000
2019-02-07,97.52474212646484,97.58878347774113,97.0444442065315,97.22855545730157,8781000
2019-02-08,97.94098663330078,98.0370486483848,97.71684803875672,97.86894470247675,5885400
2019-02-11,97.55679321289062,97.80494589229211,97.46073115603134,97.54878651465535,4352800
2019-02-12,97.30860900878906,97.46070569892436,97.02042902080626,97.38866375558851,7939600
2019-02-13,96.94039154052734,97.17253689686555,96.788300940204,96.98041891853477,4757700
2019-02-14,97.49272918701172,97.82093045053696,97.32462520706173,97.77290248692836,5868900
2019-02-15,97.64482879638672,97.67684336820155,97.2926074332229,97.30861471913032,5527200
2019-02-19,97.89299774169922,98.09312243915777,97.62082497734863,97.99706038574207,5872800
2019-02-20,97.61280822753906,97.7248775509778,97.33262881162216,97.62080881684177,4455800
2019-02-21,96.74024963378906,96.98840834005647,96.62017362847506,96.91636029394034,7382500
2019-02-22,97.31661224365234,97.62079950578412,97.19653623504367,97.23656360701972,6374600
2019-02-25,97.02841186523438,97.10045989817894,96.79626659268577,96.99639119584992,6293500
2019-02-26,97.50871276855469,97.51671946298303,97.14849091441856,97.44467753508317,6028900
2019-02-27,96.404052734375,96.96439934685725,96.28397671532308,96.9563987576218,7737300
2019-02-28,96.07585906982422,96.55616321458969,95.82770640706406,96.5081291357206,9533400
2019-03-01,95.18782043457031,95.88572146640924,95.17177321532063,95.72528599523777,13541100
2019-03-04,95.9338607788086,96.07825516584484,95.5087012281523,95.6932075472292,9808500
2019-03-05,96.13442993164062,96.15850076843965,95.67718195602625,95.68520556829259,5595200
2019-03-06,96.48736572265625,96.67988951621462,96.174512263041,96.19857697220816,7766700
2019-03-07,97.11305236816406,97.27349392948581,96.75206956557474,96.77613426971806,8187200
2019-03-08,97.52217102050781,97.61843595761798,96.94459363828649,97.16118821672939,7517600
2019-03-11,97.23338317871094,97.40184222996032,97.04888303124632,97.38580113374508,5157800
2019-03-12,97.91522979736328,98.05160663780471,97.2734819914948,97.30557029982107,6422300
2019-03-13,97.73075866699219,97.83504110982415,97.56229958846943,97.59438790631484,4386300
2019-03-14,97.02481079101562,97.67458840232003,97.00074608693393,97.61843538605618,8188400
2019-03-15,97.66657257080078,97.82700802426636,97.3858074671259,97.65854896206143,4302000
2019-03-18,97.61044311523438,97.76286111697769,97.4820898252986,97.52220175845896,3893300
2019-03-19,97.39386749267578,97.56232661786973,96.97672536533813,97.13716087879259,5220200
2019-03-20,98.4126205444336,98.54899130781838,97.65054287119295,97.65856036064785,10123700
2019-03-21,98.62920379638672,98.74150984498971,98.46074472348225,98.63722740563568,7182600
2019-03-22,100.16141510009766,100.49833333440307,99.51966083646829,99.63999052592658,13077000
2019-03-25,100.32183837890625,101.02776920690583,99.880637731628,100.12129096099208,9736300
2019-03-26,100.2496109008789,100.50631126561584,99.9688458332322,100.03301633425183,7502000
2019-03-27,101.17218017578125,101.348656791486,100.52240227348344,100.61064364144706,14207200
2019-03-28,101.52508544921875,101.62937398501968,101.0838849646323,101.27640870117513,9143200
2019-03-29,101.4288558959961,101.45292060497749,100.78710176212772,100.81919008084324,10841400
2019-04-01,99.9881820678711,100.78409816068562,99.8434694933859,100.72782138914738,16501500
2019-04-02,100.17306518554688,100.28561870205516,99.89168139427615,100.0765942478007,9725000
2019-04-03,99.30481719970703,99.58620720191726,99.18422849442642,99.3771765565837,10407000
2019-04-04,99.58619689941406,99.60227334721888,99.24049500138754,99.36912498494912,7503400
2019-04-05,99.71484375,99.82739730479548,99.3530653429729,99.38522437773,6321800
2019-04-08,99.36109161376953,99.65051676698631,99.30481484140562,99.55404580505282,4446400
2019-04-09,99.67464447021484,99.96406350084159,99.50580801292901,99.86759253520214,7020300
2019-04-10,99.91575622558594,100.10870415193442,99.77104374739858,99.90771493965775,7519900
2019-04-11,99.32892608642578,99.70678086213654,99.21637255600857,99.63442764988578,8679300
2019-04-12,98.62139129638672,98.9349339961991,98.58923228439258,98.7982627955023,7005500
2019-04-15,98.87065887451172,98.87869403022015,98.66162828566651,98.70986375474361,3070000
2019-04-16,98.25163269042969,98.58929332487044,98.1953559180229,98.49282236286346,8927300
2019-04-17,98.29185485839844,98.5410797439158,98.1712599953802,98.18733644805152,6118500
2019-04-18,98.80633544921875,98.96712442652952,98.7098583826085,98.7339761158345,27589400
2019-04-22,98.33199310302734,98.54102367106688,98.27571635013663,98.46062918603815,6241200
2019-04-23,98.54104614257812,98.64555838357806,98.39633358304343,98.57320517066444,6239700
2019-04-24,99.3449935913086,99.36107003690368,98.95909142625119,98.97517400555311,7302000
2019-04-25,99.20030212402344,99.38521502304454,98.96715374426122,99.28069663649464,5380900
2019-04-26,99.53792572021484,99.7067559736979,99.40125448649607,99.67460308763947,5950700
2019-04-29,98.9028091430664,99.1681164833711,98.76613789516634,99.07164554777411,10246000
2019-04-30,99.40934753417969,99.48170076604197,98.83049714444532,98.84657359584503,7957400
2019-05-01,99.81939697265625,100.26249794700577,99.57770106186027,99.650212293732,14371900
2019-05-02,99.34407043457031,99.74689288368829,99.12654901654302,99.64216125968741,6612800
2019-05-03,99.62608337402344,99.80332014598203,99.39244554017851,99.62608337402344,6191700
2019-05-06,99.89997100830078,100.20611386797569,99.84357610924005,100.14971896891497,4482500
2019-05-07,100.66532897949219,100.81840347919777,100.21416979709618,100.32695959269519,8984900
2019-05-08,100.23026275634766,100.947286066786,100.14164134525245,100.82643812923969,6907600
2019-05-09,100.64115905761719,100.94730805228882,100.14971517872273,100.794233554953,9411900
2019-05-10,100.50419616699219,101.06814510969703,100.37529003918395,100.61698595553315,6037800
2019-05-13,101.29374694824219,101.45487348705372,100.90703464987767,101.02788262727805,10501600
2019-05-14,100.99560546875,101.22924313553027,100.86669938504487,101.11645338557847,5690400
2019-05-15,101.61599731445312,101.72878711792833,101.32596463506452,101.68045038689132,9566300
2019-05-16,101.27760314941406,101.37428273444061,101.13258684516514,101.35816639697862,7666400
2019-05-17,101.50325012207031,101.7530043459694,101.26156021884051,101.73688799780255,4747100
2019-05-20,101.29374694824219,101.8174112726714,101.22929387408419,101.60794800153309,6043100
2019-05-21,101.13258361816406,101.28565808625959,100.94728876933625,101.18897850431796,4021800
2019-05-22,101.71266174316406,101.77711480598306,101.28567095850732,101.32594951283241,5675300
2019-05-23,102.8566665649414,103.19503589399808,102.22020645747851,102.22826462624133,9743700
2019-05-24,102.94525909423828,102.94525909423828,102.63105821305578,102.76801631068301,4981900
2019-05-28,103.6865005493164,103.84762707748654,103.19505664783958,103.34007912840896,8098600
2019-05-29,104.00069427490234,104.65326465870055,103.92818918629483,104.4679697789818,13260600
2019-05-30,104.89496612548828,104.91913448963504,103.83957324719361,104.19405897890056,13024800
2019-05-31,106.20819854736328,106.26458731379464,105.38643707589245,105.45894218694806,18933600
2019-06-03,106.91859436035156,107.03161563546927,106.20009932887585,106.4907272246635,17822400
2019-06-04,105.69951629638672,106.36957508333587,105.39275144720214,106.07087877915455,14250000
2019-06-05,105.1021728515625,105.71571515531703,105.045656054935,105.36858278195982,8815200
2019-06-06,105.44120025634766,106.23234890710128,105.2070892387132,105.7318280510885,9621100
2019-06-07,106.35350036621094,106.61991032823076,106.11130837179323,106.39385543328343,11378500
2019-06-10,105.35240173339844,105.51385888923494,105.20709398866299,105.49770947813387,8288700
2019-06-11,105.41702270507812,105.56233049894789,105.20712956335662,105.28785200937465,5115100
2019-06-12,105.49771118164062,105.55422796221126,105.19094627611523,105.26360014965611,5278700
2019-06-13,105.86100006103516,105.95787188773312,105.5865093547393,105.5945902192248,5560400
2019-06-14,106.12742614746094,106.32925069623502,105.82871743876812,105.83679830449053,5838800
2019-06-17,106.31305694580078,106.36956139032831,105.86097211602961,106.07086512459831,6046400
2019-06-18,106.84590911865234,107.25762671756038,106.52298248563393,107.16075488685061,10320700
2019-06-19,106.9992904663086,107.14461053763037,106.22429114723268,106.45033364182916,11962500
2019-06-20,107.2818603515625,107.78238130788918,107.0396684210068,107.29800976517109,10721500
2019-06-21,106.10316467285156,106.99119735372051,106.062809629676,106.97504794541673,14495000
2019-06-24,106.89436340332031,106.99123525067708,106.6279535046956,106.69253884239798,6378800
2019-06-25,107.22531127929688,107.44327283957814,107.14457656323022,107.20108100976634,9604600
2019-06-26,106.5391616821289,107.12848601435712,106.46650778878467,107.11233659859343,12766800
2019-06-27,107.28994750976562,107.44333616967093,106.55531536145433,106.81364443203529,9724200
2019-06-28,107.21724700927734,107.43522092167977,106.92661923220412,107.0315719156553,8149200
2019-07-01,106.9665298461914,107.37905510610362,106.44074928947896,107.23346231174271,14131200
2019-07-02,107.79156494140625,107.89672350621217,107.1444694912132,107.23344696699793,10494300
2019-07-03,108.5600357055664,108.6247353904389,107.99380855119585,108.00190526872282,5380300
2019-07-05,107.12022399902344,107.2172982198783,106.50547819888129,107.20920150164807,12180100
2019-07-08,107.26582336425781,107.75924178987354,107.26582336425781,107.62173335552917,6490000
2019-07-09,107.22531127929688,107.34665088902211,106.90176367179636,107.32237309303702,6215700
2019-07-10,106.63489532470703,107.12831374486458,106.3760472093521,107.05551734088006,9470000
2019-07-11,105.2112808227539,106.29517967005582,104.96051705131032,106.21428653829221,14126800
2019-07-12,105.33258056640625,105.51861990962418,104.89577751747886,105.08991357728611,6992000
2019-07-15,105.9391860961914,106.00389808205951,105.51856435932343,105.51856435932343,6055500
2019-07-16,105.6238021850586,105.63998327931225,105.12229934622236,105.29215763693077,6172700
2019-07-17,106.76432037353516,106.78858584175528,106.00396945581814,106.01205383103898,9662200
2019-07-18,106.77237701416016,107.0312250646812,106.15763140800426,106.34367073021977,5724900
2019-07-19,106.52165222167969,106.71577596538656,106.37604707134207,106.44075910009686,5804800
2019-07-22,106.72383117675781,107.16871848732589,106.5620573390656,107.15253740079088,5204100
2019-07-23,106.14141845703125,106.56204024158593,105.93919810672331,106.44879733911552,8108900
2019-07-24,106.6025390625,106.6915165642777,106.34370327532004,106.44886187084592,6389700
2019-07-25,106.0929183959961,106.29513880510287,105.56713792678589,106.16571478106151,8893100
2019-07-26,106.3436508178711,106.59440210576486,106.1656959020977,106.52969010525162,6188400
2019-07-29,106.37602996826172,106.73193989791126,106.28705248584933,106.62679366782787,6231800
2019-07-30,106.63489532470703,106.85329687921806,106.31133518051337,106.77240375753028,5678500
2019-07-31,107.49229431152344,107.84820425317939,106.49737322375312,106.5297230627419,15798700
2019-08-01,109.62712097167969,109.73248886753802,108.00613730431543,108.11150520017377,26664800
2019-08-02,110.64021301269531,110.6402130126953,109.74056676761859,109.95130251600139,15143100
2019-08-05,112.55304718017578,112.56926048687463,111.57235854966137,111.96139134052737,18543000
2019-08-06,113.45265197753906,113.45265197753906,111.92082279096795,112.00997739408584,12747400
2019-08-07,113.49315643310547,115.94894539581809,113.29053349976533,115.41401788369076,32582000
2019-08-08,113.73628234863281,113.81732408453895,111.83162223160205,112.77179541137554,14746000
2019-08-09,113.50934600830078,114.72508335426518,113.36345109588274,114.01184682048772,10626000
2019-08-12,115.87600708007812,116.24882636139803,114.69268367748633,114.86289238739165,14094300
2019-08-13,115.4789047241211,116.63791479558942,115.04934492363259,116.55686064310478,15974900
2019-08-14,118.08059692382812,118.1130111665378,117.28631812259636,117.65103709693854,15068900
2019-08-15,119.39361572265625,120.43915768887673,117.99146754182095,118.29134572777484,23588700
2019-08-16,118.43716430664062,118.74514276439386,117.39162301541569,118.38042394748021,17150500
2019-08-19,116.74321746826172,117.24573072519742,116.31365786236493,116.3622977520981,13614700
2019-08-20,117.95088958740234,118.02383089299465,117.39164817694392,117.74826660489569,7451500
2019-08-21,117.16465759277344,118.16155874586924,116.94582140941885,117.29433921010354,9372000
2019-08-22,116.38662719726562,117.27816075523295,116.28935977181358,116.71081896977677,13878800
2019-08-23,118.29940032958984,118.55065083382672,116.24884449399207,116.32179816225813,16191800
2019-08-26,117.82125091552734,118.56690227926131,117.75641005340309,118.22649702845645,12174500
2019-08-27,119.63673400878906,119.72588863047471,118.72087401939352,118.84245524921619,11332300
2019-08-28,119.7906723022461,120.68220572643666,119.67720396218105,120.58495068270136,10095900
2019-08-29,119.33686828613281,119.41791008063008,118.43722150745077,119.34496875544393,8884900
2019-08-30,119.36921691894531,119.5313127859722,118.6235660369241,118.82618896248819,13550800
2019-09-03,119.52352142333984,120.70892534970544,119.00388975924888,119.42608196888796,15660800
2019-09-04,119.70211791992188,119.856385679375,118.93079151165072,118.97139024661121,7962200
2019-09-05,117.53428649902344,118.3786956377272,116.82791554546942,118.2650266062473,19382900
2019-09-06,118.37055206298828,118.56541854239212,117.79409219353305,117.94023276134078,9466400
2019-09-09,116.26768493652344,116.91722756747512,116.25957014464731,116.7792017716096,15862700
2019-09-10,114.22978973388672,116.34078840009855,114.20543296231881,115.975424437581,13851400
2019-09-11,114.02677917480469,114.60323913960687,113.98618043625629,113.99429522836773,10941700
2019-09-12,113.27982330322266,115.13101202843181,112.90633220754142,114.88743195637859,19163300
2019-09-13,110.86024475097656,112.6221330733775,110.86024475097656,112.27299884739706,18922200
2019-09-16,112.27304077148438,112.50850606997675,111.43675861959379,111.94827557445821,10971600
2019-09-17,112.88198852539062,113.34479195484323,112.06194832304303,112.33799998850675,9081200
2019-09-18,113.36101531982422,114.20542463594461,113.2879450104478,113.61271020034157,10984600
2019-09-19,113.70195770263672,114.47329626989979,113.64512940183307,114.28654462256726,13176200
2019-09-20,115.20404052734375,115.27711080574436,114.02675172680546,114.29468846993363,11519800
2019-09-23,115.17972564697266,116.23523103395604,115.04981462325226,115.48826123105935,15246700
2019-09-24,116.56810760498047,116.79544567121482,115.62627139401214,115.63438618602214,12421600
2019-09-25,114.86305236816406,116.55185817282076,114.59511558103638,116.31639294065037,14147100
2019-09-26,115.60191345214844,116.09718831761609,115.21218043771809,115.51260118496589,9636500
2019-09-27,115.88607788085938,116.08905917657468,115.4070449963301,115.55319797152256,10386900
2019-09-30,116.17021179199219,116.17832658064908,115.16342049397281,115.19590442658102,8006900
2019-10-01,116.5199966430664,117.04867923063141,114.79570630794275,114.89330390104614,16613700
2019-10-02,116.80464935302734,117.34146082852874,116.50371522767574,116.68265238617622,12891500
2019-10-03,117.8701171875,118.48012677215074,117.05677107463234,117.10556985569612,13470500
2019-10-04,118.74044799804688,118.77297639405784,118.0978973780272,118.21990678710151,11516200
2019-10-07,117.75630950927734,118.36631940620096,117.69938170578638,118.0653851618039,11013900
2019-10-08,118.07352447509766,118.69166342347322,117.62618136280025,118.60220721169794,14529700
2019-10-09,117.40653991699219,117.61800548092948,116.95919698301016,117.60987648601318,8608800
2019-10-10,115.65780639648438,116.4548820544139,115.2755327582509,116.40608327688211,15054200
2019-10-11,114.22635650634766,114.76316804360931,113.63261718156535,114.66555804822015,26294000
2019-10-14,115.05601501464844,115.09667241593073,114.74693933652442,115.07227301088768,5936900
2019-10-15,113.66519165039062,114.64120512518012,113.50252480637316,114.41346906141874,11832300
2019-10-16,113.80339813232422,113.9172661032143,113.3397972546567,113.57566219054402,7729500
2019-10-17,113.52691650390625,114.17759624647933,113.29918045560825,113.47811769508294,6219300
2019-10-18,113.52691650390625,114.05558681373722,113.42117747766653,113.71398274129021,6456100
2019-10-21,112.67285919189453,113.04700394144773,112.42885282572327,112.70539999307968,8038000
2019-10-22,113.33162689208984,113.48616461538518,112.76228718311346,113.36416768155983,6683300
2019-10-23,113.4455337524414,114.12061264277516,113.34793617189936,113.89287668105764,5995400
2019-10-24,113.21782684326172,114.06371412728413,113.079559431787,113.60822967628928,6161700
2019-10-25,112.66473388671875,113.50247958982222,112.49392570160109,113.48620918869679,5669800
2019-10-28,111.63993835449219,111.90021519682435,111.42034373079274,111.90021519682435,11402100
2019-10-29,111.71305084228516,112.03025520856251,111.56664214441068,111.93264527308885,5296600
2019-10-30,113.34796142578125,113.42115962749632,112.05474355275426,112.05474355275426,10914100
2019-10-31,114.8770980834961,115.2349602243004,114.21827679878666,114.25894661794447,15834100
2019-11-01,114.52344512939453,115.10193414724738,113.89607216711329,114.66195378272023,11425500
2019-11-04,113.01615905761719,113.36650235144998,112.86949476246654,113.22799367023667,11124300
2019-11-05,111.7450942993164,111.9813832795723,111.40289424767253,111.80213385742512,13493000
2019-11-06,112.42131042480469,112.771665961798,111.89986114024732,112.45390799827605,9351900
2019-11-07,110.38445281982422,111.1014506093974,109.54524514900008,111.0933074280933,19209800
2019-11-08,109.91999816894531,110.76734867672342,109.81407469334825,110.11553389948413,10222900
2019-11-11,109.99333953857422,110.3110975777256,109.70002346917798,110.30295439858541,4577000
2019-11-12,110.49846649169922,110.76734053375687,109.82220979785701,110.22144927224537,5772900
2019-11-13,111.21548461914062,111.5902821987069,110.94661052708238,111.46805992104359,6672400
2019-11-14,112.36430358886719,112.79612827277158,112.16875540975934,112.27467889415117,10213300
2019-11-15,112.2420883178711,112.5680019700521,111.97321421694726,112.0139549775117,4657600
2019-11-18,112.44580841064453,112.93467279762046,112.38062566355856,112.60877149452837,5943900
2019-11-19,113.38273620605469,113.44791891852788,112.73906469058896,112.73906469058896,7893100
2019-11-20,114.55602264404297,114.55602264404297,113.87976585581144,113.99383251693882,7905500
2019-11-21,113.83903503417969,114.13235110729796,113.35017076820431,113.77385230322732,5980900
2019-11-22,113.98568725585938,114.29530212088942,113.806437853193,114.14865029998136,4664800
2019-11-25,114.31975555419922,114.49900497483942,114.21383205136564,114.31161237411048,4157300
2019-11-26,114.98784637451172,115.13449818089731,114.83303895732679,114.88192289278865,4281100
2019-11-27,114.65377044677734,114.80857783813853,114.40933837790871,114.55600259216247,4095700
2019-11-29,114.40937042236328,114.62120497747121,113.88792099781425,114.57232103647206,6251100
2019-12-02,112.88394165039062,113.17776197148356,112.59012132929767,112.74519489511167,17702200
2019-12-03,115.2508544921875,115.70790565055367,114.20615011829476,114.29592891395312,13062400
2019-12-04,114.10002899169922,114.67134279960354,113.61849395744466,114.54075322816627,8586300
2019-12-05,113.5450210571289,113.80620018049106,113.1206236622245,113.16959163442839,7273800
2019-12-06,112.91657257080078,113.54501143242213,112.51664674219221,112.65539346957763,7931100
2019-12-09,113.16144561767578,113.53688757242921,113.09616327691823,113.43895160758424,4016900
2019-12-10,113.16960144042969,113.73275807698332,112.96555990276283,113.59399887210759,4947600
2019-12-11,114.05924987792969,114.37755426316154,113.63483987971708,113.691977503233,6256700
2019-12-12,112.18202209472656,113.67560747415783,111.49644559542536,113.60215551788392,14857000
2019-12-13,113.4797134399414,113.94493403066667,112.0024549949304,112.7288422257697,11335100
2019-12-16,112.45954132080078,113.00638366373722,112.16572097470879,112.95740322796476,9156600
2019-12-17,112.30445861816406,112.90841355252427,111.98615434219671,112.8023204296726,6179700
2019-12-18,111.3822021484375,112.18204153623697,111.22712857806958,112.05962158789802,6244700
2019-12-19,111.56040954589844,111.8792231404075,110.97999891300584,111.17619669179348,6591100
2019-12-20,111.70751190185547,111.74021775774759,111.11893123208996,111.28243556429202,5455700
2019-12-23,111.54402923583984,111.96911808206492,111.17616940532767,111.83831959497562,5175000
2019-12-24,111.86286926269531,112.04271410665731,111.08627333120486,111.11079649414211,4667400
2019-12-26,112.13265991210938,112.17353601673993,111.5931252677121,111.92012163112068,5290200
2019-12-27,112.2552719116211,112.50868626041091,112.23073627349993,112.35336456956966,7300500
2019-12-30,111.84654998779297,111.91193678558827,110.89827926249845,111.08629437184001,7979700
2019-12-31,110.75114440917969,111.5522762492462,110.6694046628471,111.34790817295857,10707400
2020-01-02,112.00183868408203,112.42692763360606,111.72390118669965,111.82199383903854,11034100
2020-01-03,113.72669219970703,113.75939806251169,112.7130349781364,113.0318485355065,12366000
2020-01-06,113.08087158203125,114.20898661760022,112.9337201769604,114.1926336895636,11369800
2020-01-07,112.52503204345703,113.19536516750333,112.5168618127862,112.99099713802111,8381200
2020-01-08,111.7811279296875,113.06455250818924,111.43779117989149,112.75390915062631,10621700
2020-01-09,112.1734848022461,112.353329601601,111.10259870748833,111.17616817805256,7411500
2020-01-10,113.17082977294922,113.19535293594642,112.50867942475838,112.54137281754356,8776000
2020-01-13,112.82750701904297,112.88472358192581,112.31249558492333,112.71306141964247,5966900
2020-01-14,113.40789031982422,113.48147228189544,112.925584819664,112.95827821220317,13920300
2020-01-15,114.1599349975586,114.24985739695903,113.64493623156537,114.05367214272545,6290500
2020-01-16,113.80030059814453,114.0618851932072,113.41608769951686,113.84116422569807,6798600
2020-01-17,112.82750701904297,112.92559968320488,112.28797241888286,112.46781728560289,9693100
2020-01-21,114.01287078857422,114.1600098256942,113.44064263259936,113.47333603852438,6794900
2020-01-22,114.41336059570312,114.5604995349063,114.11088754240222,114.21716286980228,6317000
2020-01-23,115.21451568603516,115.57420539306754,115.08371716099903,115.14094619331505,9747400
2020-01-24,116.14642333984375,116.53063617800896,115.50879617727867,115.60688882578627,8585000
2020-01-27,117.95299530029297,117.95299530029297,117.30719809534264,117.67505789429556,10935200
2020-01-28,117.02931213378906,117.78955522090871,116.75137460561423,117.6587566875436,10612900
2020-01-29,118.17375946044922,118.2882050503519,117.25001203747011,117.25819474122774,9566800
2020-01-30,118.1900863647461,119.08112772372385,117.95301253339504,118.45167088107057,14711800
2020-01-31,119.2691650390625,119.34274700224913,118.60701468581644,118.67241394551935,14538100
2020-02-03,119.17254638671875,119.35269003718486,118.00980895739241,118.68943954881316,15309000
2020-02-04,117.56758880615234,118.02613151308633,117.14179379499147,117.90331203599747,11388300
2020-02-05,116.28208923339844,116.84708415323841,116.19201739843324,116.51955702301538,10782600
2020-02-06,116.80615997314453,116.99449997464582,116.2739251725639,116.42130865788361,6683100
2020-02-07,118.26365661621094,118.51750450959058,117.80511363806292,118.09170924658497,11374800
2020-02-10,118.59123229980469,118.93513963798858,118.46840021836289,118.81232005090965,6699300
2020-02-11,117.99340057373047,118.50107114359506,117.86238478332882,118.39461925209953,7784100
2020-02-12,117.39570617675781,117.54310214046018,117.08455913224819,117.39570617675781,5595500
2020-02-13,117.8460464477539,118.07531791502838,117.31381179037199,117.45301143162021,7883400
2020-02-14,118.36196899414062,118.79594822456379,118.2800809341362,118.53391642804065,7137400
2020-02-18,119.17254638671875,119.59015780114373,118.66487564141848,119.00878283930167,6909200
2020-02-19,119.16438293457031,119.23807466934021,118.71402373148774,118.82865948369422,5707700
2020-02-20,120.09786224365234,120.31894996659524,119.5492473339773,119.61475527019599,9332900
2020-02-21,121.21959686279297,121.90742361047981,120.90025363843505,121.02308564432974,13860300
2020-02-24,123.02922821044922,123.61060310583235,122.82452067598923,123.50415118971914,15929300
2020-02-25,123.68431091308594,124.26567338975816,122.93917239205052,122.99649650644923,20802900
2020-02-26,123.02922821044922,124.23290951262241,122.48061351741921,122.78357667022597,22589500
2020-02-27,124.36389923095703,125.34649269126008,123.50412526780921,125.0353333059952,30687900
2020-02-28,127.17252349853516,127.72113826399497,126.23087371344224,126.46832898724861,44935200
2020-03-02,126.2367935180664,128.3360911540656,126.08918000560972,127.35204695129109,28152400
2020-03-03,128.1967010498047,130.96022853344326,124.94114515076588,126.13019922304701,38608000
2020-03-04,126.83548736572266,129.03319937548125,126.44187197323147,128.26236036861386,23463700
2020-03-05,129.9926300048828,130.23864429113314,128.59035733222038,128.85277590763576,17786200
2020-03-06,136.7579345703125,138.8572328232906,134.5766273960006,137.19255432521166,76288300
2020-03-09,140.46456909179688,147.36110471419778,139.68553402142675,146.8690884916111,41552800
2020-03-10,133.26458740234375,141.80939574432708,132.87097202638182,139.11147184639398,37728300
2020-03-11,128.36074829101562,136.97116078425285,127.62271793957503,135.6590929230179,29519300
2020-03-12,129.1561737060547,136.4217215020313,127.64730458456195,134.08460478222824,24361800
2020-03-13,126.2367935180664,129.73015481739623,124.80172540611998,127.10603277239723,19812900
2020-03-16,134.41262817382812,136.2495079722492,129.41038405247394,131.51789080103296,30496700
2020-03-17,125.44963073730469,135.82313721967478,125.22822909647454,134.07644919849463,18570900
2020-03-18,118.37268829345703,126.40086823564141,113.99366853945776,125.33481455001899,47061000
2020-03-19,121.59542846679688,125.83503021821821,119.11071034664864,120.50477467774856,21175300
2020-03-20,130.73886108398438,130.73886108398438,124.73617984618076,125.71202862635981,20863100
2020-03-23,136.12655639648438,136.69238565102535,128.39358995191708,129.15622067738727,19971800
2020-03-24,133.59259033203125,135.6754844139947,131.5424923127421,132.23132224415,11948600
2020-03-25,133.28916931152344,136.6841311817694,132.53473473066938,134.15021299507393,10750600
2020-03-26,133.94517517089844,135.86406354120086,133.06773989571346,134.48640394594872,10576200
2020-03-27,137.52053833007812,137.97156228438544,134.97021652968826,135.7328593092992,12550000
2020-03-30,136.3889923095703,139.49693688864934,136.0773732573989,138.0126672143572,13473200
2020-03-31,135.2819366455078,136.8810113964264,134.9457173993935,135.88056206245446,11464800
2020-04-01,137.17726135253906,138.75402257358112,136.65167845581993,138.35982600287826,11334700
2020-04-02,138.0477752685547,138.96754224431652,137.35793750584807,138.6472653487648,5771200
2020-04-03,138.3762664794922,139.87910814733777,138.08062529022936,138.41733019233982,6570800
2020-04-06,138.01492309570312,138.1873856738598,136.7584511991856,137.1444275366398,9434800
2020-04-07,136.569580078125,136.66812296727107,134.44261251481402,135.46914271303973,13811400
2020-04-08,135.57589721679688,136.47924882947032,134.78752901926967,135.59232520908728,10147100
2020-04-09,135.82229614257812,136.15078087360186,134.5001244242403,134.9107366034646,14259100
2020-04-13,134.58224487304688,136.08508687455426,134.58224487304688,135.29670601785466,8750300
2020-04-14,134.54931640625,135.28842541081607,134.25367531059996,134.54931640625,9019100
2020-04-15,138.1134490966797,138.45837421082894,136.9308970387207,136.98016847477516,10027800
2020-04-16,139.68199157714844,139.87088212536804,138.80328838537423,139.0003741318515,8265400
2020-04-17,137.80960083007812,140.29790860890833,137.3661453727422,139.46026913050892,8612100
2020-04-20,138.9182586669922,139.02500926892634,137.9327923460734,138.32697636826407,6462600
2020-04-21,140.66748046875,141.3737337456572,140.24866065941254,141.19306342847958,7850700
2020-04-22,139.2303009033203,139.92834626281496,138.54869606211196,139.5834337126392,6230200
2020-04-23,139.96937561035156,140.37176722134802,139.28775840556355,139.50127206587027,5968600
2020-04-24,140.2979278564453,140.2979278564453,139.2549822299059,139.28782568163194,6211800
2020-04-27,137.68637084960938,139.4027254038719,137.50570063012074,139.3288182770482,9039500
2020-04-28,139.27130126953125,139.48482741602183,138.33510690741522,138.4172342762004,9905400
2020-04-29,138.5487060546875,139.82159322539692,137.93278805690537,139.2221032162031,8619600
2020-04-30,136.930908203125,138.9757481514112,136.90627248308917,138.57335637023556,11606100
2020-05-01,138.10348510742188,138.2350544064321,136.8618327842523,137.7334574327021,10209400
2020-05-04,137.4539031982422,137.8814846650019,136.89473986511973,137.78281394915595,8300900
2020-05-05,136.57398986816406,136.72200842662187,135.89971934913692,136.1464085818095,7831800
2020-05-06,134.37034606933594,134.559469163463,133.25203171542825,134.22232741734783,14721500
2020-05-07,136.61508178710938,136.80420472706282,134.3126702828038,134.4935748504578,9164800
2020-05-08,134.8389892578125,136.00663850063032,134.59229997053814,135.25836481032047,8129800
2020-05-11,133.78648376464844,135.0363671742006,133.29311764963563,134.57588711466573,8713500
2020-05-12,135.15963745117188,135.62011727864348,134.14000713238022,134.16467479834233,10057300
2020-05-13,136.10543823242188,136.7385924701867,135.53805615022685,135.75184702370143,13305600
2020-05-14,137.4375,138.26800808029296,137.36349693829118,137.5855186705627,10080000
2020-05-15,137.0838623046875,138.54753633585977,136.77138833832274,138.3912993526774,7225600
2020-05-18,134.07431030273438,135.7271077401608,133.55626388403158,135.62020608623354,10073100
2020-05-19,134.57589721679688,134.60878327474347,133.60558912096184,133.63848772604996,8639100
2020-05-20,134.978759765625,135.43102131027297,133.93446157278134,134.17291990697566,10927300
2020-05-21,135.31593322753906,135.97376721599025,135.0939115901696,135.56262254160072,8920000
2020-05-22,136.12997436523438,136.23686342509458,135.3570205392421,135.44747284966962,4956700
2020-05-26,134.3044891357422,134.6827351204877,134.01668291275763,134.61696302959552,8098900
2020-05-27,134.057861328125,134.7814801309924,133.6960519266913,133.86050732357685,8047400
2020-05-28,133.56442260742188,133.67955513539326,132.9312689864005,133.17795824451358,10272600
2020-05-29,134.51834106445312,134.9294858290346,133.49871007846227,133.79473481084662,14632700
2020-06-01,133.61260986328125,133.74434826014425,133.11036821809788,133.4644135892591,13341400
2020-06-02,133.12684631347656,133.45617976130617,132.76457198290458,133.11037587210538,11517100
2020-06-03,131.35662841796875,132.0070788582932,130.8626283066388,131.88356940801256,12255700
2020-06-04,129.4547119140625,130.9202670590271,129.42178359583122,130.8461689205578,14038600
2020-06-05,128.53265380859375,128.57382365623857,126.1037835568331,127.29763375889101,17778500
2020-06-08,129.02651977539062,129.1417876794371,127.65976279651147,127.67623322944934,10346700
2020-06-09,130.49212646484375,131.43896944403912,130.33568869745605,130.95319826560896,9095300
2020-06-10,132.42703247070312,132.47643124477028,130.95324793686694,131.10968576359232,13135500
2020-06-11,134.92999267578125,135.2181563364384,133.90080982357586,134.4112804980242,17086400
2020-06-12,133.62908935546875,134.74884067812403,133.42325280765172,133.71965793903888,9716100
2020-06-15,133.70323181152344,135.20995734851863,133.4973951954848,134.93825150775524,7759800
2020-06-16,131.65306091308594,132.74811293786408,130.66504792151122,131.24962928935022,13698900
2020-06-17,132.19642639160156,132.3693345724288,131.19194330725492,131.95766158911502,7113900
2020-06-18,133.59619140625,133.77732863160242,133.06102123524423,133.4150541808976,7691400
2020-06-19,133.70323181152344,133.79380042511124,132.48468256229035,132.55878072887944,8565500
2020-06-22,133.71966552734375,134.55124070493895,133.4397308216107,134.3618745879156,9319700
2020-06-23,132.80580139160156,133.43154024853868,132.6575924792943,132.95399774063745,9088600
2020-06-24,134.2301788330078,134.27957761286356,132.9869301413125,132.9951590835316,11436500
2020-06-25,134.61717224121094,135.31702189285036,134.53483255398075,135.20175386869153,10968000
2020-06-26,136.05796813964844,136.11560840765506,135.1769816196621,135.2346218876687,12119300
2020-06-29,135.6298065185547,136.07442047087494,135.3416429066765,135.72861659866203,7274400
2020-06-30,134.97113037109375,136.09088165448196,134.60062711066894,136.0414828948607,14841700
2020-07-01,134.708984375,134.8243874823551,133.66210524385318,134.20615385481094,13181000
2020-07-02,134.84913635253906,134.97279064367197,133.7363232003265,134.11549950594062,7599800
2020-07-06,134.29684448242188,134.37928067369415,133.3324014189213,133.81050365670734,7972700
2020-07-07,136.1845703125,136.29172230313804,134.52769539493124,134.70904501355074,12791900
2020-07-08,135.6405029296875,135.94549425661597,135.04699745490825,135.45091474629947,7253900
2020-07-09,137.8002166748047,138.03102299698216,135.68174166524685,135.731198365999,13373100
2020-07-10,137.1077423095703,138.65745205631345,136.96761085472593,138.44312300231937,8478000
2020-07-13,137.5611572265625,137.6271036799309,136.20103520958853,136.42360291745698,8054000
2020-07-14,137.75894165039062,138.59974294980765,137.64353853698015,138.4266319906939,11344600
2020-07-15,137.11598205566406,137.61881261105862,136.6955876875786,136.76977270935907,7840300
2020-07-16,137.76719665527344,138.29475555670933,137.69299905473056,137.989751722913,9107400
2020-07-17,137.47869873046875,137.9897679387314,137.22316412633742,137.8826159751266,8549900
2020-07-20,137.8166046142578,138.17105242644647,137.49512371888062,138.0803776827251,6907200
2020-07-21,137.89915466308594,138.25361537834368,137.72605617959078,137.9074058333499,8454400
2020-07-22,138.31126403808594,138.86356398337767,138.2288404092657,138.69869156973877,6592100
2020-07-23,139.92697143554688,140.03413602773412,138.8800916031129,139.2427909200509,10471800
2020-07-24,139.918701171875,140.06707127085426,139.20154129280573,139.31694445134548,7520700
2020-07-27,139.39932250976562,140.3802552370927,139.30040915171438,140.33903714523947,6146400
2020-07-28,140.3638458251953,140.4133025325286,139.66317559663264,139.7538504194113,8520700
2020-07-29,140.12474060058594,140.45446022630207,139.29217779195687,140.17419728664362,6733700
2020-07-30,141.04794311523438,141.17158481065542,140.7511904682284,140.99848643706596,9376100
2020-07-31,140.957275390625,141.33646423885958,140.0835071579929,140.25660554023338,8886000
2020-08-03,140.2476348876953,140.28065109188094,139.43891417304147,139.66172947932097,9066200
2020-08-04,141.58447265625,141.59272040888402,140.88302333070774,140.97379897763687,9878900
2020-08-05,140.3466033935547,140.75095726036815,140.0330125646084,140.33834305048575,6954100
2020-08-06,141.13064575195312,142.14567374261543,140.80054664670172,141.42772865068275,9481800
2020-08-07,140.1898651123047,141.52673166771697,139.94229396708238,141.34518033402006,8176900
2020-08-10,139.56272888183594,140.49524171088274,139.52147750412234,140.47048584745633,6408500
2020-08-11,137.90394592285156,138.21753680681059,136.8889183142323,137.9534576220054,19234200
2020-08-12,136.6496124267578,137.04573125454303,136.1544827800116,136.74038808412647,11744800
2020-08-13,135.18898010253906,136.6413781719295,134.65257385891817,136.41856288328722,12744700
2020-08-14,134.6608123779297,135.46128521927238,134.64431687026632,135.1807104851085,6398100
2020-08-17,134.9990997314453,135.71705694241842,134.86706017632554,135.31269052685852,6901500
2020-08-18,135.96463012695312,136.05540575695332,135.41172859585598,135.6345437953086,8140600
2020-08-19,135.1147003173828,136.66613440377424,134.75985799744814,136.46807496976953,12497700
2020-08-20,136.33602905273438,136.69911907679096,136.10495344907693,136.484564163668,10319900
2020-08-21,137.15301513671875,137.26029890319066,136.1709909137595,136.7981728199137,6836000
2020-08-24,136.93014526367188,137.7883898693344,136.87238582228312,137.2519964347851,6490600
2020-08-25,135.88221740722656,136.23705985198882,135.19727578966652,135.6263984183057,10518300
2020-08-26,135.3623046875,135.60987589277605,134.74338297030715,135.37881279238363,8276600
2020-08-27,133.05984497070312,136.01416444729955,132.99382518110468,135.96464016111022,19860100
2020-08-28,132.9608154296875,133.7282845029494,132.56470926490056,133.49722152415802,8415400
2020-08-31,133.84384155273438,134.7185819383507,133.32394345517395,133.356959653871,11388100
2020-09-01,135.3746795654297,135.54817884219318,133.16056255075938,133.63973722263736,10587000
2020-09-02,136.66354370117188,136.77920573065526,135.0690591085642,135.08557325119344,15167700
2020-09-03,137.05181884765625,138.16714100464577,136.68004899739765,136.9361568363266,16416600
2020-09-04,134.4493865966797,136.06865438563804,134.20979295248395,135.8290733476532,13780300
2020-09-08,135.27561950683594,136.53137526944724,135.27561950683594,135.7960924139668,13790400
2020-09-09,134.91204833984375,135.69689850401267,134.46591449076269,135.44079069734607,9558900
2020-09-10,135.59776306152344,135.7795194284927,133.79672613597674,134.2180761713201,8847700
2020-09-11,135.8869171142578,135.96128116274426,135.55645785556584,135.7464712990031,5458200
2020-09-14,135.8787078857422,136.3826666267217,135.680424696987,136.14307286453203,4274900
2020-09-15,135.54818725585938,135.87864648156494,135.3168506704118,135.63079575918007,6928500
2020-09-16,135.1433563232422,136.22562472318054,134.64765490659053,136.13474655033477,8815200
2020-09-17,135.5564422607422,136.28346767368052,135.3251182850275,136.2338874449892,7813900
2020-09-18,135.13514709472656,135.68867339575655,134.9451210075525,135.63083608064744,7246300
2020-09-21,135.82083129882812,136.64699210382395,135.60603402776604,136.22565463151292,11086900
2020-09-22,135.71339416503906,136.21735259396957,135.38292238840717,135.85383994277913,10524100
2020-09-23,135.89517211914062,135.9282129989578,135.06074178077378,135.73819957603354,6224800
2020-09-24,136.41571044921875,136.41571044921875,136.00262991844352,136.28353426009588,8278100
2020-09-25,136.41571044921875,136.66356128892735,136.07699399470826,136.4074533768415,5140300
2020-09-28,136.0273895263672,136.23392975498678,135.79606547881048,136.20914593604962,4470100
2020-09-29,136.1843719482422,136.51484390161932,135.95304788398622,136.15133105601248,10297600
2020-09-30,134.8789520263672,135.49031530439024,134.29238515983087,135.49031530439024,12971000
2020-10-01,135.10145568847656,135.4157260890941,134.05941913487098,134.39848640897122,11523900
2020-10-02,134.5970458984375,135.35790018889531,134.1256400490961,135.30828117723428,8828800
2020-10-05,131.96713256835938,133.10840765325952,131.92577918703918,133.10840765325952,14726000
2020-10-06,132.6782989501953,133.4887844987504,131.2310195525575,131.76858804324505,22419400
2020-10-07,131.710693359375,132.67003589300344,131.37989168122215,131.9588009276272,9429200
2020-10-08,132.4219970703125,132.529513350202,132.0415762048725,132.29794953142593,8431500
2020-10-09,132.39715576171875,132.54602539190694,131.33857495321092,131.9257626078932,8441500
2020-10-12,132.81895446777344,132.88510473238136,132.4137115361912,132.6783504524622,3962000
2020-10-13,133.76998901367188,133.836151882675,133.2985833042533,133.3234054219968,7914300
2020-10-14,134.0760040283203,134.5970288232247,133.95195651490454,134.24968316638146,6954800
2020-10-15,133.84437561035156,134.96085316895187,133.67897479925932,134.83679309617796,9458800
2020-10-16,133.4722900390625,134.2414225085528,133.2324606311532,133.69558819075704,8416300
2020-10-19,132.96778869628906,133.13318956801237,132.364069835824,132.73622495202088,9286600
2020-10-20,131.70245361328125,132.33098197298554,131.4543459962767,132.20693447412208,11189000
2020-10-21,131.24754333496094,131.8016429909406,130.97462631886236,131.32197180682246,10453700
2020-10-22,129.88302612304688,131.18971453507896,129.81686324682366,130.90851915631077,12664900
2020-10-23,130.67691040039062,130.84232384362747,129.6348738520781,129.68449283733958,8783800
2020-10-26,131.89259338378906,132.33918937919424,131.50389460304675,131.66930800535732,7227300
2020-10-27,132.777587890625,132.901635398535,132.2400192446985,132.512936381379,6062300
2020-10-28,132.90164184570312,133.53018290101417,132.4881333069055,133.46402002049305,11765800
2020-10-29,131.61154174804688,133.00920310109768,131.05744163291897,132.92649631764672,11932400
2020-10-30,130.31307983398438,131.78516914190467,130.31307983398438,131.52051763432067,13095400
2020-11-02,131.28916931152344,131.79419183950841,131.0821930727235,131.38851386364277,10810500
2020-11-03,130.52749633789062,130.7924193505657,130.01418668293732,130.68480029830405,16228700
2020-11-04,133.35890197753906,134.2613151457056,132.91182632698872,133.82252662786962,21570800
2020-11-05,133.5907440185547,133.90535194389918,132.9449791644044,133.82255639528418,18537500
2020-11-06,131.97628784179688,132.39851468004838,131.58717163224588,132.15014074991456,12408400
2020-11-09,129.20277404785156,129.27728242085888,128.01887667844608,129.12826567484424,23245000
2020-11-10,128.4577178955078,128.99585098791363,128.143110014075,128.29213945421566,12561000
2020-11-11,128.92144775390625,129.1035879777589,128.3005186179092,128.34191642020946,5888200
2020-11-12,131.1152801513672,131.140116284934,129.74096777364494,129.93138234193225,15999700
2020-11-13,130.94146728515625,131.22295197359927,130.73449102021365,131.10704577054457,7344600
2020-11-16,130.6267852783203,131.04073757356986,130.48604301387405,130.58538752223106,6310400
2020-11-17,131.4795684814453,131.76934023488374,131.29742840205412,131.44645784556764,7444600
2020-11-18,131.86044311523438,132.10881716106562,131.09877197209303,132.00118546021204,10333300
2020-11-19,132.53927612304688,133.0608601884604,132.33229992347955,132.43993158975846,10637200
2020-11-20,133.7148895263672,133.73972565785152,132.78764026342168,132.90354642128986,7246800
2020-11-23,133.10226440429688,133.2844044793675,132.69658648567128,133.14366217278115,11300000
2020-11-24,131.77761840820312,132.48134261026559,131.64515059534943,132.45650647445876,10891700
2020-11-25,131.37191772460938,132.390249647692,131.32224546159534,131.84382948889015,9145800
2020-11-27,132.64691162109375,132.688309388768,132.1170530402084,132.14188917424795,4708200
2020-11-30,132.4812469482422,132.90347358490283,132.26598374958567,132.48952144326097,13071600
2020-12-01,130.52792358398438,131.55557655068557,129.84834356268956,131.39811227035133,13662800
2020-12-02,129.49205017089844,130.05559350330233,128.853909806858,130.01416616381405,12114300
2020-12-03,130.5362091064453,130.7931318374902,129.76547885041717,130.06382890178017,9626500
2020-12-04,128.6217803955078,129.11073903531778,128.26542456687685,129.02787176260597,12734500
2020-12-07,129.7821044921875,130.01415321131955,129.43401876778265,129.57491723255484,9316100
2020-12-08,130.39544677734375,131.0004430334146,130.2794223500738,130.5860682723484,7397200
2020-12-09,129.96441650390625,130.37879097920904,129.29311923152318,129.74065074644523,7750100
2020-12-10,131.11634826660156,131.1826370398825,129.9726709191143,130.3124609492667,10025100
2020-12-11,131.5804443359375,132.0942645211763,131.20750992259636,131.48098588553134,8135900
2020-12-14,131.21583557128906,131.51418572822178,130.20476074200073,130.51968942034824,7535900
2020-12-15,130.77659606933594,131.26555494937728,130.37050450272008,130.7600175483683,6847500
2020-12-16,130.42857360839844,130.85123121426304,129.60810721920234,129.76557161522382,9954200
2020-12-17,130.0833740234375,131.46053520363958,129.77640848010887,131.18676128283593,9422700
2020-12-18,129.69351196289062,130.56460888452563,129.56906231185675,130.34890121962712,6505000
2020-12-21,130.2078857421875,130.53143462370556,129.79307883465654,130.415289195953,8988200
2020-12-22,130.87986755371094,130.9379465955503,130.3157362501954,130.71394732673002,7370800
2020-12-23,129.97555541992188,129.99215123567646,128.9717300974913,129.9340722099846,9266600
2020-12-24,130.48992919921875,130.60607460721,130.12490981617486,130.16638037275027,3117100
2020-12-28,130.5479736328125,130.62263580554014,129.50266523793513,129.73495599235233,7791100
2020-12-29,130.38211059570312,130.489951783924,129.7184170099264,129.7433044117391,9030900
2020-12-30,130.6642303466797,130.68911775879502,129.98394065844042,130.100098793522,9097300
2020-12-31,130.85496520996094,131.14533506819592,130.6226743869331,130.63097862562012,7742100
2021-01-04,130.69735717773438,131.2283095224542,129.8677433479283,129.97559719665188,13152900
2021-01-05,129.72669982910156,130.2078773298182,129.1376811474477,130.2078773298182,10458100
2021-01-06,127.06356048583984,127.63599561807202,126.34178839529402,127.6111082348352,22827300
2021-01-07,125.94364166259766,126.24230307223857,125.48735163968803,125.92704584570116,14651900
2021-01-08,125.53722381591797,126.06817638485488,124.98967541888396,125.66995246397136,13622500
2021-01-11,125.32972717285156,125.44587256543996,124.84854978672864,125.27164814710817,8370700
2021-01-12,125.23019409179688,125.40441855068961,124.38398451513459,125.09745285253587,12186300
2021-01-13,126.64049530029297,126.9889441089914,125.74452386303152,125.81918603965374,12533300
2021-01-14,125.4541244506836,126.63217381960675,125.09738414845576,126.58239904694574,14835500
2021-01-15,125.9519271850586,126.3999129035033,125.66155739756292,126.25888012808743,11624700
2021-01-19,126.35845184326172,126.39993505715991,125.69475839758942,125.7860164046056,9575600
2021-01-20,126.48287200927734,126.4994551638524,125.92701985859712,126.09295267552073,5368900
2021-01-21,125.59516143798828,125.89382274294348,125.35457914236359,125.63664463623938,8162700
2021-01-22,126.00177764892578,126.1096188602525,125.6201496411941,125.97689024178078,9507200
2021-01-25,127.48672485351562,127.503320670588,126.63222382832974,126.73177341296518,8712600
2021-01-26,127.24612426757812,127.42864025256586,126.86449648290446,127.0138334973933,7690300
2021-01-27,127.56964111328125,128.1752552798217,127.37052936341158,127.81852763589472,7895200
2021-01-28,126.86453247070312,127.31253098235634,126.23403058118882,127.26274352413841,10667800
2021-01-29,126.10125732421875,126.5077725135856,125.5205303814789,125.62007995483489,14965900
2021-02-01,126.24742889404297,126.5464364694191,125.82384010958164,125.96503637106875,8165500
2021-02-02,125.4334716796875,125.49160535409159,125.01818407496268,125.20091163492735,9177500
2021-02-03,124.32050323486328,125.07632978987962,124.23745331006664,124.94343470191723,9633100
2021-02-04,123.98828887939453,124.1627152815817,123.58961625470502,123.88862389161571,8262600
2021-02-05,122.95008087158203,124.22917414120619,122.94177967970279,123.83880267210047,10258900
2021-02-08,123.48992156982422,123.97165673363664,122.95835391899196,123.17431159417451,11574800
2021-02-09,123.5812759399414,124.31218615674752,123.47330978414706,123.93842985899768,5218300
2021-02-10,124.40353393554688,124.40353393554688,123.87196639356699,123.98824639732604,8079800
2021-02-11,123.72252655029297,124.41189303186658,123.54810012668194,124.32052922398952,11962700
2021-02-12,122.18592071533203,122.991579689942,122.11947317712408,122.6759570518472,14088400
2021-02-16,120.32539367675781,120.98155501022671,120.15098002760575,120.61609999010254,17789100
2021-02-17,121.08953857421875,121.5795875164336,120.41677476920326,121.22243363222854,11199100
2021-02-18,120.59952545166016,120.93176316044945,119.86862783946916,120.10948908896526,10755300
2021-02-19,118.99650573730469,119.86861218280372,118.64766569381929,119.65265453190484,12741700
2021-02-22,118.09114837646484,119.38685603279335,117.70909097055818,118.79714220163025,13203900
2021-02-23,117.75064849853516,118.3569648399926,117.22738207212068,117.54300470057025,12658500
2021-02-24,116.9782485961914,117.26064122023085,115.5828878607662,115.74069923113419,17363100
2021-02-25,115.0678939819336,116.2140919265376,113.46488977112759,115.88186688319561,52621700
2021-02-26,118.87193298339844,119.02144312778604,116.01475192115242,116.92008863085215,45423300
2021-03-01,117.30191040039062,117.5929665843178,116.49528202772301,116.96928563774931,22048000
2021-03-02,117.3102035522461,117.36009598469698,116.66156386393043,116.75303755302973,12482200
2021-03-03,116.03793334960938,116.54519444730809,115.38930606911902,115.90489103504422,19763700
2021-03-04,115.28952026367188,116.37056995234965,114.72405553690642,116.1127838158052,22366600
2021-03-05,115.5140380859375,115.87160909606928,114.74899092788655,114.89866827478204,20598000
2021-03-08,114.61595153808594,115.50572993965449,114.61595153808594,115.44752630421398,15236600
2021-03-09,116.20426177978516,116.2707892833868,115.56394566034018,115.8134206266404,14463400
2021-03-10,116.43710327148438,116.54519936357696,115.82173337147105,116.2541558063135,12387600
2021-03-11,115.5972671508789,115.9049586117131,115.13991092941382,115.73032223184337,14150700
2021-03-12,113.14402770996094,113.476665132867,112.8030791097898,113.4267600028159,20402700
2021-03-15,113.8093032836914,114.00056189389682,113.43509724152545,113.50162473394944,11366500
2021-03-16,113.3519058227539,114.02547906479664,112.8862261832586,113.94232923706878,15567900
2021-03-17,112.50375366210938,112.70333619016358,111.55575885929561,112.38733369295066,27107500
2021-03-18,111.36450958251953,111.82187831732661,110.75746345568069,110.85724838370186,21615100
2021-03-19,112.05467224121094,112.12119972883639,111.26467894499254,111.4975188072712,18685000
2021-03-22,113.31037139892578,113.43511522530557,112.57027037550453,112.83638038738908,17047500
2021-03-23,114.33319091796875,114.37475949494686,113.21887136313326,113.58476620005051,16768400
2021-03-24,114.94857788085938,114.99015915747746,113.88416318132178,113.97563691435192,13863000
2021-03-25,114.04216766357422,115.30616491354375,114.00058638577318,115.08163616447774,20782000
2021-03-26,113.64299774169922,114.12531257420646,113.27710285574045,113.44341525240648,8433300
2021-03-29,112.6783447265625,113.80097537685694,112.23761125675976,113.78434033399083,13968100
2021-03-30,113.26880645751953,113.51826874065982,112.27090656966169,112.51207036179619,15020800
2021-03-31,112.6367416381836,113.58473587674075,112.24590068389256,113.37684229206754,19271300
2021-04-01,114.50621032714844,114.59780914562126,113.49863603012277,113.7068140079087,14885900
2021-04-05,114.006591796875,114.0565524789906,113.19886021953828,113.70681499800595,8243000
2021-04-06,114.78105163574219,114.89763084061113,114.08989895466902,114.21481341385883,9282400
2021-04-07,113.98160552978516,114.99751503390223,113.98160552978516,114.45624469138174,11052700
2021-04-08,114.92259216308594,114.97256556219583,114.38133438142239,114.4063147278882,7847900
2021-04-09,114.50621032714844,115.07246103393737,114.15647284920912,114.49788778226014,8717800
2021-04-12,114.45626831054688,114.5228867990433,114.16482671782467,114.46460356296986,7659000
2021-04-13,115.3139419555664,115.33892229641927,114.24807172525932,114.33134799888583,13232800
2021-04-14,114.94752502441406,115.11407754028717,114.55616218939669,114.93920248108961,7293200
2021-04-15,116.87115478515625,117.39575479698654,116.13004148338995,116.1550218312781,23896700
2021-04-16,115.96343994140625,116.3548155013609,115.68864352444828,115.83021571096263,15238400
2021-04-19,115.63038635253906,116.0051042032808,115.37224767105423,115.530464980655,13886800
2021-04-20,116.16329956054688,116.37980006077397,115.27229180904006,115.28894960326492,11476500
2021-04-21,116.39651489257812,116.50477154882753,115.805296322709,116.19665938246698,11902200
2021-04-22,116.90445709228516,116.90445709228516,115.91352761044239,116.57969986519356,14156400
2021-04-23,116.6296615600586,116.97107659064359,116.15502224232497,116.89613554671392,12302200
2021-04-26,116.46306610107422,117.00432365721034,116.45474355777948,116.70454691835124,9103500
2021-04-27,115.44721221923828,116.42981916559185,115.35561337429158,116.23828622222571,14137300
2021-04-28,115.52216339111328,115.65540039656722,114.88098412645402,115.4555448883863,15263700
2021-04-29,115.18070983886719,115.21401272233776,114.1897806988052,114.45624188509335,17178200
2021-04-30,115.44721221923828,115.52215326341856,114.8976191495581,115.33895557352515,15692000
2021-05-03,115.51641845703125,116.45875422251423,115.31626992883893,115.66652030956838,16447700
2021-05-04,116.30029296875,116.88404347956725,116.05011054274067,116.32530993887025,18639700
2021-05-05,116.4920883178711,116.62552063523,115.84995642478675,115.94168955237024,11127900
2021-05-06,116.68391418457031,116.90907967749192,116.08348135331865,116.12518055197951,21907600
2021-05-07,116.10848236083984,117.25097916795407,115.84163043076252,116.83401268830248,18346900
2021-05-10,114.93267822265625,116.12519657508737,114.82426283614048,115.87501407341051,15146200
2021-05-11,114.2822036743164,114.64913632966902,114.05705086519555,114.4406530232015,15158600
2021-05-12,113.08134460449219,114.08206187824307,112.8811960598178,113.9736464926098,20859400
2021-05-13,113.25643157958984,113.723431994285,113.10632975692653,113.3564994613654,13073900
2021-05-14,114.31558227539062,114.31558227539062,113.59839910340106,113.85691639944159,17566700
2021-05-17,114.07371520996094,114.39061389340245,113.89026161539074,114.10707966338141,6113800
2021-05-18,113.78182220458984,113.89023756809918,113.47327106205762,113.74845775821407,11423100
2021-05-19,113.50660705566406,114.49898923850351,113.09797535543424,113.86519209326492,14296000
2021-05-20,114.44058990478516,114.65742056780002,113.97358959183646,114.04864048681661,13310500
2021-05-21,114.80760955810547,114.83262654210012,114.29890967552461,114.7992748050452,10171600
2021-05-24,115.2328872680664,115.56646819395321,114.99105223100828,115.07445064368278,6868700
2021-05-25,116.30029296875,116.33364468730808,115.59977963096252,115.60812710420711,12346900
2021-05-26,116.10015106201172,116.67556685699815,115.81661690137732,116.408702194184,9793700
2021-05-27,115.6331558227539,115.65817279541591,115.07442222528911,115.4997234853512,10695200
2021-05-28,115.44963836669922,116.16682095633584,115.36624001158702,115.56638842897483,10258000
2021-06-01,115.42382049560547,115.46556698111532,114.62208663240276,115.0981189012385,11778500
2021-06-02,115.69107055664062,115.90820073133021,115.51569961561839,115.70777679873336,7347900
2021-06-03,115.25676727294922,115.67433401398421,115.12315560059352,115.67433401398421,10994000
2021-06-04,116.83519744873047,116.83519744873048,115.68272162861517,115.68272162861517,15773700
2021-06-07,116.47608947753906,116.67652613812704,116.3508245291266,116.57630143626905,7799800
2021-06-08,117.29447937011719,117.4698629849446,117.0940555167418,117.4698629849446,11230900
2021-06-09,118.33011627197266,118.71427070365894,117.96265534209452,118.38856901456354,12768300
2021-06-10,119.03987884521484,119.05658507702557,117.48653060796741,117.6118082318661,19698300
2021-06-11,118.84781646728516,118.92297540503968,118.45530280151459,118.84781646728516,8646700
2021-06-14,117.93759155273438,118.67251334523141,117.76220785475032,118.67251334523141,9401300
2021-06-15,117.79560089111328,117.82900062928908,117.31956860599489,117.58681748391284,18207300
2021-06-16,117.69539642333984,118.31340000242014,117.09411183091342,118.08791031580394,19676300
2021-06-17,119.45750427246094,121.03590626324015,118.2883223323013,118.47205274334459,35225800
2021-06-18,121.70399475097656,121.9628840829604,120.35942937956438,120.49305379062868,26616900
2021-06-21,119.66629028320312,120.66846081735365,119.44081338183418,120.58494235846521,16485000
2021-06-22,119.95858001708984,119.99197975139153,118.68917348047673,118.73093270569863,14530200
2021-06-23,119.64961242675781,119.8416896155567,119.1819395793539,119.51598797231973,12040900
2021-06-24,119.84164428710938,120.17569255372607,119.69967313664105,119.77483208516112,8788400
2021-06-25,118.5972900390625,119.758124960159,118.06280517056753,119.64120679339835,15562200
2021-06-28,119.81664276123047,120.09223843395375,119.17358619154278,119.19029243498571,11460700
2021-06-29,120.01705169677734,120.02539844500345,119.45750098745174,119.50761970618956,11217900
2021-06-30,120.55154418945312,121.03591047930024,120.31770779327594,120.4680257294779,15708900
2021-07-01,120.5582046508789,120.67527529860449,120.02302272417,120.39932032330627,10810000
2021-07-02,121.28569793701172,121.28569793701172,120.5080171870139,120.60835979740281,9650200
2021-07-06,122.70728302001953,122.91633862589815,121.85433257530714,121.85433257530714,20037200
2021-07-07,123.79435729980469,124.22919651638065,123.1086615734167,123.40134451451884,20964400
2021-07-08,124.27942657470703,124.96513538502298,123.9031288723433,124.49685266565946,17487800
2021-07-09,122.53167724609375,122.91634519575715,122.49823396165193,122.81598982294716,14483600
2021-07-12,122.37278747558594,123.11702492869738,122.23063119350192,122.99995429876103,10610400
2021-07-13,121.43626403808594,123.3094075185162,120.95125333083848,122.77422548978556,23340200
2021-07-14,122.81602478027344,122.8578384675339,121.92963075323335,122.09687274252936,16038600
2021-07-15,124.17071533203125,124.26270034091418,122.94982455592577,123.71914792124383,18462400
2021-07-16,123.9365463256836,124.04524657755486,123.19230878713503,123.20902405065792,12787900
2021-07-19,126.65425109863281,127.06399191092295,125.95181458090163,126.2277695057708,40203900
2021-07-20,125.43342590332031,127.69959541226271,125.23272782836574,127.5490686661098,25674800
2021-07-21,123.84459686279297,124.17908086560294,122.64879167124106,123.91148345555753,19988900
2021-07-22,125.01527404785156,125.27450100264596,123.81111150710255,123.8529251874954,18136900
2021-07-23,124.17904663085938,124.31284529899533,123.66895037336646,123.71076405212685,12639300
2021-07-26,123.8111343383789,124.64735706146372,123.66062037290179,124.59718573963802,10737700
2021-07-27,125.13239288330078,125.17420657979532,124.5888531081178,124.87316582868279,13036500
2021-07-28,125.1407470703125,125.1574751003991,123.98676818930414,124.32125223254603,14346700
2021-07-29,124.44668579101562,124.78116981402518,124.20417402854827,124.41322973286613,11532000
2021-07-30,125.03202056884766,125.19926255541661,124.64735251596798,124.70589422912722,14342100
2021-08-02,126.14715576171875,126.61600888515807,124.89966152055452,125.12572026767329,21232700
2021-08-03,126.21414947509766,126.61602179684243,125.91274203996639,126.21414947509766,13361900
2021-08-04,126.47378540039062,127.11009755154483,125.35188408955582,126.8421739562588,18267900
2021-08-05,125.82904052734375,126.35650684894317,125.58624607273231,126.22254512039513,15345400
2021-08-06,123.72755432128906,124.54804745713491,123.65220564841684,124.17967190910666,21144300
2021-08-09,123.28384399414062,124.38062860973571,123.2670955825597,124.03735643644866,12942400
2021-08-10,122.7144775390625,123.55171893502977,122.70609694891732,123.4847380903176,13716900
2021-08-11,122.63917541503906,123.26710676569508,121.99450842657872,122.58057513213178,17227600
2021-08-12,122.43824005126953,122.6056858488529,121.76006349181941,122.31264612161041,14709400
2021-08-13,124.37226867675781,124.38063649543135,122.91546338393373,122.9322117965765,18653800
2021-08-16,124.67367553710938,125.6030144165508,124.58994624965514,124.90810221162653,19170900
2021-08-17,124.62345123291016,125.14253707827939,124.47274106068578,124.64856746573147,14126900
2021-08-18,125.04203796386719,125.14250286768807,124.28851285933169,124.5062038513342,13144000
2021-08-19,125.96300506591797,125.97138565869768,125.42717091506582,125.845791744647,15474300
2021-08-20,126.04672241210938,126.26440062378337,125.67833407289747,126.08020645417743,12388400
2021-08-23,125.96300506591797,126.00486970393487,125.51926800858544,125.75369465112739,10615000
2021-08-24,124.98346710205078,125.64489534288673,124.98346710205078,125.38533962826038,13835900
2021-08-25,123.94525146484375,125.05878442130745,123.5601274500031,124.92483546305084,16743800
2021-08-26,124.28852081298828,124.38899849853205,123.50151161524667,123.88664839669457,16657400
2021-08-27,125.1341552734375,125.1592715034517,124.18806802525272,124.38901064066131,15384700
2021-08-30,125.460693359375,125.50254523064574,124.69041963336825,124.7406648744268,10596300
2021-08-31,124.60665893554688,125.66157866841225,124.33036769651957,125.30993875745712,15262400
2021-09-01,124.8154067993164,125.23455988988991,124.48008944347248,125.13396724144417,10807100
2021-09-02,125.36030578613281,125.3686970348685,124.69804950443626,125.1088241548162,9765900
2021-09-03,124.2202377319336,124.49688038230326,124.01905238005796,124.29569503042764,12928000
2021-09-07,123.17237091064453,123.66698147928571,122.94603736003195,123.44901359738006,15547800
2021-09-08,124.01065063476562,124.22861846957258,123.55797083981355,123.78431713305939,14533700
2021-09-09,125.51121520996094,125.653725740243,123.9435865853197,124.21183793892756,20324600
2021-09-10,124.40460205078125,125.05010123563784,124.203416802591,124.82375503988972,14894600
2021-09-13,125.15914916992188,125.31842943395756,124.86573681074657,124.94118131743485,15036100
2021-09-14,126.67646026611328,127.06208677644334,125.39385270347705,125.5195935266616,19918400
2021-09-15,126.2321548461914,126.79381849063644,125.68724811659808,126.760291869395,11940300
2021-09-16,125.65376281738281,126.12321241837276,125.32682378872609,125.46933436105931,13328900
2021-09-17,125.05010986328125,125.20939005677721,124.65610500301278,125.0584883186892,13782900
2021-09-20,126.60094451904297,126.89434387185626,125.93867577890452,126.22370947026515,14660400
2021-09-21,126.4919662475586,126.55065379562659,125.91353317789101,126.34107733800974,10035800
2021-09-22,127.24654388427734,127.24654388427734,126.11483773192873,126.40823734555572,22277800
2021-09-23,124.37110137939453,126.1231581693176,124.35433167470308,126.0980100080488,23853300
2021-09-24,123.15559387207031,123.9436039192203,123.0130833218577,123.93521266879938,20203900
2021-09-27,122.70281982421875,123.12197273778543,122.29205815550375,122.4429470644525,13464300
2021-09-28,120.7915267944336,121.61307600896961,120.41429159551288,120.99272486990827,26613500
2021-09-29,121.00109100341797,121.91484151901136,120.4561971928621,121.3867174109213,23569400
2021-09-30,120.98438262939453,121.1436500963425,120.42270609950259,120.79995420288617,22567600
2021-10-01,122.0025405883789,122.04449887860595,121.0372565653199,121.58285522386132,26151800
2021-10-04,121.69195556640625,122.09486270767424,120.95331808964146,121.43175270919978,28027600
2021-10-05,120.51683807373047,121.45692909239669,120.41611769538181,121.37299971303267,22659200
2021-10-06,121.19672393798828,121.47371778095822,120.8945500009101,121.0624215642248,18696500
2021-10-07,119.92922973632812,120.31533289287587,119.68580518271084,120.1894324739525,14856000
2021-10-08,119.08991241455078,119.48441764630981,118.79612756272009,119.4088645535838,17257800
2021-10-11,118.78772735595703,119.10667946515629,118.72896526797541,118.85487853888807,7213400
2021-10-12,120.81908416748047,120.87783348734135,119.59359666535532,119.71951002126382,17968700
2021-10-13,121.99411010742188,122.1535925578253,121.35619311358603,121.38137320493627,23584600
2021-10-14,122.44741821289062,122.5145694148173,121.6667966973024,122.01933090158083,12946400
2021-10-15,121.73388671875,121.82621797402298,121.26384134927876,121.70870663165518,11811500
2021-10-18,122.30471801757812,122.54812990044978,121.30586477256918,121.70875914770697,12115900
2021-10-19,120.61754608154297,121.48209672777938,120.57557499227573,121.42334744902784,12156300
2021-10-20,119.8033447265625,120.60074411902588,119.61868219679914,120.23982096125563,12782500
2021-10-21,119.66069030761719,120.15591596895281,119.38369642726481,120.03001548142038,13660000
2021-10-22,120.97848510742188,121.20510594113536,120.20626571513712,120.40770645621576,13740000
2021-10-25,120.79383087158203,121.12118490614813,120.55880811895915,120.59237730885695,8137900
2021-10-26,121.79261016845703,121.79261016845703,120.65106628700988,121.38970328716627,13671000
2021-10-27,124.00859069824219,124.37790292521494,122.48931947661099,122.88382459938592,22092300
2021-10-28,123.58895111083984,124.50386213426285,123.25319513358764,124.0505947669176,17497600
2021-10-29,123.96658325195312,124.22678595707909,122.81665021016194,122.94255061336081,19087300
2021-11-01,123.07411193847656,123.34304623664332,122.45218133630246,122.53623051803842,18035500
2021-11-02,123.62033081054688,124.02375129052479,123.12447423101781,123.12447423101781,9836700
2021-11-03,122.34288024902344,124.36833128834544,122.30925546112731,124.2338706090583,20639400
2021-11-04,123.62883758544922,123.84734756046655,122.57828666383291,122.59508624522107,15922400
2021-11-05,125.47779846191406,125.71312083083603,124.49448438661004,124.82225574504471,21513000
2021-11-08,125.2424545288086,125.46096445543968,124.81382164027538,125.19203014759412,12083800
2021-11-09,126.87287902832031,127.55363365003602,126.6039319646736,126.73840549649695,23430200
2021-11-10,124.55329895019531,126.84769828209059,123.56998495081162,126.76366191345382,28170600
2021-11-11,124.36837005615234,124.93987621164294,124.29273349595749,124.81380245388173,5552500
2021-11-12,123.82203674316406,124.81374986772369,123.34297974889196,124.38513004976791,12712000
2021-11-15,122.26724243164062,123.51110321924867,122.04873258608261,123.45226624692516,15232700
2021-11-16,121.95631408691406,123.02367704806424,121.73780418681629,122.44377108630466,12998700
2021-11-17,122.92279815673828,122.94801034073221,121.41001582069526,121.50246477004026,14239900
2021-11-18,123.38500213623047,123.46063866322146,122.66222317764465,122.6958479612612,11054600
2021-11-19,124.68772888183594,124.88943917934657,124.03218644505364,124.03218644505364,14022100
2021-11-22,123.22538757324219,124.08264051271952,122.8135799170647,123.8809301669293,15266000
2021-11-23,121.44365692138672,122.79676669139889,121.44365692138672,122.64548072704537,15318500
2021-11-24,123.39344787597656,123.39344787597656,121.68734231201955,121.81341604828683,13769700
2021-11-26,126.51153564453125,126.63759661799455,124.9483154530507,125.08278904081631,20064800
2021-11-29,125.4946060180664,125.7635403618266,124.52809156066455,124.64575274057965,23234200
2021-11-30,127.40235900878906,127.80577964000292,126.27617193421538,126.76362891218824,31481100
2021-12-01,128.1883087158203,128.24721721460625,126.04257820326343,126.63161183236197,30826500
2021-12-02,128.34811401367188,128.73519193035048,126.85872365122117,128.6846934579885,17754200
2021-12-03,129.8796844482422,130.5276010415026,127.35529806704947,127.63296927005074,34427100
2021-12-06,128.095703125,129.87961055037403,127.84326206257403,129.62716948794807,30924200
2021-12-07,127.06073760986328,128.34817319555634,126.9429334660642,127.66659116074105,22115900
2021-12-08,124.86457824707031,126.62323120442613,124.83933540765904,126.61482120452055,33633900
2021-12-09,125.56287384033203,126.08457581087346,124.9401877686312,125.66384510180913,17544900
2021-12-10,125.25995635986328,126.42117731034521,125.21788071794899,126.15190347384026,14298700
2021-12-13,127.11121368408203,127.3215791278435,126.4801173527976,126.5474358355638,17860500
2021-12-14,126.80834197998047,127.00187467714252,125.63871011850776,126.53065793290796,14015500
2021-12-15,125.5881576538086,126.88400301129371,125.48718635936952,125.89108437681227,25383900
2021-12-16,125.63700866699219,126.26039660408995,125.2916175320804,125.30846932880051,18677900
2021-12-17,127.06063079833984,127.1869870860269,126.49621795642209,126.64784550164657,18093500
2021-12-20,126.1087875366211,127.22077502219358,126.02455424035998,126.99332069938869,17147300
2021-12-21,125.62861633300781,125.68757835303276,124.35656891603183,124.79462574629784,16598200
2021-12-22,126.20989227294922,126.24358302243331,125.5359615958409,126.13406559183262,12253900
2021-12-23,125.11476135253906,126.0245658735841,124.70197574403485,126.01613354526911,11642500
2021-12-27,125.4179916381836,125.52749618576642,124.94624414478179,125.06418101813225,7821800
2021-12-28,124.92097473144531,126.17617027388566,124.68510095696959,126.02454264207555,9174600
2021-12-29,123.5562744140625,124.09541630537929,123.3372524393314,123.75845744361503,11771200
2021-12-30,124.5924072265625,124.65138208395167,123.3709155584891,124.04484598526696,10355000
2021-12-31,124.83673095703125,125.5443522210204,124.19649117652676,124.516611066779,13402300
2022-01-03,121.55976104736328,123.7837228504392,121.54290924882655,123.33724659538595,33860400
2022-01-04,121.0543212890625,121.41656429375143,120.24561484156244,120.97850746976385,21996400
2022-01-05,120.39720916748047,121.44180196514353,120.22031030472972,121.42495016968748,20911700
2022-01-06,120.70893096923828,120.83530018981949,119.86652091532616,120.11924650233126,18996400
2022-01-07,119.84124755859375,120.66681865206829,119.25156310193843,120.57415303358266,18756800
2022-01-10,120.1361083984375,120.30458785254694,119.08309574255546,119.3273890228904,13775800
2022-01-11,120.93638610839844,120.99536098257032,120.2119129429229,120.3635534378239,24388700
2022-01-12,120.47306060791016,121.31547068577468,120.46464113462827,121.22280506304328,14440600
2022-01-13,121.54292297363281,121.6608598683955,120.48991039390965,120.79317853103623,15166000
2022-01-14,119.70650482177734,120.85218330614049,119.44534683989933,120.81847969692238,22997500
2022-01-18,118.02167510986328,119.04098426172318,117.95428075082268,118.74614840185016,21171700
2022-01-19,118.83878326416016,119.37792514270862,118.19854344615138,118.38387467197957,17930500
2022-01-20,119.57164764404297,119.61377070437179,118.85559418091292,119.09146789377036,13959000
2022-01-21,120.995361328125,121.39129508562945,120.18664201271066,120.80159775885606,28916600
2022-01-24,120.0013427734375,121.61876898145415,119.98449096853793,121.55980694554691,25001600
2022-01-25,119.8075180053711,121.06271318479827,119.45370744598253,120.55726218329866,15599000
2022-01-26,118.35860443115234,120.10239929276653,118.35018495868914,119.84124139653025,23655500
2022-01-27,120.53205108642578,120.77634438480129,119.90024344623886,119.96763780369126,21501800
2022-01-28,120.57415008544922,120.85214693410886,119.49586628988521,119.69803646770548,12826500
2022-01-31,119.95069885253906,120.42244615780605,119.58846890533404,119.77378718598892,13998400
2022-02-01,119.55260467529297,120.09249737472862,118.99583670873385,120.025009178292,20806100
2022-02-02,119.95751190185547,121.11322947927351,119.72974086512983,119.74661613097597,18404600
2022-02-03,119.0211181640625,119.35011500752469,118.25345457196585,118.47279438231037,17234100
2022-02-04,117.26646423339844,118.21971711024378,117.07244375413018,117.97508371221464,23609800
2022-02-07,117.34246063232422,117.51960594482904,116.87848716994694,117.18217772058827,12962400
2022-02-08,116.55789184570312,116.90376405484982,116.26264544223467,116.59164238282195,16269200
2022-02-09,116.77717590332031,117.57014589723444,116.57472424329366,117.0218221552574,14349100
2022-02-10,114.92130279541016,116.2710406773989,114.59230595658289,116.12763311914644,30896200
2022-02-11,116.62535095214844,116.84467790046939,114.18739657190073,115.46120228109103,43210300
2022-02-14,115.17434692382812,116.19508767156944,114.70194266347042,115.6805017010975,23157400
2022-02-15,113.86683654785156,114.59231848613535,113.83309888953745,114.38986679213902,18198500
2022-02-16,114.54173278808594,114.78637913922266,113.47037845516685,114.68514039610521,16473700
2022-02-17,115.39371490478516,116.05172149847174,114.64292653666455,115.10689976911105,24508200
2022-02-18,116.60851287841797,116.7266140224198,115.7058854647024,116.00957595957271,17522600
2022-02-22,116.91215515136719,116.97964333039748,115.96734638905107,116.15293566337088,19534000
2022-02-23,115.3009033203125,116.28790662982155,115.20812155950834,116.14448621099802,17757800
2022-02-24,115.37689971923828,117.57020873139099,114.93823276798352,117.34245049213803,28150400
2022-02-25,115.461181640625,115.83236015762596,114.87910740915103,115.45275044598512,15025400
2022-02-28,117.9919662475586,118.13537383254875,116.68442271616095,116.7772045016927,25817700
2022-03-01,119.35619354248047,120.22623410154009,118.25808021976113,118.56217294160481,35664400
2022-03-02,115.27625274658203,118.61281640512121,115.22557279005851,118.12288867688727,30397400
2022-03-03,116.45034790039062,117.15989283981718,115.74080296096406,116.13781301045029,20649100
2022-03-04,118.46076202392578,118.95068969214283,117.67518412673391,118.5621219245561,25853100
2022-03-07,117.55691528320312,118.79862550266165,117.21904038759719,117.51467769897711,23710900
2022-03-08,116.37437438964844,116.77982696110654,115.93512658525768,116.15474404290063,28331300
2022-03-09,115.2340087890625,116.01113148741406,114.9890513830258,115.78307169565328,18819200
2022-03-10,113.57842254638672,114.17815261824958,112.9533396043035,113.89095757287566,26868900
2022-03-11,113.95852661132812,114.4146591263181,113.36723894778393,113.4685988646474,15583800
2022-03-14,111.29769897460938,112.25221437025611,111.26391663621695,112.09171926241079,24385000
2022-03-15,111.10344696044922,112.47185753787682,110.81625190651356,112.22690008342715,17518800
2022-03-16,112.1930923461914,112.45494735899459,110.08134174087176,111.35683446640782,25857700
2022-03-17,111.35684204101562,112.63233485331202,110.71487445340816,112.19309997768235,19330600
2022-03-18,112.7168197631836,112.8012820669666,111.98193456365782,111.98193456365782,55891700
2022-03-21,110.1067123413086,111.22171026870153,109.59988689942591,110.8922775982097,26122000
2022-03-22,108.69602966308594,109.25353496086085,108.40883465117903,108.93255760777238,21830900
2022-03-23,111.0781021118164,111.16257730708723,108.8480935811814,109.27888614321022,21266100
2022-03-24,110.20806121826172,110.80779127891627,109.47317600144933,109.51540070978169,17141600
2022-03-25,108.67912292480469,109.40556555955901,107.82597398035122,109.3886679478388,25684500
2022-03-28,109.60831451416016,110.28407738269773,109.00012922138681,109.29577950421721,17657800
2022-03-29,110.43610382080078,111.12030888976976,109.59140365879432,110.28405108930679,19319700
2022-03-30,111.29769897460938,111.50887403459474,109.80258883006701,109.87016639595466,16310200
2022-03-31,111.56807708740234,112.06644743866312,111.21330431756701,111.48360185639415,19901000
2022-04-01,111.99273681640625,112.48341509123969,109.73393343820965,109.98772141756368,23489700
2022-04-04,111.21440887451172,111.65431658654029,110.57991319220558,111.612014292617,13609900
2022-04-05,108.70181274414062,110.63913401997941,108.5326035562991,110.62221051942552,25196900
2022-04-06,107.82196807861328,108.54106837798093,106.93367795995034,106.95905675556584,22952000
2022-04-07,107.00979614257812,107.16207534478988,106.09612738373058,106.68832069543019,23458800
2022-04-08,105.85079956054688,106.45145468465924,105.12324401203361,106.12997274892044,26859200
2022-04-11,104.17575073242188,105.0640474412929,103.6850724274374,104.83562533698887,30020700
2022-04-12,104.03190612792969,105.03864127509938,103.7781052902559,104.94558139824721,23124200
2022-04-13,104.24339294433594,105.15706811184049,103.96421334519466,104.09957549790171,17189500
2022-04-14,102.15377044677734,103.99803753372419,101.84075035866952,103.93881821483045,34274500
2022-04-18,101.64620971679688,102.43298462196591,101.25705313905209,102.2553266052405,18784300
2022-04-19,100.88481140136719,101.28242972010133,100.39413320146446,100.80021326969313,26012300
2022-04-20,102.9151840209961,103.18590187604265,101.45161138143565,101.70541219435178,31423200
2022-04-21,102.15377044677734,102.28913257820396,100.81709844383698,102.22145151249065,23323200
2022-04-22,101.51084899902344,102.73754454322611,101.35856977472324,101.5785300885844,19773400
2022-04-25,102.5260238647461,103.37201793850903,102.47525983131298,102.68675834975372,25418900
2022-04-26,103.55816650390625,104.0826788448628,103.00826891195318,103.58354530047842,26931300
2022-04-27,102.22993469238281,103.48200893194803,102.17071535733453,103.37203201097935,14560500
2022-04-28,102.38221740722656,102.42451969988976,101.52776789435835,101.84924337355814,16892500
2022-04-29,101.05403137207031,102.33994651111803,100.76639636601439,100.93559266905608,26153400
2022-05-02,99.30236053466797,100.22606090200703,99.09050194046236,99.87861616952367,29233900
2022-05-03,99.97181701660156,101.10737577991713,99.90402072659197,100.8785713828973,21256700
2022-05-04,100.52267456054688,100.8192753183965,99.44642921224896,99.97184088716233,25575700
2022-05-05,97.76852416992188,98.70070086094802,96.62448238073141,98.59900638967862,48384500
2022-05-06,96.32786560058594,97.48885304292797,96.02278870282323,96.7261607985212,32790500
2022-05-09,97.17527770996094,97.20917585365233,95.4380414872935,95.64142388403202,26773000
2022-05-10,98.05662536621094,99.11591827674224,97.86171909130326,98.20916380394388,33640800
2022-05-11,99.94642639160156,99.94642639160156,96.98040565962476,97.23463212883266,34173600
2022-05-12,99.76000213623047,100.75149906642964,99.70915812916782,100.01422863695664,26405700
2022-05-13,98.28543853759766,99.27693517317782,98.2176422380509,99.1328728856992,20782700
2022-05-16,98.18373107910156,99.09896160548338,98.17525492642855,98.48033176855583,11050600
2022-05-17,96.99734497070312,97.75156110308082,96.91260282000898,97.2092035801443,15040800
2022-05-18,99.06507873535156,99.14982087891799,97.12445326024819,97.21767155779459,21337300
2022-05-19,99.30236053466797,100.60741025082385,99.02270563861788,100.53961394897937,21937500
2022-05-20,100.42945098876953,100.86163787093618,99.2006672486776,99.2260892458155,22780900
2022-05-23,98.77696228027344,100.20912864012979,98.76001643522133,99.75151323877785,15925200
2022-05-24,100.72606658935547,101.38706447409072,99.87863207755905,99.91253023388037,23388200
2022-05-25,101.12432861328125,101.37008531679207,100.49722262553223,101.36160916414408,14410800
2022-05-26,100.6667251586914,100.92095157925844,99.8277669796217,100.86163143458505,14912900
2022-05-27,100.91248321533203,101.47178652024812,100.62435217641512,101.14976379713951,11190400
2022-05-31,98.77696228027344,99.34474830340639,98.24308087806888,99.30237399265799,28393700
2022-06-01,98.66404724121094,99.6148582031061,98.21410898575499,99.35168823714068,15544800
2022-06-02,98.7149887084961,99.08003407928805,98.01885642895263,99.01211715520715,9832000
2022-06-03,98.50273895263672,98.52820617626048,97.51796960334158,97.70473140222035,15330400
2022-06-06,96.68598937988281,98.0612775455762,96.61807247559642,97.7556579531999,20815400
2022-06-07,97.73018646240234,98.29048470599827,97.27175709387176,97.29722431263808,14278700
2022-06-08,96.8642807006836,97.7386899225365,96.84730471056126,97.35666861410617,11476100
2022-06-09,97.18688201904297,97.38213504998087,96.50772583520143,96.6435531858217,15527300
2022-06-10,96.5841293334961,97.29724398771775,95.90497961371408,97.08500848586459,21917100
2022-06-13,93.55339813232422,94.80134380622503,92.73841465643066,94.64853399968793,36968300
2022-06-14,92.37336730957031,94.21557617981684,92.18659905275072,93.83354843352781,21865900
2022-06-15,94.09674072265625,94.22408333502518,92.56015757030356,93.46003413772588,25202800
2022-06-16,94.84380340576172,94.84380340576172,91.78761343252611,92.06775937636179,26067300
2022-06-17,95.1494140625,95.78612051664909,94.19859675928201,95.08998838585593,21614300
2022-06-21,93.53642272949219,94.24953084652377,93.22231188161135,93.46001458728854,17663800
2022-06-22,96.10873413085938,96.1936270452708,95.40411063510756,95.66728708977143,23703800
2022-06-23,96.89822387695312,97.77263296091137,96.3464103697534,96.69447964304838,20669200
2022-06-24,95.556884765625,96.92368155074277,95.50595033139336,96.32093366365851,18161300
2022-06-27,94.74192810058594,95.26827448447466,94.36839801622925,94.41933246479752,12053000
2022-06-28,95.18338012695312,95.23431457474497,94.12220261853285,94.47875670690283,13706600
2022-06-29,96.66902160644531,96.69448882848859,95.22581641383323,95.40409344504924,12925400
2022-06-30,97.5179672241211,98.28200982184693,97.41609185519812,97.50947599081586,25802100
2022-07-01,98.5191421508789,100.02474179985413,98.00876971850109,98.58719353912596,21858800
2022-07-05,99.29322814941406,100.16086077580869,98.81687484437946,99.42932445818208,16689700
2022-07-06,97.62596893310547,99.98219755519786,97.62596893310547,99.85460284635671,20205400
2022-07-07,96.76687622070312,97.96625129988085,96.55422046647585,97.90670794828675,13088000
2022-07-08,95.6950912475586,96.54571428087023,95.31231347846385,96.54571428087023,15320000
2022-07-11,97.34527587890625,97.6429925627027,96.71581033060862,96.79236975772027,13639900
2022-07-12,97.92369079589844,98.8678825432753,97.79609608873521,98.25543314068096,18547300
2022-07-13,99.04651641845703,99.22514641959043,96.50314968914958,96.77534871322,20594800
2022-07-14,98.23843383789062,98.80835609530422,97.37080136245368,97.88968183443863,15665000
2022-07-15,98.79135131835938,99.36977519814458,98.33201413531775,98.53616183120128,16022600
2022-07-18,97.76210021972656,98.09384266569543,97.12413297905744,98.03429931615585,15838300
2022-07-19,97.23474884033203,97.9492757979762,96.68184887862911,97.7451280199668,9276800
2022-07-20,97.48987579345703,98.28946327072963,97.01352912090485,98.22991993666061,9117300
2022-07-21,99.17410278320312,99.28468789354997,97.83012377750703,97.98323613128716,14754900
2022-07-22,100.84136199951172,101.45380512485504,100.34799908850252,100.62019819634575,17715300
2022-07-25,99.8546371459961,99.9822318986655,99.07206551457384,99.27621322500167,24868100
2022-07-26,99.93118286132812,101.42827451839246,99.86313147062398,101.10504014715448,13536000
2022-07-27,99.36978149414062,100.79032038797067,99.27621244223674,100.3820249703343,15725600
2022-07-28,100.16085052490234,101.1560778006063,99.79508240352337,100.41604000111575,16637900
2022-07-29,99.888671875,101.4878409824218,99.80361086211127,100.11833725877352,16655900
2022-08-01,102.29435729980469,102.34548535419569,100.62410700719242,100.76897416232217,17974600
2022-08-02,100.12980651855469,102.84822632495235,99.95085189985409,102.38805451906643,17896300
2022-08-03,101.70634460449219,101.82564771592952,99.13279769866024,99.8486163672842,16731200
2022-08-04,101.6722183227539,101.87674343715308,101.01605145992929,101.39100766813162,11003000
2022-08-05,99.25208282470703,99.79747023574329,98.75782345172706,99.76338270986217,19492300
2022-08-08,100.8541488647461,101.00753946726365,100.18093491489292,100.24910996079633,17476300
2022-08-09,100.46212005615234,100.86264019615805,100.09568742822458,100.3257765093687,8223200
2022-08-10,99.80599975585938,101.33138249790618,99.47365448540836,100.3258231791866,14665300
2022-08-11,97.47958374023438,99.75487276449088,97.22393051213585,99.59296512145805,20663800
2022-08-12,98.46808624267578,98.48512675433327,97.51365505159157,98.08460646431105,12178400
2022-08-15,98.38286590576172,99.4906877273206,98.38286590576172,99.13277846245907,9031800
2022-08-16,98.79188537597656,98.86857741318646,97.35171866298576,98.21241058922841,11066000
2022-08-17,97.76078796386719,98.08460970831415,97.4113956987924,98.05052218234118,14131300
2022-08-18,97.90564727783203,98.54477371049342,97.64999410415537,97.97382232434985,10738200
2022-08-19,96.32914733886719,96.58479403921898,96.0734941369844,96.49106146682836,16330900
2022-08-22,96.00531768798828,96.26096436731301,95.5536628682734,96.1757488075381,10457200
2022-08-23,95.47697448730469,96.70409940016023,95.22132129661621,95.60480108264893,17813200
2022-08-24,94.77819061279297,95.33210149071238,94.47140940353084,95.0082732689744,13971600
2022-08-25,96.09904479980469,96.37173847652944,94.5821858166776,94.86340299935533,21429700
2022-08-26,96.82337188720703,97.13867002100305,95.45138030063414,95.69850990645153,18764400
2022-08-29,96.0223617553711,96.30357896442015,95.55366640695601,96.24392742021557,14278300
2022-08-30,96.2609634399414,96.72965876648371,95.62183699549122,95.97122923919191,14346600
2022-08-31,95.34061431884766,96.58477961233872,95.08496765668184,96.03087526021443,13623500
2022-09-01,93.59512329101562,94.15020516876172,93.03150640311837,93.82569887059512,22490400
2022-09-02,94.12454223632812,94.41488880965018,93.48406495547698,93.66339781228268,13024400
2022-09-06,91.79325103759766,93.05712974612337,91.73347338677196,92.99735209529767,24648500
2022-09-07,93.24496459960938,93.49261662358211,92.40807132841628,92.50200852769119,17050100
2022-09-08,92.28855895996094,93.52681313991371,92.27148242273648,92.94611314514901,14671400
2022-09-09,92.49346923828125,92.91191914161581,91.91276949932343,92.51055228325592,12529800
2022-09-12,91.73347473144531,92.98881193246146,91.30648964349562,92.76677786245051,14806900
2022-09-13,91.94694519042969,92.00672282777347,90.72576787160051,90.99903800163979,22158900
2022-09-14,92.26292419433594,92.40809753792782,91.47727331872464,91.66514125528653,13077800
2022-09-15,92.20315551757812,92.39102998768286,91.87010768976519,92.10067675699145,10260200
2022-09-16,91.43455505371094,92.27144840523579,91.17836148286555,91.40039547658002,18903800
2022-09-19,91.6480484008789,92.07503334618961,91.20398692447598,91.34061871903334,11084400
2022-09-20,90.73432159423828,91.23816081740618,90.00844832453932,90.2561004311942,20133800
2022-09-21,92.25436401367188,92.26290553664833,90.49518816635894,91.11858252290614,23132900
2022-09-22,89.89742279052734,90.48666420004228,89.43628470469532,90.34149085764057,29030600
2022-09-23,90.2646255493164,90.88802651020404,89.29110027964725,89.95719583097099,23042200
2022-09-26,88.53961181640625,90.01698281576121,88.14678638956183,89.97428170870835,25104600
2022-09-27,86.20826721191406,87.94183175092135,86.1655726219115,87.71125620686655,34609500
2022-09-28,89.09468841552734,89.1971606420161,87.51484527617873,88.06992054372303,39283100
2022-09-29,88.63353729248047,89.00928613586764,87.78810891013265,87.8735045976461,19127100
2022-09-30,87.4892578125,89.54732943772295,87.30138981249587,89.04348355444502,26485700
2022-10-03,88.87938690185547,89.6069930071729,88.29730071143588,88.89650420267888,27192200
2022-10-04,88.63113403320312,89.58130413174571,88.42569379133182,89.1532998181978,13788700
2022-10-05,87.78369140625,88.0319281725319,86.95336195439312,87.93777322753095,20522100
2022-10-06,87.2957992553711,88.03196097487891,86.91059129321914,87.81795872840459,13965700
2022-10-07,86.44833374023438,86.98762350673996,86.00321200249313,86.29425188277983,14814800
2022-10-10,85.10437774658203,86.03743056377756,84.57365656748385,86.02886864871311,15652600
2022-10-11,85.48102569580078,86.37127548991738,84.73629580714217,85.37830230503924,33246700
2022-10-12,85.90047454833984,86.06311829652434,84.90750781989397,84.98454547061611,21447600
2022-10-13,85.07869720458984,85.92614391957203,84.17988553085014,84.19700936071183,30292500
2022-10-14,84.37677764892578,85.76351409979522,84.1028551250189,85.76351409979522,18728200
2022-10-17,83.96589660644531,85.30983663680894,83.8375005163851,84.99311104272707,18969900
2022-10-18,84.16277313232422,84.28261382502374,82.92156315900996,83.84604756971663,16931500
2022-10-19,82.6305160522461,83.39236324775861,82.45075501484932,83.19548491048839,25431600
2022-10-20,81.2181167602539,82.45933350243884,81.09827604457112,82.11692865870405,25434900
2022-10-21,79.75433349609375,80.40490197330631,78.9753689313241,79.6259308777082,46280300
2022-10-24,79.09519958496094,80.07961082641451,78.62439222097039,79.45472164610229,31332600
2022-10-25,81.39785766601562,81.51770488283333,80.84145727998751,80.96129796597765,31213100
2022-10-26,82.57058715820312,82.76747200591844,81.97993914588443,81.97993914588443,24843900
2022-10-27,83.43519592285156,83.8032800437083,82.36518470301573,83.01575335330837,20270000
2022-10-28,82.86165618896484,83.57213854442536,82.52781327243439,82.91301462817599,22244100
2022-10-31,82.27098846435547,82.70755468639433,81.3464975932711,82.48499061798644,23956700
2022-11-01,83.03987884521484,83.59765553045416,82.55933600102355,83.56333010631117,17585100
2022-11-02,82.67945098876953,83.77783809841733,82.34478637088945,83.16000025941814,25010500
2022-11-03,82.23324584960938,82.70520565258522,81.59823538851491,81.66688622975289,29097500
2022-11-04,80.85165405273438,82.08734262967411,80.85165405273438,81.60679343480724,23561400
2022-11-07,80.04501342773438,81.40083749975062,80.01068802183377,81.34935266435059,14522800
2022-11-08,80.92031860351562,81.48667159944318,80.46551175234644,80.49126072448723,20360600
2022-11-09,81.18632507324219,81.53814909793293,80.39686021826988,80.50841289987366,15637500
2022-11-10,84.30987548828125,84.46433659074663,82.9283085570365,83.00554238172111,45380900
2022-11-11,84.00093841552734,84.41283679816529,83.700599254699,83.72634167606961,15943100
2022-11-14,83.79501342773438,84.08676967201231,83.31446410347611,84.01812538017913,13741100
2022-11-15,85.15082550048828,85.21089333881763,84.18973354031543,84.3098692169741,26608200
2022-11-16,87.0129623413086,87.05586421249076,85.58848666119046,85.82875808990786,28507700
2022-11-17,86.09477233886719,86.30071832776336,85.62280596128745,85.98321307858201,24528900
2022-11-18,85.5026626586914,86.57530746979192,85.42543537480627,86.32645308798807,14941300
2022-11-21,85.863037109375,86.51520673978247,85.6399317872345,86.40365407871222,15534000
2022-11-22,87.08157348632812,87.20170914591054,86.26635974270178,86.36933597101633,18103100
2022-11-23,88.60047912597656,88.60047912597656,87.59648495314295,87.64796981936857,23234600
2022-11-25,88.30011749267578,88.32585991927705,87.89680201751177,88.05126312402344,9486100
2022-11-28,88.54898071289062,89.08100837424372,88.11992276823571,88.90938781514363,14563200
2022-11-29,87.51068115234375,88.35163124864025,87.45061328832257,87.65655931540859,16576400
2022-11-30,88.15423583984375,88.15423583984375,86.98719787012124,87.20172681239517,21581700
2022-12-01,90.97037506103516,91.01337905339386,88.68235004289912,88.72536059774711,53156800
2022-12-02,92.11441802978516,92.12302145671046,89.9812275267448,90.57473929724414,24479500
2022-12-05,90.82417297363281,91.16823783807212,90.23066780902874,91.03921269359594,20159700
2022-12-06,91.99398803710938,92.37246003791377,91.3402720243453,91.60691917264403,21754500
2022-12-07,94.16158294677734,94.34221550355839,93.06917761828014,93.2154095987616,30546700
2022-12-08,93.903564453125,94.14440794363978,93.30145572683806,93.4992886386925,13377300
2022-12-09,91.46070098876953,93.0433902766681,91.40908699025677,92.84555739692671,25872200
2022-12-12,91.75312805175781,92.9917586945739,91.40046639303333,92.77671901700111,16897100
2022-12-13,92.63909149169922,93.82611472494311,92.43265523645734,93.79170758865442,23854700
2022-12-14,93.03479766845703,93.1724196916393,91.94239209776573,92.60471818196267,19517500
2022-12-15,93.39778900146484,94.0875832817373,93.25983409242983,93.45814550761125,20246200
2022-12-16,92.35447692871094,92.97529044516277,91.66468267079432,91.91473292482996,20838300
2022-12-19,90.80243682861328,91.25942269692621,90.5179028019803,91.25080503861605,26126800
2022-12-20,89.19007110595703,89.50909556488918,88.89690620550522,89.13833225389705,28869000
2022-12-21,89.41421508789062,90.01778656049692,88.77615983135391,89.92293970877827,15894100
2022-12-22,89.39700317382812,89.77639070792445,89.13832865905951,89.38837893577151,11322500
2022-12-23,88.08638763427734,88.64683802849433,87.96566805607794,88.44852663378019,15408900
2022-12-27,86.34466552734375,87.14654854891515,86.23257675727922,86.64644804549094,26475700
2022-12-28,85.83596801757812,86.89651920486345,85.663516124026,86.7844304078299,17302900
2022-12-29,86.81028747558594,87.07757965970077,86.04289471998118,86.10325123182538,16593000
2022-12-30,85.84456634521484,86.69818822472556,85.68074530619374,86.11186507542985,20810200
2023-01-03,87.4828109741211,88.24157929733401,86.94822016422455,88.12086630451299,25313200
2023-01-04,88.68134307861328,89.22455824616581,88.12951025133525,89.00037410434467,21678200
2023-01-05,89.05211639404297,89.06074063310486,87.75875682617045,87.83636182099362,14771100
2023-01-06,90.69035339355469,90.79382450464182,88.500264213285,88.55199647964582,27473700
2023-01-09,91.1732177734375,91.3370454102617,89.90572444896196,90.02644405076732,21472200
2023-01-10,89.66429138183594,90.3799518064533,89.24179583287876,90.12990154080269,20545200
2023-01-11,91.12149810791016,91.15598848771725,90.27650024855458,90.50930866766066,18794000
2023-01-12,92.9149398803711,92.95804791276798,90.15576925069585,91.242192973934,32029600
2023-01-13,92.04408264160156,92.9494369054885,91.72505160287542,92.34586520344172,17750800
2023-01-17,91.4491195678711,91.96646853227719,91.09560479244995,91.11284668802632,13911700
2023-01-18,93.66507720947266,93.78579021667369,92.36310026346645,93.51849806906647,35497200
2023-01-19,93.07875061035156,93.44089619686159,92.63901320547521,93.20808784993619,17194700
2023-01-20,91.56983184814453,92.46656171343038,91.49223345111623,92.22513570707753,22754100
2023-01-23,91.13868713378906,91.56980676370928,90.95761767862619,91.02659839822067,12961500
2023-01-24,92.4493179321289,92.6476293282883,90.87141810775466,91.50085582150507,16417200
2023-01-25,92.67350006103516,93.04426329199279,91.94921549384037,92.57865319416007,11906500
2023-01-26,92.24240112304688,92.82010011269226,91.81989895596308,92.38035604700157,15549400
2023-01-27,92.00955200195312,92.22511182013173,91.49220975399719,91.5611904746216,11845500
2023-01-30,91.67329406738281,92.39757859458122,91.56120531197702,91.7940070588551,11459700
2023-01-31,92.40619659423828,92.50104345622674,91.28528930093836,92.2423755785566,13705300
2023-02-01,93.51702880859375,93.87145301542165,91.99558149843713,92.97242286358522,25305800
2023-02-02,93.63807678222656,94.52846733847774,93.4392485689936,94.15675018831276,19548400
2023-02-03,92.23761749267578,92.59204825216854,91.70165803529916,92.2981292570663,20619500
2023-02-06,91.55473327636719,91.9005111371785,91.35590507063975,91.41641685581072,15182400
2023-02-07,90.81991577148438,91.83133620292033,90.76805042459114,91.05332302308047,18290300
2023-02-08,91.25215911865234,91.26945196723018,90.24074512139579,90.80264398496809,13530700
2023-02-09,90.3876953125,92.16848266542348,90.2407390858637,92.03881269091957,20469900
2023-02-10,89.37625885009766,90.2839418474988,89.14285823106471,90.24936275666296,16598300
2023-02-13,90.12836456298828,90.26667436991033,89.54053304416915,89.65291017449888,13134300
2023-02-14,89.92090606689453,90.62112143675962,89.1601855043353,90.07650874961008,15440300
2023-02-15,89.08236694335938,89.86037358245804,88.60691257920911,89.51459578520918,15246900
2023-02-16,87.82026672363281,88.36487937094275,87.59551243915514,88.2352093789504,19267300
2023-02-17,88.50316619873047,88.50316619873047,87.28428441937248,87.39666153241488,19560900
2023-02-21,86.78290557861328,87.48311418578254,86.6878147066164,87.318871712115,22728000
2023-02-22,87.57817840576172,87.90667644370478,87.26697320944022,87.30155229739668,15165400
2023-02-23,88.43402862548828,88.68471556392457,87.71652712502829,87.77703890245931,15829100
2023-02-24,87.28428649902344,88.00178790281302,86.92985571090271,87.69058263358593,21403600
2023-02-27,87.52632141113281,87.91532464595628,87.23240902842839,87.56090050238403,14209200
2023-02-28,87.92400360107422,87.93265002590819,86.68782866140688,86.93852221927393,14955700
2023-03-01,86.97943878173828,87.55138341611925,86.62413453293028,87.36940073192795,19000000
2023-03-02,86.20814514160156,86.355463460135,85.68818724541883,85.84417329196579,23763600
2023-03-03,88.29662322998047,88.3052909585066,87.15272769150013,87.46469980304383,30877300
2023-03-06,87.61204528808594,88.68661255452872,87.5167200793689,88.58262622614048,16631900
2023-03-07,88.14933013916016,88.71261364690746,87.42139279997585,87.92401541375293,23096500
2023-03-08,88.23599243164062,89.23256998259286,87.88935589936915,88.73861507285716,20252400
2023-03-09,88.45262908935547,88.84259101032359,87.81135587718126,88.00200627820251,21550400
2023-03-10,91.5030288696289,91.58969296371455,90.12515704602319,90.15115362963203,43921500
2023-03-13,91.71099853515625,94.54473804336277,91.02639330456803,93.76480761537994,51502500
2023-03-14,90.20311737060547,91.52033447711338,89.90848070376605,91.11303716933186,38417800
2023-03-15,91.9449691772461,93.34017613882044,91.29502829247073,92.53424917723737,45164100
2023-03-16,91.22569274902344,93.61747687456224,91.02638126196025,93.05419349489918,43089300
2023-03-17,92.59489440917969,93.35749581645366,92.25692573515217,92.42157951382077,38129000
2023-03-20,91.78032684326172,92.69024016321478,91.61567302803839,92.6209115450638,24242800
2023-03-21,90.9917221069336,91.35568740859162,90.59309249870711,91.06105072007048,18934900
2023-03-22,92.2049789428711,92.248304382722,90.50646699061429,90.69711743827808,26388500
2023-03-23,92.2049789428711,92.33496848550938,90.8357681019609,91.30372648853309,25475100
2023-03-24,92.59489440917969,93.09751686187582,92.08361083979324,92.8028736059183,23652700
2023-03-27,90.41976928710938,91.65032900705083,90.41110816928341,91.03505245285027,22224500
2023-03-28,90.58442687988281,90.71441637965826,90.14246522526254,90.33311561006111,17794300
2023-03-29,90.40242767333984,90.51508169303146,89.77848347788601,89.8651409246903,16804400
2023-03-30,90.81841278076172,91.03505975150634,90.3591156490888,90.52376946254779,14315800
2023-03-31,92.178955078125,92.34360227930284,91.0610559207241,91.29503173899832,25396700
2023-04-03,92.61248016357422,93.04687266586893,91.830572333783,91.98695389974124,18234800
2023-04-04,93.07292175292969,93.65501265969394,91.87400100543074,91.90006349128684,18052400
2023-04-05,94.04597473144531,94.15023131595116,93.31619852481467,93.62895502172536,23047700
2023-04-06,94.28922271728516,94.58461302555655,94.16759336338008,94.19365584945936,16447300
2023-04-10,92.76885223388672,93.62026436768899,92.57771849191256,93.51600779162048,19134400
2023-04-11,92.95997619628906,93.0381636488878,92.53427348832413,93.00341808882315,13971200
2023-04-12,92.86442565917969,93.10768439220568,91.98695097650446,93.00343443708218,20563000
2023-04-13,92.13465118408203,93.29881989343365,91.98695269772114,93.00343617731882,22079400
2023-04-14,91.29193115234375,91.70026117075138,91.02260328990046,91.56125238648339,19801900
2023-04-17,90.20594024658203,90.866212016421,90.10168366951659,90.71852017013883,19528800
2023-04-18,90.52737426757812,90.86619981215436,90.17986564730653,90.18854872300187,15922600
2023-04-19,90.44050598144531,90.56213533612822,89.90186359022182,90.27544135912007,16093900
2023-04-20,91.21372985839844,91.46567828878057,91.0052233267489,91.0747277133998,16450100
2023-04-21,90.7011489868164,91.62205890139951,90.58820270259565,91.48305675783182,15244700
2023-04-24,91.57861328125,91.64811103102771,91.08339955865648,91.18765612577653,17034300
2023-04-25,92.92523193359375,93.07292377552294,92.33445793757427,92.37789983381356,21899900
2023-04-26,91.93482208251953,93.16849510648454,91.80450301586338,92.77754453481916,19610400
2023-04-27,91.02259826660156,91.45699075101054,90.8835961183084,91.3961760683254,20247600
2023-04-28,92.4908447265625,92.75148286216506,91.96957508366052,92.27364848966141,26954100
2023-05-01,89.82391357421875,91.81845298854412,89.57132928384237,91.68780502524167,32487300
2023-05-02,92.06230926513672,92.06230926513672,90.48584228482076,90.58165033119657,30057800
2023-05-03,92.5761947631836,92.84619564862243,91.696505670423,92.3236105030828,23656200
2023-05-04,91.66168975830078,92.71557196031614,91.58330495622398,91.64427312840563,25110500
2023-05-05,91.35682678222656,91.36553841758146,90.67746541522091,90.88649814852324,15096500
2023-05-08,90.07649230957031,90.4684361753065,89.98939588775039,90.16358873139023,20587000
2023-05-09,89.75422668457031,90.26810017788311,89.71067515512361,90.14616386946888,19182500
2023-05-10,90.62519836425781,90.79067954659067,90.26809445153374,90.2942227095321,22886800
2023-05-11,91.5832748413086,91.90553222614548,91.2087542939069,91.71392278017527,19147200
2023-05-12,90.81681060791016,91.67037138404041,90.79939398371698,91.4961785619878,14198500
2023-05-15,89.87618255615234,90.1200552260641,89.8152143886744,90.05037542179448,20085300
2023-05-16,89.60617065429688,89.62359392703992,88.93552084438399,89.18810513890566,29251700
2023-05-17,89.3448715209961,89.85004005436062,89.14454377672023,89.78036026113155,21340900
2023-05-18,88.68293762207031,89.06616988667199,88.62196945679564,89.01390671284253,25536600
2023-05-19,88.05583953857422,88.7177844165854,87.90777493212092,88.1951991529059,29038000
2023-05-22,87.74225616455078,88.58710525519653,87.68128801600056,88.18645647257655,20131100
2023-05-23,87.99484252929688,88.18645861368697,87.34160950252881,87.47225743688843,21749500
2023-05-24,87.55937957763672,88.28229260119102,87.55937957763672,88.21261279638367,18473400
2023-05-25,87.34161376953125,87.7945257447672,87.12386941663752,87.70742268758546,22492800
2023-05-26,88.047119140625,88.11679894085762,87.09775678132368,87.20227648167261,17030300
2023-05-30,88.92678833007812,89.0487246305254,88.18645889306825,88.31710682784176,23125200
2023-05-31,89.70196533203125,89.86745317323471,88.72647484501435,88.8309878857487,23787000
2023-06-01,90.05391693115234,90.49929126911482,89.62599884734811,90.19364025403496,21040400
2023-06-02,89.06708526611328,90.0102426069203,89.02342464605431,89.94911240868421,19136500
2023-06-05,88.90116882324219,89.46007542520938,88.38592284358016,88.50818324634221,14433200
2023-06-06,89.4251480102539,89.48627821510793,88.54312077219517,88.93609970872917,14332100
2023-06-07,88.09773254394531,89.4513383926155,88.01040463883254,89.22428050916864,25251100
2023-06-08,89.1281967163086,89.1980616889372,88.02785337951526,88.08898356489267,23845100
2023-06-09,89.00594329833984,89.3115942491031,88.49943220125157,88.72649004868614,22147400
2023-06-12,89.26795959472656,89.33782459313011,88.30733918610329,89.28542251298097,19010300
2023-06-13,88.38591003417969,89.36399977721794,88.1763217544898,89.17187441138086,25910800
2023-06-14,89.0932846069336,89.32907727781176,88.60424301206336,88.75270111583582,29094200
2023-06-15,89.9491195678711,90.49929139578491,89.59980126613699,89.97531727452997,25732000
2023-06-16,89.59980773925781,89.80066794264107,89.10203128869999,89.46008440608534,16759100
2023-06-20,90.21981811523438,90.52547572577194,90.0451623343766,90.0451623343766,17162900
2023-06-21,90.4381332397461,90.51673299812128,89.37271574697166,89.78316412494448,19720100
2023-06-22,89.34651947021484,90.16741623922368,89.25045679883335,89.77443742916525,23630700
2023-06-23,90.23731231689453,90.7787493829276,89.93166128563509,90.67395855089167,22901900
2023-06-26,90.3333511352539,90.64773687361672,90.08883037490304,90.4905440044353,12894900
2023-06-27,90.09757232666016,90.77873931008229,89.73952591911173,90.46435352347329,18105700
2023-06-28,90.48181915283203,90.68267265830951,89.80065219914013,90.30716335131319,23826800
2023-06-29,88.8487548828125,89.37272891934263,88.59549932157313,89.22427083048584,41091600
2023-06-30,89.896728515625,90.00151934734414,88.9623058442037,89.12822688198992,32024900
2023-07-03,89.38709259033203,90.4203683999263,89.36957570433484,90.05258728206529,16011800
2023-07-05,88.53770446777344,89.31703888040843,88.21370888245653,89.22071604911785,28170300
2023-07-06,87.28548431396484,87.89844150155069,87.10159715768908,87.74082298463829,41375700
2023-07-07,86.76012420654297,87.21546304894987,86.68131157799601,86.84768859769028,28996500
2023-07-10,86.87393951416016,87.15414951707568,86.55870242578851,86.56746086733591,24665200
2023-07-11,87.3205337524414,87.53944804416706,86.94400090344395,87.18918384125922,20485500
2023-07-12,88.2925033569336,88.54644470715408,87.36430232629554,87.65327076076021,31928000
2023-07-13,89.220703125,89.29075729774262,88.46763746985101,88.71282039371653,32441500
2023-07-14,88.69530487060547,89.26448329871377,88.65151934508435,89.07183767559404,18569000
2023-07-17,88.73908233642578,88.87043223021476,88.37130797840312,88.64276620709585,18822000
2023-07-18,89.14190673828125,89.37833124569151,88.94050264025935,89.14190673828125,15407400
2023-07-19,90.14888763427734,90.1751629567214,89.08059168053671,89.31701613667013,27192500
2023-07-20,89.0543212890625,89.58847263587542,88.68654692327654,89.50966670637838,56951200
2023-07-21,89.08058166503906,89.623484681318,88.99301062820375,89.45711440894162,20657500
2023-07-24,88.7566146850586,89.44838467754164,88.70407739068129,89.30827631822312,17546700
2023-07-25,88.59022521972656,88.87919365963141,88.26623637565143,88.2925050191458,17160600
2023-07-26,88.67781829833984,89.04559946851903,88.38009800138128,89.03684102427452,19310700
2023-07-27,86.95274353027344,88.3800620476518,86.61123783175509,88.18741643705525,44794400
2023-07-28,87.39937591552734,87.44316146431407,86.82144541981584,87.04035980227593,27434000
2023-07-31,87.6095199584961,87.85470294595162,87.23298703326502,87.25925568467305,28663800
2023-08-01,86.1738510131836,86.85874503209148,85.96311593793823,86.78849777396061,34943400
2023-08-02,85.25186920166016,85.38358112818834,84.65478763980653,85.20796969224867,38121300
2023-08-03,83.28498840332031,83.69768262414823,83.01278868283659,83.58353586697845,59394800
2023-08-04,84.76018524169922,84.89189722015996,83.53088460798153,83.54844977798936,42071800
2023-08-07,83.92598724365234,84.47038671320016,83.85573998979235,84.3913635769678,35862900
2023-08-08,84.90064239501953,85.49773062834767,84.68112476069516,85.04991277856493,24010500
2023-08-09,85.33969116210938,85.42749688989831,85.03236106612667,85.06748469707176,20151100
2023-08-10,83.93476104736328,85.48894967957827,83.93476104736328,85.20796737024374,37253200
2023-08-11,83.74158477783203,84.18062002144185,83.59230770365359,83.6801201116925,26753500
2023-08-14,83.55718994140625,84.23330126216025,83.32888974125785,83.60108944583925,19072000
2023-08-15,83.04791259765625,83.59231204052298,83.0303474354787,83.24108918673019,24125000
2023-08-16,82.39815521240234,83.2323264367782,82.29279101081879,82.78450848260371,23076700
2023-08-17,82.04693603515625,82.19620646033947,81.67814121526749,82.09961813836246,32244900
2023-08-18,82.33666229248047,82.70545696899546,81.92397481255544,82.03812155817566,24181700
2023-08-21,81.23910522460938,81.4498470341758,80.98447059489294,81.36204129643065,29254100
2023-08-22,81.86251831054688,81.90641781747908,81.18640025215527,81.3444532152335,21308700
2023-08-23,83.890869140625,83.89965172272251,82.7405987543007,82.8020634306887,38294700
2023-08-24,83.33769226074219,83.89965696544778,83.32012709544955,83.53086218492722,22300800
2023-08-25,83.60990142822266,83.86454276040595,82.98647197321462,83.11818393112301,23865200
2023-08-28,83.69767761230469,83.99622505808571,83.32010703917187,83.98744247755347,16037300
2023-08-29,84.56698608398438,84.7426042416263,83.36403352508896,83.39037457394832,28478100
2023-08-30,84.47919464111328,84.64603024429994,84.18942965636242,84.4352951186397,17550100
2023-08-31,84.85676574707031,85.21677800835747,84.67237167390454,84.76896000258407,26959700
2023-09-01,83.53482818603516,84.38911270490932,83.33226989512765,84.37150156975147,32469700
2023-09-05,82.36346435546875,83.04161043892563,82.33704430117004,83.0328015144125,29435900
2023-09-06,82.56603240966797,82.88308651166037,82.31062734310515,82.86546866197139,23636300
2023-09-07,82.79502868652344,82.84786880429827,82.50439460027819,82.78621976048036,18091500
2023-09-08,83.1120834350586,83.57885573010334,82.93593850912725,83.12088564192375,17052100
2023-09-11,82.51319122314453,82.76859628637698,82.38989315389313,82.52199342863332,17061500
2023-09-12,82.98878479003906,82.9975869968452,82.4163255432742,82.68934177758467,20034300
2023-09-13,82.97116088867188,83.25298602848298,82.62768670950338,82.7157558058366,23332300
2023-09-14,82.37227630615234,82.97115552947386,82.25778716023828,82.73336831280896,27800600
2023-09-15,81.87028503417969,82.32825511189755,81.87028503417969,82.31063726008593,25642900
2023-09-18,82.33704376220703,82.37227274078828,81.7469734892626,81.77339354338838,17963400
2023-09-19,81.72935485839844,82.2841961018378,81.72935485839844,81.97595096659371,24941800
2023-09-20,81.98477172851562,82.43393286682036,81.94074053879416,82.16091664512608,29451200
2023-09-21,79.87989044189453,80.4699675264325,79.87108823530205,80.39950955824264,59958700
2023-09-22,80.52281188964844,80.68133896681535,79.85347459502795,79.97677268624199,29524500
2023-09-25,78.54119873046875,79.2986048598117,78.51477868025161,78.96393969166188,45587900
2023-09-26,78.26819610595703,78.92872435244374,78.12728018813763,78.76138837984338,38104100
2023-09-27,77.8630599975586,78.9287112520406,77.58122820869755,78.85825330482534,47111200
2023-09-28,78.10086822509766,78.14490613378902,76.7093536290449,77.16732369016576,60238000
2023-09-29,78.10968017578125,78.81423970743948,77.61648111245457,78.6204836524799,49010100
2023-10-02,76.80211639404297,77.68561019508314,76.60774667933049,77.5884253377269,44704300
2023-10-03,75.14997100830078,76.55472947848828,74.99977869893816,76.25433811924111,71362600
2023-10-04,76.21017456054688,76.25434520477566,75.42386564373548,75.77725775965597,56281600
2023-10-05,75.83026123046875,76.14831948217217,75.66239528081371,76.07763837278884,35758800
2023-10-06,74.91142272949219,75.70656831310258,74.26646943930787,74.39015800336713,62787900
2023-10-09,76.66957092285156,76.68724456894257,75.05277607209537,75.53870023178308,29424900
2023-10-10,76.56356048583984,77.01413737969534,75.55637155590281,75.8479260687656,54743900
2023-10-11,78.16268920898438,78.16268920898438,77.3940472585631,77.614920684952,58517700
2023-10-12,76.04228210449219,77.91529067297698,75.91859355889152,77.7916021273763,66986700
2023-10-13,77.40287780761719,77.59724748556465,77.01413845172227,77.39404098393189,44183800
2023-10-16,76.15715026855469,76.30734931251135,75.8921062167026,76.14832018519144,38309800
2023-10-17,75.31783294677734,75.65355810399927,74.65521271557402,74.99977469655802,52949100
2023-10-18,74.65521240234375,74.84958208116466,74.08094018960604,74.5491907392083,63724600
2023-10-19,73.12674713134766,74.71703797754856,73.10024340733095,74.1074253630849,87696900
2023-10-20,73.5419921875,73.80704291617381,73.12674919148704,73.32111882711183,52188800
2023-10-23,74.42549896240234,74.97326742088511,72.81754088033111,73.16210284502343,70890400
2023-10-24,75.40620422363281,75.40620422363281,74.29300000447144,74.60222826683889,46267700
2023-10-25,73.72755432128906,74.32833037008191,73.444836577182,74.23114551362112,60737200
2023-10-26,74.85842895507812,74.93794015771343,73.68338064119199,73.75406175943833,49704100
2023-10-27,74.54035186767578,75.07044663981168,73.98374662749046,74.38132276198294,32362300
2023-10-30,74.20462799072266,74.65521162872726,73.5420077691659,74.04559886792818,45026900
2023-10-31,73.84239196777344,74.89374470076102,73.8158882399574,74.54035267585272,37269200
2023-11-01,75.4434585571289,75.46119288765104,74.48600761889446,74.50374194941658,72308500
2023-11-02,77.16333770751953,77.40269710468968,76.43638558543498,76.84418733551493,69739400
2023-11-03,77.68636322021484,78.94523677587203,77.64204092576321,78.73246541331144,77692300
2023-11-06,76.93282318115234,77.30516295209489,76.77324802736766,77.1899168602313,41341900
2023-11-07,78.06758117675781,78.4576552996829,77.6509123206634,77.66864665188669,37834200
2023-11-08,79.39736938476562,79.45056561305483,78.41332370723264,78.43992520320994,53893400
2023-11-09,77.5711441040039,78.92752988443577,76.89738141567379,78.84774566848895,88975100
2023-11-10,78.00552368164062,78.39559780024936,77.81048662233626,78.21829507197205,36516400
2023-11-13,77.82821655273438,77.96119697325604,77.0392079582817,77.32289636568417,25661500
2023-11-14,79.59242248535156,79.92044003187762,79.15802598813244,79.78745957984452,65666800
2023-11-15,78.47540283203125,79.02505225747326,78.28923288881718,78.90980612986475,56205300
2023-11-16,79.45056915283203,79.75198515068324,79.12255165781835,79.16688072275679,49473900
2023-11-17,79.82290649414062,80.16865154629679,79.46829427653635,79.92929218852156,44091400
2023-11-20,80.31049346923828,80.37255686455511,79.4417006261207,79.45056779168962,40477800
2023-11-21,80.27503967285156,80.49667147011105,79.68992848152699,80.23071060793339,27721000
2023-11-22,80.55873107910156,80.9576656234413,80.12432787058431,80.7803628845494,31197500
2023-11-24,79.61013793945312,80.01793960228585,79.6012707744427,79.87609201677961,20199600
2023-11-27,80.9399185180664,80.97537364635402,79.97360056245347,80.05339151026136,39804400
2023-11-28,81.0995101928711,81.14383249410372,80.48780426833594,80.59418996589248,44989300
2023-11-29,82.11901092529297,82.1810675578578,81.36546416881546,81.65801976390641,61647800
2023-11-30,81.1704330444336,81.81760091453178,80.815827554498,81.5339124643836,60520900
2023-12-01,82.69918823242188,82.76144135718225,81.04502602012427,81.20510645309119,64172200
2023-12-04,82.37012481689453,82.55688415922336,81.89877205568685,82.25450704420486,33766300
2023-12-05,84.1399154663086,84.14881070879336,83.21500701526922,83.26836490001392,73588600
2023-12-06,85.26048278808594,85.42056323537514,84.37114847760866,84.557907868599,61606100
2023-12-07,84.7713623046875,85.44725840885239,84.54013344022096,84.64685602037866,47970200
2023-12-08,84.07766723632812,84.23774768496837,83.51738905862845,83.9709446755405,44809200
2023-12-11,83.8998031616211,83.98874202875726,83.17944447638216,83.60632796935374,33909700
2023-12-12,84.14879608154297,84.21993765380898,83.5084744355832,83.7308079634814,36996900
2023-12-13,86.12313079833984,86.24764384325623,84.50454263541407,84.63794413811699,70828500
2023-12-14,88.36345672607422,88.36345672607422,86.91809080048405,87.13222362371889,87798600
2023-12-15,88.46157836914062,88.64001553947085,87.95302494606359,88.05116743182774,59941300
2023-12-18,87.75675201416016,87.8816594119161,87.45340061465097,87.8816594119161,34746000
2023-12-19,88.22962188720703,88.55973820462687,88.02441978182034,88.20285698710816,30018400
2023-12-20,88.827392578125,88.94338288593777,87.9530407566139,88.4259054692393,51229400
2023-12-21,88.26531219482422,89.07721034175493,88.10471598454934,88.9879917375896,65231200
2023-12-22,87.86383056640625,88.66680486104447,87.6496977346887,88.66680486104447,29244200
2023-12-26,88.11363220214844,88.21177470025368,87.86381740949602,87.91734720593794,24019700
2023-12-27,89.67498016357422,89.69282115981544,88.77385669718652,89.02367148621856,45082800
2023-12-28,89.023681640625,89.7285201940436,88.82739662487005,89.30026135903793,36213000
2023-12-29,88.220703125,89.05937301399223,88.14933232289232,88.44375304807721,41616200
2024-01-02,87.71215057373047,88.01550201218826,87.43557084417999,87.64077977080822,47797400
2024-01-03,88.07794952392578,88.19393302659206,86.67719636181677,86.88239846706811,58159500
2024-01-04,86.73965454101562,87.11437677537842,86.60582322675937,86.91809175539503,52604500
2024-01-05,85.90990447998047,87.15006143975334,85.83852687484199,86.09726558826165,45894800
2024-01-08,86.75747680664062,86.88238419112437,85.73144602814537,85.85636021957104,39485800
2024-01-09,86.20431518554688,86.69502080956104,86.1775434836333,86.22215617988084,34374000
2024-01-10,85.80284881591797,86.58798895686488,85.75824291232848,86.47199863225558,48227800
2024-01-11,86.28462219238281,86.39168859450153,85.39242259555502,85.80283359326268,78858900
2024-01-12,86.1151123046875,86.78426208167473,85.89206237902509,86.34708613332059,38883900
2024-01-16,84.59835815429688,85.46379277719561,84.32177848151395,85.31212049256898,61716700
2024-01-17,84.46453094482422,84.75895843410362,84.00951406896603,84.40207724772942,55506800
2024-01-18,83.67938232421875,84.3842206652103,83.42956758198198,84.27715428699116,77339100
2024-01-19,83.94703674316406,84.01841432752437,83.20651642798451,83.60800342786428,47030900
2024-01-22,84.44668579101562,84.83033185626468,84.21471201025193,84.59835807550098,35756400
2024-01-23,83.77752685546875,83.8578215358948,83.35819203917796,83.76860295532984,35786700
2024-01-24,83.2868423461914,84.34856218924487,83.06379241660495,84.32179728680548,54574900
2024-01-25,83.83106994628906,84.06304373812493,83.48311266200646,83.86675874556707,57019400
2024-01-26,83.67047882080078,83.92921752603097,83.4117401155706,83.80431012446368,29276900
2024-01-29,84.63406372070312,84.91064344828561,83.9738378515013,84.14335116504695,38243600
2024-01-30,85.4013671875,85.50842680861312,84.52700837572466,85.18724113832937,40151400
2024-01-31,86.24000549316406,86.46305536442888,85.65115056569283,85.84743554151657,80646700
2024-02-01,87.93170928955078,88.31658981328174,86.99188951916928,87.19775187555744,84291200
2024-02-02,85.98939514160156,86.4816864905859,85.64927091884026,86.16840645277198,63823300
2024-02-05,84.25294494628906,84.89739650242633,84.15448669027683,84.70047999040185,53827400
2024-02-06,85.07642364501953,85.16592929757115,84.32456114013003,84.35141215301117,33411500
2024-02-07,84.66471099853516,85.23756237185317,84.60205633988491,84.64681259414036,40120200
2024-02-08,84.17241668701172,84.40513689051281,83.8322924117754,84.15451145582595,50087700
2024-02-09,84.0023422241211,84.14555674303587,83.83228351896494,83.92178917886461,27951300
2024-02-12,84.10079956054688,84.26191247810678,83.68906806652579,84.04709753097492,27890300
2024-02-13,82.65973663330078,83.29523569450369,82.64183823290305,83.11622437515001,49768500
2024-02-14,83.08040618896484,83.28627531611087,82.55231810920709,82.61497274288755,44191600
2024-02-15,83.51004791259766,83.88597573751282,83.24152413546206,83.74276123534895,49598500
2024-02-16,83.02671813964844,83.1072711841457,82.65078344546241,82.77609956275379,33116800
2024-02-20,83.09833526611328,83.41161537902144,82.99093118520344,83.05358584201599,24469300
2024-02-21,82.507568359375,83.15201997294982,82.35540806973746,83.08936533434355,36343100
2024-02-22,82.91035461425781,83.02671811695858,82.58812877866873,82.64183763716295,45190700
2024-02-23,84.0202407836914,84.13659744943993,83.0177597173995,83.0177597173995,38406700
2024-02-26,83.76960754394531,84.16344057394038,83.4115849663239,84.13658956350307,27855000
2024-02-27,83.17887115478516,83.66220986595067,83.1072639022769,83.45634072220031,30242000
2024-02-28,83.70696258544922,83.77856984078758,83.15202342868629,83.31313633877572,34574200
2024-02-29,84.2977294921875,84.4051403972301,83.93969997089062,83.97550360590482,51038600
2024-03-01,84.82296752929688,84.85888365415212,83.51205979843208,83.8981495777505,45832800
2024-03-04,84.4817886352539,84.54464700700183,84.11366025258589,84.1316148942981,23864200
2024-03-05,85.68495178222656,85.90942247149675,85.27192653600564,85.50537797093114,37721900
2024-03-06,86.18775939941406,86.34937856119724,85.66699263393622,85.7388180444943,40571600
2024-03-07,86.10693359375,86.55587484621971,85.72982458574742,86.51995872398615,39075000
2024-03-08,85.95430755615234,86.24162972498421,85.72983689768056,86.01715906651242,25023200
2024-03-11,85.90941619873047,86.20571913100467,85.63107475645542,86.16082225630811,17787900
2024-03-12,85.19108581542969,85.48738867295971,85.02049280527872,85.33475029797742,29566000
2024-03-13,84.77806091308594,85.06538302859197,84.58950641700069,84.84989315453734,38270100
2024-03-14,83.47615051269531,84.17649787900045,83.37738287382655,84.15854324025202,58365600
2024-03-15,83.44922637939453,83.67369707066658,83.31454259457092,83.55696792701193,34997700
2024-03-18,83.19780731201172,83.49410337200237,83.05414280388224,83.26065882174316,29519500
2024-03-19,83.43126678466797,83.74552438953287,83.2247575801719,83.368415263695,26953100
2024-03-20,83.40431213378906,84.21240782415954,82.86558395697556,83.59286665315877,43460100
2024-03-21,83.5838851928711,83.88916882897234,83.26065376979385,83.7455043295599,34276600
2024-03-22,84.38301849365234,84.58952767685251,84.2034378448899,84.57157303712692,30262300
2024-03-25,83.96100616455078,84.1764960764222,83.77245163537569,84.1405799493935,24011800
2024-03-26,84.19442749023438,84.28422120818743,83.75446704351974,83.96098300439333,34423000
2024-03-27,85.02947998046875,85.02947998046875,84.34709413266782,84.39198415275173,50157800
2024-03-28,84.95765686035156,85.31680443187265,84.68828933140992,84.84092773433646,34540400
2024-04-01,83.37396240234375,84.0496022698734,83.29288204429884,84.04059181387638,48945400
2024-04-02,82.91452026367188,83.05865318593051,82.28391896901965,82.49111820641086,43086300
2024-04-03,82.89652252197266,82.92355389585478,82.022700542822,82.211878922203,45494400
2024-04-04,83.4910659790039,83.5631358768571,82.91452054210585,83.44602057460472,47957400
2024-04-05,82.32897186279297,83.04064670227653,82.31996140653095,82.59923056693866,42495900
2024-04-08,82.31997680664062,82.50915518574764,82.09476346870862,82.18485430225394,37879800
2024-04-09,83.0856704711914,83.20277888023966,82.73433149812153,82.76136285986735,32522000
2024-04-10,81.27495574951172,82.2478786029889,81.12181239469477,82.15778780795522,74368900
2024-04-11,80.90560150146484,81.47314326049396,80.63534973936952,81.41908740970482,65751200
2024-04-12,81.33802032470703,81.93257974633568,81.32900987004145,81.65331750837095,47900100
2024-04-15,80.07684326171875,80.41016143190545,79.74352509153204,80.3741264778611,55993100
2024-04-16,79.54534149169922,79.79757929177464,79.0859044284392,79.32012818835122,45103200
2024-04-17,80.42816925048828,80.51825319214787,79.68946993213699,80.05882302779473,57947000
2024-04-18,80.02279663085938,80.41916739112585,79.80658690020684,80.39214289303551,43839500
2024-04-19,80.3110580444336,80.52726087155457,80.09485521731261,80.52726087155457,44826800
2024-04-22,80.17593383789062,80.28403869486058,79.86063659626708,79.88766109226847,24969000
2024-04-23,80.20296478271484,80.6624018705733,79.77055906599567,79.93271292800661,27222700
2024-04-24,79.63542175292969,79.84261413356084,78.82465252380625,79.77955468646037,48986800
2024-04-25,79.07688903808594,79.18499389121531,78.6805114495757,78.78861630270508,49282600
2024-04-26,79.49127960205078,79.82459774001681,79.32012217809118,79.50029005793203,31589800
2024-04-29,80.15791320800781,80.19394128440467,79.70748665044485,79.86964048608607,39228600
2024-04-30,79.4732666015625,79.93270363601245,79.36516174846717,79.65343448375722,41054700
2024-05-01,80.05904388427734,80.64665118011942,79.76976124745322,80.09520507601061,59679500
2024-05-02,80.40258026123047,80.4658606291962,79.57992858063304,79.74265051212248,58925400
2024-05-03,81.21620178222656,81.46933020960392,80.70091669632183,81.29756621528753,50066100
2024-05-06,81.53260040283203,81.58683875339808,81.06251170778108,81.2433177047405,23868200
2024-05-07,82.02977752685547,82.4817820422733,81.91225883578178,82.17442228236912,30525800
2024-05-08,81.53260040283203,81.77667987742281,81.50548122754901,81.64107710396414,31171700
2024-05-09,81.93035888671875,82.05691963465462,81.19811357408359,81.24331679707933,39606700
2024-05-10,81.46932983398438,81.70436731275592,81.32468501900706,81.6139677519173,21913800
2024-05-13,81.67723083496094,81.91227516099445,81.64106963887556,81.85803681538785,23157500
2024-05-14,82.13829803466797,82.19253639385816,81.74053167515409,81.94845688045761,25746400
2024-05-15,83.2592544555664,83.40389925293988,82.83436898458625,83.05133618064647,65142900
2024-05-16,83.17789459228516,83.54853480531241,83.11461421947351,83.5214156308279,37902400
2024-05-17,82.6174087524414,82.98805587322829,82.57220552896472,82.84341107573773,24755000
2024-05-20,82.37332916259766,82.55412826216404,82.27388758872307,82.33716796327566,17922800
2024-05-21,82.7981948852539,82.96091680842515,82.65355700745862,82.92476251175819,15334400
2024-05-22,82.89763641357422,82.96995880096684,82.49987707699984,82.50891220264205,38073700
2024-05-23,82.36428833007812,82.98805695758031,82.10212480398364,82.98805695758031,51294700
2024-05-24,82.60838317871094,82.68974761776293,82.17446249391679,82.23774288115948,19164400
2024-05-28,81.42411041259766,82.59028313752425,81.38794921604455,82.56316396437018,45973700
2024-05-29,80.4387435913086,80.81842580917827,80.16753806594853,80.76418056588045,45508400
2024-05-30,81.21620178222656,81.33372741919858,80.8546035372049,80.99924145580468,29548600
2024-05-31,81.76763916015625,81.95748718425877,81.58684005735077,81.79476523291638,41308800
2024-06-03,83.09017944335938,83.15367602961278,82.19215431760139,82.21936615162302,42272100
2024-06-04,84.060791015625,84.17871821429819,83.44396394458381,83.63445374173635,42581500
2024-06-05,84.6776123046875,84.6776123046875,83.80679889690404,84.36012933111172,43153900
2024-06-06,84.55061340332031,84.75017609340328,84.23313045119255,84.2875541228118,22891900
2024-06-07,82.99946594238281,83.29880993951448,82.90875752766037,83.29880993951448,35240500
2024-06-10,82.4461441040039,82.60034911696904,82.22844250213494,82.5459254466541,20586500
2024-06-11,83.29881286621094,83.33509761749647,82.47335034583472,82.57313168171775,30329200
2024-06-12,83.92472076416016,84.8771766236243,83.8975089259943,84.37826985521738,42554600
2024-06-13,85.15837860107422,85.25815995915609,84.31477697767951,84.55969737319326,33093800
2024-06-14,85.87496948242188,86.02917448773088,85.48491704977575,85.64819497322317,28776700
2024-06-17,85.02230072021484,85.09486330237462,84.61410245759873,84.83180404529544,31040200
2024-06-18,85.80241394042969,85.81148686004445,85.02231586880748,85.1674479795942,26881000
2024-06-20,85.23092651367188,85.26721126383163,84.66852326710841,84.73202677034432,30246300
2024-06-21,85.23092651367188,85.70262134514019,84.89529776515052,85.48491284418168,22596400
2024-06-24,85.57561492919922,85.57561492919922,85.03135755827888,85.31256262106395,56939100
2024-06-25,85.72076416015625,85.7661218300718,85.30349989524653,85.33071172895235,22890200
2024-06-26,84.49618530273438,84.78645640383762,84.45990055002035,84.61410555859824,38489100
2024-06-27,84.83182525634766,85.00417613836461,84.741116815511,84.83182525634766,23140800
2024-06-28,83.25346374511719,85.0585870531115,83.25346374511719,85.02230921870976,55119600
2024-07-01,81.81661224365234,82.88129117386491,81.73471012607003,82.28069878700295,49735400
2024-07-02,82.4535903930664,82.63558428269387,81.97130033719395,82.51728894869821,34204700
2024-07-03,83.5364761352539,83.61837130608764,82.8903818331067,82.96318216892922,35563300
2024-07-05,84.22806549072266,84.3827679528452,83.6274800268787,83.9641694584227,34895500
2024-07-08,84.4100570678711,84.49195223650305,83.91866522821348,84.20985962105259,16095700
2024-07-09,84.03697204589844,84.3372682571562,83.60018386827161,84.1461725616166,30289800
2024-07-10,84.30083465576172,84.3372348132333,83.955043573712,84.12793564342678,23572500
2024-07-11,85.1198501586914,85.66583882357021,85.05615159683259,85.24724728240905,49761800
2024-07-12,85.48384094238281,85.48384094238281,84.9378453602624,85.11074442410869,27796500
2024-07-15,84.50105285644531,84.90144774459795,84.42825252357723,84.62844996765354,37918900
2024-07-16,85.69313049316406,85.7295306603169,84.98334459023901,85.11074170396289,36383700
2024-07-17,85.71134185791016,85.90243754590827,85.25635014097486,85.46564244289642,29036800
2024-07-18,85.05613708496094,85.66582420767666,84.97423498076047,85.24723273793357,34553100
2024-07-19,84.55563354492188,84.77403450196721,84.46463661746326,84.66483402344454,32164700
2024-07-22,84.30995178222656,85.10163278786975,83.99145902463324,84.99243923819284,36160400
2024-07-23,84.19165802001953,84.65575148090286,84.16435962984207,84.4555540294386,23498000
2024-07-24,83.28167724609375,84.4919568275343,83.23618224192236,84.25535920092717,50757100
2024-07-25,83.96415710449219,84.50105086848613,83.68206449954214,83.74576305364769,44999100
2024-07-26,84.61933135986328,84.76493199663994,84.36453718812461,84.58293120066912,34423800
2024-07-29,85.0743408203125,85.2563416545438,84.82864837237767,85.2381380998097,25801300
2024-07-30,85.40193939208984,85.58394023487283,84.90145269533676,85.31094244200949,28169800
2024-07-31,86.27552795410156,86.3028263465545,85.75683766962767,86.0207337010439,47445300
2024-08-01,87.01964569091797,87.56746144873728,86.84617720232411,86.86443447689363,77254200
2024-08-02,89.73128509521484,89.81346022493072,88.4621923696969,88.56262476948018,91912900
2024-08-05,90.2060546875,91.24689319063721,89.3843382466641,91.01863901072528,90686300
2024-08-06,88.18829345703125,89.84999079720588,88.18829345703125,89.61260446778583,61316900
2024-08-07,87.56745147705078,88.06047445771874,87.19311121621979,87.60396602203173,51337100
2024-08-08,87.02875518798828,87.10179819881225,86.59050408880941,86.84615462669328,37815800
2024-08-09,87.8869857788086,88.14262932948421,87.73176765238611,88.11523994416386,32141800
2024-08-12,88.20654296875,88.3982756377378,87.54003772018471,87.676991616823,24261400
2024-08-13,88.81829071044922,88.89133374064193,88.54438979587667,88.83655495088077,30366900
2024-08-14,89.37522888183594,89.62174735972675,89.02828494772154,89.06480646169672,31334100
2024-08-15,88.65393829345703,88.65393829345703,87.84135382166494,88.02396137843992,38723700
2024-08-16,88.96436309814453,89.05566338897036,88.57176557840437,88.96436309814453,28541000
2024-08-19,89.37522888183594,89.62174735972675,88.93698464566687,88.94610979983575,25322100
2024-08-20,90.08737182617188,90.26084725846628,89.58521673306753,89.7678173186026,25239300
2024-08-21,90.14214324951172,90.5712552539034,89.66737065734367,90.08735750994481,29230000
2024-08-22,89.24738311767578,89.74954509287906,88.95521805003878,89.6856342020136,33453800
2024-08-23,89.83171081542969,90.08735437195477,89.4391133634049,89.64911026527305,32005100
2024-08-26,89.60347747802734,90.11476470995389,89.54869869339696,90.10563955635955,23198700
2024-08-27,89.44825744628906,89.54868985203957,88.93697026484314,89.01000631521725,21507700
2024-08-28,89.33868408203125,89.6582385388151,89.22912653442806,89.48477009985514,18501400
2024-08-29,89.04651641845703,89.14694881134444,88.6813083502996,88.90043737065277,24988200
2024-08-30,88.09698486328125,89.46650999770495,88.07872759309221,89.18347703230219,42896200
2024-09-03,89.53782653808594,89.82178058032223,89.23554882242122,89.36378658268497,48947900
2024-09-04,90.6919937133789,90.71031040248242,89.59280367941332,89.65692257392867,40885200
2024-09-05,91.20494079589844,91.30570005255582,90.4813093110113,90.99426044422343,47450900
2024-09-06,91.19576263427734,92.31326910740971,90.85685154839653,91.1866077859908,57406400
2024-09-09,91.58964538574219,91.6904046327625,90.82938059699956,91.04921577757366,26961400
2024-09-10,92.23084259033203,92.43236108734627,91.43393043989428,91.47973263955551,31703400
2024-09-11,92.15757751464844,92.73464759082044,91.91941861515264,92.04765640985752,39497100
2024-09-12,91.72706604003906,92.10262459027061,91.31487410833536,91.9285845803159,41618700
2024-09-13,91.97434997558594,92.15754476336402,91.61710825908226,92.02014517831387,25722100
2024-09-16,92.81708526611328,92.85372563244245,91.97437780584859,92.17588933800599,30866300
2024-09-17,92.36824035644531,93.10103366122739,92.27664294045627,92.94531735520253,31699400
2024-09-18,91.22325134277344,92.26748420405245,91.17745613092545,91.81864500427393,48897000
2024-09-19,90.92097473144531,90.9667699403467,90.4721355605465,90.60953516411891,39979800
2024-09-20,90.57290649414062,90.91182462823868,90.4263520229327,90.6736657505364,37067600
2024-09-23,90.38055419921875,90.76526756677085,89.7851604703298,90.22483788212891,35703900
2024-09-24,90.36222839355469,90.58206358305763,89.62943511063196,89.76683472473431,31005400
2024-09-25,89.61112976074219,90.05996203438934,89.57448939311693,90.00500497716924,36738200
2024-09-26,89.82179260253906,89.99583258123445,89.23556076617373,89.83095444047954,33332300
2024-09-27,90.28894805908203,90.46298803692864,89.9591917791804,90.26146953382934,28317600
2024-09-30,89.85843658447266,90.41718991795233,89.6569180722754,90.35307102665638,34175500
2024-10-01,90.50719451904297,91.27911455267932,90.41530111316226,90.79207319159586,45254200
2024-10-02,89.74447631835938,89.80880240599889,89.1931018402861,89.46878907932275,35810800
2024-10-03,88.89906311035156,89.6066572795094,88.89906311035156,89.45043072865685,39677800
2024-10-04,87.80551147460938,88.18227662589447,87.6676678295952,87.70442660233358,56954100
2024-10-07,87.14387512207031,87.54820763511421,87.07954901697109,87.28171877900284,42606600
2024-10-08,87.29088592529297,87.32764469392893,86.69356820424053,86.73951841779005,33709600
2024-10-09,86.79464721679688,87.21736952211722,86.59248451944867,86.99681692516283,35807700
2024-10-10,86.45465087890625,86.46383531324288,85.83895724945998,86.27085702689489,53667400
2024-10-11,86.10543823242188,86.44545156944731,85.848133874032,85.90327553012835,27406400
2024-10-14,86.16976165771484,86.1789531019497,85.44379881656876,85.49893345994245,28795300
2024-10-15,87.21737670898438,87.30007868139373,86.72114384147321,86.80384581388256,46429100
2024-10-16,87.58495330810547,87.86983202608604,87.42873379209524,87.65847084894035,32281500
2024-10-17,86.19735717773438,86.78548355500772,86.07788940636921,86.64763990167377,43427200
2024-10-18,86.26166534423828,86.63843043992058,86.2524738996554,86.42707629164022,25258600
2024-10-21,84.75459289550781,85.54488187242487,84.75459289550781,85.4805557808961,49504700
2024-10-22,84.83731079101562,85.24165030567964,84.6259495871632,85.14056542701364,32096900
2024-10-23,84.60755920410156,84.8832464643073,84.23079409357318,84.39619803647471,33354200
2024-10-24,85.14974975585938,85.46218880124151,84.50648176257204,84.75460172074621,32507400
2024-10-25,84.67186737060547,85.49892196510683,84.56159108766636,85.45297176112801,28667100
2024-10-28,84.4421615600586,84.80974229459869,84.01025472280043,84.79135940181104,33156500
2024-10-29,84.57079315185547,84.59836047329821,83.60590184627114,83.78049721908107,46545200
2024-10-30,84.81892395019531,85.72868072962724,84.69027175960973,85.31514982187196,41951100
2024-10-31,84.95674896240234,85.40703857892059,84.42376439326627,84.72701193761378,52173800
2024-11-01,83.75901794433594,85.3080622131655,83.72214213515612,85.06833428008085,80402000
2024-11-04,85.05909729003906,85.35415295589095,84.48742385977769,85.08675765954362,49747600
2024-11-05,85.51091766357422,85.65844904476536,84.45978119397941,84.8562629875763,46986000
2024-11-06,83.16889953613281,83.64836943145309,82.56957271900633,82.65255383472565,98895700
2024-11-07,84.2108383178711,84.47823369419751,83.5838439610639,83.67604756521824,56221400
2024-11-08,85.2803955078125,85.38182156223516,84.68106165022844,84.82859301472782,56756200
2024-11-11,84.86548614501953,85.10522112405536,84.47822681828099,85.05911580838881,22369200
2024-11-12,83.59306335449219,84.69029816249812,83.45475443601035,84.24771806497682,57908400
2024-11-13,82.80010223388672,84.40446744670106,82.72633653717055,84.38602250518001,49009100
2024-11-14,83.2795639038086,83.93421862398985,83.23345858540381,83.50085395584695,53328300
2024-11-15,83.05827331542969,83.58384158230443,82.53270504855494,82.91074192523418,73722400
2024-11-18,83.20580291748047,83.52851906052717,82.44972208176348,82.67101918101064,36010600
2024-11-19,83.62993621826172,83.97109726719643,83.55617756106477,83.7405847560825,29585100
2024-11-20,83.36253356933594,83.74979283312952,83.0859157896649,83.12279862926653,27755400
2024-11-21,83.29798126220703,83.76822866213517,82.9844876853764,83.3994073099304,28365700
2024-11-22,83.34407806396484,83.6299112412802,83.12278808909753,83.45472656873923,21547500
2024-11-25,85.50170135498047,85.54779963511928,84.8193792759656,85.01300893578872,56858000
2024-11-26,85.16976165771484,85.23430487680133,84.65340887033972,84.97613200045541,31122200
2024-11-27,85.75988006591797,86.10103409393852,85.44637938011428,85.78754044281868,39442200
2024-11-29,86.64503479003906,86.66347269374945,86.15634944286106,86.46984304871758,31905700
2024-12-02,86.85321807861328,87.11228694330342,86.04824805552853,86.29806244388055,39406000
2024-12-03,86.10377502441406,87.00126878190359,86.03900779753845,86.9087451805239,32768900
2024-12-04,87.02902221679688,87.14930924771598,85.62264516967355,85.6874123943615,35851100
2024-12-05,87.20481872558594,87.33435317010567,86.65892457498104,86.71443732003299,23695800
2024-12-06,87.33434295654297,87.7599570900614,86.99199793086431,87.63967713681608,31761500
2024-12-09,86.52938079833984,87.01051477314385,86.48312253171098,86.96424944741737,30509600
2024-12-10,86.12227630615234,86.32583244650863,85.96498549191254,86.06675650299302,28706500
2024-12-11,85.30802917480469,86.31655513271782,85.22476008074268,86.11299904621633,38748400
2024-12-12,84.27177429199219,84.89169011691871,84.197752595527,84.78991204905346,45368400
2024-12-13,83.41130065917969,84.0589729267567,83.34653343242198,84.01271465570022,39486000
2024-12-16,83.66110229492188,83.84615652814419,83.31876431688067,83.78138931129068,23482300
2024-12-17,83.86466979980469,84.18850592800698,83.69812449685807,83.75363724480755,23839900
2024-12-18,82.81597900390625,83.939882712504,82.79739810058561,83.56834259801211,61328400
2024-12-19,81.56205749511719,82.10079048688375,81.28340763100873,81.80355971324369,99083300
2024-12-20,82.02644348144531,82.58375712768215,82.00786966695486,82.23079087352717,45542400
2024-12-23,81.27411651611328,81.95217797769699,81.21838796105236,81.88715896794572,32764600
2024-12-24,81.61779022216797,81.63636404449558,80.79111694105202,80.84684549457523,22377600
2024-12-26,81.57132720947266,81.7013651969678,80.99543963160929,81.00473008401289,19981800
2024-12-27,80.90257263183594,81.53418887802336,80.86541790129077,81.25553902874495,27262300
2024-12-30,81.55274200439453,81.77566322518383,81.43198739962453,81.58060627117597,48519600
2024-12-31,81.11620330810547,81.99860504840052,81.05118430709993,81.85927659294877,31917300
2025-01-02,81.3391342163086,81.85000291794401,81.0047487182455,81.55277215150353,27841300
2025-01-03,81.07904052734375,81.62705675473629,80.97686680926397,81.47844494714501,21962200
2025-01-06,80.71680450439453,81.02332571055815,80.50316657952712,80.85613296960892,30231500
2025-01-07,79.8065414428711,80.59606006364594,79.68579387055433,80.43815775679917,41757200
2025-01-08,79.90870666503906,80.06660895503786,79.26779996422714,79.38855461020056,44590800
2025-01-10,79.37925720214844,79.74150693525438,79.10060737712675,79.21206447251957,47115800
2025-01-13,79.35140228271484,79.56504021830204,78.98915250690474,79.4442855686717,33258900
2025-01-14,79.22137451171875,79.28639352895229,78.84983423329506,79.16564595024468,33412900
2025-01-15,80.58676147460938,80.79110893265909,80.25237601353525,80.53102584007057,54120700
2025-01-16,80.84683990478516,81.18122537588555,80.14091423395766,80.47529970505805,34651100
2025-01-17,80.98616790771484,81.25553437383086,80.84683944778727,81.20908919167505,29875600
2025-01-21,81.7106704711914,81.89643703372745,81.39485881103201,81.63636101156095,30548600
2025-01-22,81.28339385986328,81.71995303486543,81.10691068191618,81.61777930937389,25278400
2025-01-23,80.65178680419922,80.80039863937046,80.37312986926032,80.4753036063019,31949000
2025-01-24,81.01402282714844,81.06975137006818,80.43813523300142,80.54959940537991,21110400
2025-01-27,81.97073364257812,82.13792635726533,81.5991934892133,81.88714082850402,42864200
2025-01-28,81.91502380371094,81.92430717192397,81.42273599987641,81.58992166619852,25519100
2025-01-29,81.74781799316406,82.31441517144331,81.39485163431107,82.13793199201682,25342800
2025-01-30,82.0543441772461,82.39802013347371,81.89644188109038,82.11937027317666,25094900
2025-01-31,81.5156021118164,82.35156569998598,81.20908094839771,82.09148262746946,48790100
2025-02-03,82.17930603027344,83.05553241541799,81.8437275468315,82.57081189034801,70657200
2025-02-04,82.43098449707031,82.44962458492411,81.54543453164491,81.6106855068676,33414000
2025-02-05,83.79195404052734,84.06228159142925,83.32587352762562,83.38180091339007,48331200
2025-02-06,83.75467681884766,84.03432800495068,83.4750327445697,83.76400042153777,22509900
2025-02-07,83.21399688720703,83.3817861265691,82.90638920822906,83.18603319928386,31171200
2025-02-10,82.96232604980469,83.45637022434431,82.82250048241218,83.2046898924968,22736100
2025-02-11,82.43098449707031,82.66402471026888,82.38437360970143,82.52419915998516,21513000
2025-02-12,81.31240844726562,81.6573034711617,80.9675063115454,81.36833583236788,48536200
2025-02-13,82.66403198242188,82.85978492531078,82.09541324324879,82.1140533327424,42718100
2025-02-14,83.10214233398438,83.59618645333508,83.07417864599441,83.31653534978943,27460700
2025-02-18,82.12336730957031,82.81316432917518,82.0674399358199,82.53352034860046,29429200
2025-02-19,82.22590637207031,82.44962298107869,81.92761518945154,81.98354256374795,20584300
2025-02-20,82.53351593017578,82.7385924387121,82.44961776221895,82.44961776221895,27913400
2025-02-21,83.53095245361328,83.82924370583368,82.79454436898257,82.84115526632068,46912300
2025-02-24,83.77332305908203,83.95042883720345,83.20470420256194,83.26995519699089,26218000
2025-02-25,85.21814727783203,85.2927218562379,84.64021207474461,84.79867771998966,50125100
2025-02-26,85.72154235839844,85.81475705522844,85.0130978612045,85.21817446132582,32220200
2025-02-27,85.11561584472656,85.5630562392652,84.95715018675772,85.11561584472656,53373600
2025-02-28,86.15962219238281,86.2062330766595,85.26474868648533,85.61896722679191,49388600
2025-03-03,86.56172943115234,86.692642138587,85.43961847193889,85.477023121807,42904200
2025-03-04,85.49573516845703,86.76746492481114,85.34611654572898,86.44018310535427,56722000
2025-03-05,84.81309509277344,85.84170507512371,84.7289399856032,85.61727718758885,50215900
2025-03-06,84.53257751464844,84.90661688878116,83.90606566514556,84.60738681631652,42827500
2025-03-07,84.26139068603516,85.24324305276936,84.14917674480049,85.22453716212677,36903600
2025-03-10,85.14038848876953,85.68273807685806,85.00947578120946,85.16844019264562,41440800
2025-03-11,84.53257751464844,85.55182749659723,84.28945085133103,85.06558130417007,40555700
2025-03-12,84.02761840820312,84.51386455999868,83.95280911278624,84.15853110807912,32734600
2025-03-13,84.76634979248047,84.82245320067513,83.57877533483818,83.76579858583295,38675400
2025-03-14,84.31749725341797,84.54192514430858,84.02762014544331,84.16788579369813,24658000
2025-03-17,84.73828887939453,85.26193965685671,84.51386100259064,84.90660621989406,26700300
2025-03-18,84.82245635986328,85.11233349194214,84.27075380084767,84.28945255953981,23654700
2025-03-19,85.2619400024414,85.299344648727,84.51386134514321,84.79439262518174,31378700
2025-03-20,85.31805419921875,86.25314907204643,85.2432520313904,86.21574442102839,35645800
2025-03-21,84.81309509277344,85.50507037802855,84.7382929311356,85.40220937979352,29192100
2025-03-24,83.94346618652344,84.40166782498596,83.87800982877278,84.34555727962258,27985600
2025-03-25,83.93412780761719,84.23335791729355,83.70035406148851,83.75645747761266,22333800
2025-03-26,83.38240051269531,83.78449155680207,83.3075912174645,83.5881225074765,25095600
2025-03-27,83.1392593383789,83.25146611777691,82.87742687330474,83.0831488144747,23674500
2025-03-28,84.2894515991211,84.47646772074276,83.98086857765837,84.04632493364673,39869400
2025-03-31,85.12167358398438,85.41155067228826,84.4951618163955,85.308696813702,38824300
2025-04-01,85.85930633544922,86.2534631541653,85.59653989620413,85.63407898178893,39800100
2025-04-02,85.80300903320312,86.68515972446423,85.08040126004289,86.68515972446423,43488400
2025-04-03,86.1971435546875,87.02298904704193,86.18775699413405,86.8259070746589,57467400
2025-04-04,87.13560485839844,88.29928784879499,87.10745233473658,87.8863722353404,92794200
2025-04-07,84.50792694091797,86.516221287894,84.2733130484222,86.22529519250273,124987600
2025-04-08,82.91254425048828,84.6486855407887,82.7905476097117,83.7853081756449,73861900
2025-04-09,83.40055084228516,83.43808992505855,80.60395003437442,81.89901617074095,131353500
2025-04-10,81.1013412475586,82.75302531225638,81.0356496338413,82.34010250611972,78592000
2025-04-11,81.54241180419922,81.92718206190203,79.76873117785595,80.58519018039829,94814100
2025-04-14,82.12425231933594,82.3119405771304,81.4767156582033,82.02102162959456,37596400
2025-04-15,82.41516876220703,82.76239990440705,81.68317455526723,81.78640524187134,22553900
2025-04-16,82.87503051757812,83.05333941311976,82.08673107174076,82.39642320825529,35607300
2025-04-17,82.14301300048828,82.7717764995116,81.86148063189532,82.62162733489822,31758400
2025-04-21,80.70716857910156,81.7113156227035,80.6884026204623,81.27024041628871,39343200
2025-04-22,81.15766143798828,81.6644212737144,81.08258325497344,81.47673297602692,32552100
2025-04-23,81.9459457397461,83.57885653944899,81.80517596256433,83.40993423880053,44082200
2025-04-24,82.80933380126953,82.91256450708855,82.35887904846761,82.61225895193755,24190800
2025-04-25,83.41931915283203,83.6257805339757,83.14716616494702,83.4287057137517,22513900
2025-04-28,83.9448471069336,84.01992527021231,83.1565478720503,83.20347351406143,20130500
2025-04-29,84.64869689941406,84.6580834606864,83.80409254096222,83.82285850365848,22129500
2025-04-30,83.96363067626953,84.50793668800307,83.83224745410607,84.25454964536739,42630600
2025-05-01,83.53790283203125,84.09362563493143,83.17055893508496,84.07479061881389,29932800
2025-05-02,82.6336441040039,82.95388957655464,82.45467917158304,82.6148019078584,32090400
2025-05-05,82.17210388183594,82.33223380462103,81.78592509439495,82.27571440226475,22862800
2025-05-06,82.44525909423828,82.44525909423828,81.60696101019175,81.75766983645252,21095200
2025-05-07,82.79377746582031,83.08576686781824,82.71842304395207,82.81261247819077,23161600
2025-05-08,81.87069702148438,82.94447229300675,81.84244091215893,82.9067950851753,25483700
2025-05-09,81.9931640625,82.23805517688253,81.87071131911487,81.94606574793742,17007900
2025-05-12,81.23019409179688,81.73882558837141,81.18310297441668,81.36206071836892,32115000
2025-05-13,80.9005355834961,81.27730049102641,80.53319177485709,81.12659165353712,53912200
2025-05-14,80.3636474609375,80.88170010406927,80.25061583347434,80.7686684766061,42119800
2025-05-15,81.07008361816406,81.3055607992539,80.51436092016479,80.65564147986409,59448000
2025-05-16,81.28673553466797,81.84245829931,81.19253890198127,81.82362328448913,31778200
2025-05-19,81.05123901367188,81.11717232912649,79.90210935615514,79.97746376987253,49361900
2025-05-20,80.46726989746094,80.6273926704181,80.11876105085364,80.46726989746094,35493100
2025-05-21,79.09207916259766,80.11875625429849,78.89427918675237,79.76083351508227,77053100
2025-05-22,79.50650787353516,79.52534288349165,78.46098875923899,78.66820261352952,61747900
2025-05-23,79.63836669921875,79.89267883277265,79.41230348473576,79.84558053320745,47139200
2025-05-27,80.74982452392578,81.03239278200643,80.20351583096766,80.39189466968809,56773400
2025-05-28,80.40132141113281,80.5708652523589,80.03397761950839,80.44841971721495,34806800
2025-05-29,81.14543914794922,81.24904968393788,80.66506367983757,80.78750922864536,38933200
2025-05-30,81.26788330078125,81.44684825735902,80.89111837513012,81.08891834420348,49042100
2025-06-02,80.51154327392578,80.80461961000205,80.16173713416671,80.63444462484141,46213100
2025-06-03,80.36974334716797,81.05989236249,80.25629093331793,80.77627214728257,33731300
2025-06-04,81.67440795898438,81.92021789873117,80.97480282133772,81.10716035513722,57441500
2025-06-05,81.73110961914062,82.18491191373855,81.51366824628919,81.94855820493486,37664700
2025-06-06,80.69117736816406,81.23951985744581,80.62499859966073,81.10716232043916,38130100
2025-06-09,80.77626037597656,80.96534049189405,80.39809293119751,80.39809293119751,26560800
2025-06-10,81.1922378540039,81.47586524005716,80.85188787591763,81.40023030871708,24857000
2025-06-11,81.43807220458984,81.68388219871238,81.03154334286444,81.12608342892811,36334800
2025-06-12,82.41181945800781,82.440180752436,81.87293322504117,82.14710442608646,43017800
2025-06-13,81.61768341064453,82.1376573630093,81.09770224533533,81.99585087514718,49374000
2025-06-16,80.79517364501953,81.71222744682363,80.79517364501953,81.38133360414813,36496600
2025-06-17,81.77840423583984,81.92967411051262,81.06934292743661,81.30569669690436,34521600
2025-06-18,81.92021942138672,82.33619715836929,81.63659200771905,82.13766085397982,38589000
2025-06-20,81.76895904541016,82.05258649203493,81.25843396925293,81.43806516631166,26001900
2025-06-23,82.03366088867188,82.66709445535217,82.03366088867188,82.18493075920581,36851800
2025-06-24,82.6292724609375,82.80889640617545,81.71221875666282,81.7500362222245,32959100
2025-06-25,82.7332763671875,82.7332763671875,82.06203252028779,82.35510888941373,26345300
2025-06-26,83.14925384521484,83.14925384521484,82.44019253142525,82.80890383756027,30467500
2025-06-27,82.61982727050781,83.34780095665721,82.47801355904215,82.7900022816776,74993500
2025-06-30,83.4328842163086,83.61251539698466,82.82781911744121,83.06417289709081,53695200
2025-07-01,83.63973999023438,83.80105837856955,83.18425192436419,83.63024854390517,38960600
2025-07-02,83.10834503173828,83.11782923937903,82.65284967012155,82.73825821786045,39382200
2025-07-03,82.52949523925781,82.83315642035335,82.41561958140187,82.7192807624974,26729100
2025-07-07,81.74188232421875,82.14043631940767,81.53311387725658,82.12146066052684,38314700
2025-07-08,81.63749694824219,81.64698839747591,81.07762452097893,81.20098440159936,31407000
2025-07-09,82.49153900146484,82.49153900146484,81.77983240956443,81.78932385794884,29821900
2025-07-10,82.54846954345703,82.61489519948817,82.07399850327646,82.39664257532307,24525500
2025-07-11,81.40973663330078,81.86522474784854,81.26739388255972,81.82727343818044,40764800
2025-07-14,81.23892974853516,81.4951409173476,80.96373568434205,81.17250409440946,24609500
2025-07-15,80.66957092285156,81.52362027114137,80.56518671140203,81.50463737459395,40455000
2025-07-16,80.78343200683594,81.28637736171777,79.89143142616074,80.92577475860048,65987700
2025-07-17,80.76445770263672,81.1250530719318,80.65058205134991,80.868841906353,31875500
2025-07-18,80.8878173828125,81.09658578978349,80.75496607653153,81.06811868698803,27534900
2025-07-21,81.6090087890625,82.09297121717964,81.57105024177365,81.81777717922489,40019500
2025-07-22,82.10245513916016,82.33969062900266,81.71339270054179,81.77032690135115,35190300
2025-07-23,81.64698791503906,81.79881490260904,81.40975236457922,81.6564793642167,31008500
2025-07-24,81.5046157836914,81.83674398675151,81.14402048320497,81.18197902639068,25164800
2025-07-25,82.0170669555664,82.02655840383687,81.3433189254383,81.41923603189453,27196200
2025-07-28,81.48564147949219,81.79878679621179,81.4476829356788,81.59950987108043,26812500
2025-07-29,82.86162567138672,82.8806013282608,81.79880789009319,81.82728223518502,47828300
2025-07-30,82.43460083007812,82.52000214187301,82.14042386312651,82.33970083050139,40670900
2025-07-31,82.48204040527344,82.94702721771453,82.4061233044847,82.68131736495396,49814100
2025-08-01,83.65465545654297,83.75943868577261,83.36888169182056,83.40698534495213,63434500
2025-08-04,83.88326263427734,83.96899766306704,83.4927129426498,83.7880071436995,36425200
2025-08-05,84.1404800415039,84.25478374979663,83.61656382006299,83.68324340574368,28586100
2025-08-06,83.65465545654297,83.87374964516732,82.79734142990446,83.67370364934439,42589300
2025-08-07,83.51175689697266,84.06424888883397,83.43554960136537,83.74989924509967,29213100
2025-08-08,83.14979553222656,83.24505103216349,83.0164363788091,83.2164751089353,21596300
2025-08-11,83.24504089355469,83.51175916790537,83.14025767612722,83.38792775982196,20100900
2025-08-12,82.8259048461914,82.8449603036442,82.44488290746733,82.77828073761472,41052300
2025-08-13,83.51175689697266,83.64511603052156,83.2831422776785,83.29267000651133,30817500
2025-08-14,82.8926010131836,83.3593653363968,82.76876958505122,83.3593653363968,33397400
2025-08-15,82.302001953125,82.66397572790116,82.15911508208531,82.54967204509192,36343600
2025-08-18,82.06385803222656,82.43535952935828,81.91144343467097,82.39725587996939,26777500
2025-08-19,82.54015350341797,82.63540900553816,82.34963523164863,82.34963523164863,28780600
2025-08-20,82.72112274169922,82.84496141421953,82.45440447400583,82.48298039304045,25912500
2025-08-21,82.3115234375,82.56871397183569,82.02574971710247,82.45440303017116,28643900
2025-08-22,82.92118072509766,83.15932310826275,82.60683103511282,82.71161426510777,49871900
2025-08-25,82.68303680419922,82.92117918293536,82.5401499234518,82.61635722885424,27011900
2025-08-26,82.6353988647461,82.67350251442399,82.13053822468817,82.40678423420682,30259300
2025-08-27,82.54015350341797,82.54968123388868,81.92098183834331,82.0257650709342,38142800
2025-08-28,83.0831069946289,83.12121064399979,82.54967043849261,82.66397411907724,32205900
2025-08-29,82.49250793457031,82.7401780115208,82.3401006108892,82.64492252577914,41686400
2025-09-02,81.8786392211914,82.0794384717558,81.73521639590182,81.8786392211914,48760600
2025-09-03,82.77745819091797,83.00694199828918,82.12724799073398,82.1654965078223,52499500
2025-09-04,83.40855407714844,83.41811073577297,82.78702839406832,83.207747523485,40501600
2025-09-05,84.68028259277344,84.72809506646452,84.27868407634162,84.35518111618366,69668000
2025-09-08,85.80857849121094,85.82770639654285,85.215744738773,85.26354991178597,54538700
2025-09-09,85.32093811035156,85.62691898147418,85.09144698564003,85.48348885231933,37126400
2025-09-10,85.80857849121094,86.12412327276182,85.28267781711789,85.48347705215251,40713600
2025-09-11,86.3823013305664,86.51617479744291,85.96158220309462,85.9711461568342,46694400
2025-09-12,86.00939178466797,86.03808364735558,85.56954472719933,85.8946535145559,32968600
2025-09-15,86.2101821899414,86.49703510661843,86.12412120832754,86.2006182375047,24820100
2025-09-16,86.39185333251953,86.53528343813372,86.0954364640329,86.14324163579883,26794200
2025-09-17,86.17194366455078,87.0516377165891,85.93289589202999,86.73609290602349,49121800
2025-09-18,85.28266906738281,85.55040135329384,85.00537282978708,85.34960213886058,55717900
2025-09-19,85.12013244628906,85.32093900631017,84.90021256841374,85.16794492156257,32509200
2025-09-22,84.81415557861328,85.01496214812059,84.661168781798,84.92890114759463,24758200
2025-09-23,85.40699768066406,85.44524620407809,84.86196898854404,85.07233221974123,26689000
2025-09-24,85.08189392089844,85.25400862412295,84.81415426409163,85.177511579321,28098000
2025-09-25,85.08189392089844,85.12969910252987,84.58467042484551,84.95758439930535,29882500
2025-09-26,85.00538635253906,85.55041496274957,84.80458710616243,85.09144004591812,30955100
2025-09-29,85.70341491699219,85.80859653295752,85.34962884070876,85.37831340957932,32286200
2025-09-30,85.45480346679688,86.09544976970331,85.30180938512166,85.7320997684637,38584000
2025-10-01,85.67549896240234,86.01132933085282,85.48359066574994,85.82901827917128,39408900
2025-10-02,85.92495727539062,86.05928939336019,85.57952973759708,85.69466736982734,23208300
2025-10-03,85.76184844970703,86.08808887945256,85.65630072130871,86.00172831960272,25884500
2025-10-06,85.08058166503906,85.55075143202191,85.0613944984825,85.1189633187041,28371000
2025-10-07,85.56993865966797,85.76183960757827,85.2149138534268,85.36844046819657,29103300
2025-10-08,85.6371078491211,85.99213266832015,85.52196288384114,85.97293818049741,22506200
2025-10-09,85.56993865966797,85.67548637718421,85.40682212188901,85.56034141610688,21578700
2025-10-10,86.95165252685547,87.04760300480136,86.26079737276144,86.33756068333906,59389400
2025-10-13,86.90367126464844,86.91326850834774,86.22241337303845,86.62540976178485,28035500
2025-10-14,87.18193817138672,87.23950699604683,86.76934451336686,86.98043996452388,29800000
2025-10-15,86.99003601074219,87.60412786716728,86.80772497442611,87.27788745063074,31333900
2025-10-16,87.64250183105469,87.79602845478611,86.78853011806763,86.85569618581204,39631200
2025-10-17,87.50816345214844,87.59452400197391,87.2203120340178,87.55614234877946,40240400
2025-10-20,87.84400939941406,87.85359932320623,87.58493504597541,87.75764884141701,28429300
2025-10-21,88.27577209472656,88.45808309706374,88.18941887502012,88.26617485235329,24514300
2025-10-22,88.33335876464844,88.44850373475151,88.10307614499477,88.26619269555977,30496200
2025-10-23,87.72886657714844,88.0742941764901,87.59453443524365,87.90158037681927,28275100
2025-10-24,87.7672348022461,87.89196968048067,87.46978615077431,87.88237243736984,28266000
2025-10-27,88.06468963623047,88.07428688001507,87.40261890558246,87.62331158931582,30033600
2025-10-28,88.29496765136719,88.44849426172826,88.09346946568205,88.13185111827232,23564500
2025-10-29,87.40262603759766,88.17024455085738,87.33545996672889,88.16064730628965,39551600
2025-10-30,86.89408111572266,87.28748761344285,86.69258290489742,86.73096456227641,42649200
2025-10-31,86.63499450683594,86.9900192669712,86.54863396710532,86.89406148492586,38247300
2025-11-03,86.41834259033203,86.49538321668054,86.11018743193654,86.30278899780778,40752300
2025-11-04,86.6109390258789,86.72649261155844,86.41833747141625,86.45685778230879,26383800
2025-11-05,85.6672134399414,86.23537886615544,85.5901728148618,86.19685855361564,44643400
2025-11-06,86.4375991821289,86.52426436926474,86.21610923667417,86.24499763238612,33027400
2025-11-07,86.25463104248047,86.54352969860588,86.05240492199188,86.05240492199188,28530100
2025-11-10,86.2353744506836,86.35092803538795,86.08129320841375,86.17759031133339,24093500
2025-11-11,86.63020324707031,86.7361322747386,86.45686550606756,86.62057133173718,18942300
2025-11-12,86.78427124023438,86.97686543546844,86.55314938955638,86.62055809258806,23594900
2025-11-13,86.0716552734375,86.6109322366623,86.0716552734375,86.47611483260548,33825900
2025-11-14,85.58055114746094,86.51464120696515,85.58055114746094,86.46649632490747,38550500
2025-11-17,85.79239654541016,85.99463001733622,85.68647487263685,85.78277197779325,25605800
2025-11-18,85.76351165771484,86.13907552609031,85.51314064346352,86.04277841699377,31967400
2025-11-19,85.59016418457031,86.00424831887192,85.56127578982795,85.92721504855818,25782400
2025-11-20,85.92721557617188,86.11017785966278,85.6960937228186,85.6960937228186,32945000
2025-11-21,86.18721771240234,86.35092351349284,85.89831907177401,86.33166703271651,41938600
2025-11-24,86.67833709716797,86.73611388291812,86.45684717346374,86.62055296442064,30865700
2025-11-25,86.89984130859375,87.23688488770918,86.79391227701475,86.96725002441684,36503300
2025-11-26,87.28501892089844,87.28501892089844,86.50500289371594,86.81315800851621,34099000
2025-11-28,86.8709487915039,87.17910395594794,86.62057042445605,87.1116952433195,40704300
2025-12-01,85.78950500488281,86.0021195879438,85.73152189067864,85.86682073931121,47086600
2025-12-02,85.82815551757812,85.97312066390091,85.48990842498068,85.60588201668564,27605700
2025-12-03,86.06977081298828,86.16641916966297,85.76051524203875,85.934471961525,23278600
2025-12-04,85.60589599609375,85.94414314392681,85.50925500717499,85.92481789543699,25541500
2025-12-05,85.20964813232422,85.57689416867974,85.09368190883,85.57689416867974,32808100
2025-12-08,84.92938995361328,85.23864552616858,84.620134381058,85.22898658903848,32255200
2025-12-09,85.01637268066406,85.38361137187607,84.89073276462308,85.3739450614342,25771800
2025-12-10,85.34494018554688,85.54788843374999,84.91005213557352,85.04535096770894,46833500
2025-12-11,85.2289810180664,85.84749212274816,85.19998946210225,85.71219327942615,26778700
2025-12-12,84.40751647949219,84.56214794631785,84.26255869588583,84.4461743461986,47030100
2025-12-15,84.46552276611328,84.92940250689433,84.45585645431999,84.77477838437916,28611800
2025-12-16,84.92938995361328,84.968047821837,84.24322938241981,84.26256200314889,41018700
2025-12-17,84.85206604003906,85.03568166390846,84.63945149039051,84.68776828688958,24668300
2025-12-18,85.25798034667969,85.41260445032964,85.11301518040904,85.17099829762344,39048900
2025-12-19,84.93975830078125,85.14349640308546,84.80393289924511,84.99796707231695,37858100
2025-12-22,84.75541687011719,84.85243395232065,84.64869585911471,84.81362563905348,25547100
2025-12-23,84.89125061035156,84.96886724451558,84.43526213705007,84.47407045413208,33624100
2025-12-24,85.40544128417969,85.45395352728033,85.03677340317353,85.14349441645172,25942000
2025-12-26,85.12409210205078,85.54127225332599,84.98826669483834,85.47335954971977,26522700
2025-12-29,85.44425201416016,85.44425201416016,85.17260120974548,85.32782706858417,29399800
2025-12-30,85.24050903320312,85.41514274060954,85.05617139707168,85.12408409428923,25106800
2025-12-31,84.56138610839844,85.28902535709743,84.53227432082994,85.06587939731422,36500000
2026-01-02,84.43525695800781,84.80393224670843,84.42555302885012,84.79422831755072,40731300
2026-01-05,84.8524398803711,84.91064865337403,84.51287636797159,84.58078907045149,30178000
2026-01-06,84.67781066894531,84.73601944504816,84.30914275041094,84.55168918674588,39015200
2026-01-07,85.172607421875,85.38604947003388,84.87185220961284,85.22111226795577,39930900
2026-01-08,84.7457046508789,84.93974619823219,84.64868757816636,84.72630419710767,28204900
2026-01-09,85.30842590332031,85.37633860385985,84.52257788251578,84.69721159846446,57348800
2026-01-12,85.05616760253906,85.28901746997893,84.80392468237198,84.89123783121555,36103100
2026-01-13,85.20171356201172,85.28903412984049,84.93006273219771,85.2599223392776,30451400
2026-01-14,85.69650268554688,85.79351977292858,85.26961861875225,85.28902647738616,39233500
2026-01-15,85.67709350585938,86.01666440935344,85.67709350585938,85.99725655101876,37988900
2026-01-16,85.18230438232422,85.68679767148001,85.09498382343561,85.50246002643789,46382400
2026-01-20,84.06658935546875,84.43525724348666,83.95986834016081,84.04718149708773,66009500
2026-01-21,84.70690155029297,84.8718387261678,84.0374785260618,84.21211222845442,51220100
2026-01-22,85.07557678222656,85.14348947747058,84.54197174678883,84.66809320883382,42419300
2026-01-23,85.30842590332031,85.40544298952976,84.89124577088337,85.21140881711086,35968800
2026-01-26,85.71590423583984,85.85172964029297,85.57037490194594,85.76441648111428,38882400
2026-01-27,85.18230438232422,85.61888497097962,85.06587943778247,85.48305956997886,35180100
2026-01-28,84.98827362060547,85.08529071910185,84.68751839468764,84.90096045253777,38750300
2026-01-29,85.00767517089844,85.12409271967975,84.48377399559374,84.5516866996927,43855000
2026-01-30,84.53227233886719,84.94945246108381,84.53227233886719,84.77481874941338,45832200
2026-02-02,84.29075622558594,84.78743815668176,84.29075622558594,84.7484813998865,38171400
2026-02-03,84.49526977539062,84.51474443777992,84.17388211915757,84.23231353656675,27438200
2026-02-04,84.28102111816406,84.51475424516528,84.20310759908294,84.36866825444872,37872900
2026-02-05,85.19648742675781,85.19648742675781,84.48553955942951,84.66084126437059,50268900
2026-02-06,85.25492095947266,85.25492095947266,84.92379220628959,85.16726638971386,33461800
2026-02-09,85.23543548583984,85.29387434011048,84.75822818570866,84.92378884061755,24708900
2026-02-10,86.21907043457031,86.21907043457031,85.91716484654957,85.936639510514,37253700
2026-02-11,85.76133728027344,86.17037952340007,85.64447443673025,85.74186261643018,37014000
2026-02-12,86.90079498291016,86.94948535369828,86.04376123833721,86.05350228459133,48454900
2026-02-13,87.37799835205078,87.4656454737283,87.18321458681037,87.29034380013236,56785200
2026-02-17,87.52409362792969,87.76756778769669,87.41696440321287,87.58252504859644,32356700
2026-02-18,87.1929702758789,87.51435796981899,87.13453885161421,87.34879731424094,35415400
2026-02-19,87.2806167602539,87.37800493509087,87.03714260804077,87.0663583174677,28658600
2026-02-20,87.07610321044922,87.39748345858342,86.60862954824395,87.35852670087951,49610800
2026-02-23,87.3974838256836,87.65069903670178,87.1929664195603,87.212448513615,33614600
2026-02-24,87.55331420898438,87.69940019901989,87.41696926634911,87.60200458550148,24933900
2026-02-25,87.56304931640625,87.72860995976912,87.36826553282498,87.36826553282498,23625800
2026-02-26,87.91363525390625,87.96233305181579,87.69938426173026,87.70911787711955,29447100
2026-02-27,88.44928741455078,88.48824416951898,88.18633860631702,88.32268353358509,51272000
2026-03-02,87.56107330322266,87.9323819421572,87.31678953827782,87.92261595912261,55465500
2026-03-03,87.38518524169922,87.61969555939513,86.90639116871004,86.9454774641508,51850400
2026-03-04,87.11158752441406,87.39495757155632,87.06272779199529,87.22883895430155,47069500
2026-03-05,86.75982666015625,86.90639841654573,86.48623002420211,86.60348146535434,45768900
2026-03-06,86.43737030029297,86.90639842982112,86.00742846947126,86.30057198229501,58136900
2026-03-09,87.18976593017578,87.27770450845722,86.19308397995889,86.28103001318931,52478700
2026-03-10,86.26148223876953,86.91616094232246,86.25170880074592,86.76959664671278,48651500
2026-03-11,85.14754486083984,85.80222353362544,85.08891914535116,85.74359781813673,54679900
2026-03-12,84.98143768310547,85.25503430815068,84.79577963541811,84.9228119648669,48977000
2026-03-13,84.56127166748047,85.15732466937051,84.49287250931026,84.94235375656439,43460000
2026-03-16,85.21595001220703,85.34297488968994,84.97166624054437,85.18663715239936,37341500
2026-03-17,85.45046997070312,85.56772887809083,85.32344507891221,85.36253138137478,19578100
2026-03-18,84.97167205810547,85.4797865127232,84.94235919629091,85.36252761051534,37596600
2026-03-19,85.48955535888672,85.72407317115406,84.98144834220716,85.06938693059503,60307400
2026-03-20,83.86750793457031,84.87395590092726,83.7991087753504,84.82509616364908,78948500
2026-03-23,84.4146957397461,84.73715209301443,83.97498795252471,84.20949827537953,69686700
2026-03-24,84.04338836669922,84.31698498995446,83.60367311793998,83.76001830548519,51799400
2026-03-25,84.85440063476562,84.893486929734,84.50263888994732,84.76646206229817,37861000
2026-03-26,84.14110565185547,84.62967321111374,83.96522103232451,84.36584255434265,39537000
2026-03-27,83.68185424804688,84.13133552566735,83.49619618263529,83.54505592246454,39928900
2026-03-30,84.7957763671875,84.96188753242707,84.5124063150413,84.64920462229138,36473200
2026-03-31,84.70783996582031,85.16709463263118,84.59058107590621,84.9423502906997,47112200
2026-04-01,84.62445068359375,85.06591536723876,84.59502070264885,84.64406817597843,31157600
2026-04-02,85.1444091796875,85.20326914771147,84.51654457164338,84.57540453966735,33310600
2026-04-06,85.00706481933594,85.2032697038542,84.75199248167293,84.85990741357895,14660300
2026-04-07,84.99725341796875,85.03649589232216,84.28109884404472,84.87952599490849,22747200
2026-04-08,85.27194213867188,85.71341435582254,85.08554974385127,85.70360186617832,22244900
2026-04-09,85.05611419677734,85.4779614441713,84.75199437356429,85.04630919164816,18909100
2026-04-10,84.85009002685547,85.03648989570546,84.69312762524717,84.95800495253324,13247700
2026-04-13,85.10517120361328,85.15422616938334,84.61465148486047,84.80105137310235,12719700
2026-04-14,85.55643463134766,85.58586461216267,84.98743005313837,85.0561025032853,16606900
2026-04-15,85.18364715576172,85.419094500163,85.08554471932253,85.37003953957534,15119600
2026-04-16,84.64407348632812,85.320993029472,84.56558854239395,85.2719380683291,20001000
2026-04-17,85.4190902709961,85.55643517215813,85.24250290025408,85.39947277857398,29604100
2026-04-20,85.39947509765625,85.47795255421156,85.06591783953635,85.45833506125672,14623500
2026-04-21,84.92857360839844,85.43871076136675,84.88933113744149,85.32099083323192,19798700
2026-04-22,85.09535217285156,85.5073943933333,85.06592218954637,85.39947946472336,13676800
2026-04-23,84.90895080566406,85.38965794653853,84.60482354594973,85.18364060044948,21106700
2026-04-24,85.06591796875,85.17383289200542,84.61464078274368,84.82065814039422,22285700
2026-04-27,84.64407348632812,84.97763075568027,84.55578353795434,84.85009085060318,19250100
2026-04-28,84.73237609863281,84.73237609863281,84.31052885512183,84.48711624739937,14553600
2026-04-29,84.07506561279297,84.35956790998041,83.92791570453734,84.35956790998041,29020800
2026-04-30,83.99658203125,84.27127181961022,83.7709397138196,84.2614593315301,28516200
2026-05-01,84.29691314697266,84.68093072017884,84.03105020406083,84.18859972761966,21281000
2026-05-04,83.6568832397461,84.0507495451459,83.45995384323366,84.04090082160779,27226000
2026-05-05,84.11967468261719,84.17875199846208,83.78488569728817,83.84397052550791,18226500
2026-05-06,84.75970458984375,84.84832056163181,84.60215506794316,84.73016593258106,22530700
2026-05-07,84.33628845214844,84.96647143140129,84.2870523549925,84.95662270949536,21178300
2026-05-08,84.75970458984375,84.95663397984478,84.671081105681,84.74000714341884,30797600
2026-05-11,84.24766540527344,84.60214427194033,84.1787393763312,84.56275689649138,17713700
2026-05-12,83.68640899658203,83.8931870847549,83.61748296719108,83.88334587510889,27680600
2026-05-13,83.49933624267578,83.7455017298153,83.29255062258903,83.63718831448395,26295100
2026-05-14,83.61749267578125,84.07043628042236,83.6076514649926,83.95228165196143,25247200
2026-05-15,82.3768310546875,82.68207388750857,82.30789749901793,82.58360918457035,50796000
2026-05-18,82.27835083007812,82.63282973604959,82.04203406355533,82.41620290324762,26166200
2026-05-19,81.74662780761719,81.95341341794924,81.50046233209001,81.68755049745039,35346600
2026-05-20,82.62298583984375,82.711601807269,81.766327259528,81.78601719260884,44498000
2026-05-21,82.92823028564453,82.96761766496546,82.05188175478385,82.33743462057967,24887000
2026-05-22,83.38117980957031,83.38117980957031,82.84946141948234,83.31225376895011,27987700
2026-05-26,83.79473114013672,84.0704352864521,83.59780175344703,84.03104790663924,22531200
2026-05-27,83.99166870117188,84.16890815553931,83.84396790380325,83.94243259792412,23589600
2026-05-28,84.42491149902344,84.53322491195966,83.96211919145492,84.05074267130016,25417300
2026-05-29,84.4446029663086,84.64153233277429,84.23782487780747,84.49383155173813,33118600
2026-06-01,84.4900894165039,84.55928656626823,83.82777276277054,83.95627960035466,26322400
2026-06-02,84.66801452636719,84.83606364698943,84.51973278502646,84.8162962677079,20319000
2026-06-03,84.33191680908203,84.45054372188514,84.12432536811912,84.31214942790987,15372000
2026-06-04,84.51973724365234,84.72732867571125,84.44065263850902,84.62847669024363,15866500
2026-06-05,84.08477783203125,84.37145386369237,83.94638354666697,84.01558068934911,26461200
2026-06-08,83.64982604980469,84.35168492458541,83.64982604980469,84.25283294285568,22922700
2026-06-09,84.14409637451172,84.20340605719086,83.80799057484282,83.99581462589082,22617700
2026-06-10,83.90684509277344,84.32203550982955,83.72890849744175,84.14409891449786,21258300
2026-06-11,84.9942398071289,85.05354949175162,84.06501452444896,84.19352135510593,35190500
2026-06-12,84.78663635253906,84.84595357595461,84.43077072166011,84.65812952866396,23092600
2026-06-15,84.73721313476562,85.12274114377698,84.68778337282149,84.97445939986734,17632700
2026-06-16,85.20182800292969,85.38964451106213,84.94480680947326,84.97446165065612,26472500
2026-06-17,85.34022521972656,85.59723888008408,84.9448097258923,85.34022521972656,34507500
2026-06-18,85.75540924072266,86.18047958244006,85.6565572514235,86.07174013163397,32350900
2026-06-22,85.10297393798828,85.34022776652313,84.98435456564432,85.31057292343714,28595100
2026-06-23,85.21170806884766,85.43907442151294,85.1128560840935,85.13263100619812,19145500
2026-06-24,86.37818145751953,86.46715352506844,86.12116779998529,86.15082264186054,41837000
2026-06-25,86.34852600097656,86.78348379051238,86.28921631764827,86.57589235694023,28380000
2026-06-26,86.35841369628906,86.36830115751162,86.00254051150829,86.01242797273083,21650800
2026-06-29,86.44738006591797,86.53635213497299,86.29910585403175,86.35841553878625,19457200
2026-06-30,85.42918395996094,86.18047259316675,85.3896416590635,86.15081775297436,31079500
2026-07-01,84.85173797607422,85.11963241805948,84.76244487526444,84.81205720001073,28109800
2026-07-02,84.8418197631836,85.10970662969554,84.70291434058069,84.71283074949676,20816300
2026-07-06,84.78227996826172,84.81205190311688,84.51439311278516,84.7624395814691,17940900
2026-07-07,83.88932037353516,84.50447078321558,83.87939639505649,84.45486603037747,24816400
2026-07-08,83.7008056640625,83.79009876427303,83.40314685713825,83.65119333964915,25806600
2026-07-09,83.82978057861328,84.01829831296295,83.60158207155798,83.6214224579108,18625300
2026-07-10,83.80994415283203,83.96868996048829,83.62142640957364,83.84963249719051,14454100
2026-07-13,83.31385040283203,83.62142560643409,83.27416205885474,83.53213250981837,18742500
2026-07-14,83.4229965209961,83.83971280339047,83.38330817460928,83.52221360207407,23793500
2026-07-15,83.58174133300781,83.75041869557056,83.42299551914508,83.42299551914508,17837800
2026-07-16,83.55197143554688,83.56189541381202,83.13525518574025,83.18485993751105,20817800
2026-07-17,83.85954284667969,84.15720162297217,83.82977848300587,83.95876748529527,22065600
2026-07-20,83.2344741821289,83.6809548072691,83.16502147222315,83.65119044156344,24289000
2026-07-21,83.00627899169922,83.11541248040098,82.77807289584766,83.0856481135025,14287500
2026-07-22,82.7879867553711,83.04594961681178,82.72845045907346,82.95665652703086,15988400
2026-07-23,82.52009582519531,82.59947251042036,82.31173770381257,82.34150206832763,29152800
2026-07-24,82.59947204589844,83.00627187805603,82.57963165959242,82.65900077459378,15106000
2026-07-27,83.09556579589844,83.21463082424823,82.867359717339,83.07572540939549,23816200
2026-07-28,83.58174133300781,83.68095841289427,83.19478942260605,83.20471340152808,25366900
2026-07-29,82.20259857177734,83.4924432425544,82.05376917595268,83.44283092068702,41445200
2026-07-30,82.15299224853516,82.25220932059493,81.87517384907947,82.16290865689697,40407300
2026-07-31,81.60728454589844,81.80571868405663,81.25009704139197,81.80571868405663,50359800
2026-08-03,81.87625885009766,82.03564413055058,81.69694565941883,81.92606342512069,32050800
2026-08-04,82.50385284423828,82.52377315458612,82.25480716339956,82.334503605333,38408600
2026-08-05,82.68316650390625,82.83259543330487,82.48393299822213,82.63335432734968,29465800
2026-08-06,82.20499420166016,82.6034688072489,82.08545714017319,82.45403988011925,27566600
2026-08-07,82.44408416748047,82.53373696429415,82.16515422147654,82.48393238837689,96130000
2026-08-10,81.74674987792969,82.13526052266096,81.71686561299202,82.08545594785514,36743600
2026-08-11,81.87625885009766,82.14522483598046,81.80652636484872,81.95594769018868,23268500
2026-08-12,81.79656219482422,82.16515253032638,81.73679366484527,82.13526066506606,21444600
2026-08-13,82.27472686767578,82.68316542937262,82.17511011612832,82.27472686767578,26921500
2026-08-14,81.7268295288086,82.04560768844193,81.50766811900989,81.916106673684,31374800
2026-08-17,81.03946685791016,81.54752219892728,80.99961863505868,81.45786179744361,31557700
2026-08-18,81.3482894897461,81.43794229184535,80.86015445518974,80.94981485756045,25037100
2026-08-19,82.70308685302734,82.74293507423701,82.29465588610266,82.4938893918799,51309500
2026-08-20,82.02568054199219,82.45403941051302,81.83641099562549,82.04560845230715,39569900
2026-08-21,81.7367935180664,81.95594732768596,81.58736459311652,81.85633057780964,24269100
2026-08-24,82.24484252929688,82.56362069412862,82.13526182261056,82.1751100432484,29038500
2026-08-25,83.15137481689453,83.16133877240557,82.6532834451391,82.79274842120893,35015100
2026-08-26,82.98202514648438,82.98202514648438,82.75289977253955,82.95213328010546,20658800
2026-08-27,82.81266784667969,83.0318292639526,82.68316682750529,82.88240033396916,17361900
2026-08-28,82.5636215209961,83.28087429911845,82.46400476853933,82.72301440514374,35804300
2026-08-31,82.20499420166016,82.21495815687439,81.83641146171409,82.1551896261309,37317400
2026-09-01,81.87000274658203,82.3499984741211,81.77999877929688,81.88999938964844,25623900
2026-09-02,81.94999694824219,82.05000305175781,81.75,81.9800033569336,21454300
2026-09-03,82.06999969482422,82.43000030517578,82.05999755859375,82.36000061035156,18033000
2026-09-04,82.20999908447266,82.5,82.18000030517578,82.29000091552734,16575000
